dataset,seed,rank,source,rule_local_index,rule_name,importance
covtype_binary_20000,1,1,layer_0,508,c8: Horizontal_Distance_To_Roadways IS MEDIUM,223.1680908203125
covtype_binary_20000,1,2,layer_0,549,c9: Elevation IS LOW,187.18795776367188
covtype_binary_20000,1,3,layer_0,88,c1: Aspect IS MEDIUM,185.6004180908203
covtype_binary_20000,1,4,layer_0,345,c5: Elevation IS LOW,181.14385986328125
covtype_binary_20000,1,5,layer_0,60,c1: Horizontal_Distance_To_Roadways IS LOW,157.499267578125
covtype_binary_20000,1,6,layer_0,0,c0: Elevation IS LOW,145.68966674804688
covtype_binary_20000,1,7,projection_layer,7,"pursuit_2(Hillshade_Noon, Wilderness_Area_4, Soil_Type_23, Soil_Type_11) IS MEDIUM",137.1006622314453
covtype_binary_20000,1,8,projection_layer,9,"pursuit_3(Slope, Soil_Type_12, Soil_Type_13, Soil_Type_1) IS LOW",131.6119842529297
covtype_binary_20000,1,9,layer_0,600,c10: Elevation IS LOW,130.7910614013672
covtype_binary_20000,1,10,layer_0,396,c6: Elevation IS LOW,124.52301025390625
covtype_binary_20000,1,11,layer_0,499,c8: Elevation IS MEDIUM,124.12661743164062
covtype_binary_20000,1,12,layer_0,551,c9: Elevation IS HIGH,120.64656066894531
covtype_binary_20000,1,13,layer_0,397,c6: Elevation IS MEDIUM,115.9289779663086
covtype_binary_20000,1,14,layer_0,457,c7: Horizontal_Distance_To_Roadways IS MEDIUM,107.19320678710938
covtype_binary_20000,1,15,layer_0,66,c1: Soil_Type_22 IS absent,104.51309204101562
covtype_binary_20000,1,16,layer_0,500,c8: Elevation IS HIGH,98.2191390991211
covtype_binary_20000,1,17,layer_0,181,c3: Horizontal_Distance_To_Hydrology IS MEDIUM,94.4216537475586
covtype_binary_20000,1,18,layer_0,447,c7: Elevation IS LOW,90.85888671875
covtype_binary_20000,1,19,layer_0,655,c10: Vertical_Distance_To_Hydrology IS MEDIUM,86.45464324951172
covtype_binary_20000,1,20,layer_0,15,c0: Soil_Type_22 IS absent,86.21414947509766
covtype_binary_20000,1,21,layer_0,19,c0: Horizontal_Distance_To_Fire_Points IS MEDIUM,85.20782470703125
covtype_binary_20000,1,22,layer_0,87,c1: Aspect IS LOW,85.15721130371094
covtype_binary_20000,1,23,layer_0,10,c0: Horizontal_Distance_To_Roadways IS MEDIUM,81.7103042602539
covtype_binary_20000,1,24,layer_0,287,c4: Slope IS HIGH,79.03660583496094
covtype_binary_20000,1,25,layer_0,414,c6: Horizontal_Distance_To_Fire_Points IS LOW,78.68601989746094
covtype_binary_20000,1,26,layer_0,54,c0: Vertical_Distance_To_Hydrology IS LOW,76.53761291503906
covtype_binary_20000,1,27,layer_0,661,c11: Horizontal_Distance_To_Roadways IS MEDIUM,75.30130004882812
covtype_binary_20000,1,28,layer_0,535,c8: Aspect IS MEDIUM,74.90118408203125
covtype_binary_20000,1,29,layer_0,1,c0: Elevation IS MEDIUM,74.81909942626953
covtype_binary_20000,1,30,layer_0,346,c5: Elevation IS MEDIUM,71.03389739990234
covtype_binary_20000,1,31,layer_0,416,c6: Horizontal_Distance_To_Fire_Points IS HIGH,70.45751190185547
covtype_binary_20000,1,32,projection_layer,16,"pursuit_5(Hillshade_9am, Wilderness_Area_1, Soil_Type_10, Soil_Type_32) IS MEDIUM",70.37049865722656
covtype_binary_20000,1,33,projection_layer,12,"pursuit_4(Horizontal_Distance_To_Hydrology, Soil_Type_22, Soil_Type_30, Soil_Type_35) IS LOW",70.1579360961914
covtype_binary_20000,1,34,layer_0,559,c9: Horizontal_Distance_To_Roadways IS MEDIUM,69.28178405761719
covtype_binary_20000,1,35,layer_0,342,c5: Soil_Type_4 IS absent,69.18273162841797
covtype_binary_20000,1,36,layer_0,176,c2: Hillshade_9am IS HIGH,68.70169067382812
covtype_binary_20000,1,37,layer_0,489,c8: Slope IS LOW,68.13948059082031
covtype_binary_20000,1,38,layer_0,27,c0: Horizontal_Distance_To_Hydrology IS LOW,68.12679290771484
covtype_binary_20000,1,39,layer_0,518,c8: Horizontal_Distance_To_Fire_Points IS HIGH,67.41230010986328
covtype_binary_20000,1,40,layer_0,405,c6: Horizontal_Distance_To_Roadways IS LOW,66.9136734008789
covtype_binary_20000,1,41,layer_0,180,c3: Horizontal_Distance_To_Hydrology IS LOW,65.89196014404297
covtype_binary_20000,1,42,layer_0,465,c7: Horizontal_Distance_To_Fire_Points IS LOW,64.98825073242188
covtype_binary_20000,1,43,layer_0,217,c3: Hillshade_3pm IS MEDIUM,64.05584716796875
covtype_binary_20000,1,44,layer_0,183,c3: Wilderness_Area_2 IS absent,63.887027740478516
covtype_binary_20000,1,45,layer_0,448,c7: Elevation IS MEDIUM,63.5505485534668
covtype_binary_20000,1,46,layer_0,80,c1: Horizontal_Distance_To_Hydrology IS HIGH,63.08596420288086
covtype_binary_20000,1,47,layer_0,219,c3: Wilderness_Area_2 IS absent,62.90932846069336
covtype_binary_20000,1,48,layer_0,567,c9: Horizontal_Distance_To_Fire_Points IS LOW,62.59821701049805
covtype_binary_20000,1,49,layer_0,509,c8: Horizontal_Distance_To_Roadways IS HIGH,61.65813446044922
covtype_binary_20000,1,50,layer_0,129,c2: Horizontal_Distance_To_Hydrology IS LOW,61.42365646362305
covtype_binary_20000,1,51,layer_0,115,c1: Hillshade_3pm IS MEDIUM,61.00835418701172
covtype_binary_20000,1,52,layer_0,355,c5: Horizontal_Distance_To_Roadways IS MEDIUM,60.503822326660156
covtype_binary_20000,1,53,layer_0,71,c1: Horizontal_Distance_To_Fire_Points IS HIGH,60.49978256225586
covtype_binary_20000,1,54,layer_0,111,c1: Soil_Type_13 IS absent,58.44258499145508
covtype_binary_20000,1,55,layer_0,651,c10: Soil_Type_31 IS absent,58.42829513549805
covtype_binary_20000,1,56,layer_0,79,c1: Horizontal_Distance_To_Hydrology IS MEDIUM,58.3596305847168
covtype_binary_20000,1,57,layer_0,458,c7: Horizontal_Distance_To_Roadways IS HIGH,58.34492874145508
covtype_binary_20000,1,58,layer_0,522,c8: Soil_Type_33 IS absent,58.16693115234375
covtype_binary_20000,1,59,layer_0,525,c8: Horizontal_Distance_To_Hydrology IS LOW,57.62881851196289
covtype_binary_20000,1,60,layer_0,114,c1: Hillshade_3pm IS LOW,57.518394470214844
covtype_binary_20000,1,61,layer_0,466,c7: Horizontal_Distance_To_Fire_Points IS MEDIUM,56.37998962402344
covtype_binary_20000,1,62,layer_0,46,c0: Hillshade_Noon IS MEDIUM,54.96052551269531
covtype_binary_20000,1,63,layer_0,182,c3: Horizontal_Distance_To_Hydrology IS HIGH,54.90092086791992
covtype_binary_20000,1,64,layer_0,498,c8: Elevation IS LOW,53.939666748046875
covtype_binary_20000,1,65,layer_0,577,c9: Horizontal_Distance_To_Hydrology IS MEDIUM,53.76301193237305
covtype_binary_20000,1,66,layer_0,670,c11: Horizontal_Distance_To_Fire_Points IS MEDIUM,53.352664947509766
covtype_binary_20000,1,67,layer_0,147,c2: Hillshade_Noon IS LOW,52.586551666259766
covtype_binary_20000,1,68,layer_0,84,c1: Soil_Type_38 IS absent,52.1096076965332
covtype_binary_20000,1,69,layer_0,569,c9: Horizontal_Distance_To_Fire_Points IS HIGH,51.22014617919922
covtype_binary_20000,1,70,layer_0,235,c3: Slope IS MEDIUM,50.83625030517578
covtype_binary_20000,1,71,layer_0,602,c10: Elevation IS HIGH,50.31806182861328
covtype_binary_20000,1,72,layer_0,609,c10: Horizontal_Distance_To_Roadways IS LOW,49.345516204833984
covtype_binary_20000,1,73,layer_0,542,c9: Slope IS HIGH,49.34259796142578
covtype_binary_20000,1,74,layer_0,198,c3: Hillshade_Noon IS LOW,47.46270751953125
covtype_binary_20000,1,75,layer_0,495,c8: Soil_Type_4 IS absent,47.16593933105469
covtype_binary_20000,1,76,layer_0,654,c10: Vertical_Distance_To_Hydrology IS LOW,46.98417663574219
covtype_binary_20000,1,77,layer_0,226,c3: Hillshade_9am IS MEDIUM,46.77489471435547
covtype_binary_20000,1,78,layer_0,106,c1: Vertical_Distance_To_Hydrology IS MEDIUM,46.59908676147461
covtype_binary_20000,1,79,layer_0,596,c9: Hillshade_Noon IS HIGH,46.59615707397461
covtype_binary_20000,1,80,layer_0,380,c6: Hillshade_9am IS HIGH,46.0035514831543
covtype_binary_20000,1,81,layer_0,669,c11: Horizontal_Distance_To_Fire_Points IS LOW,45.52407455444336
covtype_binary_20000,1,82,layer_0,286,c4: Slope IS MEDIUM,45.06050109863281
covtype_binary_20000,1,83,layer_0,200,c3: Hillshade_Noon IS HIGH,44.77934265136719
covtype_binary_20000,1,84,layer_0,269,c4: Hillshade_3pm IS HIGH,44.60875701904297
covtype_binary_20000,1,85,layer_0,195,c3: Soil_Type_23 IS absent,44.51498031616211
covtype_binary_20000,1,86,layer_0,18,c0: Horizontal_Distance_To_Fire_Points IS LOW,44.187644958496094
covtype_binary_20000,1,87,layer_0,89,c1: Aspect IS HIGH,44.130531311035156
covtype_binary_20000,1,88,layer_0,579,c9: Wilderness_Area_1 IS absent,43.69686508178711
covtype_binary_20000,1,89,layer_0,354,c5: Horizontal_Distance_To_Roadways IS LOW,43.59428024291992
covtype_binary_20000,1,90,layer_0,573,c9: Soil_Type_33 IS absent,43.047122955322266
covtype_binary_20000,1,91,layer_0,590,c9: Wilderness_Area_3 IS present,42.82587432861328
covtype_binary_20000,1,92,layer_0,628,c10: Horizontal_Distance_To_Hydrology IS MEDIUM,42.636573791503906
covtype_binary_20000,1,93,layer_0,384,c6: Soil_Type_2 IS absent,42.55240249633789
covtype_binary_20000,1,94,layer_0,291,c4: Soil_Type_4 IS absent,42.296775817871094
covtype_binary_20000,1,95,projection_layer,21,"pursuit_7(Aspect, Soil_Type_39, Soil_Type_2, Soil_Type_5) IS LOW",41.88759994506836
covtype_binary_20000,1,96,layer_0,554,c9: Wilderness_Area_3 IS present,40.97111511230469
covtype_binary_20000,1,97,layer_0,61,c1: Horizontal_Distance_To_Roadways IS MEDIUM,40.469642639160156
covtype_binary_20000,1,98,layer_0,218,c3: Hillshade_3pm IS HIGH,39.73021697998047
covtype_binary_20000,1,99,layer_0,543,c9: Wilderness_Area_1 IS absent,39.69052505493164
covtype_binary_20000,1,100,layer_0,415,c6: Horizontal_Distance_To_Fire_Points IS MEDIUM,39.47392272949219
covtype_binary_20000,1,101,layer_0,120,c2: Horizontal_Distance_To_Fire_Points IS LOW,39.1256103515625
covtype_binary_20000,1,102,layer_0,208,c3: Vertical_Distance_To_Hydrology IS MEDIUM,38.85390090942383
covtype_binary_20000,1,103,layer_0,620,c10: Horizontal_Distance_To_Fire_Points IS HIGH,38.071983337402344
covtype_binary_20000,1,104,projection_layer,13,"pursuit_4(Horizontal_Distance_To_Hydrology, Soil_Type_22, Soil_Type_30, Soil_Type_35) IS MEDIUM",37.71927261352539
covtype_binary_20000,1,105,layer_0,302,c5: Hillshade_Noon IS HIGH,37.63606643676758
covtype_binary_20000,1,106,layer_0,277,c4: Hillshade_9am IS MEDIUM,37.48752975463867
covtype_binary_20000,1,107,layer_0,585,c9: Aspect IS LOW,37.40549850463867
covtype_binary_20000,1,108,layer_0,491,c8: Slope IS HIGH,37.294891357421875
covtype_binary_20000,1,109,layer_0,531,c8: Soil_Type_11 IS absent,37.04848098754883
covtype_binary_20000,1,110,layer_0,537,c8: Wilderness_Area_3 IS absent,36.65243148803711
covtype_binary_20000,1,111,layer_0,75,c1: Soil_Type_39 IS absent,36.34474182128906
covtype_binary_20000,1,112,layer_0,190,c3: Aspect IS MEDIUM,36.285194396972656
covtype_binary_20000,1,113,layer_0,24,c0: Soil_Type_39 IS absent,36.194854736328125
covtype_binary_20000,1,114,layer_0,698,c11: Hillshade_Noon IS HIGH,35.28604507446289
covtype_binary_20000,1,115,layer_0,624,c10: Soil_Type_33 IS absent,34.958675384521484
covtype_binary_20000,1,116,layer_0,191,c3: Aspect IS HIGH,34.80073165893555
covtype_binary_20000,1,117,layer_0,295,c4: Elevation IS MEDIUM,34.5946044921875
covtype_binary_20000,1,118,layer_0,558,c9: Horizontal_Distance_To_Roadways IS LOW,34.37736892700195
covtype_binary_20000,1,119,layer_0,422,c7: Hillshade_3pm IS HIGH,34.20219802856445
covtype_binary_20000,1,120,layer_0,501,c8: Wilderness_Area_3 IS absent,34.15285873413086
covtype_binary_20000,1,121,layer_0,595,c9: Hillshade_Noon IS MEDIUM,33.52202606201172
covtype_binary_20000,1,122,layer_0,78,c1: Horizontal_Distance_To_Hydrology IS LOW,33.41807174682617
covtype_binary_20000,1,123,layer_0,153,c2: Soil_Type_29 IS absent,32.94596481323242
covtype_binary_20000,1,124,layer_0,57,c0: Wilderness_Area_3 IS absent,32.69039535522461
covtype_binary_20000,1,125,layer_0,93,c1: Soil_Type_23 IS absent,32.205230712890625
covtype_binary_20000,1,126,layer_0,276,c4: Hillshade_9am IS LOW,31.444704055786133
covtype_binary_20000,1,127,layer_0,475,c7: Horizontal_Distance_To_Hydrology IS MEDIUM,31.316741943359375
covtype_binary_20000,1,128,layer_0,96,c1: Hillshade_Noon IS LOW,31.034305572509766
covtype_binary_20000,1,129,layer_0,121,c2: Horizontal_Distance_To_Fire_Points IS MEDIUM,30.919145584106445
covtype_binary_20000,1,130,projection_layer,6,"pursuit_2(Hillshade_Noon, Wilderness_Area_4, Soil_Type_23, Soil_Type_11) IS LOW",30.173494338989258
covtype_binary_20000,1,131,layer_0,570,c9: Wilderness_Area_4 IS absent,30.11973762512207
covtype_binary_20000,1,132,layer_0,157,c2: Vertical_Distance_To_Hydrology IS MEDIUM,29.220273971557617
covtype_binary_20000,1,133,layer_0,216,c3: Hillshade_3pm IS LOW,28.863994598388672
covtype_binary_20000,1,134,layer_0,11,c0: Horizontal_Distance_To_Roadways IS HIGH,28.731687545776367
covtype_binary_20000,1,135,layer_0,20,c0: Horizontal_Distance_To_Fire_Points IS HIGH,28.687705993652344
covtype_binary_20000,1,136,layer_0,268,c4: Hillshade_3pm IS MEDIUM,28.303510665893555
covtype_binary_20000,1,137,layer_0,162,c2: Soil_Type_13 IS absent,28.15987205505371
covtype_binary_20000,1,138,layer_0,611,c10: Horizontal_Distance_To_Roadways IS HIGH,28.057811737060547
covtype_binary_20000,1,139,layer_0,21,c0: Wilderness_Area_3 IS absent,27.606487274169922
covtype_binary_20000,1,140,layer_0,144,c2: Soil_Type_23 IS absent,27.592836380004883
covtype_binary_20000,1,141,layer_0,678,c11: Horizontal_Distance_To_Hydrology IS LOW,27.417621612548828
covtype_binary_20000,1,142,layer_0,329,c5: Hillshade_9am IS HIGH,27.287878036499023
covtype_binary_20000,1,143,projection_layer,23,"pursuit_7(Aspect, Soil_Type_39, Soil_Type_2, Soil_Type_5) IS HIGH",27.150306701660156
covtype_binary_20000,1,144,layer_0,513,c8: Soil_Type_32 IS absent,26.905258178710938
covtype_binary_20000,1,145,layer_0,62,c1: Horizontal_Distance_To_Roadways IS HIGH,26.85004425048828
covtype_binary_20000,1,146,layer_0,72,c1: Wilderness_Area_3 IS absent,26.557085037231445
covtype_binary_20000,1,147,layer_0,177,c2: Wilderness_Area_4 IS absent,26.3359432220459
covtype_binary_20000,1,148,layer_0,536,c8: Aspect IS HIGH,26.300983428955078
covtype_binary_20000,1,149,layer_0,387,c6: Slope IS LOW,25.929155349731445
covtype_binary_20000,1,150,layer_0,526,c8: Horizontal_Distance_To_Hydrology IS MEDIUM,25.845741271972656
covtype_binary_20000,1,151,layer_0,594,c9: Hillshade_Noon IS LOW,25.722047805786133
covtype_binary_20000,1,152,layer_0,615,c10: Soil_Type_32 IS absent,25.478073120117188
covtype_binary_20000,1,153,layer_0,51,c0: Soil_Type_29 IS absent,25.131250381469727
covtype_binary_20000,1,154,layer_0,568,c9: Horizontal_Distance_To_Fire_Points IS MEDIUM,25.008020401000977
covtype_binary_20000,1,155,layer_0,375,c6: Soil_Type_40 IS absent,24.644472122192383
covtype_binary_20000,1,156,layer_0,241,c4: Aspect IS MEDIUM,24.63227081298828
covtype_binary_20000,1,157,layer_0,267,c4: Hillshade_3pm IS LOW,24.524415969848633
covtype_binary_20000,1,158,layer_0,3,c0: Wilderness_Area_4 IS absent,24.323455810546875
covtype_binary_20000,1,159,layer_0,379,c6: Hillshade_9am IS MEDIUM,24.265626907348633
covtype_binary_20000,1,160,layer_0,108,c1: Wilderness_Area_3 IS absent,24.259845733642578
covtype_binary_20000,1,161,layer_0,315,c5: Soil_Type_13 IS absent,24.038772583007812
covtype_binary_20000,1,162,layer_0,356,c5: Horizontal_Distance_To_Roadways IS HIGH,23.985187530517578
covtype_binary_20000,1,163,layer_0,63,c1: Wilderness_Area_1 IS absent,23.974414825439453
covtype_binary_20000,1,164,layer_0,688,c11: Aspect IS MEDIUM,23.75612449645996
covtype_binary_20000,1,165,layer_0,141,c2: Wilderness_Area_4 IS absent,23.742874145507812
covtype_binary_20000,1,166,layer_0,99,c1: Wilderness_Area_1 IS absent,23.692968368530273
covtype_binary_20000,1,167,layer_0,555,c9: Soil_Type_30 IS absent,23.623201370239258
covtype_binary_20000,1,168,layer_0,174,c2: Hillshade_9am IS LOW,23.39107894897461
covtype_binary_20000,1,169,layer_0,318,c5: Hillshade_3pm IS LOW,22.987825393676758
covtype_binary_20000,1,170,layer_0,357,c5: Wilderness_Area_2 IS absent,22.89855194091797
covtype_binary_20000,1,171,layer_0,131,c2: Horizontal_Distance_To_Hydrology IS HIGH,22.897258758544922
covtype_binary_20000,1,172,layer_0,494,c8: Wilderness_Area_1 IS present,22.819421768188477
covtype_binary_20000,1,173,layer_0,336,c5: Slope IS LOW,22.662109375
covtype_binary_20000,1,174,layer_0,369,c6: Hillshade_3pm IS LOW,22.499958038330078
covtype_binary_20000,1,175,layer_0,371,c6: Hillshade_3pm IS HIGH,22.482412338256836
covtype_binary_20000,1,176,layer_0,438,c7: Slope IS LOW,22.481483459472656
covtype_binary_20000,1,177,layer_0,503,c8: Wilderness_Area_3 IS present,22.25301742553711
covtype_binary_20000,1,178,layer_0,430,c7: Hillshade_9am IS MEDIUM,22.141231536865234
covtype_binary_20000,1,179,layer_0,530,c8: Wilderness_Area_1 IS present,22.096702575683594
covtype_binary_20000,1,180,layer_0,330,c5: Wilderness_Area_4 IS absent,22.071393966674805
covtype_binary_20000,1,181,layer_0,156,c2: Vertical_Distance_To_Hydrology IS LOW,21.95035743713379
covtype_binary_20000,1,182,layer_0,132,c2: Wilderness_Area_2 IS absent,21.907224655151367
covtype_binary_20000,1,183,layer_0,6,c0: Soil_Type_12 IS absent,21.608882904052734
covtype_binary_20000,1,184,layer_0,687,c11: Aspect IS LOW,21.60114860534668
covtype_binary_20000,1,185,layer_0,55,c0: Vertical_Distance_To_Hydrology IS MEDIUM,21.518033981323242
covtype_binary_20000,1,186,layer_0,231,c3: Soil_Type_2 IS absent,21.49956703186035
covtype_binary_20000,1,187,layer_0,338,c5: Slope IS HIGH,21.20189666748047
covtype_binary_20000,1,188,layer_0,17,c0: Soil_Type_22 IS present,21.19864845275879
covtype_binary_20000,1,189,layer_0,679,c11: Horizontal_Distance_To_Hydrology IS MEDIUM,21.163921356201172
covtype_binary_20000,1,190,layer_0,588,c9: Wilderness_Area_3 IS absent,21.137893676757812
covtype_binary_20000,1,191,layer_0,139,c2: Aspect IS MEDIUM,21.041406631469727
covtype_binary_20000,1,192,layer_0,550,c9: Elevation IS MEDIUM,20.986801147460938
covtype_binary_20000,1,193,layer_0,222,c3: Soil_Type_40 IS absent,20.933382034301758
covtype_binary_20000,1,194,layer_0,12,c0: Wilderness_Area_1 IS absent,20.538280487060547
covtype_binary_20000,1,195,layer_0,102,c1: Soil_Type_29 IS absent,20.47893524169922
covtype_binary_20000,1,196,layer_0,504,c8: Soil_Type_30 IS absent,20.39040184020996
covtype_binary_20000,1,197,layer_0,168,c2: Wilderness_Area_2 IS absent,20.322223663330078
covtype_binary_20000,1,198,layer_0,423,c7: Wilderness_Area_2 IS absent,20.153385162353516
covtype_binary_20000,1,199,layer_0,48,c0: Wilderness_Area_1 IS absent,20.04613494873047
covtype_binary_20000,1,200,layer_0,74,c1: Wilderness_Area_3 IS present,19.966346740722656
covtype_binary_20000,1,201,layer_0,42,c0: Soil_Type_23 IS absent,19.871335983276367
covtype_binary_20000,1,202,layer_0,619,c10: Horizontal_Distance_To_Fire_Points IS MEDIUM,19.720312118530273
covtype_binary_20000,1,203,layer_0,519,c8: Wilderness_Area_4 IS absent,19.567142486572266
covtype_binary_20000,1,204,layer_0,110,c1: Wilderness_Area_3 IS present,19.239221572875977
covtype_binary_20000,1,205,layer_0,36,c0: Aspect IS LOW,18.951618194580078
covtype_binary_20000,1,206,layer_0,65,c1: Wilderness_Area_1 IS present,18.92995262145996
covtype_binary_20000,1,207,layer_0,59,c0: Wilderness_Area_3 IS present,18.66866683959961
covtype_binary_20000,1,208,layer_0,459,c7: Wilderness_Area_2 IS absent,18.64922332763672
covtype_binary_20000,1,209,layer_0,28,c0: Horizontal_Distance_To_Hydrology IS MEDIUM,18.643882751464844
covtype_binary_20000,1,210,layer_0,421,c7: Hillshade_3pm IS MEDIUM,18.63865852355957
covtype_binary_20000,1,211,layer_0,90,c1: Wilderness_Area_4 IS absent,18.59174919128418
covtype_binary_20000,1,212,layer_0,207,c3: Vertical_Distance_To_Hydrology IS LOW,18.450292587280273
covtype_binary_20000,1,213,layer_0,148,c2: Hillshade_Noon IS MEDIUM,18.440628051757812
covtype_binary_20000,1,214,layer_0,540,c9: Slope IS LOW,18.405332565307617
covtype_binary_20000,1,215,layer_0,492,c8: Wilderness_Area_1 IS absent,18.27729606628418
covtype_binary_20000,1,216,layer_0,101,c1: Wilderness_Area_1 IS present,18.25726890563965
covtype_binary_20000,1,217,layer_0,328,c5: Hillshade_9am IS MEDIUM,18.255090713500977
covtype_binary_20000,1,218,projection_layer,8,"pursuit_2(Hillshade_Noon, Wilderness_Area_4, Soil_Type_23, Soil_Type_11) IS HIGH",18.24848747253418
covtype_binary_20000,1,219,layer_0,517,c8: Horizontal_Distance_To_Fire_Points IS MEDIUM,18.24276351928711
covtype_binary_20000,1,220,layer_0,490,c8: Slope IS MEDIUM,18.198768615722656
covtype_binary_20000,1,221,projection_layer,17,"pursuit_5(Hillshade_9am, Wilderness_Area_1, Soil_Type_10, Soil_Type_32) IS HIGH",18.173194885253906
covtype_binary_20000,1,222,layer_0,545,c9: Wilderness_Area_1 IS present,18.054323196411133
covtype_binary_20000,1,223,layer_0,39,c0: Wilderness_Area_4 IS absent,18.007858276367188
covtype_binary_20000,1,224,layer_0,23,c0: Wilderness_Area_3 IS present,17.85089111328125
covtype_binary_20000,1,225,layer_0,70,c1: Horizontal_Distance_To_Fire_Points IS MEDIUM,17.820524215698242
covtype_binary_20000,1,226,layer_0,481,c8: Hillshade_9am IS MEDIUM,17.72486114501953
covtype_binary_20000,1,227,layer_0,166,c2: Hillshade_3pm IS MEDIUM,17.574432373046875
covtype_binary_20000,1,228,layer_0,581,c9: Wilderness_Area_1 IS present,17.179527282714844
covtype_binary_20000,1,229,layer_0,251,c4: Hillshade_Noon IS HIGH,17.082176208496094
covtype_binary_20000,1,230,projection_layer,1,"pursuit_0(Horizontal_Distance_To_Fire_Points, Hillshade_3pm, Soil_Type_29, Soil_Type_4) IS MEDIUM",16.988554000854492
covtype_binary_20000,1,231,layer_0,135,c2: Soil_Type_38 IS absent,16.89139175415039
covtype_binary_20000,1,232,layer_0,175,c2: Hillshade_9am IS MEDIUM,16.824487686157227
covtype_binary_20000,1,233,layer_0,606,c10: Soil_Type_30 IS absent,16.587589263916016
covtype_binary_20000,1,234,layer_0,431,c7: Hillshade_9am IS HIGH,16.58345603942871
covtype_binary_20000,1,235,layer_0,546,c9: Soil_Type_4 IS absent,16.446550369262695
covtype_binary_20000,1,236,layer_0,239,c3: Wilderness_Area_1 IS present,16.394426345825195
covtype_binary_20000,1,237,layer_0,539,c8: Wilderness_Area_3 IS present,16.376075744628906
covtype_binary_20000,1,238,layer_0,642,c10: Soil_Type_10 IS absent,16.238317489624023
covtype_binary_20000,1,239,layer_0,33,c0: Soil_Type_38 IS absent,16.227994918823242
covtype_binary_20000,1,240,layer_0,203,c3: Wilderness_Area_1 IS present,16.11667251586914
covtype_binary_20000,1,241,layer_0,507,c8: Horizontal_Distance_To_Roadways IS LOW,16.105989456176758
covtype_binary_20000,1,242,layer_0,552,c9: Wilderness_Area_3 IS absent,16.092130661010742
covtype_binary_20000,1,243,layer_0,399,c6: Wilderness_Area_3 IS absent,15.961543083190918
covtype_binary_20000,1,244,layer_0,47,c0: Hillshade_Noon IS HIGH,15.792951583862305
covtype_binary_20000,1,245,layer_0,660,c11: Horizontal_Distance_To_Roadways IS LOW,15.683968544006348
covtype_binary_20000,1,246,layer_0,152,c2: Wilderness_Area_1 IS present,15.677749633789062
covtype_binary_20000,1,247,layer_0,411,c6: Soil_Type_32 IS absent,15.666942596435547
covtype_binary_20000,1,248,layer_0,524,c8: Soil_Type_33 IS present,15.629254341125488
covtype_binary_20000,1,249,layer_0,258,c4: Vertical_Distance_To_Hydrology IS LOW,15.540417671203613
covtype_binary_20000,1,250,layer_0,398,c6: Elevation IS HIGH,15.513275146484375
covtype_binary_20000,1,251,layer_0,213,c3: Soil_Type_13 IS absent,15.420802116394043
covtype_binary_20000,1,252,layer_0,296,c4: Elevation IS HIGH,15.404411315917969
covtype_binary_20000,1,253,layer_0,601,c10: Elevation IS MEDIUM,15.315067291259766
covtype_binary_20000,1,254,layer_0,534,c8: Aspect IS LOW,15.202897071838379
covtype_binary_20000,1,255,layer_0,528,c8: Wilderness_Area_1 IS absent,15.076735496520996
covtype_binary_20000,1,256,layer_0,474,c7: Horizontal_Distance_To_Hydrology IS LOW,14.93427848815918
covtype_binary_20000,1,257,layer_0,452,c7: Wilderness_Area_3 IS present,14.755167007446289
covtype_binary_20000,1,258,layer_0,541,c9: Slope IS MEDIUM,14.686071395874023
covtype_binary_20000,1,259,layer_0,249,c4: Hillshade_Noon IS LOW,14.394786834716797
covtype_binary_20000,1,260,layer_0,81,c1: Wilderness_Area_2 IS absent,14.387088775634766
covtype_binary_20000,1,261,layer_0,117,c1: Wilderness_Area_2 IS absent,14.313194274902344
covtype_binary_20000,1,262,layer_0,69,c1: Horizontal_Distance_To_Fire_Points IS LOW,13.977456092834473
covtype_binary_20000,1,263,layer_0,621,c10: Wilderness_Area_4 IS absent,13.9426851272583
covtype_binary_20000,1,264,layer_0,294,c4: Elevation IS LOW,13.846837043762207
covtype_binary_20000,1,265,layer_0,255,c4: Soil_Type_29 IS absent,13.800724029541016
covtype_binary_20000,1,266,layer_0,321,c5: Wilderness_Area_2 IS absent,13.61356258392334
covtype_binary_20000,1,267,layer_0,167,c2: Hillshade_3pm IS HIGH,13.603471755981445
covtype_binary_20000,1,268,layer_0,234,c3: Slope IS LOW,13.441256523132324
covtype_binary_20000,1,269,layer_0,201,c3: Wilderness_Area_1 IS absent,13.420135498046875
covtype_binary_20000,1,270,layer_0,450,c7: Wilderness_Area_3 IS absent,13.366860389709473
covtype_binary_20000,1,271,layer_0,237,c3: Wilderness_Area_1 IS absent,13.355072975158691
covtype_binary_20000,1,272,layer_0,363,c6: Wilderness_Area_3 IS absent,13.28137493133545
covtype_binary_20000,1,273,layer_0,578,c9: Horizontal_Distance_To_Hydrology IS HIGH,13.077653884887695
covtype_binary_20000,1,274,layer_0,68,c1: Soil_Type_22 IS present,13.038617134094238
covtype_binary_20000,1,275,layer_0,337,c5: Slope IS MEDIUM,13.024921417236328
covtype_binary_20000,1,276,layer_0,582,c9: Soil_Type_11 IS absent,12.982759475708008
covtype_binary_20000,1,277,layer_0,657,c10: Wilderness_Area_4 IS absent,12.862921714782715
covtype_binary_20000,1,278,layer_0,453,c7: Soil_Type_30 IS absent,12.807158470153809
covtype_binary_20000,1,279,layer_0,714,c11: Hillshade_3pm IS LOW,12.713668823242188
covtype_binary_20000,1,280,layer_0,456,c7: Horizontal_Distance_To_Roadways IS LOW,12.557474136352539
covtype_binary_20000,1,281,layer_0,482,c8: Hillshade_9am IS HIGH,12.205238342285156
covtype_binary_20000,1,282,layer_0,250,c4: Hillshade_Noon IS MEDIUM,12.182355880737305
covtype_binary_20000,1,283,layer_0,401,c6: Wilderness_Area_3 IS present,12.131882667541504
covtype_binary_20000,1,284,layer_0,389,c6: Slope IS HIGH,12.1259183883667
covtype_binary_20000,1,285,layer_0,228,c3: Wilderness_Area_4 IS absent,12.089176177978516
covtype_binary_20000,1,286,layer_0,381,c6: Wilderness_Area_4 IS absent,12.074296951293945
covtype_binary_20000,1,287,layer_0,630,c10: Wilderness_Area_1 IS absent,11.780824661254883
covtype_binary_20000,1,288,layer_0,333,c5: Soil_Type_2 IS absent,11.741506576538086
covtype_binary_20000,1,289,layer_0,126,c2: Soil_Type_39 IS absent,11.682424545288086
covtype_binary_20000,1,290,layer_0,150,c2: Wilderness_Area_1 IS absent,11.4863920211792
covtype_binary_20000,1,291,layer_0,50,c0: Wilderness_Area_1 IS present,11.439096450805664
covtype_binary_20000,1,292,layer_0,122,c2: Horizontal_Distance_To_Fire_Points IS HIGH,11.406274795532227
covtype_binary_20000,1,293,projection_layer,2,"pursuit_0(Horizontal_Distance_To_Fire_Points, Hillshade_3pm, Soil_Type_29, Soil_Type_4) IS HIGH",11.397451400756836
covtype_binary_20000,1,294,layer_0,309,c5: Vertical_Distance_To_Hydrology IS LOW,11.331531524658203
covtype_binary_20000,1,295,layer_0,320,c5: Hillshade_3pm IS HIGH,11.303411483764648
covtype_binary_20000,1,296,projection_layer,3,"pursuit_1(Elevation, Vertical_Distance_To_Hydrology, Soil_Type_40, Soil_Type_6) IS LOW",11.07755184173584
covtype_binary_20000,1,297,layer_0,155,c2: Soil_Type_29 IS present,11.068217277526855
covtype_binary_20000,1,298,layer_0,192,c3: Wilderness_Area_4 IS absent,11.033950805664062
covtype_binary_20000,1,299,layer_0,285,c4: Slope IS LOW,10.889358520507812
covtype_binary_20000,1,300,layer_0,483,c8: Wilderness_Area_4 IS absent,10.763605117797852
covtype_binary_20000,1,301,layer_0,440,c7: Slope IS HIGH,10.703700065612793
covtype_binary_20000,1,302,layer_0,662,c11: Horizontal_Distance_To_Roadways IS HIGH,10.612436294555664
covtype_binary_20000,1,303,layer_0,347,c5: Elevation IS HIGH,10.467459678649902
covtype_binary_20000,1,304,layer_0,297,c4: Wilderness_Area_3 IS absent,10.392190933227539
covtype_binary_20000,1,305,layer_0,300,c5: Hillshade_Noon IS LOW,10.36323070526123
covtype_binary_20000,1,306,layer_0,486,c8: Soil_Type_2 IS absent,10.273436546325684
covtype_binary_20000,1,307,layer_0,97,c1: Hillshade_Noon IS MEDIUM,10.232834815979004
covtype_binary_20000,1,308,layer_0,186,c3: Soil_Type_38 IS absent,10.231115341186523
covtype_binary_20000,1,309,layer_0,564,c9: Soil_Type_32 IS absent,10.154325485229492
covtype_binary_20000,1,310,layer_0,306,c5: Soil_Type_29 IS absent,10.134893417358398
covtype_binary_20000,1,311,layer_0,471,c7: Soil_Type_33 IS absent,10.076105117797852
covtype_binary_20000,1,312,layer_0,14,c0: Wilderness_Area_1 IS present,10.027397155761719
covtype_binary_20000,1,313,layer_0,653,c10: Soil_Type_31 IS present,9.985719680786133
covtype_binary_20000,1,314,layer_0,290,c4: Wilderness_Area_1 IS present,9.851914405822754
covtype_binary_20000,1,315,layer_0,254,c4: Wilderness_Area_1 IS present,9.754688262939453
covtype_binary_20000,1,316,layer_0,370,c6: Hillshade_3pm IS MEDIUM,9.74740982055664
covtype_binary_20000,1,317,layer_0,225,c3: Hillshade_9am IS LOW,9.744343757629395
covtype_binary_20000,1,318,layer_0,319,c5: Hillshade_3pm IS MEDIUM,9.731255531311035
covtype_binary_20000,1,319,layer_0,171,c2: Soil_Type_40 IS absent,9.714377403259277
covtype_binary_20000,1,320,layer_0,261,c4: Wilderness_Area_3 IS absent,9.616753578186035
covtype_binary_20000,1,321,layer_0,632,c10: Wilderness_Area_1 IS present,9.426556587219238
covtype_binary_20000,1,322,layer_0,29,c0: Horizontal_Distance_To_Hydrology IS HIGH,9.352864265441895
covtype_binary_20000,1,323,layer_0,259,c4: Vertical_Distance_To_Hydrology IS MEDIUM,9.297757148742676
covtype_binary_20000,1,324,projection_layer,15,"pursuit_5(Hillshade_9am, Wilderness_Area_1, Soil_Type_10, Soil_Type_32) IS LOW",9.214563369750977
covtype_binary_20000,1,325,layer_0,516,c8: Horizontal_Distance_To_Fire_Points IS LOW,9.120954513549805
covtype_binary_20000,1,326,layer_0,633,c10: Soil_Type_11 IS absent,9.07872200012207
covtype_binary_20000,1,327,layer_0,390,c6: Wilderness_Area_1 IS absent,9.018239974975586
covtype_binary_20000,1,328,layer_0,242,c4: Aspect IS HIGH,8.950016021728516
covtype_binary_20000,1,329,layer_0,9,c0: Horizontal_Distance_To_Roadways IS LOW,8.848870277404785
covtype_binary_20000,1,330,layer_0,252,c4: Wilderness_Area_1 IS absent,8.748976707458496
covtype_binary_20000,1,331,layer_0,610,c10: Horizontal_Distance_To_Roadways IS MEDIUM,8.671761512756348
covtype_binary_20000,1,332,layer_0,197,c3: Soil_Type_23 IS present,8.633420944213867
covtype_binary_20000,1,333,layer_0,435,c7: Soil_Type_2 IS absent,8.468358993530273
covtype_binary_20000,1,334,layer_0,146,c2: Soil_Type_23 IS present,8.467416763305664
covtype_binary_20000,1,335,layer_0,56,c0: Vertical_Distance_To_Hydrology IS HIGH,8.427961349487305
covtype_binary_20000,1,336,layer_0,716,c11: Hillshade_3pm IS HIGH,8.398821830749512
covtype_binary_20000,1,337,layer_0,92,c1: Wilderness_Area_4 IS present,8.307598114013672
covtype_binary_20000,1,338,layer_0,161,c2: Wilderness_Area_3 IS present,8.270529747009277
covtype_binary_20000,1,339,layer_0,53,c0: Soil_Type_29 IS present,8.216959953308105
covtype_binary_20000,1,340,layer_0,199,c3: Hillshade_Noon IS MEDIUM,8.200057029724121
covtype_binary_20000,1,341,layer_0,288,c4: Wilderness_Area_1 IS absent,8.196131706237793
covtype_binary_20000,1,342,layer_0,637,c10: Aspect IS MEDIUM,8.187418937683105
covtype_binary_20000,1,343,layer_0,417,c6: Wilderness_Area_4 IS absent,8.1531343460083
covtype_binary_20000,1,344,layer_0,365,c6: Wilderness_Area_3 IS present,8.152595520019531
covtype_binary_20000,1,345,layer_0,575,c9: Soil_Type_33 IS present,7.995233058929443
covtype_binary_20000,1,346,layer_0,299,c4: Wilderness_Area_3 IS present,7.80552339553833
covtype_binary_20000,1,347,layer_0,420,c7: Hillshade_3pm IS LOW,7.737691879272461
covtype_binary_20000,1,348,layer_0,626,c10: Soil_Type_33 IS present,7.699730396270752
covtype_binary_20000,1,349,layer_0,308,c5: Soil_Type_29 IS present,7.643847465515137
covtype_binary_20000,1,350,layer_0,125,c2: Wilderness_Area_3 IS present,7.552298069000244
covtype_binary_20000,1,351,layer_0,477,c7: Wilderness_Area_1 IS absent,7.480978965759277
covtype_binary_20000,1,352,layer_0,95,c1: Soil_Type_23 IS present,7.40435266494751
covtype_binary_20000,1,353,layer_0,576,c9: Horizontal_Distance_To_Hydrology IS LOW,7.403960227966309
covtype_binary_20000,1,354,layer_0,210,c3: Wilderness_Area_3 IS absent,7.400468826293945
covtype_binary_20000,1,355,layer_0,263,c4: Wilderness_Area_3 IS present,7.396547317504883
covtype_binary_20000,1,356,layer_0,366,c6: Soil_Type_13 IS absent,7.286689281463623
covtype_binary_20000,1,357,layer_0,476,c7: Horizontal_Distance_To_Hydrology IS HIGH,7.175805568695068
covtype_binary_20000,1,358,projection_layer,18,"pursuit_6(Horizontal_Distance_To_Roadways, Soil_Type_38, Wilderness_Area_2, Soil_Type_18) IS LOW",6.939541816711426
covtype_binary_20000,1,359,layer_0,2,c0: Elevation IS HIGH,6.907008647918701
covtype_binary_20000,1,360,layer_0,107,c1: Vertical_Distance_To_Hydrology IS HIGH,6.868124961853027
covtype_binary_20000,1,361,layer_1,86,c1: ka_concept_1.c8 IS HIGH,6.82924747467041
covtype_binary_20000,1,362,layer_0,557,c9: Soil_Type_30 IS present,6.74183988571167
covtype_binary_20000,1,363,layer_0,98,c1: Hillshade_Noon IS HIGH,6.709096908569336
covtype_binary_20000,1,364,layer_0,432,c7: Wilderness_Area_4 IS absent,6.704817771911621
covtype_binary_20000,1,365,layer_0,597,c9: Wilderness_Area_2 IS absent,6.636416435241699
covtype_binary_20000,1,366,layer_0,392,c6: Wilderness_Area_1 IS present,6.595311641693115
covtype_binary_20000,1,367,layer_0,243,c4: Wilderness_Area_4 IS absent,6.5694379806518555
covtype_binary_20000,1,368,layer_0,41,c0: Wilderness_Area_4 IS present,6.493374824523926
covtype_binary_20000,1,369,layer_0,697,c11: Hillshade_Noon IS MEDIUM,6.478193283081055
covtype_binary_20000,1,370,layer_0,5,c0: Wilderness_Area_4 IS present,6.440486907958984
covtype_binary_20000,1,371,layer_0,312,c5: Wilderness_Area_3 IS absent,6.3143439292907715
covtype_binary_20000,1,372,layer_0,236,c3: Slope IS HIGH,6.235479831695557
covtype_binary_20000,1,373,layer_0,560,c9: Horizontal_Distance_To_Roadways IS HIGH,6.029885292053223
covtype_binary_20000,1,374,projection_layer,14,"pursuit_4(Horizontal_Distance_To_Hydrology, Soil_Type_22, Soil_Type_30, Soil_Type_35) IS HIGH",5.902991771697998
covtype_binary_20000,1,375,layer_0,671,c11: Horizontal_Distance_To_Fire_Points IS HIGH,5.858146667480469
covtype_binary_20000,1,376,layer_0,279,c4: Wilderness_Area_4 IS absent,5.824915885925293
covtype_binary_20000,1,377,projection_layer,0,"pursuit_0(Horizontal_Distance_To_Fire_Points, Hillshade_3pm, Soil_Type_29, Soil_Type_4) IS LOW",5.7378644943237305
covtype_binary_20000,1,378,layer_0,388,c6: Slope IS MEDIUM,5.734997272491455
covtype_binary_20000,1,379,layer_0,393,c6: Soil_Type_4 IS absent,5.71806001663208
covtype_binary_20000,1,380,layer_0,639,c10: Wilderness_Area_3 IS absent,5.624998569488525
covtype_binary_20000,1,381,layer_0,605,c10: Wilderness_Area_3 IS present,5.609603404998779
covtype_binary_20000,1,382,layer_0,705,c11: Vertical_Distance_To_Hydrology IS LOW,5.592864513397217
covtype_binary_20000,1,383,layer_0,86,c1: Soil_Type_38 IS present,5.557680130004883
covtype_binary_20000,1,384,layer_0,273,c4: Soil_Type_40 IS absent,5.4633612632751465
covtype_binary_20000,1,385,layer_0,591,c9: Soil_Type_10 IS absent,5.370097637176514
covtype_binary_20000,1,386,layer_0,407,c6: Horizontal_Distance_To_Roadways IS HIGH,5.3675971031188965
covtype_binary_20000,1,387,layer_0,480,c8: Hillshade_9am IS LOW,5.320467948913574
covtype_binary_20000,1,388,layer_0,617,c10: Soil_Type_32 IS present,5.31912088394165
covtype_binary_20000,1,389,layer_1,122,c2: ka_concept_1.c0 IS HIGH,5.279001235961914
covtype_binary_20000,1,390,layer_0,138,c2: Aspect IS LOW,5.160147190093994
covtype_binary_20000,1,391,layer_0,646,c10: Hillshade_Noon IS MEDIUM,5.09696626663208
covtype_binary_20000,1,392,layer_0,149,c2: Hillshade_Noon IS HIGH,5.0785627365112305
covtype_binary_20000,1,393,layer_0,116,c1: Hillshade_3pm IS HIGH,5.064816951751709
covtype_binary_20000,1,394,layer_0,656,c10: Vertical_Distance_To_Hydrology IS HIGH,4.926246643066406
covtype_binary_20000,1,395,layer_0,348,c5: Wilderness_Area_3 IS absent,4.907586097717285
covtype_binary_20000,1,396,layer_0,506,c8: Soil_Type_30 IS present,4.874934673309326
covtype_binary_20000,1,397,layer_0,586,c9: Aspect IS MEDIUM,4.868086814880371
covtype_binary_20000,1,398,layer_0,282,c4: Soil_Type_2 IS absent,4.85490608215332
covtype_binary_20000,1,399,layer_1,125,c2: ka_concept_1.c1 IS HIGH,4.778361797332764
covtype_binary_20000,1,400,layer_0,270,c4: Wilderness_Area_2 IS absent,4.77761697769165
covtype_binary_20000,1,401,layer_0,441,c7: Wilderness_Area_1 IS absent,4.7568864822387695
covtype_binary_20000,1,402,layer_0,327,c5: Hillshade_9am IS LOW,4.728087425231934
covtype_binary_20000,1,403,layer_0,26,c0: Soil_Type_39 IS present,4.689853668212891
covtype_binary_20000,1,404,layer_0,159,c2: Wilderness_Area_3 IS absent,4.675601005554199
covtype_binary_20000,1,405,layer_0,444,c7: Soil_Type_4 IS absent,4.671395301818848
covtype_binary_20000,1,406,layer_1,80,c1: ka_concept_1.c6 IS HIGH,4.6634745597839355
covtype_binary_20000,1,407,layer_0,123,c2: Wilderness_Area_3 IS absent,4.609301567077637
covtype_binary_20000,1,408,layer_0,690,c11: Wilderness_Area_3 IS absent,4.502194881439209
covtype_binary_20000,1,409,layer_1,266,c4: ka_concept_1.c8 IS HIGH,4.495156288146973
covtype_binary_20000,1,410,layer_0,221,c3: Wilderness_Area_2 IS present,4.490926742553711
covtype_binary_20000,1,411,layer_0,185,c3: Wilderness_Area_2 IS present,4.489065170288086
covtype_binary_20000,1,412,layer_0,696,c11: Hillshade_Noon IS LOW,4.424561977386475
covtype_binary_20000,1,413,layer_0,130,c2: Horizontal_Distance_To_Hydrology IS MEDIUM,4.374103546142578
covtype_binary_20000,1,414,layer_1,182,c3: ka_concept_1.c0 IS HIGH,4.260433197021484
covtype_binary_20000,1,415,layer_0,105,c1: Vertical_Distance_To_Hydrology IS LOW,4.256606101989746
covtype_binary_20000,1,416,layer_0,497,c8: Soil_Type_4 IS present,4.236433506011963
covtype_binary_20000,1,417,layer_0,113,c1: Soil_Type_13 IS present,4.227335453033447
covtype_binary_20000,1,418,layer_0,246,c4: Soil_Type_23 IS absent,4.0857720375061035
covtype_binary_20000,1,419,layer_0,344,c5: Soil_Type_4 IS present,4.0835089683532715
covtype_binary_20000,1,420,layer_0,278,c4: Hillshade_9am IS HIGH,4.062485694885254
covtype_binary_20000,1,421,layer_0,515,c8: Soil_Type_32 IS present,4.033393859863281
covtype_binary_20000,1,422,layer_0,719,c11: Wilderness_Area_1 IS present,4.007384777069092
covtype_binary_20000,1,423,layer_0,683,c11: Wilderness_Area_1 IS present,4.00738000869751
covtype_binary_20000,1,424,layer_1,109,c1: projection_4 IS MEDIUM,3.9693870544433594
covtype_binary_20000,1,425,layer_0,629,c10: Horizontal_Distance_To_Hydrology IS HIGH,3.95571231842041
covtype_binary_20000,1,426,layer_1,185,c3: ka_concept_1.c1 IS HIGH,3.9402148723602295
covtype_binary_20000,1,427,layer_1,201,c3: ka_concept_1.c7 IS LOW,3.8792147636413574
covtype_binary_20000,1,428,layer_0,706,c11: Vertical_Distance_To_Hydrology IS MEDIUM,3.7876014709472656
covtype_binary_20000,1,429,layer_0,310,c5: Vertical_Distance_To_Hydrology IS MEDIUM,3.787364959716797
covtype_binary_20000,1,430,layer_0,429,c7: Hillshade_9am IS LOW,3.7700979709625244
covtype_binary_20000,1,431,layer_0,715,c11: Hillshade_3pm IS MEDIUM,3.715468406677246
covtype_binary_20000,1,432,layer_0,314,c5: Wilderness_Area_3 IS present,3.700070381164551
covtype_binary_20000,1,433,layer_0,317,c5: Soil_Type_13 IS present,3.6873555183410645
covtype_binary_20000,1,434,layer_0,527,c8: Horizontal_Distance_To_Hydrology IS HIGH,3.649928331375122
covtype_binary_20000,1,435,layer_0,359,c5: Wilderness_Area_2 IS present,3.6375181674957275
covtype_binary_20000,1,436,layer_0,323,c5: Wilderness_Area_2 IS present,3.612239360809326
covtype_binary_20000,1,437,layer_0,257,c4: Soil_Type_29 IS present,3.6114003658294678
covtype_binary_20000,1,438,layer_0,77,c1: Soil_Type_39 IS present,3.544745683670044
covtype_binary_20000,1,439,layer_0,711,c11: Soil_Type_24 IS absent,3.530646800994873
covtype_binary_20000,1,440,layer_0,305,c5: Wilderness_Area_1 IS present,3.528214454650879
covtype_binary_20000,1,441,layer_0,240,c4: Aspect IS LOW,3.4762330055236816
covtype_binary_20000,1,442,layer_0,461,c7: Wilderness_Area_2 IS present,3.4479401111602783
covtype_binary_20000,1,443,layer_0,636,c10: Aspect IS LOW,3.431628942489624
covtype_binary_20000,1,444,layer_0,425,c7: Wilderness_Area_2 IS present,3.431198835372925
covtype_binary_20000,1,445,layer_0,38,c0: Aspect IS HIGH,3.4232773780822754
covtype_binary_20000,1,446,layer_0,165,c2: Hillshade_3pm IS LOW,3.4108633995056152
covtype_binary_20000,1,447,layer_0,467,c7: Horizontal_Distance_To_Fire_Points IS HIGH,3.3857614994049072
covtype_binary_20000,1,448,layer_1,260,c4: ka_concept_1.c6 IS HIGH,3.382160186767578
covtype_binary_20000,1,449,layer_0,612,c10: Wilderness_Area_2 IS absent,3.3573215007781982
covtype_binary_20000,1,450,layer_0,378,c6: Hillshade_9am IS LOW,3.3538336753845215
covtype_binary_20000,1,451,layer_0,324,c5: Soil_Type_40 IS absent,3.3189008235931396
covtype_binary_20000,1,452,layer_0,104,c1: Soil_Type_29 IS present,3.250687599182129
covtype_binary_20000,1,453,layer_0,83,c1: Wilderness_Area_2 IS present,3.2282474040985107
covtype_binary_20000,1,454,layer_0,681,c11: Wilderness_Area_1 IS absent,3.1619412899017334
covtype_binary_20000,1,455,layer_0,717,c11: Wilderness_Area_1 IS absent,3.161940336227417
covtype_binary_20000,1,456,layer_0,587,c9: Aspect IS HIGH,3.1488137245178223
covtype_binary_20000,1,457,layer_0,572,c9: Wilderness_Area_4 IS present,3.113694667816162
covtype_binary_20000,1,458,layer_0,119,c1: Wilderness_Area_2 IS present,3.1040852069854736
covtype_binary_20000,1,459,layer_1,119,c1: projection_7 IS HIGH,3.0776004791259766
covtype_binary_20000,1,460,layer_0,521,c8: Wilderness_Area_4 IS present,3.046191453933716
covtype_binary_20000,1,461,layer_1,88,c1: ka_concept_1.c9 IS MEDIUM,2.9885051250457764
covtype_binary_20000,1,462,layer_0,32,c0: Wilderness_Area_2 IS present,2.9476757049560547
covtype_binary_20000,1,463,layer_0,332,c5: Wilderness_Area_4 IS present,2.9356040954589844
covtype_binary_20000,1,464,layer_0,638,c10: Aspect IS HIGH,2.935518980026245
covtype_binary_20000,1,465,layer_0,215,c3: Soil_Type_13 IS present,2.9336097240448
covtype_binary_20000,1,466,layer_0,485,c8: Wilderness_Area_4 IS present,2.9124562740325928
covtype_binary_20000,1,467,layer_1,169,c2: projection_4 IS MEDIUM,2.898653745651245
covtype_binary_20000,1,468,layer_1,147,c2: ka_concept_1.c9 IS LOW,2.8498873710632324
covtype_binary_20000,1,469,layer_0,353,c5: Soil_Type_30 IS present,2.8433730602264404
covtype_binary_20000,1,470,layer_0,593,c9: Soil_Type_10 IS present,2.8348159790039062
covtype_binary_20000,1,471,layer_0,230,c3: Wilderness_Area_4 IS present,2.8276526927948
covtype_binary_20000,1,472,layer_0,194,c3: Wilderness_Area_4 IS present,2.8276467323303223
covtype_binary_20000,1,473,layer_0,189,c3: Aspect IS LOW,2.8169453144073486
covtype_binary_20000,1,474,layer_0,680,c11: Horizontal_Distance_To_Hydrology IS HIGH,2.7963759899139404
covtype_binary_20000,1,475,layer_0,45,c0: Hillshade_Noon IS LOW,2.7823781967163086
covtype_binary_20000,1,476,layer_0,641,c10: Wilderness_Area_3 IS present,2.7803001403808594
covtype_binary_20000,1,477,layer_1,272,c4: ka_concept_1.c10 IS HIGH,2.7665855884552
covtype_binary_20000,1,478,projection_layer,10,"pursuit_3(Slope, Soil_Type_12, Soil_Type_13, Soil_Type_1) IS MEDIUM",2.7331607341766357
covtype_binary_20000,1,479,layer_0,426,c7: Soil_Type_40 IS absent,2.6375718116760254
covtype_binary_20000,1,480,layer_0,533,c8: Soil_Type_11 IS present,2.6118156909942627
covtype_binary_20000,1,481,layer_1,62,c1: ka_concept_1.c0 IS HIGH,2.551905393600464
covtype_binary_20000,1,482,layer_0,608,c10: Soil_Type_30 IS present,2.544907569885254
covtype_binary_20000,1,483,layer_0,350,c5: Wilderness_Area_3 IS present,2.5361862182617188
covtype_binary_20000,1,484,layer_0,644,c10: Soil_Type_10 IS present,2.5257210731506348
covtype_binary_20000,1,485,layer_1,177,c2: projection_7 IS LOW,2.5210788249969482
covtype_binary_20000,1,486,layer_0,689,c11: Aspect IS HIGH,2.504972219467163
covtype_binary_20000,1,487,layer_0,449,c7: Elevation IS HIGH,2.497547149658203
covtype_binary_20000,1,488,layer_1,245,c4: ka_concept_1.c1 IS HIGH,2.496763229370117
covtype_binary_20000,1,489,projection_layer,4,"pursuit_1(Elevation, Vertical_Distance_To_Hydrology, Soil_Type_40, Soil_Type_6) IS MEDIUM",2.4626026153564453
covtype_binary_20000,1,490,layer_0,386,c6: Soil_Type_2 IS present,2.426368236541748
covtype_binary_20000,1,491,layer_0,260,c4: Vertical_Distance_To_Hydrology IS HIGH,2.41701602935791
covtype_binary_20000,1,492,layer_1,282,c4: projection_2 IS LOW,2.4123313426971436
covtype_binary_20000,1,493,layer_0,209,c3: Vertical_Distance_To_Hydrology IS HIGH,2.4049155712127686
covtype_binary_20000,1,494,layer_0,693,c11: Soil_Type_10 IS absent,2.3894684314727783
covtype_binary_20000,1,495,layer_0,645,c10: Hillshade_Noon IS LOW,2.385134220123291
covtype_binary_20000,1,496,layer_1,32,c0: ka_concept_1.c10 IS HIGH,2.348435640335083
covtype_binary_20000,1,497,layer_0,402,c6: Soil_Type_30 IS absent,2.3418033123016357
covtype_binary_20000,1,498,layer_0,413,c6: Soil_Type_32 IS present,2.338087320327759
covtype_binary_20000,1,499,layer_0,692,c11: Wilderness_Area_3 IS present,2.3237359523773193
covtype_binary_20000,1,500,projection_layer,22,"pursuit_7(Aspect, Soil_Type_39, Soil_Type_2, Soil_Type_5) IS MEDIUM",2.319580316543579
covtype_binary_20000,1,501,layer_0,443,c7: Wilderness_Area_1 IS present,2.29941463470459
covtype_binary_20000,1,502,layer_1,207,c3: ka_concept_1.c9 IS LOW,2.2942049503326416
covtype_binary_20000,1,503,layer_0,204,c3: Soil_Type_29 IS absent,2.2924084663391113
covtype_binary_20000,1,504,layer_0,212,c3: Wilderness_Area_3 IS present,2.288600206375122
covtype_binary_20000,1,505,layer_1,117,c1: projection_7 IS LOW,2.263321876525879
covtype_binary_20000,1,506,layer_0,599,c9: Wilderness_Area_2 IS present,2.2629828453063965
covtype_binary_20000,1,507,layer_1,320,c5: ka_concept_1.c6 IS HIGH,2.257295608520508
covtype_binary_20000,1,508,layer_0,44,c0: Soil_Type_23 IS present,2.2499845027923584
covtype_binary_20000,1,509,layer_1,21,c0: ka_concept_1.c7 IS LOW,2.2304017543792725
covtype_binary_20000,1,510,layer_1,168,c2: projection_4 IS LOW,2.2236764430999756
covtype_binary_20000,1,511,layer_1,129,c2: ka_concept_1.c3 IS LOW,2.220822811126709
covtype_binary_20000,1,512,layer_1,189,c3: ka_concept_1.c3 IS LOW,2.2000181674957275
covtype_binary_20000,1,513,layer_0,351,c5: Soil_Type_30 IS absent,2.169914960861206
covtype_binary_20000,1,514,layer_1,179,c2: projection_7 IS HIGH,2.1575207710266113
covtype_binary_20000,1,515,layer_0,179,c2: Wilderness_Area_4 IS present,2.1569080352783203
covtype_binary_20000,1,516,layer_0,143,c2: Wilderness_Area_4 IS present,2.1451871395111084
covtype_binary_20000,1,517,layer_0,377,c6: Soil_Type_40 IS present,2.1333882808685303
covtype_binary_20000,1,518,layer_1,102,c1: projection_2 IS LOW,2.123842477798462
covtype_binary_20000,1,519,layer_1,142,c2: ka_concept_1.c7 IS MEDIUM,2.1213207244873047
covtype_binary_20000,1,520,layer_0,627,c10: Horizontal_Distance_To_Hydrology IS LOW,2.0563981533050537
covtype_binary_20000,1,521,layer_0,563,c9: Wilderness_Area_2 IS present,2.0437095165252686
covtype_binary_20000,1,522,layer_0,361,c6: Vertical_Distance_To_Hydrology IS MEDIUM,1.9956302642822266
covtype_binary_20000,1,523,layer_1,231,c3: projection_5 IS LOW,1.9810305833816528
covtype_binary_20000,1,524,layer_0,618,c10: Horizontal_Distance_To_Fire_Points IS LOW,1.9704411029815674
covtype_binary_20000,1,525,layer_0,419,c6: Wilderness_Area_4 IS present,1.94038724899292
covtype_binary_20000,1,526,layer_1,229,c3: projection_4 IS MEDIUM,1.921072244644165
covtype_binary_20000,1,527,layer_0,383,c6: Wilderness_Area_4 IS present,1.915974497795105
covtype_binary_20000,1,528,layer_1,6,c0: ka_concept_1.c2 IS LOW,1.8997231721878052
covtype_binary_20000,1,529,layer_0,659,c10: Wilderness_Area_4 IS present,1.8986268043518066
covtype_binary_20000,1,530,layer_0,339,c5: Wilderness_Area_1 IS absent,1.8956440687179565
covtype_binary_20000,1,531,layer_1,197,c3: ka_concept_1.c5 IS HIGH,1.8883975744247437
covtype_binary_20000,1,532,layer_1,146,c2: ka_concept_1.c8 IS HIGH,1.8823230266571045
covtype_binary_20000,1,533,layer_1,252,c4: ka_concept_1.c4 IS LOW,1.8631426095962524
covtype_binary_20000,1,534,layer_1,306,c5: ka_concept_1.c2 IS LOW,1.8439632654190063
covtype_binary_20000,1,535,layer_0,623,c10: Wilderness_Area_4 IS present,1.8435347080230713
covtype_binary_20000,1,536,layer_0,468,c7: Wilderness_Area_4 IS absent,1.8369194269180298
covtype_binary_20000,1,537,layer_1,200,c3: ka_concept_1.c6 IS HIGH,1.8175688982009888
covtype_binary_20000,1,538,layer_0,603,c10: Wilderness_Area_3 IS absent,1.8081896305084229
covtype_binary_20000,1,539,layer_1,75,c1: ka_concept_1.c5 IS LOW,1.7989490032196045
covtype_binary_20000,1,540,layer_1,127,c2: ka_concept_1.c2 IS MEDIUM,1.790521264076233
covtype_binary_20000,1,541,layer_0,293,c4: Soil_Type_4 IS present,1.7888909578323364
covtype_binary_20000,1,542,layer_1,342,c5: projection_2 IS LOW,1.7767369747161865
covtype_binary_20000,1,543,layer_1,144,c2: ka_concept_1.c8 IS LOW,1.7358696460723877
covtype_binary_20000,1,544,layer_1,203,c3: ka_concept_1.c7 IS HIGH,1.711002230644226
covtype_binary_20000,1,545,layer_1,246,c4: ka_concept_1.c2 IS LOW,1.6945836544036865
covtype_binary_20000,1,546,layer_1,324,c5: ka_concept_1.c8 IS LOW,1.6778042316436768
covtype_binary_20000,1,547,layer_1,332,c5: ka_concept_1.c10 IS HIGH,1.6343330144882202
covtype_binary_20000,1,548,layer_1,60,c1: ka_concept_1.c0 IS LOW,1.6300431489944458
covtype_binary_20000,1,549,layer_0,648,c10: Wilderness_Area_2 IS absent,1.6118253469467163
covtype_binary_20000,1,550,layer_1,85,c1: ka_concept_1.c8 IS MEDIUM,1.5969269275665283
covtype_binary_20000,1,551,layer_1,64,c1: ka_concept_1.c1 IS MEDIUM,1.5699782371520996
covtype_binary_20000,1,552,layer_1,184,c3: ka_concept_1.c1 IS MEDIUM,1.5635844469070435
covtype_binary_20000,1,553,layer_0,303,c5: Wilderness_Area_1 IS absent,1.5513688325881958
covtype_binary_20000,1,554,layer_0,134,c2: Wilderness_Area_2 IS present,1.5416011810302734
covtype_binary_20000,1,555,layer_0,439,c7: Slope IS MEDIUM,1.5230097770690918
covtype_binary_20000,1,556,layer_1,345,c5: projection_3 IS LOW,1.5209884643554688
covtype_binary_20000,1,557,layer_1,17,c0: ka_concept_1.c5 IS HIGH,1.5208081007003784
covtype_binary_20000,1,558,layer_1,242,c4: ka_concept_1.c0 IS HIGH,1.5186896324157715
covtype_binary_20000,1,559,layer_0,170,c2: Wilderness_Area_2 IS present,1.517393708229065
covtype_binary_20000,1,560,layer_1,59,c0: projection_7 IS HIGH,1.5087538957595825
covtype_binary_20000,1,561,layer_1,137,c2: ka_concept_1.c5 IS HIGH,1.4992635250091553
covtype_binary_20000,1,562,layer_0,35,c0: Soil_Type_38 IS present,1.4915400743484497
covtype_binary_20000,1,563,layer_1,42,c0: projection_2 IS LOW,1.4841463565826416
covtype_binary_20000,1,564,layer_1,228,c3: projection_4 IS LOW,1.4826202392578125
covtype_binary_20000,1,565,layer_0,647,c10: Hillshade_Noon IS HIGH,1.4768942594528198
covtype_binary_20000,1,566,layer_1,135,c2: ka_concept_1.c5 IS LOW,1.4745211601257324
covtype_binary_20000,1,567,layer_0,362,c6: Vertical_Distance_To_Hydrology IS HIGH,1.412329077720642
covtype_binary_20000,1,568,layer_0,512,c8: Wilderness_Area_2 IS present,1.404212236404419
covtype_binary_20000,1,569,layer_1,173,c2: projection_5 IS HIGH,1.400385856628418
covtype_binary_20000,1,570,layer_1,81,c1: ka_concept_1.c7 IS LOW,1.3893263339996338
covtype_binary_20000,1,571,layer_1,77,c1: ka_concept_1.c5 IS HIGH,1.379296064376831
covtype_binary_20000,1,572,layer_0,301,c5: Hillshade_Noon IS MEDIUM,1.3677818775177002
covtype_binary_20000,1,573,layer_1,327,c5: ka_concept_1.c9 IS LOW,1.3513103723526
covtype_binary_20000,1,574,layer_1,178,c2: projection_7 IS MEDIUM,1.3217737674713135
covtype_binary_20000,1,575,layer_1,1,c0: ka_concept_1.c0 IS MEDIUM,1.3174647092819214
covtype_binary_20000,1,576,layer_1,151,c2: ka_concept_1.c10 IS MEDIUM,1.3092126846313477
covtype_binary_20000,1,577,layer_1,27,c0: ka_concept_1.c9 IS LOW,1.303990364074707
covtype_binary_20000,1,578,layer_1,309,c5: ka_concept_1.c3 IS LOW,1.3009191751480103
covtype_binary_20000,1,579,layer_1,325,c5: ka_concept_1.c8 IS MEDIUM,1.294270634651184
covtype_binary_20000,1,580,layer_1,91,c1: ka_concept_1.c10 IS MEDIUM,1.2925291061401367
covtype_binary_20000,1,581,layer_1,12,c0: ka_concept_1.c4 IS LOW,1.288304328918457
covtype_binary_20000,1,582,layer_1,186,c3: ka_concept_1.c2 IS LOW,1.2800495624542236
covtype_binary_20000,1,583,layer_1,348,c5: projection_4 IS LOW,1.275235891342163
covtype_binary_20000,1,584,layer_0,158,c2: Vertical_Distance_To_Hydrology IS HIGH,1.2733073234558105
covtype_binary_20000,1,585,layer_1,312,c5: ka_concept_1.c4 IS LOW,1.2695130109786987
covtype_binary_20000,1,586,layer_1,180,c3: ka_concept_1.c0 IS LOW,1.2677836418151855
covtype_binary_20000,1,587,layer_1,162,c2: projection_2 IS LOW,1.2591462135314941
covtype_binary_20000,1,588,layer_0,164,c2: Soil_Type_13 IS present,1.25360107421875
covtype_binary_20000,1,589,layer_1,87,c1: ka_concept_1.c9 IS LOW,1.2519065141677856
covtype_binary_20000,1,590,layer_1,248,c4: ka_concept_1.c2 IS HIGH,1.2392784357070923
covtype_binary_20000,1,591,layer_1,289,c4: projection_4 IS MEDIUM,1.2381635904312134
covtype_binary_20000,1,592,layer_1,240,c4: ka_concept_1.c0 IS LOW,1.2189228534698486
covtype_binary_20000,1,593,layer_1,247,c4: ka_concept_1.c2 IS MEDIUM,1.2168877124786377
covtype_binary_20000,1,594,layer_1,104,c1: projection_2 IS HIGH,1.2010021209716797
covtype_binary_20000,1,595,layer_1,96,c1: projection_0 IS LOW,1.200631022453308
covtype_binary_20000,1,596,layer_1,92,c1: ka_concept_1.c10 IS HIGH,1.200313687324524
covtype_binary_20000,1,597,layer_1,351,c5: projection_5 IS LOW,1.1970939636230469
covtype_binary_20000,1,598,layer_1,143,c2: ka_concept_1.c7 IS HIGH,1.1717911958694458
covtype_binary_20000,1,599,layer_0,408,c6: Wilderness_Area_2 IS absent,1.1572002172470093
covtype_binary_20000,1,600,layer_0,455,c7: Soil_Type_30 IS present,1.1529734134674072
covtype_binary_20000,1,601,layer_1,72,c1: ka_concept_1.c4 IS LOW,1.1330928802490234
covtype_binary_20000,1,602,layer_1,4,c0: ka_concept_1.c1 IS MEDIUM,1.131211757659912
covtype_binary_20000,1,603,layer_0,341,c5: Wilderness_Area_1 IS present,1.1275136470794678
covtype_binary_20000,1,604,layer_1,84,c1: ka_concept_1.c8 IS LOW,1.1263236999511719
covtype_binary_20000,1,605,layer_1,359,c5: projection_7 IS HIGH,1.1193169355392456
covtype_binary_20000,1,606,layer_1,57,c0: projection_7 IS LOW,1.1148494482040405
covtype_binary_20000,1,607,layer_1,83,c1: ka_concept_1.c7 IS HIGH,1.1047810316085815
covtype_binary_20000,1,608,layer_0,30,c0: Wilderness_Area_2 IS absent,1.104079246520996
covtype_binary_20000,1,609,layer_1,285,c4: projection_3 IS LOW,1.0957486629486084
covtype_binary_20000,1,610,layer_1,99,c1: projection_1 IS LOW,1.0934972763061523
covtype_binary_20000,1,611,layer_1,124,c2: ka_concept_1.c1 IS MEDIUM,1.0893826484680176
covtype_binary_20000,1,612,layer_1,68,c1: ka_concept_1.c2 IS HIGH,1.0872044563293457
covtype_binary_20000,1,613,layer_1,269,c4: ka_concept_1.c9 IS HIGH,1.0770167112350464
covtype_binary_20000,1,614,layer_1,63,c1: ka_concept_1.c1 IS LOW,1.076483130455017
covtype_binary_20000,1,615,layer_1,20,c0: ka_concept_1.c6 IS HIGH,1.073722004890442
covtype_binary_20000,1,616,layer_1,120,c2: ka_concept_1.c0 IS LOW,1.0724778175354004
covtype_binary_20000,1,617,layer_1,206,c3: ka_concept_1.c8 IS HIGH,1.0676857233047485
covtype_binary_20000,1,618,layer_1,232,c3: projection_5 IS MEDIUM,1.0606858730316162
covtype_binary_20000,1,619,layer_1,326,c5: ka_concept_1.c8 IS HIGH,1.0594409704208374
covtype_binary_20000,1,620,layer_1,212,c3: ka_concept_1.c10 IS HIGH,1.0257459878921509
covtype_binary_20000,1,621,layer_0,395,c6: Soil_Type_4 IS present,1.0238263607025146
covtype_binary_20000,1,622,layer_0,406,c6: Horizontal_Distance_To_Roadways IS MEDIUM,1.0223673582077026
covtype_binary_20000,1,623,layer_0,360,c6: Vertical_Distance_To_Hydrology IS LOW,1.0130048990249634
covtype_binary_20000,1,624,layer_1,149,c2: ka_concept_1.c9 IS HIGH,1.0100504159927368
covtype_binary_20000,1,625,layer_0,233,c3: Soil_Type_2 IS present,1.0052469968795776
covtype_binary_20000,1,626,layer_1,141,c2: ka_concept_1.c7 IS LOW,1.0034924745559692
covtype_binary_20000,1,627,layer_1,172,c2: projection_5 IS MEDIUM,1.0006052255630493
covtype_binary_20000,1,628,layer_0,663,c11: Wilderness_Area_2 IS absent,0.9777295589447021
covtype_binary_20000,1,629,layer_1,202,c3: ka_concept_1.c7 IS MEDIUM,0.9729699492454529
covtype_binary_20000,1,630,layer_1,49,c0: projection_4 IS MEDIUM,0.9718484878540039
covtype_binary_20000,1,631,layer_1,222,c3: projection_2 IS LOW,0.9669620990753174
covtype_binary_20000,1,632,layer_1,322,c5: ka_concept_1.c7 IS MEDIUM,0.961379885673523
covtype_binary_20000,1,633,layer_1,24,c0: ka_concept_1.c8 IS LOW,0.9564290642738342
covtype_binary_20000,1,634,layer_0,699,c11: Wilderness_Area_2 IS absent,0.9546067714691162
covtype_binary_20000,1,635,layer_1,297,c4: projection_7 IS LOW,0.9497889280319214
covtype_binary_20000,1,636,layer_1,317,c5: ka_concept_1.c5 IS HIGH,0.9496375322341919
covtype_binary_20000,1,637,layer_1,166,c2: projection_3 IS MEDIUM,0.9373325109481812
covtype_binary_20000,1,638,layer_1,321,c5: ka_concept_1.c7 IS LOW,0.930421769618988
covtype_binary_20000,1,639,layer_1,26,c0: ka_concept_1.c8 IS HIGH,0.9302165508270264
covtype_binary_20000,1,640,layer_1,210,c3: ka_concept_1.c10 IS LOW,0.9203631281852722
covtype_binary_20000,1,641,layer_1,196,c3: ka_concept_1.c5 IS MEDIUM,0.9089349508285522
covtype_binary_20000,1,642,layer_1,330,c5: ka_concept_1.c10 IS LOW,0.9079390168190002
covtype_binary_20000,1,643,layer_0,702,c11: Soil_Type_31 IS absent,0.9068970680236816
covtype_binary_20000,1,644,layer_1,105,c1: projection_3 IS LOW,0.90334552526474
covtype_binary_20000,1,645,layer_1,111,c1: projection_5 IS LOW,0.8758717179298401
covtype_binary_20000,1,646,layer_0,584,c9: Soil_Type_11 IS present,0.8713690638542175
covtype_binary_20000,1,647,layer_1,33,c0: ka_concept_1.c11 IS LOW,0.8513043522834778
covtype_binary_20000,1,648,layer_1,90,c1: ka_concept_1.c10 IS LOW,0.8476758599281311
covtype_binary_20000,1,649,layer_1,276,c4: projection_0 IS LOW,0.8476424813270569
covtype_binary_20000,1,650,layer_1,265,c4: ka_concept_1.c8 IS MEDIUM,0.8396897912025452
covtype_binary_20000,1,651,layer_1,310,c5: ka_concept_1.c3 IS MEDIUM,0.8384131789207458
covtype_binary_20000,1,652,layer_1,323,c5: ka_concept_1.c7 IS HIGH,0.8318792581558228
covtype_binary_20000,1,653,layer_0,635,c10: Soil_Type_11 IS present,0.8313873410224915
covtype_binary_20000,1,654,layer_1,9,c0: ka_concept_1.c3 IS LOW,0.830441415309906
covtype_binary_20000,1,655,layer_1,213,c3: ka_concept_1.c11 IS LOW,0.8232864737510681
covtype_binary_20000,1,656,layer_0,614,c10: Wilderness_Area_2 IS present,0.816758930683136
covtype_binary_20000,1,657,layer_1,205,c3: ka_concept_1.c8 IS MEDIUM,0.8100079894065857
covtype_binary_20000,1,658,layer_1,258,c4: ka_concept_1.c6 IS LOW,0.809426486492157
covtype_binary_20000,1,659,layer_1,302,c5: ka_concept_1.c0 IS HIGH,0.802139163017273
covtype_binary_20000,1,660,layer_1,336,c5: projection_0 IS LOW,0.8014020323753357
covtype_binary_20000,1,661,layer_0,650,c10: Wilderness_Area_2 IS present,0.8013036847114563
covtype_binary_20000,1,662,layer_1,226,c3: projection_3 IS MEDIUM,0.8012852668762207
covtype_binary_20000,1,663,layer_1,294,c4: projection_6 IS LOW,0.7975237369537354
covtype_binary_20000,1,664,layer_1,244,c4: ka_concept_1.c1 IS MEDIUM,0.7802852988243103
covtype_binary_20000,1,665,layer_1,48,c0: projection_4 IS LOW,0.7774658203125
covtype_binary_20000,1,666,layer_1,82,c1: ka_concept_1.c7 IS MEDIUM,0.7706183791160583
covtype_binary_20000,1,667,layer_1,239,c3: projection_7 IS HIGH,0.7615828514099121
covtype_binary_20000,1,668,layer_1,192,c3: ka_concept_1.c4 IS LOW,0.7615541815757751
covtype_binary_20000,1,669,layer_1,106,c1: projection_3 IS MEDIUM,0.757530927658081
covtype_binary_20000,1,670,layer_0,37,c0: Aspect IS MEDIUM,0.7511405348777771
covtype_binary_20000,1,671,layer_1,208,c3: ka_concept_1.c9 IS MEDIUM,0.7452753186225891
covtype_binary_20000,1,672,layer_0,473,c7: Soil_Type_33 IS present,0.7439090013504028
covtype_binary_20000,1,673,layer_1,150,c2: ka_concept_1.c10 IS LOW,0.7389167547225952
covtype_binary_20000,1,674,layer_0,446,c7: Soil_Type_4 IS present,0.7356212735176086
covtype_binary_20000,1,675,layer_0,437,c7: Soil_Type_2 IS present,0.7333274483680725
covtype_binary_20000,1,676,layer_1,262,c4: ka_concept_1.c7 IS MEDIUM,0.7202261686325073
covtype_binary_20000,1,677,layer_1,288,c4: projection_4 IS LOW,0.7176036238670349
covtype_binary_20000,1,678,layer_1,76,c1: ka_concept_1.c5 IS MEDIUM,0.7169103026390076
covtype_binary_20000,1,679,layer_1,267,c4: ka_concept_1.c9 IS LOW,0.7145991325378418
covtype_binary_20000,1,680,layer_1,31,c0: ka_concept_1.c10 IS MEDIUM,0.7143329381942749
covtype_binary_20000,1,681,layer_0,675,c11: Soil_Type_33 IS absent,0.7099502682685852
covtype_binary_20000,1,682,layer_1,298,c4: projection_7 IS MEDIUM,0.7068743705749512
covtype_binary_20000,1,683,layer_1,132,c2: ka_concept_1.c4 IS LOW,0.7036346793174744
covtype_binary_20000,1,684,layer_0,666,c11: Soil_Type_32 IS absent,0.7007764577865601
covtype_binary_20000,1,685,layer_1,331,c5: ka_concept_1.c10 IS MEDIUM,0.6846972703933716
covtype_binary_20000,1,686,layer_1,357,c5: projection_7 IS LOW,0.6826828718185425
covtype_binary_20000,1,687,layer_1,22,c0: ka_concept_1.c7 IS MEDIUM,0.6748624444007874
covtype_binary_20000,1,688,layer_1,291,c4: projection_5 IS LOW,0.6632031798362732
covtype_binary_20000,1,689,layer_1,71,c1: ka_concept_1.c3 IS HIGH,0.6580597162246704
covtype_binary_20000,1,690,layer_1,353,c5: projection_5 IS HIGH,0.6526228189468384
covtype_binary_20000,1,691,layer_1,329,c5: ka_concept_1.c9 IS HIGH,0.6525254845619202
covtype_binary_20000,1,692,layer_1,328,c5: ka_concept_1.c9 IS MEDIUM,0.6522457003593445
covtype_binary_20000,1,693,layer_1,156,c2: projection_0 IS LOW,0.651444673538208
covtype_binary_20000,1,694,layer_1,204,c3: ka_concept_1.c8 IS LOW,0.6512057185173035
covtype_binary_20000,1,695,layer_0,335,c5: Soil_Type_2 IS present,0.6365292072296143
covtype_binary_20000,1,696,layer_1,121,c2: ka_concept_1.c0 IS MEDIUM,0.6326708197593689
covtype_binary_20000,1,697,layer_1,112,c1: projection_5 IS MEDIUM,0.6317428350448608
covtype_binary_20000,1,698,layer_1,181,c3: ka_concept_1.c0 IS MEDIUM,0.630827009677887
covtype_binary_20000,1,699,layer_1,2,c0: ka_concept_1.c0 IS HIGH,0.6285326480865479
covtype_binary_20000,1,700,layer_1,61,c1: ka_concept_1.c0 IS MEDIUM,0.6257185339927673
covtype_binary_20000,1,701,layer_1,243,c4: ka_concept_1.c1 IS LOW,0.6198961734771729
covtype_binary_20000,1,702,layer_1,19,c0: ka_concept_1.c6 IS MEDIUM,0.6196416616439819
covtype_binary_20000,1,703,layer_1,211,c3: ka_concept_1.c10 IS MEDIUM,0.6080225110054016
covtype_binary_20000,1,704,layer_1,316,c5: ka_concept_1.c5 IS MEDIUM,0.6058760285377502
covtype_binary_20000,1,705,layer_1,264,c4: ka_concept_1.c8 IS LOW,0.6057655215263367
covtype_binary_20000,1,706,layer_1,118,c1: projection_7 IS MEDIUM,0.6030232310295105
covtype_binary_20000,1,707,layer_0,188,c3: Soil_Type_38 IS present,0.5998133420944214
covtype_binary_20000,1,708,layer_1,315,c5: ka_concept_1.c5 IS LOW,0.5971874594688416
covtype_binary_20000,1,709,layer_0,245,c4: Wilderness_Area_4 IS present,0.5969670414924622
covtype_binary_20000,1,710,layer_0,281,c4: Wilderness_Area_4 IS present,0.5948317646980286
covtype_binary_20000,1,711,layer_1,279,c4: projection_1 IS LOW,0.5932680368423462
covtype_binary_20000,1,712,layer_1,58,c0: projection_7 IS MEDIUM,0.5874015092849731
covtype_binary_20000,1,713,layer_1,51,c0: projection_5 IS LOW,0.5859273076057434
covtype_binary_20000,1,714,layer_0,470,c7: Wilderness_Area_4 IS present,0.5823753476142883
covtype_binary_20000,1,715,layer_0,428,c7: Soil_Type_40 IS present,0.5814043879508972
covtype_binary_20000,1,716,layer_1,93,c1: ka_concept_1.c11 IS LOW,0.5800141096115112
covtype_binary_20000,1,717,layer_1,0,c0: ka_concept_1.c0 IS LOW,0.5770655870437622
covtype_binary_20000,1,718,layer_1,136,c2: ka_concept_1.c5 IS MEDIUM,0.5755438804626465
covtype_binary_20000,1,719,layer_0,434,c7: Wilderness_Area_4 IS present,0.5729339718818665
covtype_binary_20000,1,720,layer_1,148,c2: ka_concept_1.c9 IS MEDIUM,0.5642620921134949
covtype_binary_20000,1,721,layer_1,352,c5: projection_5 IS MEDIUM,0.5568768382072449
covtype_binary_20000,1,722,layer_1,225,c3: projection_3 IS LOW,0.5529800653457642
covtype_binary_20000,1,723,layer_1,130,c2: ka_concept_1.c3 IS MEDIUM,0.5481958985328674
covtype_binary_20000,1,724,layer_0,566,c9: Soil_Type_32 IS present,0.5334030985832214
covtype_binary_20000,1,725,layer_1,3,c0: ka_concept_1.c1 IS LOW,0.5301791429519653
covtype_binary_20000,1,726,layer_1,284,c4: projection_2 IS HIGH,0.5237233638763428
covtype_binary_20000,1,727,layer_1,45,c0: projection_3 IS LOW,0.5236896872520447
covtype_binary_20000,1,728,layer_1,271,c4: ka_concept_1.c10 IS MEDIUM,0.5229193568229675
covtype_binary_20000,1,729,layer_1,7,c0: ka_concept_1.c2 IS MEDIUM,0.5193371772766113
covtype_binary_20000,1,730,layer_1,349,c5: projection_4 IS MEDIUM,0.518975019454956
covtype_binary_20000,1,731,layer_0,8,c0: Soil_Type_12 IS present,0.517922043800354
covtype_binary_20000,1,732,layer_1,79,c1: ka_concept_1.c6 IS MEDIUM,0.513823390007019
covtype_binary_20000,1,733,layer_1,46,c0: projection_3 IS MEDIUM,0.5111967921257019
covtype_binary_20000,1,734,layer_1,103,c1: projection_2 IS MEDIUM,0.505479633808136
covtype_binary_20000,1,735,layer_1,174,c2: projection_6 IS LOW,0.5047758221626282
covtype_binary_20000,1,736,layer_0,128,c2: Soil_Type_39 IS present,0.49942082166671753
covtype_binary_20000,1,737,layer_1,89,c1: ka_concept_1.c9 IS HIGH,0.49170246720314026
covtype_binary_20000,1,738,layer_1,30,c0: ka_concept_1.c10 IS LOW,0.4842478334903717
covtype_binary_20000,1,739,layer_0,713,c11: Soil_Type_24 IS present,0.4744890630245209
covtype_binary_20000,1,740,layer_1,346,c5: projection_3 IS MEDIUM,0.46359750628471375
covtype_binary_20000,1,741,layer_1,138,c2: ka_concept_1.c6 IS LOW,0.46004027128219604
covtype_binary_20000,1,742,layer_1,223,c3: projection_2 IS MEDIUM,0.4596993923187256
covtype_binary_20000,1,743,layer_1,70,c1: ka_concept_1.c3 IS MEDIUM,0.457191526889801
covtype_binary_20000,1,744,layer_1,249,c4: ka_concept_1.c3 IS LOW,0.45359042286872864
covtype_binary_20000,1,745,layer_1,233,c3: projection_5 IS HIGH,0.45139336585998535
covtype_binary_20000,1,746,layer_1,238,c3: projection_7 IS MEDIUM,0.44551384449005127
covtype_binary_20000,1,747,layer_1,123,c2: ka_concept_1.c1 IS LOW,0.4431149959564209
covtype_binary_20000,1,748,layer_0,488,c8: Soil_Type_2 IS present,0.4373416006565094
covtype_binary_20000,1,749,layer_1,16,c0: ka_concept_1.c5 IS MEDIUM,0.43484899401664734
covtype_binary_20000,1,750,layer_1,241,c4: ka_concept_1.c0 IS MEDIUM,0.42894285917282104
covtype_binary_20000,1,751,layer_1,5,c0: ka_concept_1.c1 IS HIGH,0.41910579800605774
covtype_binary_20000,1,752,layer_1,305,c5: ka_concept_1.c1 IS HIGH,0.41331449151039124
covtype_binary_20000,1,753,layer_0,224,c3: Soil_Type_40 IS present,0.41229695081710815
covtype_binary_20000,1,754,layer_1,52,c0: projection_5 IS MEDIUM,0.40733423829078674
covtype_binary_20000,1,755,layer_1,171,c2: projection_5 IS LOW,0.4022616446018219
covtype_binary_20000,1,756,layer_0,248,c4: Soil_Type_23 IS present,0.3971136212348938
covtype_binary_20000,1,757,layer_1,344,c5: projection_2 IS HIGH,0.3965953290462494
covtype_binary_20000,1,758,layer_1,145,c2: ka_concept_1.c8 IS MEDIUM,0.3954641819000244
covtype_binary_20000,1,759,layer_1,290,c4: projection_4 IS HIGH,0.3871381878852844
covtype_binary_20000,1,760,layer_1,18,c0: ka_concept_1.c6 IS LOW,0.38562270998954773
covtype_binary_20000,1,761,layer_1,159,c2: projection_1 IS LOW,0.3762967884540558
covtype_binary_20000,1,762,layer_0,684,c11: Soil_Type_11 IS absent,0.37569254636764526
covtype_binary_20000,1,763,layer_0,510,c8: Wilderness_Area_2 IS absent,0.37482962012290955
covtype_binary_20000,1,764,layer_1,188,c3: ka_concept_1.c2 IS HIGH,0.3737747371196747
covtype_binary_20000,1,765,layer_1,319,c5: ka_concept_1.c6 IS MEDIUM,0.3725038766860962
covtype_binary_20000,1,766,layer_1,195,c3: ka_concept_1.c5 IS LOW,0.3714851140975952
covtype_binary_20000,1,767,layer_1,113,c1: projection_5 IS HIGH,0.36801856756210327
covtype_binary_20000,1,768,layer_1,270,c4: ka_concept_1.c10 IS LOW,0.36620235443115234
covtype_binary_20000,1,769,layer_1,259,c4: ka_concept_1.c6 IS MEDIUM,0.3614373803138733
covtype_binary_20000,1,770,layer_1,108,c1: projection_4 IS LOW,0.36006319522857666
covtype_binary_20000,1,771,layer_1,164,c2: projection_2 IS HIGH,0.3538152277469635
covtype_binary_20000,1,772,layer_1,67,c1: ka_concept_1.c2 IS MEDIUM,0.35127729177474976
covtype_binary_20000,1,773,layer_1,257,c4: ka_concept_1.c5 IS HIGH,0.3442428708076477
covtype_binary_20000,1,774,layer_0,266,c4: Soil_Type_13 IS present,0.34397998452186584
covtype_binary_20000,1,775,layer_1,39,c0: projection_1 IS LOW,0.3426010012626648
covtype_binary_20000,1,776,layer_0,410,c6: Wilderness_Area_2 IS present,0.33793187141418457
covtype_binary_20000,1,777,layer_1,131,c2: ka_concept_1.c3 IS HIGH,0.33429431915283203
covtype_binary_20000,1,778,layer_1,29,c0: ka_concept_1.c9 IS HIGH,0.3283343017101288
covtype_binary_20000,1,779,layer_1,153,c2: ka_concept_1.c11 IS LOW,0.32485413551330566
covtype_binary_20000,1,780,layer_1,293,c4: projection_5 IS HIGH,0.3243027627468109
covtype_binary_20000,1,781,layer_0,372,c6: Wilderness_Area_2 IS absent,0.31477245688438416
covtype_binary_20000,1,782,layer_1,299,c4: projection_7 IS HIGH,0.3141278624534607
covtype_binary_20000,1,783,layer_1,354,c5: projection_6 IS LOW,0.30894938111305237
covtype_binary_20000,1,784,layer_1,152,c2: ka_concept_1.c10 IS HIGH,0.30815768241882324
covtype_binary_20000,1,785,layer_1,140,c2: ka_concept_1.c6 IS HIGH,0.3018935024738312
covtype_binary_20000,1,786,layer_1,10,c0: ka_concept_1.c3 IS MEDIUM,0.3003697097301483
covtype_binary_20000,1,787,layer_1,343,c5: projection_2 IS MEDIUM,0.2933169901371002
covtype_binary_20000,1,788,layer_1,304,c5: ka_concept_1.c1 IS MEDIUM,0.2892687916755676
covtype_binary_20000,1,789,layer_1,286,c4: projection_3 IS MEDIUM,0.2854561507701874
covtype_binary_20000,1,790,layer_1,191,c3: ka_concept_1.c3 IS HIGH,0.27913111448287964
covtype_binary_20000,1,791,layer_1,318,c5: ka_concept_1.c6 IS LOW,0.27869534492492676
covtype_binary_20000,1,792,layer_1,311,c5: ka_concept_1.c3 IS HIGH,0.27768081426620483
covtype_binary_20000,1,793,layer_1,69,c1: ka_concept_1.c3 IS LOW,0.27516502141952515
covtype_binary_20000,1,794,layer_0,479,c7: Wilderness_Area_1 IS present,0.26159536838531494
covtype_binary_20000,1,795,projection_layer,19,"pursuit_6(Horizontal_Distance_To_Roadways, Soil_Type_38, Wilderness_Area_2, Soil_Type_18) IS MEDIUM",0.2613881528377533
covtype_binary_20000,1,796,layer_0,264,c4: Soil_Type_13 IS absent,0.26088038086891174
covtype_binary_20000,1,797,layer_1,214,c3: ka_concept_1.c11 IS MEDIUM,0.25298938155174255
covtype_binary_20000,1,798,layer_1,44,c0: projection_2 IS HIGH,0.24817144870758057
covtype_binary_20000,1,799,layer_1,292,c4: projection_5 IS MEDIUM,0.24656817317008972
covtype_binary_20000,1,800,layer_1,54,c0: projection_6 IS LOW,0.2461816370487213
covtype_binary_20000,1,801,layer_0,311,c5: Vertical_Distance_To_Hydrology IS HIGH,0.24252738058567047
covtype_binary_20000,1,802,layer_1,263,c4: ka_concept_1.c7 IS HIGH,0.23931917548179626
covtype_binary_20000,1,803,layer_0,374,c6: Wilderness_Area_2 IS present,0.2362602949142456
covtype_binary_20000,1,804,layer_1,250,c4: ka_concept_1.c3 IS MEDIUM,0.2362349033355713
covtype_binary_20000,1,805,layer_0,404,c6: Soil_Type_30 IS present,0.23301935195922852
covtype_binary_20000,1,806,layer_1,13,c0: ka_concept_1.c4 IS MEDIUM,0.2321658730506897
covtype_binary_20000,1,807,layer_1,216,c3: projection_0 IS LOW,0.22749583423137665
covtype_binary_20000,1,808,layer_1,167,c2: projection_3 IS HIGH,0.22505192458629608
covtype_binary_20000,1,809,layer_1,209,c3: ka_concept_1.c9 IS HIGH,0.2219877988100052
covtype_binary_20000,1,810,layer_1,53,c0: projection_5 IS HIGH,0.21008913218975067
covtype_binary_20000,1,811,layer_1,198,c3: ka_concept_1.c6 IS LOW,0.20944197475910187
covtype_binary_20000,1,812,layer_1,255,c4: ka_concept_1.c5 IS LOW,0.20831815898418427
covtype_binary_20000,1,813,layer_0,462,c7: Soil_Type_32 IS absent,0.20672161877155304
covtype_binary_20000,1,814,layer_1,50,c0: projection_4 IS HIGH,0.20568162202835083
covtype_binary_20000,1,815,layer_1,36,c0: projection_0 IS LOW,0.20038944482803345
covtype_binary_20000,1,816,layer_1,237,c3: projection_7 IS LOW,0.19901998341083527
covtype_binary_20000,1,817,layer_1,187,c3: ka_concept_1.c2 IS MEDIUM,0.195744588971138
covtype_binary_20000,1,818,layer_0,284,c4: Soil_Type_2 IS present,0.1937885582447052
covtype_binary_20000,1,819,layer_1,78,c1: ka_concept_1.c6 IS LOW,0.185288205742836
covtype_binary_20000,1,820,layer_1,301,c5: ka_concept_1.c0 IS MEDIUM,0.18014876544475555
covtype_binary_20000,1,821,layer_0,708,c11: Wilderness_Area_4 IS absent,0.17064209282398224
covtype_binary_20000,1,822,layer_1,254,c4: ka_concept_1.c4 IS HIGH,0.17009906470775604
covtype_binary_20000,1,823,layer_0,672,c11: Wilderness_Area_4 IS absent,0.16587722301483154
covtype_binary_20000,1,824,layer_1,154,c2: ka_concept_1.c11 IS MEDIUM,0.16156673431396484
covtype_binary_20000,1,825,layer_1,190,c3: ka_concept_1.c3 IS MEDIUM,0.1595834195613861
covtype_binary_20000,1,826,layer_1,219,c3: projection_1 IS LOW,0.1588599681854248
covtype_binary_20000,1,827,layer_0,368,c6: Soil_Type_13 IS present,0.15663930773735046
covtype_binary_20000,1,828,layer_1,114,c1: projection_6 IS LOW,0.1561511904001236
covtype_binary_20000,1,829,layer_1,139,c2: ka_concept_1.c6 IS MEDIUM,0.14482206106185913
covtype_binary_20000,1,830,layer_1,307,c5: ka_concept_1.c2 IS MEDIUM,0.1390581727027893
covtype_binary_20000,1,831,layer_1,253,c4: ka_concept_1.c4 IS MEDIUM,0.13794201612472534
covtype_binary_20000,1,832,layer_1,283,c4: projection_2 IS MEDIUM,0.13531848788261414
covtype_binary_20000,1,833,layer_1,333,c5: ka_concept_1.c11 IS LOW,0.1344202607870102
covtype_binary_20000,1,834,layer_1,261,c4: ka_concept_1.c7 IS LOW,0.1294378936290741
covtype_binary_20000,1,835,layer_1,303,c5: ka_concept_1.c1 IS LOW,0.12792593240737915
covtype_binary_20000,1,836,layer_1,74,c1: ka_concept_1.c4 IS HIGH,0.12540113925933838
covtype_binary_20000,1,837,layer_1,97,c1: projection_0 IS MEDIUM,0.11961127072572708
covtype_binary_20000,1,838,layer_0,206,c3: Soil_Type_29 IS present,0.11905382573604584
covtype_binary_20000,1,839,layer_1,183,c3: ka_concept_1.c1 IS LOW,0.11848767101764679
covtype_binary_20000,1,840,layer_1,126,c2: ka_concept_1.c2 IS LOW,0.1175234392285347
covtype_binary_20000,1,841,layer_1,337,c5: projection_0 IS MEDIUM,0.11548085510730743
covtype_binary_20000,1,842,layer_0,707,c11: Vertical_Distance_To_Hydrology IS HIGH,0.10903184115886688
covtype_binary_20000,1,843,layer_0,137,c2: Soil_Type_38 IS present,0.1044192984700203
covtype_binary_20000,1,844,layer_1,107,c1: projection_3 IS HIGH,0.10328220576047897
covtype_binary_20000,1,845,layer_0,668,c11: Soil_Type_32 IS present,0.10065463930368423
covtype_binary_20000,1,846,layer_1,34,c0: ka_concept_1.c11 IS MEDIUM,0.09986358880996704
covtype_binary_20000,1,847,layer_1,268,c4: ka_concept_1.c9 IS MEDIUM,0.09738551825284958
covtype_binary_20000,1,848,layer_1,251,c4: ka_concept_1.c3 IS HIGH,0.09732703864574432
covtype_binary_20000,1,849,layer_1,287,c4: projection_3 IS HIGH,0.09704434871673584
covtype_binary_20000,1,850,layer_0,275,c4: Soil_Type_40 IS present,0.0958695039153099
covtype_binary_20000,1,851,layer_0,140,c2: Aspect IS HIGH,0.0945088267326355
covtype_binary_20000,1,852,layer_1,163,c2: projection_2 IS MEDIUM,0.092623271048069
covtype_binary_20000,1,853,layer_0,326,c5: Soil_Type_40 IS present,0.09008658677339554
covtype_binary_20000,1,854,layer_1,25,c0: ka_concept_1.c8 IS MEDIUM,0.08895908296108246
covtype_binary_20000,1,855,layer_1,128,c2: ka_concept_1.c2 IS HIGH,0.08880273252725601
covtype_binary_20000,1,856,layer_1,334,c5: ka_concept_1.c11 IS MEDIUM,0.08513804525136948
covtype_binary_20000,1,857,layer_1,8,c0: ka_concept_1.c2 IS HIGH,0.08422142267227173
covtype_binary_20000,1,858,layer_1,199,c3: ka_concept_1.c6 IS MEDIUM,0.08108583837747574
covtype_binary_20000,1,859,layer_1,300,c5: ka_concept_1.c0 IS LOW,0.08105956017971039
covtype_binary_20000,1,860,layer_1,133,c2: ka_concept_1.c4 IS MEDIUM,0.08019063621759415
covtype_binary_20000,1,861,layer_1,15,c0: ka_concept_1.c5 IS LOW,0.07970216125249863
covtype_binary_20000,1,862,layer_1,23,c0: ka_concept_1.c7 IS HIGH,0.07861630618572235
covtype_binary_20000,1,863,layer_1,277,c4: projection_0 IS MEDIUM,0.07518623769283295
covtype_binary_20000,1,864,layer_0,464,c7: Soil_Type_32 IS present,0.07318039238452911
covtype_binary_20000,1,865,layer_0,548,c9: Soil_Type_4 IS present,0.06932771950960159
covtype_binary_20000,1,866,layer_1,313,c5: ka_concept_1.c4 IS MEDIUM,0.06835363060235977
covtype_binary_20000,1,867,layer_1,28,c0: ka_concept_1.c9 IS MEDIUM,0.06777983903884888
covtype_binary_20000,1,868,layer_1,47,c0: projection_3 IS HIGH,0.06415844708681107
covtype_binary_20000,1,869,layer_1,308,c5: ka_concept_1.c2 IS HIGH,0.05812830477952957
covtype_binary_20000,1,870,layer_1,256,c4: ka_concept_1.c5 IS MEDIUM,0.05278538912534714
covtype_binary_20000,1,871,layer_0,677,c11: Soil_Type_33 IS present,0.05221480131149292
covtype_binary_20000,1,872,layer_1,339,c5: projection_1 IS LOW,0.052057571709156036
covtype_binary_20000,1,873,layer_1,134,c2: ka_concept_1.c4 IS HIGH,0.04630935564637184
covtype_binary_20000,1,874,layer_1,165,c2: projection_3 IS LOW,0.043974801898002625
covtype_binary_20000,1,875,layer_1,73,c1: ka_concept_1.c4 IS MEDIUM,0.042533207684755325
covtype_binary_20000,1,876,layer_1,37,c0: projection_0 IS MEDIUM,0.041327159851789474
covtype_binary_20000,1,877,layer_1,110,c1: projection_4 IS HIGH,0.04079703241586685
covtype_binary_20000,1,878,layer_1,224,c3: projection_2 IS HIGH,0.039559632539749146
covtype_binary_20000,1,879,layer_1,157,c2: projection_0 IS MEDIUM,0.03871980682015419
covtype_binary_20000,1,880,layer_0,272,c4: Wilderness_Area_2 IS present,0.036729536950588226
covtype_binary_20000,1,881,layer_1,314,c5: ka_concept_1.c4 IS HIGH,0.03490400314331055
covtype_binary_20000,1,882,layer_1,273,c4: ka_concept_1.c11 IS LOW,0.03114030882716179
covtype_binary_20000,1,883,layer_1,350,c5: projection_4 IS HIGH,0.029789868742227554
covtype_binary_20000,1,884,layer_1,274,c4: ka_concept_1.c11 IS MEDIUM,0.026835419237613678
covtype_binary_20000,1,885,layer_1,65,c1: ka_concept_1.c1 IS HIGH,0.026701947674155235
covtype_binary_20000,1,886,layer_1,66,c1: ka_concept_1.c2 IS LOW,0.025567807257175446
covtype_binary_20000,1,887,layer_0,665,c11: Wilderness_Area_2 IS present,0.024801941588521004
covtype_binary_20000,1,888,layer_0,701,c11: Wilderness_Area_2 IS present,0.024801941588521004
covtype_binary_20000,1,889,layer_1,275,c4: ka_concept_1.c11 IS HIGH,0.02448871172964573
covtype_binary_20000,1,890,layer_0,561,c9: Wilderness_Area_2 IS absent,0.02394459955394268
covtype_binary_20000,1,891,layer_1,170,c2: projection_4 IS HIGH,0.022164350375533104
covtype_binary_20000,1,892,layer_1,234,c3: projection_6 IS LOW,0.018598513677716255
covtype_binary_20000,1,893,layer_1,11,c0: ka_concept_1.c3 IS HIGH,0.018204618245363235
covtype_binary_20000,1,894,layer_1,43,c0: projection_2 IS MEDIUM,0.017968930304050446
covtype_binary_20000,1,895,layer_1,94,c1: ka_concept_1.c11 IS MEDIUM,0.017322992905974388
covtype_binary_20000,1,896,layer_0,227,c3: Hillshade_9am IS HIGH,0.016196351498365402
covtype_binary_20000,1,897,layer_1,194,c3: ka_concept_1.c4 IS HIGH,0.015473276376724243
covtype_binary_20000,1,898,layer_1,115,c1: projection_6 IS MEDIUM,0.013265261426568031
covtype_binary_20000,1,899,layer_1,230,c3: projection_4 IS HIGH,0.012989429756999016
covtype_binary_20000,1,900,layer_1,280,c4: projection_1 IS MEDIUM,0.012702977284789085
covtype_binary_20000,1,901,layer_1,193,c3: ka_concept_1.c4 IS MEDIUM,0.012088211253285408
covtype_binary_20000,1,902,layer_1,227,c3: projection_3 IS HIGH,0.008508187718689442
covtype_binary_20000,1,903,layer_1,358,c5: projection_7 IS MEDIUM,0.0068247998133301735
covtype_binary_20000,1,904,layer_1,220,c3: projection_1 IS MEDIUM,0.0065370178781449795
covtype_binary_20000,1,905,layer_1,100,c1: projection_1 IS MEDIUM,0.006345563102513552
covtype_binary_20000,1,906,layer_1,35,c0: ka_concept_1.c11 IS HIGH,0.0060213482938706875
covtype_binary_20000,1,907,layer_1,155,c2: ka_concept_1.c11 IS HIGH,0.005950144492089748
covtype_binary_20000,1,908,layer_1,217,c3: projection_0 IS MEDIUM,0.005268847569823265
covtype_binary_20000,1,909,layer_1,160,c2: projection_1 IS MEDIUM,0.004865624010562897
covtype_binary_20000,1,910,layer_1,95,c1: ka_concept_1.c11 IS HIGH,0.004426265135407448
covtype_binary_20000,1,911,layer_1,335,c5: ka_concept_1.c11 IS HIGH,0.004388927482068539
covtype_binary_20000,1,912,projection_layer,5,"pursuit_1(Elevation, Vertical_Distance_To_Hydrology, Soil_Type_40, Soil_Type_6) IS HIGH",0.004161340184509754
covtype_binary_20000,1,913,layer_1,235,c3: projection_6 IS MEDIUM,0.0034816255792975426
covtype_binary_20000,1,914,layer_1,355,c5: projection_6 IS MEDIUM,0.0033773691393435
covtype_binary_20000,1,915,layer_1,40,c0: projection_1 IS MEDIUM,0.003344728844240308
covtype_binary_20000,1,916,projection_layer,20,"pursuit_6(Horizontal_Distance_To_Roadways, Soil_Type_38, Wilderness_Area_2, Soil_Type_18) IS HIGH",0.00305293221026659
covtype_binary_20000,1,917,layer_1,175,c2: projection_6 IS MEDIUM,0.0029754352290183306
covtype_binary_20000,1,918,layer_1,14,c0: ka_concept_1.c4 IS HIGH,0.00283112027682364
covtype_binary_20000,1,919,layer_1,347,c5: projection_3 IS HIGH,0.0027461666613817215
covtype_binary_20000,1,920,layer_1,55,c0: projection_6 IS MEDIUM,0.0022720315027981997
covtype_binary_20000,1,921,layer_1,215,c3: ka_concept_1.c11 IS HIGH,0.0020463208202272654
covtype_binary_20000,1,922,layer_1,295,c4: projection_6 IS MEDIUM,0.0019789414945989847
covtype_binary_20000,1,923,layer_1,340,c5: projection_1 IS MEDIUM,0.0012053067330271006
covtype_binary_20000,1,924,layer_1,278,c4: projection_0 IS HIGH,6.688755820505321e-05
covtype_binary_20000,1,925,layer_1,98,c1: projection_0 IS HIGH,6.662829400738701e-05
covtype_binary_20000,1,926,layer_1,158,c2: projection_0 IS HIGH,6.152483547339216e-05
covtype_binary_20000,1,927,layer_1,218,c3: projection_0 IS HIGH,5.4812655434943736e-05
covtype_binary_20000,1,928,layer_1,338,c5: projection_0 IS HIGH,6.716066309309099e-06
covtype_binary_20000,1,929,layer_1,176,c2: projection_6 IS HIGH,5.041896201873897e-06
covtype_binary_20000,1,930,layer_1,116,c1: projection_6 IS HIGH,3.3469084428361384e-06
covtype_binary_20000,1,931,layer_1,101,c1: projection_1 IS HIGH,3.2733873922552448e-06
covtype_binary_20000,1,932,layer_1,236,c3: projection_6 IS HIGH,2.215509084635414e-06
covtype_binary_20000,1,933,layer_1,38,c0: projection_0 IS HIGH,1.9634239833976608e-06
covtype_binary_20000,1,934,layer_1,296,c4: projection_6 IS HIGH,1.6124818102980498e-06
covtype_binary_20000,1,935,layer_1,356,c5: projection_6 IS HIGH,1.4984029803599697e-06
covtype_binary_20000,1,936,layer_1,56,c0: projection_6 IS HIGH,1.1839798617074848e-06
covtype_binary_20000,7,1,layer_0,346,c5: Elevation IS MEDIUM,235.33258056640625
covtype_binary_20000,7,2,layer_0,447,c7: Elevation IS LOW,190.5224609375
covtype_binary_20000,7,3,layer_0,345,c5: Elevation IS LOW,188.63929748535156
covtype_binary_20000,7,4,layer_0,296,c4: Elevation IS HIGH,146.8811492919922
covtype_binary_20000,7,5,layer_0,407,c6: Horizontal_Distance_To_Roadways IS HIGH,146.4584197998047
covtype_binary_20000,7,6,layer_0,457,c7: Horizontal_Distance_To_Roadways IS MEDIUM,131.8871307373047
covtype_binary_20000,7,7,layer_0,62,c1: Horizontal_Distance_To_Roadways IS HIGH,129.9916534423828
covtype_binary_20000,7,8,layer_0,61,c1: Horizontal_Distance_To_Roadways IS MEDIUM,122.53974914550781
covtype_binary_20000,7,9,layer_0,397,c6: Elevation IS MEDIUM,114.9331283569336
covtype_binary_20000,7,10,layer_0,414,c6: Horizontal_Distance_To_Fire_Points IS LOW,108.64427185058594
covtype_binary_20000,7,11,layer_0,550,c9: Elevation IS MEDIUM,107.35552978515625
covtype_binary_20000,7,12,layer_0,449,c7: Elevation IS HIGH,107.20366668701172
covtype_binary_20000,7,13,layer_0,398,c6: Elevation IS HIGH,99.3471908569336
covtype_binary_20000,7,14,layer_0,294,c4: Elevation IS LOW,92.90245819091797
covtype_binary_20000,7,15,projection_layer,22,"pursuit_7(Aspect, Soil_Type_39, Soil_Type_2, Soil_Type_5) IS MEDIUM",85.62924194335938
covtype_binary_20000,7,16,layer_0,396,c6: Elevation IS LOW,83.94271087646484
covtype_binary_20000,7,17,layer_0,508,c8: Horizontal_Distance_To_Roadways IS MEDIUM,83.03172302246094
covtype_binary_20000,7,18,layer_0,600,c10: Elevation IS LOW,81.97354125976562
covtype_binary_20000,7,19,layer_0,259,c4: Vertical_Distance_To_Hydrology IS MEDIUM,80.850830078125
covtype_binary_20000,7,20,layer_0,69,c1: Horizontal_Distance_To_Fire_Points IS LOW,80.30697631835938
covtype_binary_20000,7,21,layer_0,716,c11: Hillshade_9am IS HIGH,79.25482940673828
covtype_binary_20000,7,22,layer_0,619,c10: Horizontal_Distance_To_Fire_Points IS MEDIUM,76.39897155761719
covtype_binary_20000,7,23,layer_0,499,c8: Elevation IS MEDIUM,75.40399169921875
covtype_binary_20000,7,24,layer_0,189,c3: Horizontal_Distance_To_Hydrology IS LOW,71.21512603759766
covtype_binary_20000,7,25,layer_0,0,c0: Elevation IS LOW,69.20645904541016
covtype_binary_20000,7,26,layer_0,559,c9: Horizontal_Distance_To_Roadways IS MEDIUM,67.18819427490234
covtype_binary_20000,7,27,layer_0,662,c11: Horizontal_Distance_To_Roadways IS HIGH,64.65077209472656
covtype_binary_20000,7,28,layer_0,347,c5: Elevation IS HIGH,62.411991119384766
covtype_binary_20000,7,29,layer_0,711,c11: Soil_Type_31 IS absent,61.57178497314453
covtype_binary_20000,7,30,layer_0,204,c3: Soil_Type_29 IS absent,59.21033477783203
covtype_binary_20000,7,31,layer_0,371,c6: Hillshade_9am IS HIGH,58.63806915283203
covtype_binary_20000,7,32,layer_0,226,c3: Hillshade_3pm IS MEDIUM,57.219032287597656
covtype_binary_20000,7,33,layer_0,467,c7: Horizontal_Distance_To_Fire_Points IS HIGH,56.91075897216797
covtype_binary_20000,7,34,layer_0,678,c11: Aspect IS LOW,56.07062911987305
covtype_binary_20000,7,35,layer_0,405,c6: Horizontal_Distance_To_Roadways IS LOW,54.275543212890625
covtype_binary_20000,7,36,layer_0,156,c2: Vertical_Distance_To_Hydrology IS LOW,53.67667007446289
covtype_binary_20000,7,37,layer_0,498,c8: Elevation IS LOW,53.07347869873047
covtype_binary_20000,7,38,layer_0,175,c2: Hillshade_3pm IS MEDIUM,52.81315231323242
covtype_binary_20000,7,39,layer_0,15,c0: Soil_Type_22 IS absent,50.17863082885742
covtype_binary_20000,7,40,layer_0,288,c4: Wilderness_Area_1 IS absent,49.482887268066406
covtype_binary_20000,7,41,layer_0,660,c11: Horizontal_Distance_To_Roadways IS LOW,49.116641998291016
covtype_binary_20000,7,42,layer_0,384,c6: Soil_Type_4 IS absent,48.89692687988281
covtype_binary_20000,7,43,layer_0,252,c4: Wilderness_Area_1 IS absent,48.778907775878906
covtype_binary_20000,7,44,layer_0,258,c4: Vertical_Distance_To_Hydrology IS LOW,48.65922546386719
covtype_binary_20000,7,45,layer_0,551,c9: Elevation IS HIGH,47.25466537475586
covtype_binary_20000,7,46,layer_0,171,c2: Soil_Type_13 IS absent,47.176734924316406
covtype_binary_20000,7,47,layer_0,46,c0: Hillshade_Noon IS MEDIUM,46.89778137207031
covtype_binary_20000,7,48,layer_0,647,c10: Hillshade_Noon IS HIGH,45.17625427246094
covtype_binary_20000,7,49,layer_0,122,c2: Horizontal_Distance_To_Fire_Points IS HIGH,44.39239501953125
covtype_binary_20000,7,50,layer_0,375,c6: Soil_Type_13 IS absent,44.37651443481445
covtype_binary_20000,7,51,layer_0,105,c1: Vertical_Distance_To_Hydrology IS LOW,43.9455680847168
covtype_binary_20000,7,52,layer_0,601,c10: Elevation IS MEDIUM,43.90165710449219
covtype_binary_20000,7,53,layer_0,71,c1: Horizontal_Distance_To_Fire_Points IS HIGH,43.666358947753906
covtype_binary_20000,7,54,layer_0,235,c3: Slope IS MEDIUM,43.44890594482422
covtype_binary_20000,7,55,layer_0,458,c7: Horizontal_Distance_To_Roadways IS HIGH,43.26618576049805
covtype_binary_20000,7,56,layer_0,661,c11: Horizontal_Distance_To_Roadways IS MEDIUM,43.166725158691406
covtype_binary_20000,7,57,layer_0,585,c9: Horizontal_Distance_To_Hydrology IS LOW,42.91979217529297
covtype_binary_20000,7,58,layer_0,144,c2: Soil_Type_23 IS absent,42.79599380493164
covtype_binary_20000,7,59,layer_0,273,c4: Soil_Type_13 IS absent,41.716880798339844
covtype_binary_20000,7,60,layer_0,9,c0: Horizontal_Distance_To_Roadways IS LOW,41.5574836730957
covtype_binary_20000,7,61,layer_0,333,c5: Soil_Type_4 IS absent,41.491249084472656
covtype_binary_20000,7,62,layer_0,222,c3: Soil_Type_13 IS absent,40.703636169433594
covtype_binary_20000,7,63,layer_0,406,c6: Horizontal_Distance_To_Roadways IS MEDIUM,40.50938415527344
covtype_binary_20000,7,64,layer_0,310,c5: Vertical_Distance_To_Hydrology IS MEDIUM,40.43796920776367
covtype_binary_20000,7,65,layer_0,422,c7: Hillshade_9am IS HIGH,40.304725646972656
covtype_binary_20000,7,66,layer_0,540,c9: Slope IS LOW,40.0260009765625
covtype_binary_20000,7,67,layer_0,10,c0: Horizontal_Distance_To_Roadways IS MEDIUM,39.56658172607422
covtype_binary_20000,7,68,layer_0,180,c3: Aspect IS LOW,39.4788818359375
covtype_binary_20000,7,69,layer_0,285,c4: Slope IS LOW,39.363712310791016
covtype_binary_20000,7,70,layer_0,430,c7: Hillshade_3pm IS MEDIUM,39.15618133544922
covtype_binary_20000,7,71,layer_0,706,c11: Vertical_Distance_To_Hydrology IS MEDIUM,38.75580596923828
covtype_binary_20000,7,72,layer_0,679,c11: Aspect IS MEDIUM,38.44404602050781
covtype_binary_20000,7,73,layer_0,309,c5: Vertical_Distance_To_Hydrology IS LOW,37.74957275390625
covtype_binary_20000,7,74,layer_0,576,c9: Aspect IS LOW,37.45262145996094
covtype_binary_20000,7,75,layer_0,60,c1: Horizontal_Distance_To_Roadways IS LOW,37.41242980957031
covtype_binary_20000,7,76,layer_0,148,c2: Hillshade_Noon IS MEDIUM,36.00201416015625
covtype_binary_20000,7,77,layer_0,392,c6: Wilderness_Area_1 IS present,35.99607467651367
covtype_binary_20000,7,78,layer_0,628,c10: Aspect IS MEDIUM,35.79561996459961
covtype_binary_20000,7,79,layer_0,37,c0: Horizontal_Distance_To_Hydrology IS MEDIUM,35.77656173706055
covtype_binary_20000,7,80,layer_0,363,c6: Wilderness_Area_3 IS absent,35.64109802246094
covtype_binary_20000,7,81,layer_0,441,c7: Wilderness_Area_1 IS absent,35.5695686340332
covtype_binary_20000,7,82,layer_0,477,c7: Wilderness_Area_1 IS absent,35.4393424987793
covtype_binary_20000,7,83,layer_0,302,c5: Hillshade_Noon IS HIGH,35.39565658569336
covtype_binary_20000,7,84,layer_0,489,c8: Slope IS LOW,35.07933807373047
covtype_binary_20000,7,85,layer_0,120,c2: Horizontal_Distance_To_Fire_Points IS LOW,34.9809684753418
covtype_binary_20000,7,86,layer_0,130,c2: Aspect IS MEDIUM,34.931636810302734
covtype_binary_20000,7,87,layer_0,408,c6: Wilderness_Area_2 IS absent,34.72134780883789
covtype_binary_20000,7,88,layer_0,342,c5: Soil_Type_2 IS absent,34.25131607055664
covtype_binary_20000,7,89,layer_0,295,c4: Elevation IS MEDIUM,33.68968963623047
covtype_binary_20000,7,90,layer_0,372,c6: Wilderness_Area_2 IS absent,33.637969970703125
covtype_binary_20000,7,91,layer_0,669,c11: Horizontal_Distance_To_Fire_Points IS LOW,33.30231857299805
covtype_binary_20000,7,92,layer_0,509,c8: Horizontal_Distance_To_Roadways IS HIGH,33.191017150878906
covtype_binary_20000,7,93,layer_0,300,c5: Hillshade_Noon IS LOW,33.185882568359375
covtype_binary_20000,7,94,layer_0,582,c9: Soil_Type_11 IS absent,32.705692291259766
covtype_binary_20000,7,95,layer_0,399,c6: Wilderness_Area_3 IS absent,32.58112335205078
covtype_binary_20000,7,96,layer_0,318,c5: Hillshade_9am IS LOW,32.29831314086914
covtype_binary_20000,7,97,layer_0,560,c9: Horizontal_Distance_To_Roadways IS HIGH,32.18076705932617
covtype_binary_20000,7,98,layer_0,611,c10: Horizontal_Distance_To_Roadways IS HIGH,31.909786224365234
covtype_binary_20000,7,99,layer_0,24,c0: Soil_Type_38 IS absent,31.89677619934082
covtype_binary_20000,7,100,layer_0,129,c2: Aspect IS LOW,31.42507553100586
covtype_binary_20000,7,101,layer_0,97,c1: Hillshade_Noon IS MEDIUM,31.395671844482422
covtype_binary_20000,7,102,layer_0,174,c2: Hillshade_3pm IS LOW,31.176057815551758
covtype_binary_20000,7,103,layer_0,432,c7: Wilderness_Area_4 IS absent,31.098527908325195
covtype_binary_20000,7,104,layer_0,416,c6: Horizontal_Distance_To_Fire_Points IS HIGH,31.029586791992188
covtype_binary_20000,7,105,projection_layer,12,"pursuit_4(Horizontal_Distance_To_Hydrology, Soil_Type_22, Soil_Type_30, Soil_Type_35) IS LOW",30.90036964416504
covtype_binary_20000,7,106,layer_0,468,c7: Wilderness_Area_4 IS absent,30.73282814025879
covtype_binary_20000,7,107,projection_layer,10,"pursuit_3(Slope, Soil_Type_12, Soil_Type_13, Soil_Type_1) IS MEDIUM",30.390134811401367
covtype_binary_20000,7,108,projection_layer,13,"pursuit_4(Horizontal_Distance_To_Hydrology, Soil_Type_22, Soil_Type_30, Soil_Type_35) IS MEDIUM",29.93856430053711
covtype_binary_20000,7,109,layer_0,421,c7: Hillshade_9am IS MEDIUM,29.390562057495117
covtype_binary_20000,7,110,layer_0,402,c6: Soil_Type_32 IS absent,29.21723747253418
covtype_binary_20000,7,111,layer_0,191,c3: Horizontal_Distance_To_Hydrology IS HIGH,29.01285743713379
covtype_binary_20000,7,112,layer_0,87,c1: Horizontal_Distance_To_Hydrology IS LOW,28.75701904296875
covtype_binary_20000,7,113,layer_0,240,c4: Horizontal_Distance_To_Hydrology IS LOW,28.582935333251953
covtype_binary_20000,7,114,layer_0,606,c10: Soil_Type_32 IS absent,27.752944946289062
covtype_binary_20000,7,115,layer_0,231,c3: Soil_Type_4 IS absent,27.74126625061035
covtype_binary_20000,7,116,layer_0,476,c7: Aspect IS HIGH,27.66714096069336
covtype_binary_20000,7,117,layer_0,27,c0: Aspect IS LOW,26.906005859375
covtype_binary_20000,7,118,layer_0,452,c7: Wilderness_Area_3 IS present,26.846776962280273
covtype_binary_20000,7,119,layer_0,227,c3: Hillshade_3pm IS HIGH,26.53504180908203
covtype_binary_20000,7,120,layer_0,490,c8: Slope IS MEDIUM,26.49986457824707
covtype_binary_20000,7,121,layer_0,147,c2: Hillshade_Noon IS LOW,26.17867660522461
covtype_binary_20000,7,122,layer_0,435,c7: Soil_Type_4 IS absent,26.077625274658203
covtype_binary_20000,7,123,layer_0,687,c11: Horizontal_Distance_To_Hydrology IS LOW,25.94233512878418
covtype_binary_20000,7,124,layer_0,507,c8: Horizontal_Distance_To_Roadways IS LOW,25.92772674560547
covtype_binary_20000,7,125,layer_0,131,c2: Aspect IS HIGH,25.455713272094727
covtype_binary_20000,7,126,layer_0,526,c8: Aspect IS MEDIUM,25.295047760009766
covtype_binary_20000,7,127,layer_0,361,c6: Vertical_Distance_To_Hydrology IS MEDIUM,25.29120635986328
covtype_binary_20000,7,128,layer_0,80,c1: Aspect IS HIGH,25.19930648803711
covtype_binary_20000,7,129,projection_layer,6,"pursuit_2(Hillshade_Noon, Wilderness_Area_4, Soil_Type_23, Soil_Type_11) IS LOW",25.132705688476562
covtype_binary_20000,7,130,layer_0,378,c6: Hillshade_3pm IS LOW,25.093551635742188
covtype_binary_20000,7,131,layer_0,106,c1: Vertical_Distance_To_Hydrology IS MEDIUM,24.97068977355957
covtype_binary_20000,7,132,layer_0,1,c0: Elevation IS MEDIUM,24.797016143798828
covtype_binary_20000,7,133,layer_0,96,c1: Hillshade_Noon IS LOW,24.42561912536621
covtype_binary_20000,7,134,layer_0,595,c9: Hillshade_Noon IS MEDIUM,24.292633056640625
covtype_binary_20000,7,135,layer_0,199,c3: Hillshade_Noon IS MEDIUM,24.06650733947754
covtype_binary_20000,7,136,layer_0,380,c6: Hillshade_3pm IS HIGH,24.00949478149414
covtype_binary_20000,7,137,layer_0,200,c3: Hillshade_Noon IS HIGH,23.813438415527344
covtype_binary_20000,7,138,layer_0,426,c7: Soil_Type_13 IS absent,23.483327865600586
covtype_binary_20000,7,139,layer_0,93,c1: Soil_Type_23 IS absent,23.481557846069336
covtype_binary_20000,7,140,layer_0,38,c0: Horizontal_Distance_To_Hydrology IS HIGH,23.228015899658203
covtype_binary_20000,7,141,layer_0,586,c9: Horizontal_Distance_To_Hydrology IS MEDIUM,23.199304580688477
covtype_binary_20000,7,142,layer_0,225,c3: Hillshade_3pm IS LOW,23.197952270507812
covtype_binary_20000,7,143,layer_0,390,c6: Wilderness_Area_1 IS absent,23.1281795501709
covtype_binary_20000,7,144,layer_0,516,c8: Horizontal_Distance_To_Fire_Points IS LOW,23.006044387817383
covtype_binary_20000,7,145,layer_0,370,c6: Hillshade_9am IS MEDIUM,22.87991714477539
covtype_binary_20000,7,146,layer_0,139,c2: Horizontal_Distance_To_Hydrology IS MEDIUM,22.85459327697754
covtype_binary_20000,7,147,layer_0,102,c1: Soil_Type_29 IS absent,22.710365295410156
covtype_binary_20000,7,148,layer_0,482,c8: Hillshade_3pm IS HIGH,22.703767776489258
covtype_binary_20000,7,149,layer_0,573,c9: Soil_Type_33 IS absent,22.657161712646484
covtype_binary_20000,7,150,layer_0,263,c4: Wilderness_Area_3 IS present,22.509353637695312
covtype_binary_20000,7,151,layer_0,54,c0: Vertical_Distance_To_Hydrology IS LOW,22.507755279541016
covtype_binary_20000,7,152,layer_0,299,c4: Wilderness_Area_3 IS present,22.493255615234375
covtype_binary_20000,7,153,layer_0,181,c3: Aspect IS MEDIUM,22.490863800048828
covtype_binary_20000,7,154,layer_0,429,c7: Hillshade_3pm IS LOW,22.322336196899414
covtype_binary_20000,7,155,layer_0,552,c9: Wilderness_Area_3 IS absent,22.31148910522461
covtype_binary_20000,7,156,layer_0,28,c0: Aspect IS MEDIUM,21.72860336303711
covtype_binary_20000,7,157,layer_0,610,c10: Horizontal_Distance_To_Roadways IS MEDIUM,21.66916847229004
covtype_binary_20000,7,158,layer_0,594,c9: Hillshade_Noon IS LOW,21.61902618408203
covtype_binary_20000,7,159,layer_0,70,c1: Horizontal_Distance_To_Fire_Points IS MEDIUM,21.617700576782227
covtype_binary_20000,7,160,layer_0,206,c3: Soil_Type_29 IS present,21.526796340942383
covtype_binary_20000,7,161,layer_0,381,c6: Wilderness_Area_4 IS absent,21.346094131469727
covtype_binary_20000,7,162,layer_0,324,c5: Soil_Type_13 IS absent,21.00259017944336
covtype_binary_20000,7,163,layer_0,387,c6: Slope IS LOW,20.958093643188477
covtype_binary_20000,7,164,projection_layer,21,"pursuit_7(Aspect, Soil_Type_39, Soil_Type_2, Soil_Type_5) IS LOW",20.819623947143555
covtype_binary_20000,7,165,layer_0,30,c0: Wilderness_Area_2 IS absent,20.792978286743164
covtype_binary_20000,7,166,layer_0,319,c5: Hillshade_9am IS MEDIUM,20.786043167114258
covtype_binary_20000,7,167,layer_0,588,c9: Wilderness_Area_3 IS absent,20.685455322265625
covtype_binary_20000,7,168,layer_0,182,c3: Aspect IS HIGH,20.47589874267578
covtype_binary_20000,7,169,layer_0,255,c4: Soil_Type_29 IS absent,20.452356338500977
covtype_binary_20000,7,170,layer_0,699,c11: Wilderness_Area_2 IS absent,20.255718231201172
covtype_binary_20000,7,171,layer_0,663,c11: Wilderness_Area_2 IS absent,20.248966217041016
covtype_binary_20000,7,172,layer_0,278,c4: Hillshade_3pm IS HIGH,20.227025985717773
covtype_binary_20000,7,173,layer_0,415,c6: Horizontal_Distance_To_Fire_Points IS MEDIUM,19.934429168701172
covtype_binary_20000,7,174,layer_0,241,c4: Horizontal_Distance_To_Hydrology IS MEDIUM,19.720935821533203
covtype_binary_20000,7,175,layer_0,549,c9: Elevation IS LOW,19.671613693237305
covtype_binary_20000,7,176,layer_0,671,c11: Horizontal_Distance_To_Fire_Points IS HIGH,19.367692947387695
covtype_binary_20000,7,177,layer_0,51,c0: Soil_Type_29 IS absent,19.339445114135742
covtype_binary_20000,7,178,layer_0,267,c4: Hillshade_9am IS LOW,19.270305633544922
covtype_binary_20000,7,179,layer_0,431,c7: Hillshade_3pm IS HIGH,19.075939178466797
covtype_binary_20000,7,180,layer_0,642,c10: Soil_Type_30 IS absent,19.009815216064453
covtype_binary_20000,7,181,layer_0,213,c3: Soil_Type_40 IS absent,18.878437042236328
covtype_binary_20000,7,182,layer_0,517,c8: Horizontal_Distance_To_Fire_Points IS MEDIUM,18.833663940429688
covtype_binary_20000,7,183,layer_0,157,c2: Vertical_Distance_To_Hydrology IS MEDIUM,18.819143295288086
covtype_binary_20000,7,184,layer_0,675,c11: Soil_Type_33 IS absent,18.761703491210938
covtype_binary_20000,7,185,layer_0,254,c4: Wilderness_Area_1 IS present,18.742767333984375
covtype_binary_20000,7,186,layer_0,542,c9: Slope IS HIGH,18.716642379760742
covtype_binary_20000,7,187,layer_0,42,c0: Soil_Type_23 IS absent,18.682382583618164
covtype_binary_20000,7,188,layer_0,536,c8: Horizontal_Distance_To_Hydrology IS HIGH,18.64930534362793
covtype_binary_20000,7,189,layer_0,290,c4: Wilderness_Area_1 IS present,18.598915100097656
covtype_binary_20000,7,190,layer_0,479,c7: Wilderness_Area_1 IS present,18.487228393554688
covtype_binary_20000,7,191,layer_0,697,c11: Hillshade_Noon IS MEDIUM,18.450183868408203
covtype_binary_20000,7,192,layer_0,688,c11: Horizontal_Distance_To_Hydrology IS MEDIUM,18.405317306518555
covtype_binary_20000,7,193,layer_0,369,c6: Hillshade_9am IS LOW,18.366762161254883
covtype_binary_20000,7,194,layer_0,602,c10: Elevation IS HIGH,18.04770278930664
covtype_binary_20000,7,195,layer_0,680,c11: Aspect IS HIGH,17.77994728088379
covtype_binary_20000,7,196,layer_0,249,c4: Hillshade_Noon IS LOW,17.731515884399414
covtype_binary_20000,7,197,layer_0,670,c11: Horizontal_Distance_To_Fire_Points IS MEDIUM,17.60671615600586
covtype_binary_20000,7,198,layer_0,624,c10: Soil_Type_33 IS absent,17.57378387451172
covtype_binary_20000,7,199,layer_0,11,c0: Horizontal_Distance_To_Roadways IS HIGH,17.5638484954834
covtype_binary_20000,7,200,layer_0,696,c11: Hillshade_Noon IS LOW,17.555461883544922
covtype_binary_20000,7,201,layer_0,401,c6: Wilderness_Area_3 IS present,17.514280319213867
covtype_binary_20000,7,202,layer_0,612,c10: Wilderness_Area_2 IS absent,17.478620529174805
covtype_binary_20000,7,203,layer_0,270,c4: Wilderness_Area_2 IS absent,17.422033309936523
covtype_binary_20000,7,204,layer_0,443,c7: Wilderness_Area_1 IS present,17.32419776916504
covtype_binary_20000,7,205,layer_0,330,c5: Wilderness_Area_4 IS absent,17.30827522277832
covtype_binary_20000,7,206,layer_0,88,c1: Horizontal_Distance_To_Hydrology IS MEDIUM,17.277685165405273
covtype_binary_20000,7,207,layer_0,450,c7: Wilderness_Area_3 IS absent,17.16827392578125
covtype_binary_20000,7,208,layer_0,417,c6: Wilderness_Area_4 IS absent,17.007038116455078
covtype_binary_20000,7,209,layer_0,648,c10: Wilderness_Area_2 IS absent,16.955293655395508
covtype_binary_20000,7,210,layer_0,636,c10: Horizontal_Distance_To_Hydrology IS LOW,16.91569709777832
covtype_binary_20000,7,211,layer_0,2,c0: Elevation IS HIGH,16.791723251342773
covtype_binary_20000,7,212,layer_0,438,c7: Slope IS LOW,16.76190948486328
covtype_binary_20000,7,213,layer_0,287,c4: Slope IS HIGH,16.694610595703125
covtype_binary_20000,7,214,layer_0,251,c4: Hillshade_Noon IS HIGH,16.62955093383789
covtype_binary_20000,7,215,layer_0,306,c5: Soil_Type_29 IS absent,16.592187881469727
covtype_binary_20000,7,216,layer_0,198,c3: Hillshade_Noon IS LOW,16.540109634399414
covtype_binary_20000,7,217,layer_0,365,c6: Wilderness_Area_3 IS present,16.470739364624023
covtype_binary_20000,7,218,layer_0,236,c3: Slope IS HIGH,16.455617904663086
covtype_binary_20000,7,219,layer_0,444,c7: Soil_Type_2 IS absent,16.41095542907715
covtype_binary_20000,7,220,layer_0,651,c10: Soil_Type_10 IS absent,16.155256271362305
covtype_binary_20000,7,221,layer_0,329,c5: Hillshade_3pm IS HIGH,15.410898208618164
covtype_binary_20000,7,222,layer_0,138,c2: Horizontal_Distance_To_Hydrology IS LOW,15.34499740600586
covtype_binary_20000,7,223,layer_0,78,c1: Aspect IS LOW,15.064325332641602
covtype_binary_20000,7,224,layer_0,569,c9: Horizontal_Distance_To_Fire_Points IS HIGH,14.881582260131836
covtype_binary_20000,7,225,layer_0,228,c3: Wilderness_Area_4 IS absent,14.860042572021484
covtype_binary_20000,7,226,layer_0,689,c11: Horizontal_Distance_To_Hydrology IS HIGH,14.811911582946777
covtype_binary_20000,7,227,layer_0,336,c5: Slope IS LOW,14.78983211517334
covtype_binary_20000,7,228,layer_0,341,c5: Wilderness_Area_1 IS present,14.758506774902344
covtype_binary_20000,7,229,layer_0,36,c0: Horizontal_Distance_To_Hydrology IS LOW,14.438998222351074
covtype_binary_20000,7,230,projection_layer,18,"pursuit_6(Horizontal_Distance_To_Roadways, Soil_Type_38, Wilderness_Area_2, Soil_Type_18) IS LOW",14.385834693908691
covtype_binary_20000,7,231,layer_0,354,c5: Horizontal_Distance_To_Roadways IS LOW,14.119643211364746
covtype_binary_20000,7,232,layer_0,714,c11: Hillshade_9am IS LOW,14.040609359741211
covtype_binary_20000,7,233,layer_0,666,c11: Soil_Type_24 IS absent,13.990550994873047
covtype_binary_20000,7,234,layer_0,305,c5: Wilderness_Area_1 IS present,13.986605644226074
covtype_binary_20000,7,235,layer_0,587,c9: Horizontal_Distance_To_Hydrology IS HIGH,13.762092590332031
covtype_binary_20000,7,236,layer_0,627,c10: Aspect IS LOW,13.5845947265625
covtype_binary_20000,7,237,layer_0,208,c3: Vertical_Distance_To_Hydrology IS MEDIUM,13.479893684387207
covtype_binary_20000,7,238,layer_0,192,c3: Wilderness_Area_4 IS absent,13.420109748840332
covtype_binary_20000,7,239,layer_0,459,c7: Wilderness_Area_2 IS absent,13.377045631408691
covtype_binary_20000,7,240,layer_0,152,c2: Wilderness_Area_1 IS present,13.333322525024414
covtype_binary_20000,7,241,layer_0,366,c6: Soil_Type_40 IS absent,13.30435848236084
covtype_binary_20000,7,242,layer_0,420,c7: Hillshade_9am IS LOW,13.126346588134766
covtype_binary_20000,7,243,layer_0,168,c2: Wilderness_Area_2 IS absent,12.795499801635742
covtype_binary_20000,7,244,layer_0,705,c11: Vertical_Distance_To_Hydrology IS LOW,12.713601112365723
covtype_binary_20000,7,245,layer_0,356,c5: Horizontal_Distance_To_Roadways IS HIGH,12.523306846618652
covtype_binary_20000,7,246,layer_0,89,c1: Horizontal_Distance_To_Hydrology IS HIGH,12.504623413085938
covtype_binary_20000,7,247,layer_0,495,c8: Soil_Type_2 IS absent,12.485305786132812
covtype_binary_20000,7,248,layer_0,132,c2: Wilderness_Area_2 IS absent,12.327424049377441
covtype_binary_20000,7,249,layer_0,48,c0: Wilderness_Area_1 IS absent,12.234798431396484
covtype_binary_20000,7,250,layer_0,684,c11: Soil_Type_11 IS absent,12.20074462890625
covtype_binary_20000,7,251,layer_0,534,c8: Horizontal_Distance_To_Hydrology IS LOW,12.181983947753906
covtype_binary_20000,7,252,layer_0,388,c6: Slope IS MEDIUM,12.148605346679688
covtype_binary_20000,7,253,layer_0,525,c8: Aspect IS LOW,12.1249418258667
covtype_binary_20000,7,254,layer_0,141,c2: Wilderness_Area_4 IS absent,11.999510765075684
covtype_binary_20000,7,255,layer_0,18,c0: Horizontal_Distance_To_Fire_Points IS LOW,11.984139442443848
covtype_binary_20000,7,256,layer_0,554,c9: Wilderness_Area_3 IS present,11.951079368591309
covtype_binary_20000,7,257,layer_0,50,c0: Wilderness_Area_1 IS present,11.944558143615723
covtype_binary_20000,7,258,layer_0,462,c7: Soil_Type_24 IS absent,11.817127227783203
covtype_binary_20000,7,259,layer_0,176,c2: Hillshade_3pm IS HIGH,11.711935997009277
covtype_binary_20000,7,260,layer_0,531,c8: Soil_Type_11 IS absent,11.678868293762207
covtype_binary_20000,7,261,layer_0,282,c4: Soil_Type_4 IS absent,11.485762596130371
covtype_binary_20000,7,262,layer_0,471,c7: Soil_Type_33 IS absent,11.44072437286377
covtype_binary_20000,7,263,layer_0,360,c6: Vertical_Distance_To_Hydrology IS LOW,11.410687446594238
covtype_binary_20000,7,264,layer_0,590,c9: Wilderness_Area_3 IS present,11.308686256408691
covtype_binary_20000,7,265,layer_0,12,c0: Wilderness_Area_1 IS absent,11.202520370483398
covtype_binary_20000,7,266,layer_0,110,c1: Wilderness_Area_3 IS present,11.123072624206543
covtype_binary_20000,7,267,layer_0,629,c10: Aspect IS HIGH,11.085827827453613
covtype_binary_20000,7,268,layer_0,439,c7: Slope IS MEDIUM,11.071015357971191
covtype_binary_20000,7,269,projection_layer,9,"pursuit_3(Slope, Soil_Type_12, Soil_Type_13, Soil_Type_1) IS LOW",11.029399871826172
covtype_binary_20000,7,270,layer_0,546,c9: Soil_Type_2 IS absent,11.026922225952148
covtype_binary_20000,7,271,layer_0,14,c0: Wilderness_Area_1 IS present,10.996585845947266
covtype_binary_20000,7,272,layer_0,243,c4: Wilderness_Area_4 IS absent,10.9649658203125
covtype_binary_20000,7,273,layer_0,79,c1: Aspect IS MEDIUM,10.944794654846191
covtype_binary_20000,7,274,layer_0,242,c4: Horizontal_Distance_To_Hydrology IS HIGH,10.900284767150879
covtype_binary_20000,7,275,layer_0,81,c1: Wilderness_Area_2 IS absent,10.887688636779785
covtype_binary_20000,7,276,layer_0,74,c1: Wilderness_Area_3 IS present,10.81779670715332
covtype_binary_20000,7,277,layer_0,210,c3: Wilderness_Area_3 IS absent,10.787473678588867
covtype_binary_20000,7,278,layer_0,320,c5: Hillshade_9am IS HIGH,10.756054878234863
covtype_binary_20000,7,279,layer_0,494,c8: Wilderness_Area_1 IS present,10.66042423248291
covtype_binary_20000,7,280,layer_0,570,c9: Wilderness_Area_4 IS absent,10.657939910888672
covtype_binary_20000,7,281,layer_0,177,c2: Wilderness_Area_4 IS absent,10.657629013061523
covtype_binary_20000,7,282,layer_0,19,c0: Horizontal_Distance_To_Fire_Points IS MEDIUM,10.514686584472656
covtype_binary_20000,7,283,layer_0,504,c8: Soil_Type_32 IS absent,10.455513954162598
covtype_binary_20000,7,284,layer_0,510,c8: Wilderness_Area_2 IS absent,10.270501136779785
covtype_binary_20000,7,285,layer_0,633,c10: Soil_Type_11 IS absent,10.16320514678955
covtype_binary_20000,7,286,layer_0,475,c7: Aspect IS MEDIUM,10.082640647888184
covtype_binary_20000,7,287,layer_0,315,c5: Soil_Type_40 IS absent,10.06208610534668
covtype_binary_20000,7,288,layer_0,72,c1: Wilderness_Area_3 IS absent,10.029400825500488
covtype_binary_20000,7,289,layer_0,108,c1: Wilderness_Area_3 IS absent,9.981924057006836
covtype_binary_20000,7,290,layer_0,448,c7: Elevation IS MEDIUM,9.883611679077148
covtype_binary_20000,7,291,layer_0,597,c9: Wilderness_Area_2 IS absent,9.866410255432129
covtype_binary_20000,7,292,layer_0,579,c9: Wilderness_Area_1 IS absent,9.774200439453125
covtype_binary_20000,7,293,layer_0,150,c2: Wilderness_Area_1 IS absent,9.757478713989258
covtype_binary_20000,7,294,layer_0,393,c6: Soil_Type_2 IS absent,9.743343353271484
covtype_binary_20000,7,295,layer_0,261,c4: Wilderness_Area_3 IS absent,9.578710556030273
covtype_binary_20000,7,296,layer_0,117,c1: Wilderness_Area_2 IS absent,9.548011779785156
covtype_binary_20000,7,297,layer_0,481,c8: Hillshade_3pm IS MEDIUM,9.400836944580078
covtype_binary_20000,7,298,layer_0,715,c11: Hillshade_9am IS MEDIUM,9.387750625610352
covtype_binary_20000,7,299,layer_1,300,c5: ka_concept_1.c0 IS LOW,9.371214866638184
covtype_binary_20000,7,300,layer_0,279,c4: Wilderness_Area_4 IS absent,9.354007720947266
covtype_binary_20000,7,301,layer_0,578,c9: Aspect IS HIGH,9.345295906066895
covtype_binary_20000,7,302,layer_0,528,c8: Wilderness_Area_1 IS absent,9.1198148727417
covtype_binary_20000,7,303,layer_0,500,c8: Elevation IS HIGH,9.11683177947998
covtype_binary_20000,7,304,layer_0,250,c4: Hillshade_Noon IS MEDIUM,9.069726943969727
covtype_binary_20000,7,305,layer_0,218,c3: Hillshade_9am IS HIGH,8.863694190979004
covtype_binary_20000,7,306,layer_0,690,c11: Wilderness_Area_3 IS absent,8.846014022827148
covtype_binary_20000,7,307,layer_0,257,c4: Soil_Type_29 IS present,8.823492050170898
covtype_binary_20000,7,308,layer_0,466,c7: Horizontal_Distance_To_Fire_Points IS MEDIUM,8.78352165222168
covtype_binary_20000,7,309,layer_0,561,c9: Wilderness_Area_2 IS absent,8.698549270629883
covtype_binary_20000,7,310,layer_0,641,c10: Wilderness_Area_3 IS present,8.689285278320312
covtype_binary_20000,7,311,layer_0,297,c4: Wilderness_Area_3 IS absent,8.678872108459473
covtype_binary_20000,7,312,layer_0,423,c7: Wilderness_Area_2 IS absent,8.673954010009766
covtype_binary_20000,7,313,layer_0,389,c6: Slope IS HIGH,8.654377937316895
covtype_binary_20000,7,314,layer_0,530,c8: Wilderness_Area_1 IS present,8.489094734191895
covtype_binary_20000,7,315,layer_0,543,c9: Wilderness_Area_1 IS absent,8.397148132324219
covtype_binary_20000,7,316,layer_0,33,c0: Soil_Type_39 IS absent,8.353336334228516
covtype_binary_20000,7,317,layer_0,337,c5: Slope IS MEDIUM,8.35039234161377
covtype_binary_20000,7,318,layer_0,492,c8: Wilderness_Area_1 IS absent,8.255892753601074
covtype_binary_20000,7,319,layer_0,153,c2: Soil_Type_29 IS absent,8.246301651000977
covtype_binary_20000,7,320,layer_0,286,c4: Slope IS MEDIUM,8.244184494018555
covtype_binary_20000,7,321,layer_0,605,c10: Wilderness_Area_3 IS present,8.209491729736328
covtype_binary_20000,7,322,layer_0,692,c11: Wilderness_Area_3 IS present,8.208720207214355
covtype_binary_20000,7,323,layer_0,350,c5: Wilderness_Area_3 IS present,8.204851150512695
covtype_binary_20000,7,324,layer_0,618,c10: Horizontal_Distance_To_Fire_Points IS LOW,8.179333686828613
covtype_binary_20000,7,325,layer_0,486,c8: Soil_Type_4 IS absent,8.102704048156738
covtype_binary_20000,7,326,layer_0,190,c3: Horizontal_Distance_To_Hydrology IS MEDIUM,8.094537734985352
covtype_binary_20000,7,327,layer_0,555,c9: Soil_Type_32 IS absent,8.087082862854004
covtype_binary_20000,7,328,layer_0,126,c2: Soil_Type_38 IS absent,8.022075653076172
covtype_binary_20000,7,329,layer_0,362,c6: Vertical_Distance_To_Hydrology IS HIGH,7.95356559753418
covtype_binary_20000,7,330,layer_0,216,c3: Hillshade_9am IS LOW,7.894303798675537
covtype_binary_20000,7,331,layer_0,104,c1: Soil_Type_29 IS present,7.80886697769165
covtype_binary_20000,7,332,layer_0,603,c10: Wilderness_Area_3 IS absent,7.695714950561523
covtype_binary_20000,7,333,layer_1,348,c5: projection_4 IS LOW,7.695481300354004
covtype_binary_20000,7,334,layer_0,140,c2: Horizontal_Distance_To_Hydrology IS HIGH,7.5797810554504395
covtype_binary_20000,7,335,layer_0,212,c3: Wilderness_Area_3 IS present,7.449182510375977
covtype_binary_20000,7,336,layer_0,111,c1: Soil_Type_40 IS absent,7.418481826782227
covtype_binary_20000,7,337,layer_0,167,c2: Hillshade_9am IS HIGH,7.387785911560059
covtype_binary_20000,7,338,layer_0,53,c0: Soil_Type_29 IS present,7.356482982635498
covtype_binary_20000,7,339,layer_0,57,c0: Wilderness_Area_3 IS absent,7.163625717163086
covtype_binary_20000,7,340,layer_0,541,c9: Slope IS MEDIUM,7.149469375610352
covtype_binary_20000,7,341,layer_0,17,c0: Soil_Type_22 IS present,7.107193946838379
covtype_binary_20000,7,342,layer_0,21,c0: Wilderness_Area_3 IS absent,7.082551002502441
covtype_binary_20000,7,343,projection_layer,23,"pursuit_7(Aspect, Soil_Type_39, Soil_Type_2, Soil_Type_5) IS HIGH",7.007700443267822
covtype_binary_20000,7,344,layer_0,149,c2: Hillshade_Noon IS HIGH,6.939300060272217
covtype_binary_20000,7,345,layer_0,183,c3: Wilderness_Area_2 IS absent,6.915763854980469
covtype_binary_20000,7,346,layer_0,146,c2: Soil_Type_23 IS present,6.786038875579834
covtype_binary_20000,7,347,layer_0,357,c5: Wilderness_Area_2 IS absent,6.769685745239258
covtype_binary_20000,7,348,layer_0,527,c8: Aspect IS HIGH,6.6145477294921875
covtype_binary_20000,7,349,layer_0,620,c10: Horizontal_Distance_To_Fire_Points IS HIGH,6.557163238525391
covtype_binary_20000,7,350,layer_0,186,c3: Soil_Type_39 IS absent,6.52311897277832
covtype_binary_20000,7,351,layer_0,615,c10: Soil_Type_24 IS absent,6.479412078857422
covtype_binary_20000,7,352,layer_0,219,c3: Wilderness_Area_2 IS absent,6.451601982116699
covtype_binary_20000,7,353,layer_0,321,c5: Wilderness_Area_2 IS absent,6.350740432739258
covtype_binary_20000,7,354,layer_0,327,c5: Hillshade_3pm IS LOW,6.294877529144287
covtype_binary_20000,7,355,layer_0,630,c10: Wilderness_Area_1 IS absent,6.204321384429932
covtype_binary_20000,7,356,layer_0,596,c9: Hillshade_Noon IS HIGH,6.1990156173706055
covtype_binary_20000,7,357,layer_0,719,c11: Wilderness_Area_1 IS present,6.143203258514404
covtype_binary_20000,7,358,layer_0,268,c4: Hillshade_9am IS MEDIUM,6.141024112701416
covtype_binary_20000,7,359,layer_0,269,c4: Hillshade_9am IS HIGH,6.026410102844238
covtype_binary_20000,7,360,layer_0,456,c7: Horizontal_Distance_To_Roadways IS LOW,5.93228006362915
covtype_binary_20000,7,361,layer_0,683,c11: Wilderness_Area_1 IS present,5.881928443908691
covtype_binary_20000,7,362,layer_0,90,c1: Wilderness_Area_4 IS absent,5.840012550354004
covtype_binary_20000,7,363,layer_0,166,c2: Hillshade_9am IS MEDIUM,5.793053150177002
covtype_binary_20000,7,364,layer_0,314,c5: Wilderness_Area_3 IS present,5.746181488037109
covtype_binary_20000,7,365,layer_0,639,c10: Wilderness_Area_3 IS absent,5.741595268249512
covtype_binary_20000,7,366,projection_layer,0,"pursuit_0(Horizontal_Distance_To_Fire_Points, Hillshade_3pm, Soil_Type_29, Soil_Type_4) IS LOW",5.666102886199951
covtype_binary_20000,7,367,layer_0,338,c5: Slope IS HIGH,5.607398509979248
covtype_binary_20000,7,368,layer_0,518,c8: Horizontal_Distance_To_Fire_Points IS HIGH,5.60308313369751
covtype_binary_20000,7,369,layer_0,386,c6: Soil_Type_4 IS present,5.598265647888184
covtype_binary_20000,7,370,layer_0,545,c9: Wilderness_Area_1 IS present,5.442676544189453
covtype_binary_20000,7,371,layer_0,654,c10: Vertical_Distance_To_Hydrology IS LOW,5.399228096008301
covtype_binary_20000,7,372,layer_0,581,c9: Wilderness_Area_1 IS present,5.319911003112793
covtype_binary_20000,7,373,layer_0,522,c8: Soil_Type_33 IS absent,5.31354284286499
covtype_binary_20000,7,374,layer_0,29,c0: Aspect IS HIGH,5.256361961364746
covtype_binary_20000,7,375,layer_0,575,c9: Soil_Type_33 IS present,5.171873092651367
covtype_binary_20000,7,376,layer_0,568,c9: Horizontal_Distance_To_Fire_Points IS MEDIUM,5.171039581298828
covtype_binary_20000,7,377,layer_0,609,c10: Horizontal_Distance_To_Roadways IS LOW,5.166462421417236
covtype_binary_20000,7,378,layer_0,23,c0: Wilderness_Area_3 IS present,5.00752592086792
covtype_binary_20000,7,379,layer_0,3,c0: Wilderness_Area_4 IS absent,4.888615131378174
covtype_binary_20000,7,380,layer_0,646,c10: Hillshade_Noon IS MEDIUM,4.731863021850586
covtype_binary_20000,7,381,layer_0,355,c5: Horizontal_Distance_To_Roadways IS MEDIUM,4.731576919555664
covtype_binary_20000,7,382,layer_0,708,c11: Wilderness_Area_4 IS absent,4.681396961212158
covtype_binary_20000,7,383,layer_1,197,c3: ka_concept_1.c5 IS HIGH,4.679197788238525
covtype_binary_20000,7,384,layer_1,357,c5: projection_7 IS LOW,4.61958646774292
covtype_binary_20000,7,385,layer_0,311,c5: Vertical_Distance_To_Hydrology IS HIGH,4.597350120544434
covtype_binary_20000,7,386,layer_0,379,c6: Hillshade_3pm IS MEDIUM,4.575392723083496
covtype_binary_20000,7,387,layer_1,108,c1: projection_4 IS LOW,4.530324459075928
covtype_binary_20000,7,388,layer_0,55,c0: Vertical_Distance_To_Hydrology IS MEDIUM,4.475870609283447
covtype_binary_20000,7,389,layer_0,713,c11: Soil_Type_31 IS present,4.4629387855529785
covtype_binary_20000,7,390,layer_0,513,c8: Soil_Type_24 IS absent,4.430391311645508
covtype_binary_20000,7,391,projection_layer,1,"pursuit_0(Horizontal_Distance_To_Fire_Points, Hillshade_3pm, Soil_Type_29, Soil_Type_4) IS MEDIUM",4.424141883850098
covtype_binary_20000,7,392,layer_0,655,c10: Vertical_Distance_To_Hydrology IS MEDIUM,4.387848854064941
covtype_binary_20000,7,393,layer_0,491,c8: Slope IS HIGH,4.298927307128906
covtype_binary_20000,7,394,layer_0,637,c10: Horizontal_Distance_To_Hydrology IS MEDIUM,4.266084671020508
covtype_binary_20000,7,395,layer_0,59,c0: Wilderness_Area_3 IS present,4.260503768920898
covtype_binary_20000,7,396,layer_1,198,c3: ka_concept_1.c6 IS LOW,4.260228633880615
covtype_binary_20000,7,397,layer_0,608,c10: Soil_Type_32 IS present,4.2288031578063965
covtype_binary_20000,7,398,layer_0,201,c3: Wilderness_Area_1 IS absent,4.217286109924316
covtype_binary_20000,7,399,layer_0,44,c0: Soil_Type_23 IS present,4.211984634399414
covtype_binary_20000,7,400,layer_0,455,c7: Soil_Type_32 IS present,4.209226131439209
covtype_binary_20000,7,401,layer_0,248,c4: Soil_Type_23 IS present,4.179377555847168
covtype_binary_20000,7,402,layer_1,3,c0: ka_concept_1.c1 IS LOW,4.150313854217529
covtype_binary_20000,7,403,layer_0,301,c5: Hillshade_Noon IS MEDIUM,4.128914833068848
covtype_binary_20000,7,404,layer_1,346,c5: projection_3 IS MEDIUM,4.093896389007568
covtype_binary_20000,7,405,layer_0,638,c10: Horizontal_Distance_To_Hydrology IS HIGH,4.079489231109619
covtype_binary_20000,7,406,layer_0,20,c0: Horizontal_Distance_To_Fire_Points IS HIGH,4.076435565948486
covtype_binary_20000,7,407,layer_0,591,c9: Soil_Type_30 IS absent,4.053197383880615
covtype_binary_20000,7,408,layer_1,312,c5: ka_concept_1.c4 IS LOW,3.9868948459625244
covtype_binary_20000,7,409,layer_1,342,c5: projection_2 IS LOW,3.886789083480835
covtype_binary_20000,7,410,layer_0,558,c9: Horizontal_Distance_To_Roadways IS LOW,3.847353219985962
covtype_binary_20000,7,411,layer_1,21,c0: ka_concept_1.c7 IS LOW,3.844923734664917
covtype_binary_20000,7,412,layer_0,577,c9: Aspect IS MEDIUM,3.758004903793335
covtype_binary_20000,7,413,layer_0,246,c4: Soil_Type_23 IS absent,3.721982479095459
covtype_binary_20000,7,414,layer_0,276,c4: Hillshade_3pm IS LOW,3.677051544189453
covtype_binary_20000,7,415,layer_0,95,c1: Soil_Type_23 IS present,3.6477174758911133
covtype_binary_20000,7,416,layer_0,698,c11: Hillshade_Noon IS HIGH,3.6354963779449463
covtype_binary_20000,7,417,layer_1,343,c5: projection_2 IS MEDIUM,3.519019603729248
covtype_binary_20000,7,418,layer_0,281,c4: Wilderness_Area_4 IS present,3.490628242492676
covtype_binary_20000,7,419,layer_0,245,c4: Wilderness_Area_4 IS present,3.4893639087677
covtype_binary_20000,7,420,layer_0,277,c4: Hillshade_3pm IS MEDIUM,3.4569334983825684
covtype_binary_20000,7,421,layer_1,200,c3: ka_concept_1.c6 IS HIGH,3.447296142578125
covtype_binary_20000,7,422,layer_1,201,c3: ka_concept_1.c7 IS LOW,3.4464688301086426
covtype_binary_20000,7,423,layer_0,98,c1: Hillshade_Noon IS HIGH,3.4344053268432617
covtype_binary_20000,7,424,layer_0,155,c2: Soil_Type_29 IS present,3.4147281646728516
covtype_binary_20000,7,425,layer_0,237,c3: Wilderness_Area_1 IS absent,3.409132480621338
covtype_binary_20000,7,426,layer_0,115,c1: Hillshade_9am IS MEDIUM,3.4048612117767334
covtype_binary_20000,7,427,layer_0,428,c7: Soil_Type_13 IS present,3.3502132892608643
covtype_binary_20000,7,428,layer_0,470,c7: Wilderness_Area_4 IS present,3.340837240219116
covtype_binary_20000,7,429,layer_0,434,c7: Wilderness_Area_4 IS present,3.3129069805145264
covtype_binary_20000,7,430,layer_1,207,c3: ka_concept_1.c9 IS LOW,3.3114335536956787
covtype_binary_20000,7,431,layer_0,303,c5: Wilderness_Area_1 IS absent,3.3079583644866943
covtype_binary_20000,7,432,layer_0,677,c11: Soil_Type_33 IS present,3.268693447113037
covtype_binary_20000,7,433,layer_0,165,c2: Hillshade_9am IS LOW,3.1672728061676025
covtype_binary_20000,7,434,layer_0,217,c3: Hillshade_9am IS MEDIUM,3.157156229019165
covtype_binary_20000,7,435,layer_0,461,c7: Wilderness_Area_2 IS present,3.095921277999878
covtype_binary_20000,7,436,layer_0,567,c9: Horizontal_Distance_To_Fire_Points IS LOW,3.0613362789154053
covtype_binary_20000,7,437,layer_0,335,c5: Soil_Type_4 IS present,3.0389440059661865
covtype_binary_20000,7,438,layer_0,264,c4: Soil_Type_40 IS absent,3.030742883682251
covtype_binary_20000,7,439,layer_0,26,c0: Soil_Type_38 IS present,2.999709367752075
covtype_binary_20000,7,440,layer_0,519,c8: Wilderness_Area_4 IS absent,2.9928808212280273
covtype_binary_20000,7,441,layer_0,162,c2: Soil_Type_40 IS absent,2.9911952018737793
covtype_binary_20000,7,442,layer_1,326,c5: ka_concept_1.c8 IS HIGH,2.951686143875122
covtype_binary_20000,7,443,layer_0,425,c7: Wilderness_Area_2 IS present,2.9362332820892334
covtype_binary_20000,7,444,layer_0,707,c11: Vertical_Distance_To_Hydrology IS HIGH,2.9305858612060547
covtype_binary_20000,7,445,layer_0,693,c11: Soil_Type_30 IS absent,2.905717372894287
covtype_binary_20000,7,446,layer_0,56,c0: Vertical_Distance_To_Hydrology IS HIGH,2.815997362136841
covtype_binary_20000,7,447,layer_0,209,c3: Vertical_Distance_To_Hydrology IS HIGH,2.796201705932617
covtype_binary_20000,7,448,layer_0,681,c11: Wilderness_Area_1 IS absent,2.760868787765503
covtype_binary_20000,7,449,layer_0,45,c0: Hillshade_Noon IS LOW,2.7467448711395264
covtype_binary_20000,7,450,layer_0,114,c1: Hillshade_9am IS LOW,2.744316339492798
covtype_binary_20000,7,451,layer_0,535,c8: Horizontal_Distance_To_Hydrology IS MEDIUM,2.732327699661255
covtype_binary_20000,7,452,layer_0,717,c11: Wilderness_Area_1 IS absent,2.731949806213379
covtype_binary_20000,7,453,layer_1,87,c1: ka_concept_1.c9 IS LOW,2.653933048248291
covtype_binary_20000,7,454,layer_1,81,c1: ka_concept_1.c7 IS LOW,2.576941728591919
covtype_binary_20000,7,455,layer_1,192,c3: ka_concept_1.c4 IS LOW,2.5708916187286377
covtype_binary_20000,7,456,layer_0,645,c10: Hillshade_Noon IS LOW,2.530606985092163
covtype_binary_20000,7,457,layer_1,319,c5: ka_concept_1.c6 IS MEDIUM,2.5100247859954834
covtype_binary_20000,7,458,layer_1,49,c0: projection_4 IS MEDIUM,2.488440752029419
covtype_binary_20000,7,459,layer_0,32,c0: Wilderness_Area_2 IS present,2.449084520339966
covtype_binary_20000,7,460,layer_0,413,c6: Soil_Type_24 IS present,2.438037872314453
covtype_binary_20000,7,461,layer_1,17,c0: ka_concept_1.c5 IS HIGH,2.4251015186309814
covtype_binary_20000,7,462,layer_1,63,c1: ka_concept_1.c1 IS LOW,2.4185409545898438
covtype_binary_20000,7,463,layer_0,194,c3: Wilderness_Area_4 IS present,2.3867175579071045
covtype_binary_20000,7,464,layer_0,230,c3: Wilderness_Area_4 IS present,2.3867132663726807
covtype_binary_20000,7,465,layer_1,103,c1: projection_2 IS MEDIUM,2.3518733978271484
covtype_binary_20000,7,466,layer_1,206,c3: ka_concept_1.c8 IS HIGH,2.3366615772247314
covtype_binary_20000,7,467,layer_0,328,c5: Hillshade_3pm IS MEDIUM,2.3279547691345215
covtype_binary_20000,7,468,layer_0,564,c9: Soil_Type_24 IS absent,2.3236355781555176
covtype_binary_20000,7,469,layer_1,27,c0: ka_concept_1.c9 IS LOW,2.3195881843566895
covtype_binary_20000,7,470,layer_0,506,c8: Soil_Type_32 IS present,2.3151447772979736
covtype_binary_20000,7,471,layer_1,333,c5: ka_concept_1.c11 IS LOW,2.2989723682403564
covtype_binary_20000,7,472,layer_1,327,c5: ka_concept_1.c9 IS LOW,2.262923240661621
covtype_binary_20000,7,473,layer_0,672,c11: Wilderness_Area_4 IS absent,2.2130110263824463
covtype_binary_20000,7,474,layer_1,309,c5: ka_concept_1.c3 IS LOW,2.202277660369873
covtype_binary_20000,7,475,layer_0,584,c9: Soil_Type_11 IS present,2.1981167793273926
covtype_binary_20000,7,476,layer_0,501,c8: Wilderness_Area_3 IS absent,2.1702704429626465
covtype_binary_20000,7,477,layer_0,291,c4: Soil_Type_2 IS absent,2.1525449752807617
covtype_binary_20000,7,478,layer_0,224,c3: Soil_Type_13 IS present,2.13077449798584
covtype_binary_20000,7,479,layer_0,348,c5: Wilderness_Area_3 IS absent,2.083793878555298
covtype_binary_20000,7,480,layer_1,229,c3: projection_4 IS MEDIUM,2.0375845432281494
covtype_binary_20000,7,481,layer_0,572,c9: Wilderness_Area_4 IS present,2.0152177810668945
covtype_binary_20000,7,482,layer_0,135,c2: Soil_Type_39 IS absent,2.012085437774658
covtype_binary_20000,7,483,layer_0,465,c7: Horizontal_Distance_To_Fire_Points IS LOW,2.0113184452056885
covtype_binary_20000,7,484,layer_1,183,c3: ka_concept_1.c1 IS LOW,1.9956676959991455
covtype_binary_20000,7,485,layer_0,75,c1: Soil_Type_38 IS absent,1.957740068435669
covtype_binary_20000,7,486,layer_1,324,c5: ka_concept_1.c8 IS LOW,1.8753150701522827
covtype_binary_20000,7,487,layer_1,80,c1: ka_concept_1.c6 IS HIGH,1.852589726448059
covtype_binary_20000,7,488,layer_0,207,c3: Vertical_Distance_To_Hydrology IS LOW,1.8474963903427124
covtype_binary_20000,7,489,projection_layer,19,"pursuit_6(Horizontal_Distance_To_Roadways, Soil_Type_38, Wilderness_Area_2, Soil_Type_18) IS MEDIUM",1.8223538398742676
covtype_binary_20000,7,490,layer_0,173,c2: Soil_Type_13 IS present,1.8174806833267212
covtype_binary_20000,7,491,layer_1,191,c3: ka_concept_1.c3 IS HIGH,1.812581181526184
covtype_binary_20000,7,492,layer_1,222,c3: projection_2 IS LOW,1.8042802810668945
covtype_binary_20000,7,493,layer_0,275,c4: Soil_Type_13 IS present,1.7841565608978271
covtype_binary_20000,7,494,layer_1,12,c0: ka_concept_1.c4 IS LOW,1.767181634902954
covtype_binary_20000,7,495,layer_1,237,c3: projection_7 IS LOW,1.7654818296432495
covtype_binary_20000,7,496,layer_0,121,c2: Horizontal_Distance_To_Fire_Points IS MEDIUM,1.7487086057662964
covtype_binary_20000,7,497,layer_0,116,c1: Hillshade_9am IS HIGH,1.7478958368301392
covtype_binary_20000,7,498,layer_0,6,c0: Soil_Type_12 IS absent,1.7285315990447998
covtype_binary_20000,7,499,layer_1,71,c1: ka_concept_1.c3 IS HIGH,1.7180629968643188
covtype_binary_20000,7,500,layer_1,20,c0: ka_concept_1.c6 IS HIGH,1.717716097831726
covtype_binary_20000,7,501,layer_1,205,c3: ka_concept_1.c8 IS MEDIUM,1.7092204093933105
covtype_binary_20000,7,502,layer_1,196,c3: ka_concept_1.c5 IS MEDIUM,1.7088837623596191
covtype_binary_20000,7,503,layer_0,614,c10: Wilderness_Area_2 IS present,1.6966966390609741
covtype_binary_20000,7,504,layer_0,650,c10: Wilderness_Area_2 IS present,1.6899899244308472
covtype_binary_20000,7,505,layer_1,194,c3: ka_concept_1.c4 IS HIGH,1.6816222667694092
covtype_binary_20000,7,506,layer_0,483,c8: Wilderness_Area_4 IS absent,1.668121099472046
covtype_binary_20000,7,507,layer_0,260,c4: Vertical_Distance_To_Hydrology IS HIGH,1.6664081811904907
covtype_binary_20000,7,508,layer_1,102,c1: projection_2 IS LOW,1.6643956899642944
covtype_binary_20000,7,509,layer_0,653,c10: Soil_Type_10 IS present,1.6437890529632568
covtype_binary_20000,7,510,layer_1,301,c5: ka_concept_1.c0 IS MEDIUM,1.6389776468276978
covtype_binary_20000,7,511,layer_1,190,c3: ka_concept_1.c3 IS MEDIUM,1.6344047784805298
covtype_binary_20000,7,512,layer_0,656,c10: Vertical_Distance_To_Hydrology IS HIGH,1.6249622106552124
covtype_binary_20000,7,513,layer_0,395,c6: Soil_Type_2 IS present,1.6028727293014526
covtype_binary_20000,7,514,layer_1,330,c5: ka_concept_1.c10 IS LOW,1.599449872970581
covtype_binary_20000,7,515,layer_1,109,c1: projection_4 IS MEDIUM,1.58790123462677
covtype_binary_20000,7,516,layer_1,320,c5: ka_concept_1.c6 IS HIGH,1.5744184255599976
covtype_binary_20000,7,517,layer_0,107,c1: Vertical_Distance_To_Hydrology IS HIGH,1.5740240812301636
covtype_binary_20000,7,518,layer_1,323,c5: ka_concept_1.c7 IS HIGH,1.5528817176818848
covtype_binary_20000,7,519,layer_1,225,c3: projection_3 IS LOW,1.5430793762207031
covtype_binary_20000,7,520,layer_1,226,c3: projection_3 IS MEDIUM,1.5410010814666748
covtype_binary_20000,7,521,layer_0,644,c10: Soil_Type_30 IS present,1.5295170545578003
covtype_binary_20000,7,522,layer_1,23,c0: ka_concept_1.c7 IS HIGH,1.5211098194122314
covtype_binary_20000,7,523,layer_0,512,c8: Wilderness_Area_2 IS present,1.5200974941253662
covtype_binary_20000,7,524,layer_1,315,c5: ka_concept_1.c5 IS LOW,1.5128918886184692
covtype_binary_20000,7,525,layer_0,66,c1: Soil_Type_22 IS absent,1.509207010269165
covtype_binary_20000,7,526,layer_0,557,c9: Soil_Type_32 IS present,1.4614704847335815
covtype_binary_20000,7,527,layer_0,617,c10: Soil_Type_24 IS present,1.4472568035125732
covtype_binary_20000,7,528,layer_0,665,c11: Wilderness_Area_2 IS present,1.4387537240982056
covtype_binary_20000,7,529,layer_0,701,c11: Wilderness_Area_2 IS present,1.4387537240982056
covtype_binary_20000,7,530,layer_0,537,c8: Wilderness_Area_3 IS absent,1.415122389793396
covtype_binary_20000,7,531,layer_1,180,c3: ka_concept_1.c0 IS LOW,1.4144023656845093
covtype_binary_20000,7,532,layer_1,19,c0: ka_concept_1.c6 IS MEDIUM,1.406645655632019
covtype_binary_20000,7,533,layer_0,524,c8: Soil_Type_33 IS present,1.4052789211273193
covtype_binary_20000,7,534,layer_0,515,c8: Soil_Type_24 IS present,1.3637973070144653
covtype_binary_20000,7,535,layer_1,329,c5: ka_concept_1.c9 IS HIGH,1.3411109447479248
covtype_binary_20000,7,536,layer_1,336,c5: projection_0 IS LOW,1.3335539102554321
covtype_binary_20000,7,537,layer_1,117,c1: projection_7 IS LOW,1.3301602602005005
covtype_binary_20000,7,538,layer_0,101,c1: Wilderness_Area_1 IS present,1.3054808378219604
covtype_binary_20000,7,539,layer_0,377,c6: Soil_Type_13 IS present,1.2801284790039062
covtype_binary_20000,7,540,layer_1,48,c0: projection_4 IS LOW,1.2761839628219604
covtype_binary_20000,7,541,layer_1,25,c0: ka_concept_1.c8 IS MEDIUM,1.2676759958267212
covtype_binary_20000,7,542,layer_0,410,c6: Wilderness_Area_2 IS present,1.2463124990463257
covtype_binary_20000,7,543,layer_1,331,c5: ka_concept_1.c10 IS MEDIUM,1.2355974912643433
covtype_binary_20000,7,544,layer_1,78,c1: ka_concept_1.c6 IS LOW,1.2062315940856934
covtype_binary_20000,7,545,layer_1,46,c0: projection_3 IS MEDIUM,1.2046195268630981
covtype_binary_20000,7,546,layer_1,26,c0: ka_concept_1.c8 IS HIGH,1.1945854425430298
covtype_binary_20000,7,547,layer_1,57,c0: projection_7 IS LOW,1.189853310585022
covtype_binary_20000,7,548,layer_1,189,c3: ka_concept_1.c3 IS LOW,1.1712075471878052
covtype_binary_20000,7,549,layer_0,374,c6: Wilderness_Area_2 IS present,1.16571843624115
covtype_binary_20000,7,550,layer_0,63,c1: Wilderness_Area_1 IS absent,1.1529865264892578
covtype_binary_20000,7,551,layer_0,626,c10: Soil_Type_33 IS present,1.1512547731399536
covtype_binary_20000,7,552,layer_0,8,c0: Soil_Type_12 IS present,1.1388366222381592
covtype_binary_20000,7,553,layer_0,503,c8: Wilderness_Area_3 IS present,1.125697135925293
covtype_binary_20000,7,554,layer_1,349,c5: projection_4 IS MEDIUM,1.125171184539795
covtype_binary_20000,7,555,layer_1,318,c5: ka_concept_1.c6 IS LOW,1.1183274984359741
covtype_binary_20000,7,556,layer_1,228,c3: projection_4 IS LOW,1.10956871509552
covtype_binary_20000,7,557,layer_1,350,c5: projection_4 IS HIGH,1.108208417892456
covtype_binary_20000,7,558,layer_1,60,c1: ka_concept_1.c0 IS LOW,1.1081668138504028
covtype_binary_20000,7,559,layer_1,79,c1: ka_concept_1.c6 IS MEDIUM,1.0952482223510742
covtype_binary_20000,7,560,layer_1,213,c3: ka_concept_1.c11 IS LOW,1.0949809551239014
covtype_binary_20000,7,561,layer_0,635,c10: Soil_Type_11 IS present,1.094828486442566
covtype_binary_20000,7,562,layer_1,345,c5: projection_3 IS LOW,1.087117314338684
covtype_binary_20000,7,563,layer_1,354,c5: projection_6 IS LOW,1.0843063592910767
covtype_binary_20000,7,564,layer_0,353,c5: Soil_Type_32 IS present,1.077711582183838
covtype_binary_20000,7,565,layer_1,77,c1: ka_concept_1.c5 IS HIGH,1.0772806406021118
covtype_binary_20000,7,566,layer_1,316,c5: ka_concept_1.c5 IS MEDIUM,1.0678253173828125
covtype_binary_20000,7,567,layer_1,234,c3: projection_6 IS LOW,1.063530683517456
covtype_binary_20000,7,568,layer_0,326,c5: Soil_Type_13 IS present,1.061667799949646
covtype_binary_20000,7,569,layer_1,203,c3: ka_concept_1.c7 IS HIGH,1.0610719919204712
covtype_binary_20000,7,570,projection_layer,11,"pursuit_3(Slope, Soil_Type_12, Soil_Type_13, Soil_Type_1) IS HIGH",1.0566266775131226
covtype_binary_20000,7,571,layer_0,123,c2: Wilderness_Area_3 IS absent,1.0528755187988281
covtype_binary_20000,7,572,layer_1,72,c1: ka_concept_1.c4 IS LOW,1.0527241230010986
covtype_binary_20000,7,573,layer_1,33,c0: ka_concept_1.c11 IS LOW,1.0331106185913086
covtype_binary_20000,7,574,layer_1,214,c3: ka_concept_1.c11 IS MEDIUM,1.0213887691497803
covtype_binary_20000,7,575,layer_0,195,c3: Soil_Type_23 IS absent,1.0212855339050293
covtype_binary_20000,7,576,layer_0,233,c3: Soil_Type_4 IS present,1.0119616985321045
covtype_binary_20000,7,577,layer_1,339,c5: projection_1 IS LOW,1.0028345584869385
covtype_binary_20000,7,578,layer_0,332,c5: Wilderness_Area_4 IS present,1.0023319721221924
covtype_binary_20000,7,579,layer_0,344,c5: Soil_Type_2 IS present,0.9970776438713074
covtype_binary_20000,7,580,layer_1,322,c5: ka_concept_1.c7 IS MEDIUM,0.987306535243988
covtype_binary_20000,7,581,layer_1,54,c0: projection_6 IS LOW,0.9826915860176086
covtype_binary_20000,7,582,layer_1,313,c5: ka_concept_1.c4 IS MEDIUM,0.9817242622375488
covtype_binary_20000,7,583,layer_1,82,c1: ka_concept_1.c7 IS MEDIUM,0.9763495326042175
covtype_binary_20000,7,584,layer_0,339,c5: Wilderness_Area_1 IS absent,0.9672591090202332
covtype_binary_20000,7,585,layer_0,5,c0: Wilderness_Area_4 IS present,0.9549016356468201
covtype_binary_20000,7,586,layer_0,159,c2: Wilderness_Area_3 IS absent,0.9544891119003296
covtype_binary_20000,7,587,layer_0,404,c6: Soil_Type_32 IS present,0.9500099420547485
covtype_binary_20000,7,588,layer_0,41,c0: Wilderness_Area_4 IS present,0.9477079510688782
covtype_binary_20000,7,589,layer_1,107,c1: projection_3 IS HIGH,0.9418785572052002
covtype_binary_20000,7,590,layer_0,440,c7: Slope IS HIGH,0.9246639013290405
covtype_binary_20000,7,591,layer_1,219,c3: projection_1 IS LOW,0.9122811555862427
covtype_binary_20000,7,592,layer_1,317,c5: ka_concept_1.c5 IS HIGH,0.9096167087554932
covtype_binary_20000,7,593,layer_1,83,c1: ka_concept_1.c7 IS HIGH,0.9092044830322266
covtype_binary_20000,7,594,layer_1,216,c3: projection_0 IS LOW,0.9090676307678223
covtype_binary_20000,7,595,layer_0,99,c1: Wilderness_Area_1 IS absent,0.9063219428062439
covtype_binary_20000,7,596,layer_0,453,c7: Soil_Type_32 IS absent,0.8888455629348755
covtype_binary_20000,7,597,layer_0,599,c9: Wilderness_Area_2 IS present,0.8830773830413818
covtype_binary_20000,7,598,layer_0,621,c10: Wilderness_Area_4 IS absent,0.8620744347572327
covtype_binary_20000,7,599,layer_0,134,c2: Wilderness_Area_2 IS present,0.8589559197425842
covtype_binary_20000,7,600,layer_0,170,c2: Wilderness_Area_2 IS present,0.8568353056907654
covtype_binary_20000,7,601,layer_1,227,c3: projection_3 IS HIGH,0.8490921854972839
covtype_binary_20000,7,602,layer_1,39,c0: projection_1 IS LOW,0.8458921909332275
covtype_binary_20000,7,603,layer_1,91,c1: ka_concept_1.c10 IS MEDIUM,0.8131064176559448
covtype_binary_20000,7,604,layer_0,563,c9: Wilderness_Area_2 IS present,0.8121762871742249
covtype_binary_20000,7,605,layer_0,179,c2: Wilderness_Area_4 IS present,0.7945544719696045
covtype_binary_20000,7,606,layer_0,143,c2: Wilderness_Area_4 IS present,0.787351131439209
covtype_binary_20000,7,607,layer_0,480,c8: Hillshade_3pm IS LOW,0.7757229208946228
covtype_binary_20000,7,608,projection_layer,2,"pursuit_0(Horizontal_Distance_To_Fire_Points, Hillshade_3pm, Soil_Type_29, Soil_Type_4) IS HIGH",0.7682221531867981
covtype_binary_20000,7,609,layer_1,202,c3: ka_concept_1.c7 IS MEDIUM,0.7631675601005554
covtype_binary_20000,7,610,layer_0,702,c11: Soil_Type_10 IS absent,0.754864513874054
covtype_binary_20000,7,611,layer_1,310,c5: ka_concept_1.c3 IS MEDIUM,0.7532145380973816
covtype_binary_20000,7,612,layer_0,203,c3: Wilderness_Area_1 IS present,0.7514274716377258
covtype_binary_20000,7,613,layer_0,215,c3: Soil_Type_40 IS present,0.7441877722740173
covtype_binary_20000,7,614,layer_1,110,c1: projection_4 IS HIGH,0.7432087659835815
covtype_binary_20000,7,615,layer_1,6,c0: ka_concept_1.c2 IS LOW,0.7391753196716309
covtype_binary_20000,7,616,layer_1,16,c0: ka_concept_1.c5 IS MEDIUM,0.7219839096069336
covtype_binary_20000,7,617,layer_1,69,c1: ka_concept_1.c3 IS LOW,0.7094524502754211
covtype_binary_20000,7,618,layer_1,43,c0: projection_2 IS MEDIUM,0.707237720489502
covtype_binary_20000,7,619,layer_0,83,c1: Wilderness_Area_2 IS present,0.7020035982131958
covtype_binary_20000,7,620,layer_0,119,c1: Wilderness_Area_2 IS present,0.6977238059043884
covtype_binary_20000,7,621,layer_1,75,c1: ka_concept_1.c5 IS LOW,0.6946935057640076
covtype_binary_20000,7,622,layer_0,323,c5: Wilderness_Area_2 IS present,0.6929318904876709
covtype_binary_20000,7,623,layer_0,593,c9: Soil_Type_30 IS present,0.6921026110649109
covtype_binary_20000,7,624,layer_0,84,c1: Soil_Type_39 IS absent,0.6739383935928345
covtype_binary_20000,7,625,projection_layer,14,"pursuit_4(Horizontal_Distance_To_Hydrology, Soil_Type_22, Soil_Type_30, Soil_Type_35) IS HIGH",0.6656513810157776
covtype_binary_20000,7,626,layer_1,231,c3: projection_5 IS LOW,0.655950665473938
covtype_binary_20000,7,627,layer_0,368,c6: Soil_Type_40 IS present,0.6377310156822205
covtype_binary_20000,7,628,layer_1,212,c3: ka_concept_1.c10 IS HIGH,0.6215656995773315
covtype_binary_20000,7,629,layer_1,209,c3: ka_concept_1.c9 IS HIGH,0.6121311187744141
covtype_binary_20000,7,630,layer_1,114,c1: projection_6 IS LOW,0.6110879182815552
covtype_binary_20000,7,631,layer_0,35,c0: Soil_Type_39 IS present,0.6075056791305542
covtype_binary_20000,7,632,layer_1,181,c3: ka_concept_1.c0 IS MEDIUM,0.6058801412582397
covtype_binary_20000,7,633,layer_1,76,c1: ka_concept_1.c5 IS MEDIUM,0.605496883392334
covtype_binary_20000,7,634,layer_1,96,c1: projection_0 IS LOW,0.6042818427085876
covtype_binary_20000,7,635,layer_1,1,c0: ka_concept_1.c0 IS MEDIUM,0.5931070446968079
covtype_binary_20000,7,636,layer_0,566,c9: Soil_Type_24 IS present,0.5903703570365906
covtype_binary_20000,7,637,layer_1,18,c0: ka_concept_1.c6 IS LOW,0.5897890329360962
covtype_binary_20000,7,638,layer_1,47,c0: projection_3 IS HIGH,0.587250828742981
covtype_binary_20000,7,639,layer_0,437,c7: Soil_Type_4 IS present,0.5717275738716125
covtype_binary_20000,7,640,layer_1,195,c3: ka_concept_1.c5 IS LOW,0.5671600699424744
covtype_binary_20000,7,641,layer_0,266,c4: Soil_Type_40 IS present,0.5606691241264343
covtype_binary_20000,7,642,layer_1,334,c5: ka_concept_1.c11 IS MEDIUM,0.5604819059371948
covtype_binary_20000,7,643,layer_1,42,c0: projection_2 IS LOW,0.5508984327316284
covtype_binary_20000,7,644,layer_1,29,c0: ka_concept_1.c9 IS HIGH,0.5450314283370972
covtype_binary_20000,7,645,layer_1,344,c5: projection_2 IS HIGH,0.5436723232269287
covtype_binary_20000,7,646,layer_1,58,c0: projection_7 IS MEDIUM,0.541208803653717
covtype_binary_20000,7,647,layer_0,474,c7: Aspect IS LOW,0.5412065982818604
covtype_binary_20000,7,648,layer_1,11,c0: ka_concept_1.c3 IS HIGH,0.5294560790061951
covtype_binary_20000,7,649,layer_0,197,c3: Soil_Type_23 IS present,0.5207387804985046
covtype_binary_20000,7,650,layer_0,473,c7: Soil_Type_33 IS present,0.5161755681037903
covtype_binary_20000,7,651,layer_1,50,c0: projection_4 IS HIGH,0.511015772819519
covtype_binary_20000,7,652,layer_1,199,c3: ka_concept_1.c6 IS MEDIUM,0.51096510887146
covtype_binary_20000,7,653,layer_1,92,c1: ka_concept_1.c10 IS HIGH,0.5068399906158447
covtype_binary_20000,7,654,layer_0,125,c2: Wilderness_Area_3 IS present,0.49590250849723816
covtype_binary_20000,7,655,layer_0,419,c6: Wilderness_Area_4 IS present,0.49460259079933167
covtype_binary_20000,7,656,layer_1,51,c0: projection_5 IS LOW,0.4904716908931732
covtype_binary_20000,7,657,layer_1,74,c1: ka_concept_1.c4 IS HIGH,0.4881846606731415
covtype_binary_20000,7,658,layer_1,204,c3: ka_concept_1.c8 IS LOW,0.4864121973514557
covtype_binary_20000,7,659,layer_0,47,c0: Hillshade_Noon IS HIGH,0.48372313380241394
covtype_binary_20000,7,660,layer_0,533,c8: Soil_Type_11 IS present,0.48065808415412903
covtype_binary_20000,7,661,layer_0,632,c10: Wilderness_Area_1 IS present,0.4783991575241089
covtype_binary_20000,7,662,layer_0,158,c2: Vertical_Distance_To_Hydrology IS HIGH,0.4754713475704193
covtype_binary_20000,7,663,layer_0,161,c2: Wilderness_Area_3 IS present,0.4741699993610382
covtype_binary_20000,7,664,layer_0,293,c4: Soil_Type_2 IS present,0.4737011194229126
covtype_binary_20000,7,665,layer_0,221,c3: Wilderness_Area_2 IS present,0.4620231091976166
covtype_binary_20000,7,666,layer_0,185,c3: Wilderness_Area_2 IS present,0.4594632089138031
covtype_binary_20000,7,667,layer_1,99,c1: projection_1 IS LOW,0.4589419662952423
covtype_binary_20000,7,668,layer_0,488,c8: Soil_Type_4 IS present,0.45464757084846497
covtype_binary_20000,7,669,layer_1,304,c5: ka_concept_1.c1 IS MEDIUM,0.45135271549224854
covtype_binary_20000,7,670,layer_0,359,c5: Wilderness_Area_2 IS present,0.4501335918903351
covtype_binary_20000,7,671,layer_1,105,c1: projection_3 IS LOW,0.44975370168685913
covtype_binary_20000,7,672,layer_1,7,c0: ka_concept_1.c2 IS MEDIUM,0.4457535743713379
covtype_binary_20000,7,673,layer_0,668,c11: Soil_Type_24 IS present,0.4431288242340088
covtype_binary_20000,7,674,layer_1,70,c1: ka_concept_1.c3 IS MEDIUM,0.4403935670852661
covtype_binary_20000,7,675,layer_0,411,c6: Soil_Type_24 IS absent,0.4402228593826294
covtype_binary_20000,7,676,layer_0,497,c8: Soil_Type_2 IS present,0.4326144754886627
covtype_binary_20000,7,677,layer_1,0,c0: ka_concept_1.c0 IS LOW,0.42539969086647034
covtype_binary_20000,7,678,layer_0,234,c3: Slope IS LOW,0.42271849513053894
covtype_binary_20000,7,679,layer_1,89,c1: ka_concept_1.c9 IS HIGH,0.42008936405181885
covtype_binary_20000,7,680,layer_1,193,c3: ka_concept_1.c4 IS MEDIUM,0.40994036197662354
covtype_binary_20000,7,681,layer_1,14,c0: ka_concept_1.c4 IS HIGH,0.4046642780303955
covtype_binary_20000,7,682,layer_1,10,c0: ka_concept_1.c3 IS MEDIUM,0.3864695727825165
covtype_binary_20000,7,683,layer_1,4,c0: ka_concept_1.c1 IS MEDIUM,0.3803052604198456
covtype_binary_20000,7,684,layer_0,65,c1: Wilderness_Area_1 IS present,0.37294796109199524
covtype_binary_20000,7,685,layer_1,31,c0: ka_concept_1.c10 IS MEDIUM,0.3680436313152313
covtype_binary_20000,7,686,layer_0,312,c5: Wilderness_Area_3 IS absent,0.3677551746368408
covtype_binary_20000,7,687,layer_1,73,c1: ka_concept_1.c4 IS MEDIUM,0.3638675808906555
covtype_binary_20000,7,688,layer_0,383,c6: Wilderness_Area_4 IS present,0.3537498712539673
covtype_binary_20000,7,689,layer_1,351,c5: projection_5 IS LOW,0.3484281897544861
covtype_binary_20000,7,690,layer_1,182,c3: ka_concept_1.c0 IS HIGH,0.321684867143631
covtype_binary_20000,7,691,layer_1,94,c1: ka_concept_1.c11 IS MEDIUM,0.3190734386444092
covtype_binary_20000,7,692,layer_1,85,c1: ka_concept_1.c8 IS MEDIUM,0.3160962462425232
covtype_binary_20000,7,693,layer_1,93,c1: ka_concept_1.c11 IS LOW,0.308602899312973
covtype_binary_20000,7,694,layer_1,187,c3: ka_concept_1.c2 IS MEDIUM,0.29573822021484375
covtype_binary_20000,7,695,layer_1,13,c0: ka_concept_1.c4 IS MEDIUM,0.2900889813899994
covtype_binary_20000,7,696,layer_1,88,c1: ka_concept_1.c9 IS MEDIUM,0.28939998149871826
covtype_binary_20000,7,697,layer_1,35,c0: ka_concept_1.c11 IS HIGH,0.284322589635849
covtype_binary_20000,7,698,layer_1,119,c1: projection_7 IS HIGH,0.27922114729881287
covtype_binary_20000,7,699,layer_0,704,c11: Soil_Type_10 IS present,0.27344557642936707
covtype_binary_20000,7,700,layer_1,314,c5: ka_concept_1.c4 IS HIGH,0.27108675241470337
covtype_binary_20000,7,701,layer_1,64,c1: ka_concept_1.c1 IS MEDIUM,0.26838019490242004
covtype_binary_20000,7,702,layer_0,686,c11: Soil_Type_11 IS present,0.2675305902957916
covtype_binary_20000,7,703,layer_1,210,c3: ka_concept_1.c10 IS LOW,0.26674434542655945
covtype_binary_20000,7,704,layer_1,325,c5: ka_concept_1.c8 IS MEDIUM,0.26367586851119995
covtype_binary_20000,7,705,layer_1,307,c5: ka_concept_1.c2 IS MEDIUM,0.26096686720848083
covtype_binary_20000,7,706,layer_1,15,c0: ka_concept_1.c5 IS LOW,0.25944918394088745
covtype_binary_20000,7,707,layer_1,208,c3: ka_concept_1.c9 IS MEDIUM,0.2571108341217041
covtype_binary_20000,7,708,layer_1,67,c1: ka_concept_1.c2 IS MEDIUM,0.25260820984840393
covtype_binary_20000,7,709,layer_1,104,c1: projection_2 IS HIGH,0.247812882065773
covtype_binary_20000,7,710,layer_1,66,c1: ka_concept_1.c2 IS LOW,0.23720203340053558
covtype_binary_20000,7,711,layer_1,22,c0: ka_concept_1.c7 IS MEDIUM,0.23142461478710175
covtype_binary_20000,7,712,layer_1,118,c1: projection_7 IS MEDIUM,0.22994299232959747
covtype_binary_20000,7,713,layer_1,30,c0: ka_concept_1.c10 IS LOW,0.2262742966413498
covtype_binary_20000,7,714,layer_1,28,c0: ka_concept_1.c9 IS MEDIUM,0.2256503850221634
covtype_binary_20000,7,715,layer_0,77,c1: Soil_Type_38 IS present,0.22532226145267487
covtype_binary_20000,7,716,layer_1,303,c5: ka_concept_1.c1 IS LOW,0.22426597774028778
covtype_binary_20000,7,717,layer_1,328,c5: ka_concept_1.c9 IS MEDIUM,0.2173016369342804
covtype_binary_20000,7,718,layer_0,92,c1: Wilderness_Area_4 IS present,0.2111918330192566
covtype_binary_20000,7,719,layer_1,9,c0: ka_concept_1.c3 IS LOW,0.20089291036128998
covtype_binary_20000,7,720,layer_1,62,c1: ka_concept_1.c0 IS HIGH,0.2007712423801422
covtype_binary_20000,7,721,projection_layer,20,"pursuit_6(Horizontal_Distance_To_Roadways, Soil_Type_38, Wilderness_Area_2, Soil_Type_18) IS HIGH",0.19255752861499786
covtype_binary_20000,7,722,layer_1,44,c0: projection_2 IS HIGH,0.1922106146812439
covtype_binary_20000,7,723,layer_0,539,c8: Wilderness_Area_3 IS present,0.18188010156154633
covtype_binary_20000,7,724,layer_1,224,c3: projection_2 IS HIGH,0.17835302650928497
covtype_binary_20000,7,725,layer_1,332,c5: ka_concept_1.c10 IS HIGH,0.17811189591884613
covtype_binary_20000,7,726,layer_0,521,c8: Wilderness_Area_4 IS present,0.16918879747390747
covtype_binary_20000,7,727,layer_1,111,c1: projection_5 IS LOW,0.1681496948003769
covtype_binary_20000,7,728,layer_1,238,c3: projection_7 IS MEDIUM,0.16773848235607147
covtype_binary_20000,7,729,layer_1,45,c0: projection_3 IS LOW,0.16660864651203156
covtype_binary_20000,7,730,layer_1,306,c5: ka_concept_1.c2 IS LOW,0.16243422031402588
covtype_binary_20000,7,731,layer_0,284,c4: Soil_Type_4 IS present,0.16132868826389313
covtype_binary_20000,7,732,layer_0,623,c10: Wilderness_Area_4 IS present,0.1612805724143982
covtype_binary_20000,7,733,layer_1,359,c5: projection_7 IS HIGH,0.15313100814819336
covtype_binary_20000,7,734,layer_1,347,c5: projection_3 IS HIGH,0.14797435700893402
covtype_binary_20000,7,735,layer_1,321,c5: ka_concept_1.c7 IS LOW,0.14678899943828583
covtype_binary_20000,7,736,layer_0,239,c3: Wilderness_Area_1 IS present,0.13524669408798218
covtype_binary_20000,7,737,layer_0,188,c3: Soil_Type_39 IS present,0.130701944231987
covtype_binary_20000,7,738,layer_1,36,c0: projection_0 IS LOW,0.1305338591337204
covtype_binary_20000,7,739,layer_1,61,c1: ka_concept_1.c0 IS MEDIUM,0.12954716384410858
covtype_binary_20000,7,740,layer_1,239,c3: projection_7 IS HIGH,0.120656818151474
covtype_binary_20000,7,741,layer_1,223,c3: projection_2 IS MEDIUM,0.1206369623541832
covtype_binary_20000,7,742,layer_1,86,c1: ka_concept_1.c8 IS HIGH,0.11851997673511505
covtype_binary_20000,7,743,layer_0,68,c1: Soil_Type_22 IS present,0.11189267784357071
covtype_binary_20000,7,744,layer_1,230,c3: projection_4 IS HIGH,0.11067016422748566
covtype_binary_20000,7,745,layer_1,186,c3: ka_concept_1.c2 IS LOW,0.10838348418474197
covtype_binary_20000,7,746,layer_0,695,c11: Soil_Type_30 IS present,0.10578518360853195
covtype_binary_20000,7,747,layer_1,84,c1: ka_concept_1.c8 IS LOW,0.10320507735013962
covtype_binary_20000,7,748,layer_0,113,c1: Soil_Type_40 IS present,0.09828821569681168
covtype_binary_20000,7,749,layer_1,215,c3: ka_concept_1.c11 IS HIGH,0.09552427381277084
covtype_binary_20000,7,750,layer_1,106,c1: projection_3 IS MEDIUM,0.09343443810939789
covtype_binary_20000,7,751,layer_0,308,c5: Soil_Type_29 IS present,0.09173347055912018
covtype_binary_20000,7,752,layer_0,659,c10: Wilderness_Area_4 IS present,0.08893637359142303
covtype_binary_20000,7,753,layer_1,335,c5: ka_concept_1.c11 IS HIGH,0.08663570880889893
covtype_binary_20000,7,754,layer_1,311,c5: ka_concept_1.c3 IS HIGH,0.084567591547966
covtype_binary_20000,7,755,layer_1,184,c3: ka_concept_1.c1 IS MEDIUM,0.08335505425930023
covtype_binary_20000,7,756,layer_1,24,c0: ka_concept_1.c8 IS LOW,0.06846454739570618
covtype_binary_20000,7,757,layer_1,302,c5: ka_concept_1.c0 IS HIGH,0.06538201868534088
covtype_binary_20000,7,758,layer_0,86,c1: Soil_Type_39 IS present,0.06381861120462418
covtype_binary_20000,7,759,layer_0,137,c2: Soil_Type_39 IS present,0.06184981390833855
covtype_binary_20000,7,760,layer_1,90,c1: ka_concept_1.c10 IS LOW,0.058692917227745056
covtype_binary_20000,7,761,layer_1,2,c0: ka_concept_1.c0 IS HIGH,0.05760056525468826
covtype_binary_20000,7,762,layer_1,305,c5: ka_concept_1.c1 IS HIGH,0.04967381805181503
covtype_binary_20000,7,763,layer_1,185,c3: ka_concept_1.c1 IS HIGH,0.04868139699101448
covtype_binary_20000,7,764,layer_1,59,c0: projection_7 IS HIGH,0.04669501632452011
covtype_binary_20000,7,765,layer_1,188,c3: ka_concept_1.c2 IS HIGH,0.045600585639476776
covtype_binary_20000,7,766,layer_1,32,c0: ka_concept_1.c10 IS HIGH,0.044078461825847626
covtype_binary_20000,7,767,layer_0,164,c2: Soil_Type_40 IS present,0.042005039751529694
covtype_binary_20000,7,768,layer_0,548,c9: Soil_Type_2 IS present,0.04130127280950546
covtype_binary_20000,7,769,layer_1,65,c1: ka_concept_1.c1 IS HIGH,0.03946506604552269
covtype_binary_20000,7,770,layer_1,8,c0: ka_concept_1.c2 IS HIGH,0.039366383105516434
covtype_binary_20000,7,771,layer_1,97,c1: projection_0 IS MEDIUM,0.03711773082613945
covtype_binary_20000,7,772,layer_1,211,c3: ka_concept_1.c10 IS MEDIUM,0.03471812605857849
covtype_binary_20000,7,773,layer_1,95,c1: ka_concept_1.c11 IS HIGH,0.03381839394569397
covtype_binary_20000,7,774,layer_0,272,c4: Wilderness_Area_2 IS present,0.0325917974114418
covtype_binary_20000,7,775,layer_1,34,c0: ka_concept_1.c11 IS MEDIUM,0.029639948159456253
covtype_binary_20000,7,776,layer_1,37,c0: projection_0 IS MEDIUM,0.024118905887007713
covtype_binary_20000,7,777,projection_layer,7,"pursuit_2(Hillshade_Noon, Wilderness_Area_4, Soil_Type_23, Soil_Type_11) IS MEDIUM",0.023552648723125458
covtype_binary_20000,7,778,layer_0,710,c11: Wilderness_Area_4 IS present,0.02289571613073349
covtype_binary_20000,7,779,layer_0,674,c11: Wilderness_Area_4 IS present,0.020442906767129898
covtype_binary_20000,7,780,layer_1,308,c5: ka_concept_1.c2 IS HIGH,0.015430445782840252
covtype_binary_20000,7,781,layer_1,217,c3: projection_0 IS MEDIUM,0.012176131829619408
covtype_binary_20000,7,782,layer_1,355,c5: projection_6 IS MEDIUM,0.012130222283303738
covtype_binary_20000,7,783,layer_1,337,c5: projection_0 IS MEDIUM,0.010011930018663406
covtype_binary_20000,7,784,layer_1,340,c5: projection_1 IS MEDIUM,0.009640936739742756
covtype_binary_20000,7,785,layer_1,100,c1: projection_1 IS MEDIUM,0.007782546803355217
covtype_binary_20000,7,786,layer_1,55,c0: projection_6 IS MEDIUM,0.006592221558094025
covtype_binary_20000,7,787,layer_1,40,c0: projection_1 IS MEDIUM,0.005977247841656208
covtype_binary_20000,7,788,layer_1,358,c5: projection_7 IS MEDIUM,0.003724629059433937
covtype_binary_20000,7,789,layer_1,352,c5: projection_5 IS MEDIUM,0.003567808074876666
covtype_binary_20000,7,790,layer_1,68,c1: ka_concept_1.c2 IS HIGH,0.0034432539250701666
covtype_binary_20000,7,791,layer_1,220,c3: projection_1 IS MEDIUM,0.0032373324502259493
covtype_binary_20000,7,792,layer_1,52,c0: projection_5 IS MEDIUM,0.003146851435303688
covtype_binary_20000,7,793,layer_0,128,c2: Soil_Type_38 IS present,0.0030034752562642097
covtype_binary_20000,7,794,projection_layer,3,"pursuit_1(Elevation, Vertical_Distance_To_Hydrology, Soil_Type_40, Soil_Type_6) IS LOW",0.002842759480699897
covtype_binary_20000,7,795,layer_0,317,c5: Soil_Type_40 IS present,0.002753094770014286
covtype_binary_20000,7,796,layer_1,115,c1: projection_6 IS MEDIUM,0.0026184835005551577
covtype_binary_20000,7,797,layer_1,112,c1: projection_5 IS MEDIUM,0.002485211007297039
covtype_binary_20000,7,798,layer_1,232,c3: projection_5 IS MEDIUM,0.0022785854525864124
covtype_binary_20000,7,799,layer_1,235,c3: projection_6 IS MEDIUM,0.0016851529944688082
covtype_binary_20000,7,800,layer_1,5,c0: ka_concept_1.c1 IS HIGH,0.0014280399773269892
covtype_binary_20000,7,801,layer_1,163,c2: projection_2 IS MEDIUM,0.00023557870008517057
covtype_binary_20000,7,802,layer_1,283,c4: projection_2 IS MEDIUM,0.00023386001703329384
covtype_binary_20000,7,803,layer_1,168,c2: projection_4 IS LOW,0.00022700405679643154
covtype_binary_20000,7,804,layer_1,288,c4: projection_4 IS LOW,0.00022534873278345913
covtype_binary_20000,7,805,layer_1,177,c2: projection_7 IS LOW,0.00020973612845409662
covtype_binary_20000,7,806,layer_1,297,c4: projection_7 IS LOW,0.0002082027349388227
covtype_binary_20000,7,807,layer_1,166,c2: projection_3 IS MEDIUM,0.0001740218431223184
covtype_binary_20000,7,808,layer_1,286,c4: projection_3 IS MEDIUM,0.00017275182472076267
covtype_binary_20000,7,809,layer_1,159,c2: projection_1 IS LOW,0.0001691710203886032
covtype_binary_20000,7,810,layer_1,156,c2: projection_0 IS LOW,0.00016830459935590625
covtype_binary_20000,7,811,layer_1,279,c4: projection_1 IS LOW,0.00016794011753518134
covtype_binary_20000,7,812,layer_1,276,c4: projection_0 IS LOW,0.0001670735509833321
covtype_binary_20000,7,813,layer_1,120,c2: ka_concept_1.c0 IS LOW,0.00016612639592494816
covtype_binary_20000,7,814,layer_1,240,c4: ka_concept_1.c0 IS LOW,0.00016491636051796377
covtype_binary_20000,7,815,projection_layer,15,"pursuit_5(Hillshade_9am, Wilderness_Area_1, Soil_Type_10, Soil_Type_32) IS LOW",0.000155854198965244
covtype_binary_20000,7,816,layer_1,171,c2: projection_5 IS LOW,0.00015125400386750698
covtype_binary_20000,7,817,layer_1,291,c4: projection_5 IS LOW,0.0001501480583101511
covtype_binary_20000,7,818,layer_1,174,c2: projection_6 IS LOW,0.00014681147877126932
covtype_binary_20000,7,819,layer_1,153,c2: ka_concept_1.c11 IS LOW,0.00014590674254577607
covtype_binary_20000,7,820,layer_1,294,c4: projection_6 IS LOW,0.00014573807129636407
covtype_binary_20000,7,821,layer_1,273,c4: ka_concept_1.c11 IS LOW,0.00014483626000583172
covtype_binary_20000,7,822,layer_1,137,c2: ka_concept_1.c5 IS HIGH,0.00013712761574424803
covtype_binary_20000,7,823,layer_1,150,c2: ka_concept_1.c10 IS LOW,0.00013635653886012733
covtype_binary_20000,7,824,layer_1,257,c4: ka_concept_1.c5 IS HIGH,0.00013612318434752524
covtype_binary_20000,7,825,layer_1,270,c4: ka_concept_1.c10 IS LOW,0.00013534427853301167
covtype_binary_20000,7,826,layer_1,123,c2: ka_concept_1.c1 IS LOW,0.00012966735812369734
covtype_binary_20000,7,827,layer_1,243,c4: ka_concept_1.c1 IS LOW,0.00012871684157289565
covtype_binary_20000,7,828,layer_1,147,c2: ka_concept_1.c9 IS LOW,0.00012725537817459553
covtype_binary_20000,7,829,layer_1,267,c4: ka_concept_1.c9 IS LOW,0.0001263282319996506
covtype_binary_20000,7,830,layer_1,126,c2: ka_concept_1.c2 IS LOW,0.00012476630217861384
covtype_binary_20000,7,831,layer_1,246,c4: ka_concept_1.c2 IS LOW,0.00012385267473291606
covtype_binary_20000,7,832,layer_1,169,c2: projection_4 IS MEDIUM,0.00011657687718980014
covtype_binary_20000,7,833,layer_1,289,c4: projection_4 IS MEDIUM,0.00011572000221349299
covtype_binary_20000,7,834,layer_1,132,c2: ka_concept_1.c4 IS LOW,0.00010210943582933396
covtype_binary_20000,7,835,layer_1,252,c4: ka_concept_1.c4 IS LOW,0.00010136991477338597
covtype_binary_20000,7,836,layer_1,131,c2: ka_concept_1.c3 IS HIGH,0.0001002209319267422
covtype_binary_20000,7,837,layer_1,251,c4: ka_concept_1.c3 IS HIGH,9.948232036549598e-05
covtype_binary_20000,7,838,layer_1,162,c2: projection_2 IS LOW,9.572775161359459e-05
covtype_binary_20000,7,839,layer_1,282,c4: projection_2 IS LOW,9.503050387138501e-05
covtype_binary_20000,7,840,layer_1,141,c2: ka_concept_1.c7 IS LOW,7.805655332049355e-05
covtype_binary_20000,7,841,layer_1,261,c4: ka_concept_1.c7 IS LOW,7.749052019789815e-05
covtype_binary_20000,7,842,layer_1,167,c2: projection_3 IS HIGH,7.699127309024334e-05
covtype_binary_20000,7,843,layer_1,287,c4: projection_3 IS HIGH,7.642124546691775e-05
covtype_binary_20000,7,844,layer_1,140,c2: ka_concept_1.c6 IS HIGH,6.773771019652486e-05
covtype_binary_20000,7,845,layer_1,260,c4: ka_concept_1.c6 IS HIGH,6.724052946083248e-05
covtype_binary_20000,7,846,layer_1,144,c2: ka_concept_1.c8 IS LOW,6.128940731287003e-05
covtype_binary_20000,7,847,layer_1,264,c4: ka_concept_1.c8 IS LOW,6.083504922571592e-05
covtype_binary_20000,7,848,layer_1,146,c2: ka_concept_1.c8 IS HIGH,5.6010692787822336e-05
covtype_binary_20000,7,849,layer_1,266,c4: ka_concept_1.c8 IS HIGH,5.560426870943047e-05
covtype_binary_20000,7,850,layer_1,145,c2: ka_concept_1.c8 IS MEDIUM,4.2823136027436703e-05
covtype_binary_20000,7,851,layer_1,265,c4: ka_concept_1.c8 IS MEDIUM,4.250864731147885e-05
covtype_binary_20000,7,852,layer_1,165,c2: projection_3 IS LOW,4.1119521483778954e-05
covtype_binary_20000,7,853,layer_1,285,c4: projection_3 IS LOW,4.081209044670686e-05
covtype_binary_20000,7,854,layer_1,138,c2: ka_concept_1.c6 IS LOW,3.616664616856724e-05
covtype_binary_20000,7,855,layer_1,258,c4: ka_concept_1.c6 IS LOW,3.5897384805139154e-05
covtype_binary_20000,7,856,layer_1,129,c2: ka_concept_1.c3 IS LOW,2.9867644116166048e-05
covtype_binary_20000,7,857,layer_1,249,c4: ka_concept_1.c3 IS LOW,2.96449306915747e-05
covtype_binary_20000,7,858,layer_1,338,c5: projection_0 IS HIGH,2.6975161745212972e-05
covtype_binary_20000,7,859,layer_1,130,c2: ka_concept_1.c3 IS MEDIUM,2.5765875761862844e-05
covtype_binary_20000,7,860,layer_1,250,c4: ka_concept_1.c3 IS MEDIUM,2.5576842745067552e-05
covtype_binary_20000,7,861,layer_1,142,c2: ka_concept_1.c7 IS MEDIUM,2.4626431695651263e-05
covtype_binary_20000,7,862,layer_1,262,c4: ka_concept_1.c7 IS MEDIUM,2.444426718284376e-05
covtype_binary_20000,7,863,layer_1,139,c2: ka_concept_1.c6 IS MEDIUM,2.375691656197887e-05
covtype_binary_20000,7,864,layer_1,259,c4: ka_concept_1.c6 IS MEDIUM,2.358078199904412e-05
covtype_binary_20000,7,865,layer_1,143,c2: ka_concept_1.c7 IS HIGH,2.132884219463449e-05
covtype_binary_20000,7,866,layer_1,263,c4: ka_concept_1.c7 IS HIGH,2.1170186300878413e-05
covtype_binary_20000,7,867,layer_1,148,c2: ka_concept_1.c9 IS MEDIUM,2.0408448108355515e-05
covtype_binary_20000,7,868,layer_1,268,c4: ka_concept_1.c9 IS MEDIUM,2.025658977800049e-05
covtype_binary_20000,7,869,layer_1,133,c2: ka_concept_1.c4 IS MEDIUM,1.4184692190610804e-05
covtype_binary_20000,7,870,layer_1,253,c4: ka_concept_1.c4 IS MEDIUM,1.4078851563681383e-05
covtype_binary_20000,7,871,layer_1,134,c2: ka_concept_1.c4 IS HIGH,1.3362353456614073e-05
covtype_binary_20000,7,872,layer_1,254,c4: ka_concept_1.c4 IS HIGH,1.3262967513583135e-05
covtype_binary_20000,7,873,layer_1,218,c3: projection_0 IS HIGH,1.0616923646011855e-05
covtype_binary_20000,7,874,layer_1,121,c2: ka_concept_1.c0 IS MEDIUM,1.0570493031991646e-05
covtype_binary_20000,7,875,layer_1,241,c4: ka_concept_1.c0 IS MEDIUM,1.049448565026978e-05
covtype_binary_20000,7,876,layer_1,98,c1: projection_0 IS HIGH,1.0464222214068286e-05
covtype_binary_20000,7,877,layer_1,178,c2: projection_7 IS MEDIUM,9.304484592576046e-06
covtype_binary_20000,7,878,layer_1,298,c4: projection_7 IS MEDIUM,9.239240171154961e-06
covtype_binary_20000,7,879,layer_1,136,c2: ka_concept_1.c5 IS MEDIUM,9.100918759941123e-06
covtype_binary_20000,7,880,layer_1,256,c4: ka_concept_1.c5 IS MEDIUM,9.033816240844317e-06
covtype_binary_20000,7,881,layer_1,149,c2: ka_concept_1.c9 IS HIGH,9.01171279110713e-06
covtype_binary_20000,7,882,layer_1,269,c4: ka_concept_1.c9 IS HIGH,8.944980436353944e-06
covtype_binary_20000,7,883,layer_1,38,c0: projection_0 IS HIGH,8.007738870219328e-06
covtype_binary_20000,7,884,layer_1,341,c5: projection_1 IS HIGH,7.803792868799064e-06
covtype_binary_20000,7,885,layer_1,221,c3: projection_1 IS HIGH,7.083609489200171e-06
covtype_binary_20000,7,886,layer_1,353,c5: projection_5 IS HIGH,6.766804290236905e-06
covtype_binary_20000,7,887,layer_1,164,c2: projection_2 IS HIGH,5.871733719686745e-06
covtype_binary_20000,7,888,layer_1,284,c4: projection_2 IS HIGH,5.828595476486953e-06
covtype_binary_20000,7,889,layer_1,233,c3: projection_5 IS HIGH,5.585360213444801e-06
covtype_binary_20000,7,890,layer_1,151,c2: ka_concept_1.c10 IS MEDIUM,5.213171334617073e-06
covtype_binary_20000,7,891,layer_1,271,c4: ka_concept_1.c10 IS MEDIUM,5.175553269509692e-06
covtype_binary_20000,7,892,layer_1,116,c1: projection_6 IS HIGH,4.315148999012308e-06
covtype_binary_20000,7,893,layer_1,101,c1: projection_1 IS HIGH,4.255790372553747e-06
covtype_binary_20000,7,894,layer_1,154,c2: ka_concept_1.c11 IS MEDIUM,4.0301533772435505e-06
covtype_binary_20000,7,895,layer_1,236,c3: projection_6 IS HIGH,4.0218624235421885e-06
covtype_binary_20000,7,896,layer_1,274,c4: ka_concept_1.c11 IS MEDIUM,3.999382897745818e-06
covtype_binary_20000,7,897,layer_1,113,c1: projection_5 IS HIGH,3.821278369287029e-06
covtype_binary_20000,7,898,layer_1,356,c5: projection_6 IS HIGH,2.7197183953830972e-06
covtype_binary_20000,7,899,layer_1,152,c2: ka_concept_1.c10 IS HIGH,2.5331805773021188e-06
covtype_binary_20000,7,900,layer_1,272,c4: ka_concept_1.c10 IS HIGH,2.5146819098154083e-06
covtype_binary_20000,7,901,projection_layer,16,"pursuit_5(Hillshade_9am, Wilderness_Area_1, Soil_Type_10, Soil_Type_32) IS MEDIUM",2.4810303784761345e-06
covtype_binary_20000,7,902,layer_1,170,c2: projection_4 IS HIGH,1.9088333829131443e-06
covtype_binary_20000,7,903,layer_1,290,c4: projection_4 IS HIGH,1.8954501683765557e-06
covtype_binary_20000,7,904,layer_1,127,c2: ka_concept_1.c2 IS MEDIUM,1.8251607798447367e-06
covtype_binary_20000,7,905,layer_1,247,c4: ka_concept_1.c2 IS MEDIUM,1.8115835018761572e-06
covtype_binary_20000,7,906,layer_1,122,c2: ka_concept_1.c0 IS HIGH,1.4931440546206431e-06
covtype_binary_20000,7,907,layer_1,242,c4: ka_concept_1.c0 IS HIGH,1.4832215811111382e-06
covtype_binary_20000,7,908,layer_1,135,c2: ka_concept_1.c5 IS LOW,1.3743958788836608e-06
covtype_binary_20000,7,909,layer_1,255,c4: ka_concept_1.c5 IS LOW,1.364021272820537e-06
covtype_binary_20000,7,910,projection_layer,8,"pursuit_2(Hillshade_Noon, Wilderness_Area_4, Soil_Type_23, Soil_Type_11) IS HIGH",1.2518294170149602e-06
covtype_binary_20000,7,911,layer_1,124,c2: ka_concept_1.c1 IS MEDIUM,1.1072262395828147e-06
covtype_binary_20000,7,912,layer_1,244,c4: ka_concept_1.c1 IS MEDIUM,1.099229621104314e-06
covtype_binary_20000,7,913,layer_1,155,c2: ka_concept_1.c11 IS HIGH,7.749151791358599e-07
covtype_binary_20000,7,914,layer_1,275,c4: ka_concept_1.c11 IS HIGH,7.691726295888657e-07
covtype_binary_20000,7,915,layer_1,41,c0: projection_1 IS HIGH,7.666690748919791e-07
covtype_binary_20000,7,916,layer_1,56,c0: projection_6 IS HIGH,6.250368755900126e-07
covtype_binary_20000,7,917,layer_1,157,c2: projection_0 IS MEDIUM,6.008745003782678e-07
covtype_binary_20000,7,918,layer_1,277,c4: projection_0 IS MEDIUM,5.966379603705718e-07
covtype_binary_20000,7,919,layer_1,53,c0: projection_5 IS HIGH,5.10064694481116e-07
covtype_binary_20000,7,920,layer_1,179,c2: projection_7 IS HIGH,3.4419102235005994e-07
covtype_binary_20000,7,921,layer_1,299,c4: projection_7 IS HIGH,3.418594189952273e-07
covtype_binary_20000,7,922,projection_layer,4,"pursuit_1(Elevation, Vertical_Distance_To_Hydrology, Soil_Type_40, Soil_Type_6) IS MEDIUM",3.2956140216811036e-07
covtype_binary_20000,7,923,layer_1,160,c2: projection_1 IS MEDIUM,1.9269820938916382e-07
covtype_binary_20000,7,924,layer_1,280,c4: projection_1 IS MEDIUM,1.9146766305766505e-07
covtype_binary_20000,7,925,layer_1,125,c2: ka_concept_1.c1 IS HIGH,1.558614002306058e-07
covtype_binary_20000,7,926,layer_1,245,c4: ka_concept_1.c1 IS HIGH,1.5448414103502728e-07
covtype_binary_20000,7,927,layer_1,175,c2: projection_6 IS MEDIUM,1.252395520623395e-07
covtype_binary_20000,7,928,layer_1,295,c4: projection_6 IS MEDIUM,1.2439960528354277e-07
covtype_binary_20000,7,929,layer_1,172,c2: projection_5 IS MEDIUM,9.260777744657389e-08
covtype_binary_20000,7,930,layer_1,292,c4: projection_5 IS MEDIUM,9.208374507352346e-08
covtype_binary_20000,7,931,layer_1,128,c2: ka_concept_1.c2 IS HIGH,4.662313912717764e-08
covtype_binary_20000,7,932,layer_1,248,c4: ka_concept_1.c2 IS HIGH,4.638153328073713e-08
covtype_binary_20000,7,933,layer_1,158,c2: projection_0 IS HIGH,6.542822533761594e-11
covtype_binary_20000,7,934,layer_1,278,c4: projection_0 IS HIGH,6.50216547271043e-11
covtype_binary_20000,7,935,layer_1,281,c4: projection_1 IS HIGH,1.4755658500620328e-11
covtype_binary_20000,7,936,projection_layer,5,"pursuit_1(Elevation, Vertical_Distance_To_Hydrology, Soil_Type_40, Soil_Type_6) IS HIGH",7.66429888304776e-12
covtype_binary_20000,13,1,layer_0,500,c8: Elevation IS HIGH,248.7528076171875
covtype_binary_20000,13,2,layer_0,447,c7: Elevation IS LOW,226.11920166015625
covtype_binary_20000,13,3,layer_0,568,c9: Horizontal_Distance_To_Fire_Points IS MEDIUM,219.06822204589844
covtype_binary_20000,13,4,layer_0,600,c10: Elevation IS LOW,187.96554565429688
covtype_binary_20000,13,5,layer_0,397,c6: Elevation IS MEDIUM,187.4311065673828
covtype_binary_20000,13,6,layer_0,661,c11: Horizontal_Distance_To_Roadways IS MEDIUM,141.1983184814453
covtype_binary_20000,13,7,layer_0,457,c7: Horizontal_Distance_To_Roadways IS MEDIUM,138.04905700683594
covtype_binary_20000,13,8,layer_0,517,c8: Horizontal_Distance_To_Fire_Points IS MEDIUM,133.2891845703125
covtype_binary_20000,13,9,layer_0,509,c8: Horizontal_Distance_To_Roadways IS HIGH,130.43362426757812
covtype_binary_20000,13,10,layer_0,66,c1: Soil_Type_22 IS absent,127.87930297851562
covtype_binary_20000,13,11,layer_0,498,c8: Elevation IS LOW,124.4310073852539
covtype_binary_20000,13,12,layer_0,2,c0: Elevation IS HIGH,118.97269439697266
covtype_binary_20000,13,13,layer_0,669,c11: Horizontal_Distance_To_Fire_Points IS LOW,118.9333267211914
covtype_binary_20000,13,14,layer_0,467,c7: Horizontal_Distance_To_Fire_Points IS HIGH,111.34062194824219
covtype_binary_20000,13,15,layer_0,448,c7: Elevation IS MEDIUM,107.81607055664062
covtype_binary_20000,13,16,layer_0,499,c8: Elevation IS MEDIUM,106.59576416015625
covtype_binary_20000,13,17,projection_layer,20,"pursuit_6(Horizontal_Distance_To_Roadways, Soil_Type_38, Wilderness_Area_2, Soil_Type_18) IS HIGH",104.69662475585938
covtype_binary_20000,13,18,layer_0,268,c4: Hillshade_3pm IS MEDIUM,103.02588653564453
covtype_binary_20000,13,19,layer_0,516,c8: Horizontal_Distance_To_Fire_Points IS LOW,102.58125305175781
covtype_binary_20000,13,20,layer_0,662,c11: Horizontal_Distance_To_Roadways IS HIGH,102.38529205322266
covtype_binary_20000,13,21,layer_0,75,c1: Soil_Type_38 IS absent,101.89207458496094
covtype_binary_20000,13,22,layer_0,550,c9: Elevation IS MEDIUM,101.48674774169922
covtype_binary_20000,13,23,layer_0,569,c9: Horizontal_Distance_To_Fire_Points IS HIGH,100.70198059082031
covtype_binary_20000,13,24,layer_0,396,c6: Elevation IS LOW,100.36109161376953
covtype_binary_20000,13,25,layer_0,120,c2: Horizontal_Distance_To_Fire_Points IS LOW,100.05679321289062
covtype_binary_20000,13,26,layer_0,71,c1: Horizontal_Distance_To_Fire_Points IS HIGH,95.14741516113281
covtype_binary_20000,13,27,layer_0,249,c4: Hillshade_Noon IS LOW,91.12939453125
covtype_binary_20000,13,28,projection_layer,9,"pursuit_3(Slope, Soil_Type_12, Soil_Type_13, Soil_Type_1) IS LOW",90.47169494628906
covtype_binary_20000,13,29,layer_0,586,c9: Aspect IS MEDIUM,90.03591918945312
covtype_binary_20000,13,30,layer_0,406,c6: Horizontal_Distance_To_Roadways IS MEDIUM,88.1041030883789
covtype_binary_20000,13,31,layer_0,10,c0: Horizontal_Distance_To_Roadways IS MEDIUM,86.73658752441406
covtype_binary_20000,13,32,layer_0,559,c9: Horizontal_Distance_To_Roadways IS MEDIUM,86.67379760742188
covtype_binary_20000,13,33,layer_0,715,c11: Hillshade_3pm IS MEDIUM,86.5634765625
covtype_binary_20000,13,34,layer_0,78,c1: Horizontal_Distance_To_Hydrology IS LOW,86.4538345336914
covtype_binary_20000,13,35,layer_0,522,c8: Soil_Type_33 IS absent,83.74774169921875
covtype_binary_20000,13,36,layer_0,294,c4: Elevation IS LOW,83.56409454345703
covtype_binary_20000,13,37,layer_0,88,c1: Aspect IS MEDIUM,82.36105346679688
covtype_binary_20000,13,38,layer_0,610,c10: Horizontal_Distance_To_Roadways IS MEDIUM,82.06621551513672
covtype_binary_20000,13,39,layer_0,415,c6: Horizontal_Distance_To_Fire_Points IS MEDIUM,81.96652221679688
covtype_binary_20000,13,40,layer_0,567,c9: Horizontal_Distance_To_Fire_Points IS LOW,77.45087432861328
covtype_binary_20000,13,41,projection_layer,7,"pursuit_2(Hillshade_Noon, Wilderness_Area_4, Soil_Type_23, Soil_Type_11) IS MEDIUM",74.69324493408203
covtype_binary_20000,13,42,layer_0,346,c5: Elevation IS MEDIUM,72.93444061279297
covtype_binary_20000,13,43,layer_0,114,c1: Hillshade_3pm IS LOW,72.38395690917969
covtype_binary_20000,13,44,layer_0,0,c0: Elevation IS LOW,71.67301177978516
covtype_binary_20000,13,45,layer_0,609,c10: Horizontal_Distance_To_Roadways IS LOW,69.15469360351562
covtype_binary_20000,13,46,layer_0,414,c6: Horizontal_Distance_To_Fire_Points IS LOW,66.87618255615234
covtype_binary_20000,13,47,layer_0,601,c10: Elevation IS MEDIUM,66.7383804321289
covtype_binary_20000,13,48,layer_0,129,c2: Horizontal_Distance_To_Hydrology IS LOW,66.43012237548828
covtype_binary_20000,13,49,layer_0,534,c8: Aspect IS LOW,65.15396118164062
covtype_binary_20000,13,50,layer_0,27,c0: Horizontal_Distance_To_Hydrology IS LOW,64.49240112304688
covtype_binary_20000,13,51,projection_layer,10,"pursuit_3(Slope, Soil_Type_12, Soil_Type_13, Soil_Type_1) IS MEDIUM",63.83887481689453
covtype_binary_20000,13,52,projection_layer,21,"pursuit_7(Aspect, Soil_Type_39, Soil_Type_2, Soil_Type_5) IS LOW",63.35457229614258
covtype_binary_20000,13,53,layer_0,714,c11: Hillshade_3pm IS LOW,63.31126022338867
covtype_binary_20000,13,54,layer_0,577,c9: Horizontal_Distance_To_Hydrology IS MEDIUM,62.798370361328125
covtype_binary_20000,13,55,projection_layer,6,"pursuit_2(Hillshade_Noon, Wilderness_Area_4, Soil_Type_23, Soil_Type_11) IS LOW",62.455448150634766
covtype_binary_20000,13,56,layer_0,286,c4: Slope IS MEDIUM,61.44353485107422
covtype_binary_20000,13,57,layer_0,267,c4: Hillshade_3pm IS LOW,59.88810348510742
covtype_binary_20000,13,58,layer_0,84,c1: Soil_Type_39 IS absent,59.68754196166992
covtype_binary_20000,13,59,layer_0,19,c0: Horizontal_Distance_To_Fire_Points IS MEDIUM,59.54323959350586
covtype_binary_20000,13,60,layer_0,250,c4: Hillshade_Noon IS MEDIUM,58.94241714477539
covtype_binary_20000,13,61,layer_0,384,c6: Soil_Type_2 IS absent,57.74642562866211
covtype_binary_20000,13,62,layer_0,345,c5: Elevation IS LOW,57.604522705078125
covtype_binary_20000,13,63,layer_0,175,c2: Hillshade_9am IS MEDIUM,56.1867561340332
covtype_binary_20000,13,64,projection_layer,0,"pursuit_0(Horizontal_Distance_To_Fire_Points, Hillshade_3pm, Soil_Type_29, Soil_Type_4) IS LOW",54.277381896972656
covtype_binary_20000,13,65,layer_0,611,c10: Horizontal_Distance_To_Roadways IS HIGH,53.17485427856445
covtype_binary_20000,13,66,layer_0,491,c8: Slope IS HIGH,52.89314651489258
covtype_binary_20000,13,67,layer_0,102,c1: Soil_Type_29 IS absent,52.03879165649414
covtype_binary_20000,13,68,layer_0,670,c11: Horizontal_Distance_To_Fire_Points IS MEDIUM,51.84907150268555
covtype_binary_20000,13,69,layer_0,258,c4: Vertical_Distance_To_Hydrology IS LOW,51.78733444213867
covtype_binary_20000,13,70,layer_0,6,c0: Soil_Type_12 IS absent,50.999839782714844
covtype_binary_20000,13,71,layer_0,61,c1: Horizontal_Distance_To_Roadways IS MEDIUM,50.96365737915039
covtype_binary_20000,13,72,projection_layer,12,"pursuit_4(Horizontal_Distance_To_Hydrology, Soil_Type_22, Soil_Type_30, Soil_Type_35) IS LOW",50.31338119506836
covtype_binary_20000,13,73,layer_0,558,c9: Horizontal_Distance_To_Roadways IS LOW,49.06748580932617
covtype_binary_20000,13,74,layer_0,70,c1: Horizontal_Distance_To_Fire_Points IS MEDIUM,48.843326568603516
covtype_binary_20000,13,75,layer_0,619,c10: Horizontal_Distance_To_Fire_Points IS MEDIUM,48.21344757080078
covtype_binary_20000,13,76,layer_0,431,c7: Hillshade_9am IS HIGH,48.19124984741211
covtype_binary_20000,13,77,layer_0,578,c9: Horizontal_Distance_To_Hydrology IS HIGH,47.94699478149414
covtype_binary_20000,13,78,layer_0,627,c10: Horizontal_Distance_To_Hydrology IS LOW,47.608978271484375
covtype_binary_20000,13,79,layer_0,288,c4: Wilderness_Area_1 IS absent,47.09214401245117
covtype_binary_20000,13,80,layer_0,480,c8: Hillshade_9am IS LOW,47.07384490966797
covtype_binary_20000,13,81,layer_0,654,c10: Vertical_Distance_To_Hydrology IS LOW,47.00320816040039
covtype_binary_20000,13,82,layer_0,252,c4: Wilderness_Area_1 IS absent,46.90918731689453
covtype_binary_20000,13,83,layer_0,47,c0: Hillshade_Noon IS HIGH,46.85287094116211
covtype_binary_20000,13,84,layer_0,9,c0: Horizontal_Distance_To_Roadways IS LOW,46.681739807128906
covtype_binary_20000,13,85,layer_0,165,c2: Hillshade_3pm IS LOW,46.656639099121094
covtype_binary_20000,13,86,layer_0,251,c4: Hillshade_Noon IS HIGH,45.40864562988281
covtype_binary_20000,13,87,layer_0,130,c2: Horizontal_Distance_To_Hydrology IS MEDIUM,45.16817855834961
covtype_binary_20000,13,88,layer_0,456,c7: Horizontal_Distance_To_Roadways IS LOW,44.295310974121094
covtype_binary_20000,13,89,layer_0,28,c0: Horizontal_Distance_To_Hydrology IS MEDIUM,43.944053649902344
covtype_binary_20000,13,90,layer_0,536,c8: Aspect IS HIGH,43.66102600097656
covtype_binary_20000,13,91,layer_0,618,c10: Horizontal_Distance_To_Fire_Points IS LOW,43.517433166503906
covtype_binary_20000,13,92,layer_0,122,c2: Horizontal_Distance_To_Fire_Points IS HIGH,43.42314147949219
covtype_binary_20000,13,93,layer_0,620,c10: Horizontal_Distance_To_Fire_Points IS HIGH,43.21689987182617
covtype_binary_20000,13,94,layer_0,501,c8: Wilderness_Area_3 IS absent,42.90681838989258
covtype_binary_20000,13,95,layer_0,537,c8: Wilderness_Area_3 IS absent,42.266624450683594
covtype_binary_20000,13,96,layer_0,633,c10: Soil_Type_24 IS absent,41.754302978515625
covtype_binary_20000,13,97,layer_0,651,c10: Soil_Type_10 IS absent,41.57102966308594
covtype_binary_20000,13,98,layer_0,576,c9: Horizontal_Distance_To_Hydrology IS LOW,41.51362991333008
covtype_binary_20000,13,99,layer_0,277,c4: Hillshade_9am IS MEDIUM,41.49834442138672
covtype_binary_20000,13,100,layer_0,36,c0: Aspect IS LOW,41.356624603271484
covtype_binary_20000,13,101,layer_0,561,c9: Wilderness_Area_2 IS absent,41.152549743652344
covtype_binary_20000,13,102,layer_0,596,c9: Hillshade_Noon IS HIGH,40.03023910522461
covtype_binary_20000,13,103,layer_0,570,c9: Wilderness_Area_4 IS absent,39.40184783935547
covtype_binary_20000,13,104,layer_0,606,c10: Soil_Type_4 IS absent,39.32705307006836
covtype_binary_20000,13,105,layer_0,351,c5: Soil_Type_4 IS absent,39.153343200683594
covtype_binary_20000,13,106,layer_0,546,c9: Soil_Type_32 IS absent,38.64094161987305
covtype_binary_20000,13,107,layer_0,79,c1: Horizontal_Distance_To_Hydrology IS MEDIUM,38.320011138916016
covtype_binary_20000,13,108,layer_0,295,c4: Elevation IS MEDIUM,38.249027252197266
covtype_binary_20000,13,109,layer_0,486,c8: Soil_Type_2 IS absent,37.60843276977539
covtype_binary_20000,13,110,layer_0,93,c1: Soil_Type_23 IS absent,37.47647476196289
covtype_binary_20000,13,111,layer_0,60,c1: Horizontal_Distance_To_Roadways IS LOW,37.47507858276367
covtype_binary_20000,13,112,projection_layer,16,"pursuit_5(Hillshade_9am, Wilderness_Area_1, Soil_Type_10, Soil_Type_32) IS MEDIUM",37.3095588684082
covtype_binary_20000,13,113,layer_0,291,c4: Soil_Type_32 IS absent,37.208858489990234
covtype_binary_20000,13,114,layer_0,87,c1: Aspect IS LOW,37.182411193847656
covtype_binary_20000,13,115,layer_0,235,c3: Slope IS MEDIUM,37.05242156982422
covtype_binary_20000,13,116,layer_0,597,c9: Wilderness_Area_2 IS absent,36.87322998046875
covtype_binary_20000,13,117,layer_0,508,c8: Horizontal_Distance_To_Roadways IS MEDIUM,36.86362838745117
covtype_binary_20000,13,118,layer_0,387,c6: Slope IS LOW,36.529579162597656
covtype_binary_20000,13,119,layer_0,269,c4: Hillshade_3pm IS HIGH,35.5786018371582
covtype_binary_20000,13,120,projection_layer,15,"pursuit_5(Hillshade_9am, Wilderness_Area_1, Soil_Type_10, Soil_Type_32) IS LOW",35.39958190917969
covtype_binary_20000,13,121,layer_0,182,c3: Horizontal_Distance_To_Hydrology IS HIGH,35.393306732177734
covtype_binary_20000,13,122,layer_0,11,c0: Horizontal_Distance_To_Roadways IS HIGH,34.8032341003418
covtype_binary_20000,13,123,layer_0,551,c9: Elevation IS HIGH,34.06879806518555
covtype_binary_20000,13,124,layer_0,671,c11: Horizontal_Distance_To_Fire_Points IS HIGH,32.43794631958008
covtype_binary_20000,13,125,layer_0,162,c2: Soil_Type_13 IS absent,32.412811279296875
covtype_binary_20000,13,126,layer_0,355,c5: Horizontal_Distance_To_Roadways IS MEDIUM,32.29555892944336
covtype_binary_20000,13,127,layer_0,655,c10: Vertical_Distance_To_Hydrology IS MEDIUM,32.25688171386719
covtype_binary_20000,13,128,layer_0,416,c6: Horizontal_Distance_To_Fire_Points IS HIGH,32.167808532714844
covtype_binary_20000,13,129,layer_0,481,c8: Hillshade_9am IS MEDIUM,32.16260528564453
covtype_binary_20000,13,130,layer_0,471,c7: Soil_Type_33 IS absent,32.130619049072266
covtype_binary_20000,13,131,layer_0,637,c10: Aspect IS MEDIUM,31.98046875
covtype_binary_20000,13,132,layer_0,116,c1: Hillshade_3pm IS HIGH,31.626832962036133
covtype_binary_20000,13,133,layer_0,255,c4: Soil_Type_29 IS absent,31.518478393554688
covtype_binary_20000,13,134,layer_0,388,c6: Slope IS MEDIUM,31.218809127807617
covtype_binary_20000,13,135,layer_0,242,c4: Aspect IS HIGH,30.906171798706055
covtype_binary_20000,13,136,layer_0,475,c7: Horizontal_Distance_To_Hydrology IS MEDIUM,30.76047706604004
covtype_binary_20000,13,137,layer_0,42,c0: Soil_Type_23 IS absent,30.720048904418945
covtype_binary_20000,13,138,projection_layer,19,"pursuit_6(Horizontal_Distance_To_Roadways, Soil_Type_38, Wilderness_Area_2, Soil_Type_18) IS MEDIUM",30.706968307495117
covtype_binary_20000,13,139,layer_0,421,c7: Hillshade_3pm IS MEDIUM,30.234458923339844
covtype_binary_20000,13,140,layer_0,380,c6: Hillshade_9am IS HIGH,30.20782470703125
covtype_binary_20000,13,141,layer_0,152,c2: Wilderness_Area_1 IS present,30.152740478515625
covtype_binary_20000,13,142,layer_0,259,c4: Vertical_Distance_To_Hydrology IS MEDIUM,29.987924575805664
covtype_binary_20000,13,143,layer_0,549,c9: Elevation IS LOW,29.908781051635742
covtype_binary_20000,13,144,layer_0,38,c0: Aspect IS HIGH,29.813268661499023
covtype_binary_20000,13,145,layer_0,241,c4: Aspect IS MEDIUM,29.809757232666016
covtype_binary_20000,13,146,layer_0,126,c2: Soil_Type_38 IS absent,28.701929092407227
covtype_binary_20000,13,147,layer_0,602,c10: Elevation IS HIGH,28.67144775390625
covtype_binary_20000,13,148,projection_layer,2,"pursuit_0(Horizontal_Distance_To_Fire_Points, Hillshade_3pm, Soil_Type_29, Soil_Type_4) IS HIGH",28.624879837036133
covtype_binary_20000,13,149,layer_0,45,c0: Hillshade_Noon IS LOW,28.578310012817383
covtype_binary_20000,13,150,layer_0,21,c0: Wilderness_Area_3 IS absent,28.551815032958984
covtype_binary_20000,13,151,layer_0,144,c2: Soil_Type_23 IS absent,28.093427658081055
covtype_binary_20000,13,152,layer_0,594,c9: Hillshade_Noon IS LOW,27.418073654174805
covtype_binary_20000,13,153,layer_0,530,c8: Wilderness_Area_1 IS present,27.232595443725586
covtype_binary_20000,13,154,layer_0,573,c9: Soil_Type_33 IS absent,27.232187271118164
covtype_binary_20000,13,155,layer_0,89,c1: Aspect IS HIGH,27.160533905029297
covtype_binary_20000,13,156,layer_0,591,c9: Soil_Type_11 IS absent,27.091962814331055
covtype_binary_20000,13,157,layer_0,375,c6: Soil_Type_40 IS absent,26.966691970825195
covtype_binary_20000,13,158,layer_0,426,c7: Soil_Type_40 IS absent,26.959646224975586
covtype_binary_20000,13,159,layer_0,57,c0: Wilderness_Area_3 IS absent,26.852508544921875
covtype_binary_20000,13,160,layer_0,531,c8: Soil_Type_24 IS absent,26.81171417236328
covtype_binary_20000,13,161,layer_0,503,c8: Wilderness_Area_3 IS present,26.706226348876953
covtype_binary_20000,13,162,layer_0,301,c5: Hillshade_Noon IS MEDIUM,26.579341888427734
covtype_binary_20000,13,163,layer_0,336,c5: Slope IS LOW,26.40957260131836
covtype_binary_20000,13,164,layer_0,333,c5: Soil_Type_2 IS absent,26.404909133911133
covtype_binary_20000,13,165,layer_0,121,c2: Horizontal_Distance_To_Fire_Points IS MEDIUM,26.130355834960938
covtype_binary_20000,13,166,layer_0,494,c8: Wilderness_Area_1 IS present,26.08612060546875
covtype_binary_20000,13,167,layer_0,405,c6: Horizontal_Distance_To_Roadways IS LOW,25.849878311157227
covtype_binary_20000,13,168,layer_0,518,c8: Horizontal_Distance_To_Fire_Points IS HIGH,25.842222213745117
covtype_binary_20000,13,169,layer_0,96,c1: Hillshade_Noon IS LOW,25.592329025268555
covtype_binary_20000,13,170,layer_0,402,c6: Soil_Type_4 IS absent,25.42825698852539
covtype_binary_20000,13,171,layer_0,647,c10: Hillshade_Noon IS HIGH,25.377174377441406
covtype_binary_20000,13,172,layer_0,430,c7: Hillshade_9am IS MEDIUM,25.270004272460938
covtype_binary_20000,13,173,layer_0,381,c6: Wilderness_Area_4 IS absent,25.261484146118164
covtype_binary_20000,13,174,layer_0,417,c6: Wilderness_Area_4 IS absent,25.188499450683594
covtype_binary_20000,13,175,layer_0,638,c10: Aspect IS HIGH,24.916898727416992
covtype_binary_20000,13,176,layer_0,423,c7: Wilderness_Area_2 IS absent,24.845500946044922
covtype_binary_20000,13,177,layer_0,225,c3: Hillshade_9am IS LOW,24.734403610229492
covtype_binary_20000,13,178,layer_0,290,c4: Wilderness_Area_1 IS present,24.569021224975586
covtype_binary_20000,13,179,layer_0,519,c8: Wilderness_Area_4 IS absent,24.344629287719727
covtype_binary_20000,13,180,layer_0,449,c7: Elevation IS HIGH,24.32170295715332
covtype_binary_20000,13,181,layer_0,15,c0: Soil_Type_22 IS absent,23.97557258605957
covtype_binary_20000,13,182,layer_0,698,c11: Hillshade_Noon IS HIGH,23.965248107910156
covtype_binary_20000,13,183,layer_0,678,c11: Horizontal_Distance_To_Hydrology IS LOW,23.905702590942383
covtype_binary_20000,13,184,layer_0,296,c4: Elevation IS HIGH,23.477853775024414
covtype_binary_20000,13,185,layer_0,716,c11: Hillshade_3pm IS HIGH,23.409809112548828
covtype_binary_20000,13,186,layer_0,458,c7: Horizontal_Distance_To_Roadways IS HIGH,23.201974868774414
covtype_binary_20000,13,187,layer_0,254,c4: Wilderness_Area_1 IS present,23.087432861328125
covtype_binary_20000,13,188,layer_0,429,c7: Hillshade_9am IS LOW,23.037023544311523
covtype_binary_20000,13,189,layer_0,539,c8: Wilderness_Area_3 IS present,22.867094039916992
covtype_binary_20000,13,190,layer_0,282,c4: Soil_Type_2 IS absent,22.80957794189453
covtype_binary_20000,13,191,layer_0,535,c8: Aspect IS MEDIUM,22.80584144592285
covtype_binary_20000,13,192,layer_0,69,c1: Horizontal_Distance_To_Fire_Points IS LOW,22.60055923461914
covtype_binary_20000,13,193,layer_0,636,c10: Aspect IS LOW,22.51549530029297
covtype_binary_20000,13,194,layer_0,150,c2: Wilderness_Area_1 IS absent,22.491037368774414
covtype_binary_20000,13,195,layer_0,524,c8: Soil_Type_33 IS present,22.39554214477539
covtype_binary_20000,13,196,layer_0,319,c5: Hillshade_3pm IS MEDIUM,22.368026733398438
covtype_binary_20000,13,197,layer_0,159,c2: Wilderness_Area_3 IS absent,22.3588809967041
covtype_binary_20000,13,198,layer_0,697,c11: Hillshade_Noon IS MEDIUM,22.33274269104004
covtype_binary_20000,13,199,layer_0,459,c7: Wilderness_Area_2 IS absent,22.216838836669922
covtype_binary_20000,13,200,layer_0,123,c2: Wilderness_Area_3 IS absent,22.194297790527344
covtype_binary_20000,13,201,layer_0,270,c4: Wilderness_Area_2 IS absent,22.190481185913086
covtype_binary_20000,13,202,layer_0,300,c5: Hillshade_Noon IS LOW,21.980815887451172
covtype_binary_20000,13,203,layer_0,660,c11: Horizontal_Distance_To_Roadways IS LOW,21.94492530822754
covtype_binary_20000,13,204,layer_0,104,c1: Soil_Type_29 IS present,21.717336654663086
covtype_binary_20000,13,205,layer_0,688,c11: Aspect IS MEDIUM,21.58450698852539
covtype_binary_20000,13,206,layer_0,147,c2: Hillshade_Noon IS LOW,21.466705322265625
covtype_binary_20000,13,207,layer_0,444,c7: Soil_Type_32 IS absent,21.17479133605957
covtype_binary_20000,13,208,layer_0,51,c0: Soil_Type_29 IS absent,21.02306365966797
covtype_binary_20000,13,209,layer_0,132,c2: Wilderness_Area_2 IS absent,20.579761505126953
covtype_binary_20000,13,210,layer_0,560,c9: Horizontal_Distance_To_Roadways IS HIGH,20.566556930541992
covtype_binary_20000,13,211,layer_0,140,c2: Aspect IS HIGH,20.475820541381836
covtype_binary_20000,13,212,layer_0,1,c0: Elevation IS MEDIUM,20.428922653198242
covtype_binary_20000,13,213,layer_0,684,c11: Soil_Type_24 IS absent,20.208297729492188
covtype_binary_20000,13,214,layer_0,218,c3: Hillshade_3pm IS HIGH,20.199970245361328
covtype_binary_20000,13,215,layer_0,689,c11: Aspect IS HIGH,19.970582962036133
covtype_binary_20000,13,216,projection_layer,13,"pursuit_4(Horizontal_Distance_To_Hydrology, Soil_Type_22, Soil_Type_30, Soil_Type_35) IS MEDIUM",19.896425247192383
covtype_binary_20000,13,217,layer_0,192,c3: Wilderness_Area_4 IS absent,19.885480880737305
covtype_binary_20000,13,218,layer_0,507,c8: Horizontal_Distance_To_Roadways IS LOW,19.83124351501465
covtype_binary_20000,13,219,layer_0,171,c2: Soil_Type_40 IS absent,19.729646682739258
covtype_binary_20000,13,220,layer_0,228,c3: Wilderness_Area_4 IS absent,19.46678352355957
covtype_binary_20000,13,221,layer_0,63,c1: Wilderness_Area_1 IS absent,19.302473068237305
covtype_binary_20000,13,222,layer_0,99,c1: Wilderness_Area_1 IS absent,19.173534393310547
covtype_binary_20000,13,223,layer_0,681,c11: Wilderness_Area_1 IS absent,19.021745681762695
covtype_binary_20000,13,224,layer_0,490,c8: Slope IS MEDIUM,18.892711639404297
covtype_binary_20000,13,225,layer_0,90,c1: Wilderness_Area_4 IS absent,18.706010818481445
covtype_binary_20000,13,226,layer_0,482,c8: Hillshade_9am IS HIGH,18.533462524414062
covtype_binary_20000,13,227,layer_0,65,c1: Wilderness_Area_1 IS present,18.402135848999023
covtype_binary_20000,13,228,layer_0,357,c5: Wilderness_Area_2 IS absent,18.37236213684082
covtype_binary_20000,13,229,layer_0,180,c3: Horizontal_Distance_To_Hydrology IS LOW,18.268617630004883
covtype_binary_20000,13,230,layer_0,666,c11: Soil_Type_30 IS absent,18.215675354003906
covtype_binary_20000,13,231,layer_0,361,c6: Vertical_Distance_To_Hydrology IS MEDIUM,17.940288543701172
covtype_binary_20000,13,232,layer_0,168,c2: Wilderness_Area_2 IS absent,17.824810028076172
covtype_binary_20000,13,233,layer_0,278,c4: Hillshade_9am IS HIGH,17.521657943725586
covtype_binary_20000,13,234,layer_0,342,c5: Soil_Type_32 IS absent,17.493473052978516
covtype_binary_20000,13,235,layer_0,347,c5: Elevation IS HIGH,17.416515350341797
covtype_binary_20000,13,236,layer_0,330,c5: Wilderness_Area_4 IS absent,17.298187255859375
covtype_binary_20000,13,237,layer_0,177,c2: Wilderness_Area_4 IS absent,17.259408950805664
covtype_binary_20000,13,238,layer_0,483,c8: Wilderness_Area_4 IS absent,17.095298767089844
covtype_binary_20000,13,239,layer_0,504,c8: Soil_Type_4 IS absent,17.046300888061523
covtype_binary_20000,13,240,layer_0,717,c11: Wilderness_Area_1 IS absent,16.968595504760742
covtype_binary_20000,13,241,layer_0,139,c2: Aspect IS MEDIUM,16.831872940063477
covtype_binary_20000,13,242,layer_0,101,c1: Wilderness_Area_1 IS present,16.731678009033203
covtype_binary_20000,13,243,layer_0,321,c5: Wilderness_Area_2 IS absent,16.589496612548828
covtype_binary_20000,13,244,layer_0,287,c4: Slope IS HIGH,16.587520599365234
covtype_binary_20000,13,245,layer_0,495,c8: Soil_Type_32 IS absent,16.38699722290039
covtype_binary_20000,13,246,layer_0,199,c3: Hillshade_Noon IS MEDIUM,16.06667137145996
covtype_binary_20000,13,247,layer_0,59,c0: Wilderness_Area_3 IS present,15.992510795593262
covtype_binary_20000,13,248,layer_0,62,c1: Horizontal_Distance_To_Roadways IS HIGH,15.970949172973633
covtype_binary_20000,13,249,layer_0,525,c8: Horizontal_Distance_To_Hydrology IS LOW,15.95285701751709
covtype_binary_20000,13,250,layer_0,513,c8: Soil_Type_30 IS absent,15.917109489440918
covtype_binary_20000,13,251,layer_0,587,c9: Aspect IS HIGH,15.911622047424316
covtype_binary_20000,13,252,layer_0,68,c1: Soil_Type_22 IS present,15.750968933105469
covtype_binary_20000,13,253,layer_0,264,c4: Soil_Type_13 IS absent,15.748163223266602
covtype_binary_20000,13,254,layer_0,186,c3: Soil_Type_39 IS absent,15.583283424377441
covtype_binary_20000,13,255,layer_0,401,c6: Wilderness_Area_3 IS present,15.496536254882812
covtype_binary_20000,13,256,layer_0,222,c3: Soil_Type_40 IS absent,15.299006462097168
covtype_binary_20000,13,257,layer_0,315,c5: Soil_Type_13 IS absent,15.198480606079102
covtype_binary_20000,13,258,layer_0,399,c6: Wilderness_Area_3 IS absent,15.061434745788574
covtype_binary_20000,13,259,layer_0,210,c3: Wilderness_Area_3 IS absent,14.937560081481934
covtype_binary_20000,13,260,layer_0,680,c11: Horizontal_Distance_To_Hydrology IS HIGH,14.914846420288086
covtype_binary_20000,13,261,layer_0,327,c5: Hillshade_9am IS LOW,14.676986694335938
covtype_binary_20000,13,262,layer_0,675,c11: Soil_Type_33 IS absent,14.580841064453125
covtype_binary_20000,13,263,layer_0,474,c7: Horizontal_Distance_To_Hydrology IS LOW,14.542953491210938
covtype_binary_20000,13,264,layer_0,23,c0: Wilderness_Area_3 IS present,14.473713874816895
covtype_binary_20000,13,265,layer_0,80,c1: Horizontal_Distance_To_Hydrology IS HIGH,14.46445083618164
covtype_binary_20000,13,266,layer_0,692,c11: Wilderness_Area_3 IS present,14.429729461669922
covtype_binary_20000,13,267,layer_0,231,c3: Soil_Type_2 IS absent,14.408662796020508
covtype_binary_20000,13,268,layer_0,630,c10: Wilderness_Area_1 IS absent,14.352067947387695
covtype_binary_20000,13,269,layer_0,204,c3: Soil_Type_29 IS absent,14.337239265441895
covtype_binary_20000,13,270,layer_0,398,c6: Elevation IS HIGH,14.265508651733398
covtype_binary_20000,13,271,layer_0,276,c4: Hillshade_9am IS LOW,14.134485244750977
covtype_binary_20000,13,272,layer_0,98,c1: Hillshade_Noon IS HIGH,14.081755638122559
covtype_binary_20000,13,273,layer_0,696,c11: Hillshade_Noon IS LOW,14.052799224853516
covtype_binary_20000,13,274,layer_0,81,c1: Wilderness_Area_2 IS absent,13.977827072143555
covtype_binary_20000,13,275,layer_0,234,c3: Slope IS LOW,13.958770751953125
covtype_binary_20000,13,276,layer_0,585,c9: Aspect IS LOW,13.876960754394531
covtype_binary_20000,13,277,layer_0,365,c6: Wilderness_Area_3 IS present,13.846206665039062
covtype_binary_20000,13,278,layer_0,443,c7: Wilderness_Area_1 IS present,13.79716968536377
covtype_binary_20000,13,279,layer_0,156,c2: Vertical_Distance_To_Hydrology IS LOW,13.739697456359863
covtype_binary_20000,13,280,layer_0,318,c5: Hillshade_3pm IS LOW,13.613862037658691
covtype_binary_20000,13,281,layer_0,363,c6: Wilderness_Area_3 IS absent,13.600268363952637
covtype_binary_20000,13,282,layer_0,306,c5: Soil_Type_29 IS absent,13.54321575164795
covtype_binary_20000,13,283,layer_0,466,c7: Horizontal_Distance_To_Fire_Points IS MEDIUM,13.366913795471191
covtype_binary_20000,13,284,layer_0,693,c11: Soil_Type_11 IS absent,13.31132984161377
covtype_binary_20000,13,285,layer_0,149,c2: Hillshade_Noon IS HIGH,13.132013320922852
covtype_binary_20000,13,286,layer_0,465,c7: Horizontal_Distance_To_Fire_Points IS LOW,13.129471778869629
covtype_binary_20000,13,287,layer_0,615,c10: Soil_Type_30 IS absent,13.11368465423584
covtype_binary_20000,13,288,layer_0,595,c9: Hillshade_Noon IS MEDIUM,13.08767032623291
covtype_binary_20000,13,289,layer_0,29,c0: Horizontal_Distance_To_Hydrology IS HIGH,13.054777145385742
covtype_binary_20000,13,290,layer_0,438,c7: Slope IS LOW,12.948640823364258
covtype_binary_20000,13,291,layer_0,708,c11: Wilderness_Area_4 IS absent,12.857734680175781
covtype_binary_20000,13,292,layer_0,243,c4: Wilderness_Area_4 IS absent,12.727560043334961
covtype_binary_20000,13,293,projection_layer,17,"pursuit_5(Hillshade_9am, Wilderness_Area_1, Soil_Type_10, Soil_Type_32) IS HIGH",12.394981384277344
covtype_binary_20000,13,294,layer_0,356,c5: Horizontal_Distance_To_Roadways IS HIGH,12.324007987976074
covtype_binary_20000,13,295,layer_0,371,c6: Hillshade_3pm IS HIGH,12.318955421447754
covtype_binary_20000,13,296,layer_0,279,c4: Wilderness_Area_4 IS absent,12.303346633911133
covtype_binary_20000,13,297,layer_0,479,c7: Wilderness_Area_1 IS present,12.219672203063965
covtype_binary_20000,13,298,layer_0,18,c0: Horizontal_Distance_To_Fire_Points IS LOW,12.193657875061035
covtype_binary_20000,13,299,layer_0,642,c10: Soil_Type_11 IS absent,12.07981014251709
covtype_binary_20000,13,300,layer_0,328,c5: Hillshade_9am IS MEDIUM,11.86987018585205
covtype_binary_20000,13,301,layer_0,108,c1: Wilderness_Area_3 IS absent,11.765364646911621
covtype_binary_20000,13,302,layer_0,528,c8: Wilderness_Area_1 IS absent,11.469663619995117
covtype_binary_20000,13,303,layer_0,329,c5: Hillshade_9am IS HIGH,11.42556095123291
covtype_binary_20000,13,304,layer_0,492,c8: Wilderness_Area_1 IS absent,11.283409118652344
covtype_binary_20000,13,305,layer_0,72,c1: Wilderness_Area_3 IS absent,11.190333366394043
covtype_binary_20000,13,306,layer_0,141,c2: Wilderness_Area_4 IS absent,10.884455680847168
covtype_binary_20000,13,307,layer_0,167,c2: Hillshade_3pm IS HIGH,10.844277381896973
covtype_binary_20000,13,308,layer_0,705,c11: Vertical_Distance_To_Hydrology IS LOW,10.66075611114502
covtype_binary_20000,13,309,layer_0,206,c3: Soil_Type_29 IS present,10.654977798461914
covtype_binary_20000,13,310,layer_0,125,c2: Wilderness_Area_3 IS present,10.641793251037598
covtype_binary_20000,13,311,layer_0,30,c0: Wilderness_Area_2 IS absent,10.530316352844238
covtype_binary_20000,13,312,layer_0,200,c3: Hillshade_Noon IS HIGH,10.518109321594238
covtype_binary_20000,13,313,layer_0,203,c3: Wilderness_Area_1 IS present,10.498512268066406
covtype_binary_20000,13,314,layer_0,239,c3: Wilderness_Area_1 IS present,10.492151260375977
covtype_binary_20000,13,315,layer_0,24,c0: Soil_Type_38 IS absent,10.429547309875488
covtype_binary_20000,13,316,layer_0,312,c5: Wilderness_Area_3 IS absent,10.399831771850586
covtype_binary_20000,13,317,layer_0,621,c10: Wilderness_Area_4 IS absent,10.350914001464844
covtype_binary_20000,13,318,layer_0,366,c6: Soil_Type_13 IS absent,10.253390312194824
covtype_binary_20000,13,319,layer_0,161,c2: Wilderness_Area_3 IS present,10.176689147949219
covtype_binary_20000,13,320,layer_0,411,c6: Soil_Type_30 IS absent,10.028166770935059
covtype_binary_20000,13,321,layer_0,3,c0: Wilderness_Area_4 IS absent,10.010993957519531
covtype_binary_20000,13,322,layer_0,360,c6: Vertical_Distance_To_Hydrology IS LOW,9.955667495727539
covtype_binary_20000,13,323,layer_0,354,c5: Horizontal_Distance_To_Roadways IS LOW,9.8897066116333
covtype_binary_20000,13,324,layer_0,348,c5: Wilderness_Area_3 IS absent,9.702701568603516
covtype_binary_20000,13,325,layer_0,612,c10: Wilderness_Area_2 IS absent,9.591900825500488
covtype_binary_20000,13,326,layer_0,422,c7: Hillshade_3pm IS HIGH,9.479093551635742
covtype_binary_20000,13,327,layer_0,390,c6: Wilderness_Area_1 IS absent,9.47702407836914
covtype_binary_20000,13,328,layer_0,711,c11: Soil_Type_31 IS absent,9.340710639953613
covtype_binary_20000,13,329,layer_0,497,c8: Soil_Type_32 IS present,9.24002456665039
covtype_binary_20000,13,330,layer_0,309,c5: Vertical_Distance_To_Hydrology IS LOW,9.218685150146484
covtype_binary_20000,13,331,layer_0,477,c7: Wilderness_Area_1 IS absent,9.200549125671387
covtype_binary_20000,13,332,layer_0,97,c1: Hillshade_Noon IS MEDIUM,9.12171459197998
covtype_binary_20000,13,333,layer_0,320,c5: Hillshade_3pm IS HIGH,9.102151870727539
covtype_binary_20000,13,334,layer_0,672,c11: Wilderness_Area_4 IS absent,9.065163612365723
covtype_binary_20000,13,335,layer_0,407,c6: Horizontal_Distance_To_Roadways IS HIGH,9.059589385986328
covtype_binary_20000,13,336,layer_0,653,c10: Soil_Type_10 IS present,9.021434783935547
covtype_binary_20000,13,337,layer_0,603,c10: Wilderness_Area_3 IS absent,8.909371376037598
covtype_binary_20000,13,338,projection_layer,1,"pursuit_0(Horizontal_Distance_To_Fire_Points, Hillshade_3pm, Soil_Type_29, Soil_Type_4) IS MEDIUM",8.87657642364502
covtype_binary_20000,13,339,layer_0,543,c9: Wilderness_Area_1 IS absent,8.852989196777344
covtype_binary_20000,13,340,layer_0,510,c8: Wilderness_Area_2 IS absent,8.72538948059082
covtype_binary_20000,13,341,layer_0,462,c7: Soil_Type_30 IS absent,8.683012962341309
covtype_binary_20000,13,342,layer_0,441,c7: Wilderness_Area_1 IS absent,8.537742614746094
covtype_binary_20000,13,343,layer_0,579,c9: Wilderness_Area_1 IS absent,8.454569816589355
covtype_binary_20000,13,344,layer_0,208,c3: Vertical_Distance_To_Hydrology IS MEDIUM,8.347454071044922
covtype_binary_20000,13,345,layer_0,216,c3: Hillshade_3pm IS LOW,8.341004371643066
covtype_binary_20000,13,346,layer_0,8,c0: Soil_Type_12 IS present,8.337851524353027
covtype_binary_20000,13,347,layer_0,476,c7: Horizontal_Distance_To_Hydrology IS HIGH,8.266485214233398
covtype_binary_20000,13,348,layer_0,369,c6: Hillshade_3pm IS LOW,8.210786819458008
covtype_binary_20000,13,349,layer_0,450,c7: Wilderness_Area_3 IS absent,8.176865577697754
covtype_binary_20000,13,350,layer_0,719,c11: Wilderness_Area_1 IS present,8.146124839782715
covtype_binary_20000,13,351,layer_0,48,c0: Wilderness_Area_1 IS absent,8.07458782196045
covtype_binary_20000,13,352,projection_layer,8,"pursuit_2(Hillshade_Noon, Wilderness_Area_4, Soil_Type_23, Soil_Type_11) IS HIGH",8.056791305541992
covtype_binary_20000,13,353,layer_0,303,c5: Wilderness_Area_1 IS absent,8.050667762756348
covtype_binary_20000,13,354,layer_0,111,c1: Soil_Type_13 IS absent,8.040975570678711
covtype_binary_20000,13,355,layer_0,645,c10: Hillshade_Noon IS LOW,8.037550926208496
covtype_binary_20000,13,356,layer_0,117,c1: Wilderness_Area_2 IS absent,7.96004056930542
covtype_binary_20000,13,357,layer_0,541,c9: Slope IS MEDIUM,7.915681838989258
covtype_binary_20000,13,358,layer_0,702,c11: Soil_Type_10 IS absent,7.830318450927734
covtype_binary_20000,13,359,layer_0,95,c1: Soil_Type_23 IS present,7.788107872009277
covtype_binary_20000,13,360,layer_0,527,c8: Horizontal_Distance_To_Hydrology IS HIGH,7.689229965209961
covtype_binary_20000,13,361,layer_0,146,c2: Soil_Type_23 IS present,7.677322864532471
covtype_binary_20000,13,362,layer_0,683,c11: Wilderness_Area_1 IS present,7.661742210388184
covtype_binary_20000,13,363,layer_0,657,c10: Wilderness_Area_4 IS absent,7.6018571853637695
covtype_binary_20000,13,364,layer_0,106,c1: Vertical_Distance_To_Hydrology IS MEDIUM,7.568917751312256
covtype_binary_20000,13,365,layer_0,639,c10: Wilderness_Area_3 IS absent,7.559468746185303
covtype_binary_20000,13,366,layer_0,293,c4: Soil_Type_32 IS present,7.551961421966553
covtype_binary_20000,13,367,layer_0,46,c0: Hillshade_Noon IS MEDIUM,7.505939483642578
covtype_binary_20000,13,368,layer_0,213,c3: Soil_Type_13 IS absent,7.417746067047119
covtype_binary_20000,13,369,layer_0,77,c1: Soil_Type_38 IS present,7.3986358642578125
covtype_binary_20000,13,370,layer_0,555,c9: Soil_Type_4 IS absent,7.394434928894043
covtype_binary_20000,13,371,layer_0,350,c5: Wilderness_Area_3 IS present,7.361671447753906
covtype_binary_20000,13,372,layer_0,53,c0: Soil_Type_29 IS present,7.234715461730957
covtype_binary_20000,13,373,layer_0,392,c6: Wilderness_Area_1 IS present,7.117673397064209
covtype_binary_20000,13,374,layer_0,489,c8: Slope IS LOW,7.065986156463623
covtype_binary_20000,13,375,layer_0,548,c9: Soil_Type_32 IS present,6.852026462554932
covtype_binary_20000,13,376,layer_0,339,c5: Wilderness_Area_1 IS absent,6.8287224769592285
covtype_binary_20000,13,377,layer_0,533,c8: Soil_Type_24 IS present,6.812702655792236
covtype_binary_20000,13,378,layer_0,324,c5: Soil_Type_40 IS absent,6.806217670440674
covtype_binary_20000,13,379,projection_layer,3,"pursuit_1(Elevation, Vertical_Distance_To_Hydrology, Soil_Type_40, Soil_Type_6) IS LOW",6.791985511779785
covtype_binary_20000,13,380,layer_0,135,c2: Soil_Type_39 IS absent,6.790196418762207
covtype_binary_20000,13,381,layer_0,420,c7: Hillshade_3pm IS LOW,6.715311050415039
covtype_binary_20000,13,382,layer_0,635,c10: Soil_Type_24 IS present,6.654753684997559
covtype_binary_20000,13,383,layer_0,515,c8: Soil_Type_30 IS present,6.653504371643066
covtype_binary_20000,13,384,layer_0,257,c4: Soil_Type_29 IS present,6.6340742111206055
covtype_binary_20000,13,385,layer_0,131,c2: Horizontal_Distance_To_Hydrology IS HIGH,6.569398880004883
covtype_binary_20000,13,386,layer_0,314,c5: Wilderness_Area_3 IS present,6.569184303283691
covtype_binary_20000,13,387,layer_0,648,c10: Wilderness_Area_2 IS absent,6.34149694442749
covtype_binary_20000,13,388,layer_0,440,c7: Slope IS HIGH,6.209428310394287
covtype_binary_20000,13,389,layer_0,632,c10: Wilderness_Area_1 IS present,6.05863618850708
covtype_binary_20000,13,390,layer_0,33,c0: Soil_Type_39 IS absent,6.049163341522217
covtype_binary_20000,13,391,layer_0,20,c0: Horizontal_Distance_To_Fire_Points IS HIGH,6.049123764038086
covtype_binary_20000,13,392,layer_0,174,c2: Hillshade_9am IS LOW,6.0376973152160645
covtype_binary_20000,13,393,layer_0,44,c0: Soil_Type_23 IS present,5.992345809936523
covtype_binary_20000,13,394,layer_0,473,c7: Soil_Type_33 IS present,5.955511093139648
covtype_binary_20000,13,395,layer_0,572,c9: Wilderness_Area_4 IS present,5.933144569396973
covtype_binary_20000,13,396,layer_0,207,c3: Vertical_Distance_To_Hydrology IS LOW,5.809030055999756
covtype_binary_20000,13,397,layer_0,246,c4: Soil_Type_23 IS absent,5.796602725982666
covtype_binary_20000,13,398,layer_0,17,c0: Soil_Type_22 IS present,5.7497968673706055
covtype_binary_20000,13,399,layer_0,575,c9: Soil_Type_33 IS present,5.704727649688721
covtype_binary_20000,13,400,layer_0,677,c11: Soil_Type_33 IS present,5.629847049713135
covtype_binary_20000,13,401,layer_0,302,c5: Hillshade_Noon IS HIGH,5.600327014923096
covtype_binary_20000,13,402,layer_0,305,c5: Wilderness_Area_1 IS present,5.591755390167236
covtype_binary_20000,13,403,layer_0,237,c3: Wilderness_Area_1 IS absent,5.588871955871582
covtype_binary_20000,13,404,layer_0,176,c2: Hillshade_9am IS HIGH,5.515974044799805
covtype_binary_20000,13,405,layer_0,588,c9: Wilderness_Area_3 IS absent,5.4780168533325195
covtype_binary_20000,13,406,layer_0,687,c11: Aspect IS LOW,5.422447204589844
covtype_binary_20000,13,407,layer_0,240,c4: Aspect IS LOW,5.203030109405518
covtype_binary_20000,13,408,layer_0,542,c9: Slope IS HIGH,5.166138648986816
covtype_binary_20000,13,409,layer_0,201,c3: Wilderness_Area_1 IS absent,5.159537315368652
covtype_binary_20000,13,410,layer_0,219,c3: Wilderness_Area_2 IS absent,5.1566853523254395
covtype_binary_20000,13,411,layer_0,285,c4: Slope IS LOW,5.095381259918213
covtype_binary_20000,13,412,layer_0,540,c9: Slope IS LOW,5.058774948120117
covtype_binary_20000,13,413,layer_0,55,c0: Vertical_Distance_To_Hydrology IS MEDIUM,4.8760600090026855
covtype_binary_20000,13,414,layer_1,125,c2: ka_concept_1.c1 IS HIGH,4.8640522956848145
covtype_binary_20000,13,415,layer_0,12,c0: Wilderness_Area_1 IS absent,4.863578796386719
covtype_binary_20000,13,416,layer_0,183,c3: Wilderness_Area_2 IS absent,4.835981369018555
covtype_binary_20000,13,417,projection_layer,22,"pursuit_7(Aspect, Soil_Type_39, Soil_Type_2, Soil_Type_5) IS MEDIUM",4.8234333992004395
covtype_binary_20000,13,418,layer_1,206,c3: ka_concept_1.c8 IS HIGH,4.8216166496276855
covtype_binary_20000,13,419,layer_0,189,c3: Aspect IS LOW,4.690406322479248
covtype_binary_20000,13,420,projection_layer,11,"pursuit_3(Slope, Soil_Type_12, Soil_Type_13, Soil_Type_1) IS HIGH",4.627964496612549
covtype_binary_20000,13,421,layer_0,148,c2: Hillshade_Noon IS MEDIUM,4.6123433113098145
covtype_binary_20000,13,422,layer_0,191,c3: Aspect IS HIGH,4.607168197631836
covtype_binary_20000,13,423,layer_0,310,c5: Vertical_Distance_To_Hydrology IS MEDIUM,4.541306972503662
covtype_binary_20000,13,424,layer_0,439,c7: Slope IS MEDIUM,4.528501987457275
covtype_binary_20000,13,425,layer_0,198,c3: Hillshade_Noon IS LOW,4.512484550476074
covtype_binary_20000,13,426,layer_0,608,c10: Soil_Type_4 IS present,4.499775409698486
covtype_binary_20000,13,427,layer_1,175,c2: projection_6 IS MEDIUM,4.387593746185303
covtype_binary_20000,13,428,layer_0,74,c1: Wilderness_Area_3 IS present,4.301905155181885
covtype_binary_20000,13,429,layer_1,333,c5: ka_concept_1.c11 IS LOW,4.259274005889893
covtype_binary_20000,13,430,layer_0,227,c3: Hillshade_9am IS HIGH,4.1953125
covtype_binary_20000,13,431,layer_0,39,c0: Wilderness_Area_4 IS absent,4.166532039642334
covtype_binary_20000,13,432,layer_1,320,c5: ka_concept_1.c6 IS HIGH,4.161989688873291
covtype_binary_20000,13,433,layer_0,452,c7: Wilderness_Area_3 IS present,4.152225494384766
covtype_binary_20000,13,434,layer_0,341,c5: Wilderness_Area_1 IS present,4.080036640167236
covtype_binary_20000,13,435,layer_0,308,c5: Soil_Type_29 IS present,3.952063798904419
covtype_binary_20000,13,436,layer_0,563,c9: Wilderness_Area_2 IS present,3.9223508834838867
covtype_binary_20000,13,437,layer_0,599,c9: Wilderness_Area_2 IS present,3.914062261581421
covtype_binary_20000,13,438,layer_0,704,c11: Soil_Type_10 IS present,3.80981707572937
covtype_binary_20000,13,439,layer_0,86,c1: Soil_Type_39 IS present,3.786187171936035
covtype_binary_20000,13,440,layer_0,157,c2: Vertical_Distance_To_Hydrology IS MEDIUM,3.7770960330963135
covtype_binary_20000,13,441,layer_0,344,c5: Soil_Type_32 IS present,3.7663955688476562
covtype_binary_20000,13,442,layer_1,86,c1: ka_concept_1.c8 IS HIGH,3.752507209777832
covtype_binary_20000,13,443,layer_0,212,c3: Wilderness_Area_3 IS present,3.7503459453582764
covtype_binary_20000,13,444,layer_0,273,c4: Soil_Type_40 IS absent,3.7290494441986084
covtype_binary_20000,13,445,layer_0,272,c4: Wilderness_Area_2 IS present,3.728851556777954
covtype_binary_20000,13,446,layer_1,204,c3: ka_concept_1.c8 IS LOW,3.724977970123291
covtype_binary_20000,13,447,layer_0,668,c11: Soil_Type_30 IS present,3.65537691116333
covtype_binary_20000,13,448,layer_0,617,c10: Soil_Type_30 IS present,3.6441073417663574
covtype_binary_20000,13,449,layer_0,564,c9: Soil_Type_30 IS absent,3.621361255645752
covtype_binary_20000,13,450,layer_0,659,c10: Wilderness_Area_4 IS present,3.5988411903381348
covtype_binary_20000,13,451,layer_1,108,c1: projection_4 IS LOW,3.5885684490203857
covtype_binary_20000,13,452,layer_0,248,c4: Soil_Type_23 IS present,3.5814003944396973
covtype_binary_20000,13,453,layer_1,132,c2: ka_concept_1.c4 IS LOW,3.567347288131714
covtype_binary_20000,13,454,layer_0,110,c1: Wilderness_Area_3 IS present,3.567298173904419
covtype_binary_20000,13,455,layer_0,512,c8: Wilderness_Area_2 IS present,3.5270156860351562
covtype_binary_20000,13,456,layer_0,54,c0: Vertical_Distance_To_Hydrology IS LOW,3.480032444000244
covtype_binary_20000,13,457,layer_0,690,c11: Wilderness_Area_3 IS absent,3.44677996635437
covtype_binary_20000,13,458,layer_0,115,c1: Hillshade_3pm IS MEDIUM,3.4427733421325684
covtype_binary_20000,13,459,layer_1,150,c2: ka_concept_1.c10 IS LOW,3.4367144107818604
covtype_binary_20000,13,460,layer_0,393,c6: Soil_Type_32 IS absent,3.419309139251709
covtype_binary_20000,13,461,layer_0,359,c5: Wilderness_Area_2 IS present,3.4050133228302
covtype_binary_20000,13,462,layer_0,552,c9: Wilderness_Area_3 IS absent,3.39829158782959
covtype_binary_20000,13,463,layer_0,323,c5: Wilderness_Area_2 IS present,3.395009756088257
covtype_binary_20000,13,464,layer_1,141,c2: ka_concept_1.c7 IS LOW,3.3930628299713135
covtype_binary_20000,13,465,layer_0,581,c9: Wilderness_Area_1 IS present,3.377377510070801
covtype_binary_20000,13,466,layer_1,60,c1: ka_concept_1.c0 IS LOW,3.3629143238067627
covtype_binary_20000,13,467,layer_0,195,c3: Soil_Type_23 IS absent,3.3471179008483887
covtype_binary_20000,13,468,layer_0,623,c10: Wilderness_Area_4 IS present,3.3363454341888428
covtype_binary_20000,13,469,layer_1,72,c1: ka_concept_1.c4 IS LOW,3.3076119422912598
covtype_binary_20000,13,470,layer_0,158,c2: Vertical_Distance_To_Hydrology IS HIGH,3.292975664138794
covtype_binary_20000,13,471,layer_0,629,c10: Horizontal_Distance_To_Hydrology IS HIGH,3.2247254848480225
covtype_binary_20000,13,472,layer_1,77,c1: ka_concept_1.c5 IS HIGH,3.1691763401031494
covtype_binary_20000,13,473,layer_1,317,c5: ka_concept_1.c5 IS HIGH,3.1668620109558105
covtype_binary_20000,13,474,layer_0,353,c5: Soil_Type_4 IS present,3.150630235671997
covtype_binary_20000,13,475,layer_0,217,c3: Hillshade_3pm IS MEDIUM,3.1195664405822754
covtype_binary_20000,13,476,layer_0,155,c2: Soil_Type_29 IS present,3.0784380435943604
covtype_binary_20000,13,477,layer_1,192,c3: ka_concept_1.c4 IS LOW,2.9847187995910645
covtype_binary_20000,13,478,projection_layer,18,"pursuit_6(Horizontal_Distance_To_Roadways, Soil_Type_38, Wilderness_Area_2, Soil_Type_18) IS LOW",2.978813886642456
covtype_binary_20000,13,479,layer_0,446,c7: Soil_Type_32 IS present,2.9610202312469482
covtype_binary_20000,13,480,layer_0,5,c0: Wilderness_Area_4 IS present,2.9337799549102783
covtype_binary_20000,13,481,layer_1,116,c1: projection_6 IS HIGH,2.9163825511932373
covtype_binary_20000,13,482,layer_0,41,c0: Wilderness_Area_4 IS present,2.891653060913086
covtype_binary_20000,13,483,layer_0,628,c10: Horizontal_Distance_To_Hydrology IS MEDIUM,2.887126922607422
covtype_binary_20000,13,484,layer_0,389,c6: Slope IS HIGH,2.8869681358337402
covtype_binary_20000,13,485,layer_1,81,c1: ka_concept_1.c7 IS LOW,2.8760886192321777
covtype_binary_20000,13,486,layer_1,349,c5: projection_4 IS MEDIUM,2.8658597469329834
covtype_binary_20000,13,487,layer_0,332,c5: Wilderness_Area_4 IS present,2.858717441558838
covtype_binary_20000,13,488,layer_0,545,c9: Wilderness_Area_1 IS present,2.855290412902832
covtype_binary_20000,13,489,layer_1,305,c5: ka_concept_1.c1 IS HIGH,2.8487119674682617
covtype_binary_20000,13,490,layer_0,386,c6: Soil_Type_2 IS present,2.796407461166382
covtype_binary_20000,13,491,layer_0,32,c0: Wilderness_Area_2 IS present,2.793741464614868
covtype_binary_20000,13,492,layer_1,235,c3: projection_6 IS MEDIUM,2.7802772521972656
covtype_binary_20000,13,493,layer_0,582,c9: Soil_Type_24 IS absent,2.7449522018432617
covtype_binary_20000,13,494,layer_1,102,c1: projection_2 IS LOW,2.7156448364257812
covtype_binary_20000,13,495,layer_0,566,c9: Soil_Type_30 IS present,2.7039661407470703
covtype_binary_20000,13,496,layer_1,61,c1: ka_concept_1.c0 IS MEDIUM,2.7007806301116943
covtype_binary_20000,13,497,layer_1,321,c5: ka_concept_1.c7 IS LOW,2.69625186920166
covtype_binary_20000,13,498,layer_1,201,c3: ka_concept_1.c7 IS LOW,2.6832048892974854
covtype_binary_20000,13,499,layer_0,686,c11: Soil_Type_24 IS present,2.655602216720581
covtype_binary_20000,13,500,layer_0,605,c10: Wilderness_Area_3 IS present,2.6409270763397217
covtype_binary_20000,13,501,layer_0,153,c2: Soil_Type_29 IS absent,2.630871534347534
covtype_binary_20000,13,502,layer_0,419,c6: Wilderness_Area_4 IS present,2.5994362831115723
covtype_binary_20000,13,503,layer_1,348,c5: projection_4 IS LOW,2.595745325088501
covtype_binary_20000,13,504,layer_0,378,c6: Hillshade_9am IS LOW,2.5846922397613525
covtype_binary_20000,13,505,layer_1,234,c3: projection_6 IS LOW,2.583228588104248
covtype_binary_20000,13,506,layer_0,699,c11: Wilderness_Area_2 IS absent,2.568125009536743
covtype_binary_20000,13,507,layer_0,383,c6: Wilderness_Area_4 IS present,2.547224760055542
covtype_binary_20000,13,508,layer_1,152,c2: ka_concept_1.c10 IS HIGH,2.503030300140381
covtype_binary_20000,13,509,layer_0,245,c4: Wilderness_Area_4 IS present,2.448321580886841
covtype_binary_20000,13,510,layer_0,281,c4: Wilderness_Area_4 IS present,2.4483180046081543
covtype_binary_20000,13,511,layer_1,216,c3: projection_0 IS LOW,2.4035980701446533
covtype_binary_20000,13,512,layer_0,92,c1: Wilderness_Area_4 IS present,2.3781228065490723
covtype_binary_20000,13,513,layer_1,111,c1: projection_5 IS LOW,2.3755931854248047
covtype_binary_20000,13,514,layer_0,14,c0: Wilderness_Area_1 IS present,2.359872341156006
covtype_binary_20000,13,515,layer_1,80,c1: ka_concept_1.c6 IS HIGH,2.344153642654419
covtype_binary_20000,13,516,layer_1,85,c1: ka_concept_1.c8 IS MEDIUM,2.320317029953003
covtype_binary_20000,13,517,layer_1,104,c1: projection_2 IS HIGH,2.282874584197998
covtype_binary_20000,13,518,layer_0,372,c6: Wilderness_Area_2 IS absent,2.2610907554626465
covtype_binary_20000,13,519,layer_0,413,c6: Soil_Type_30 IS present,2.2423129081726074
covtype_binary_20000,13,520,layer_0,713,c11: Soil_Type_31 IS present,2.2369577884674072
covtype_binary_20000,13,521,layer_0,236,c3: Slope IS HIGH,2.23443603515625
covtype_binary_20000,13,522,layer_1,157,c2: projection_0 IS MEDIUM,2.1870057582855225
covtype_binary_20000,13,523,layer_0,404,c6: Soil_Type_4 IS present,2.1800553798675537
covtype_binary_20000,13,524,layer_1,144,c2: ka_concept_1.c8 IS LOW,2.1761600971221924
covtype_binary_20000,13,525,layer_1,75,c1: ka_concept_1.c5 IS LOW,2.1623780727386475
covtype_binary_20000,13,526,layer_1,83,c1: ka_concept_1.c7 IS HIGH,2.1614034175872803
covtype_binary_20000,13,527,layer_0,209,c3: Vertical_Distance_To_Hydrology IS HIGH,2.127250909805298
covtype_binary_20000,13,528,layer_0,461,c7: Wilderness_Area_2 IS present,2.125962972640991
covtype_binary_20000,13,529,layer_0,526,c8: Horizontal_Distance_To_Hydrology IS MEDIUM,2.107880115509033
covtype_binary_20000,13,530,layer_0,641,c10: Wilderness_Area_3 IS present,2.107370376586914
covtype_binary_20000,13,531,layer_0,425,c7: Wilderness_Area_2 IS present,2.106318235397339
covtype_binary_20000,13,532,layer_1,213,c3: ka_concept_1.c11 IS LOW,2.091539144515991
covtype_binary_20000,13,533,layer_1,331,c5: ka_concept_1.c10 IS MEDIUM,2.035240888595581
covtype_binary_20000,13,534,layer_1,21,c0: ka_concept_1.c7 IS LOW,2.0237388610839844
covtype_binary_20000,13,535,layer_0,113,c1: Soil_Type_13 IS present,2.010460376739502
covtype_binary_20000,13,536,layer_1,97,c1: projection_0 IS MEDIUM,2.007351875305176
covtype_binary_20000,13,537,layer_1,169,c2: projection_4 IS MEDIUM,2.0038490295410156
covtype_binary_20000,13,538,layer_1,56,c0: projection_6 IS HIGH,1.9903481006622314
covtype_binary_20000,13,539,layer_1,89,c1: ka_concept_1.c9 IS HIGH,1.9782145023345947
covtype_binary_20000,13,540,layer_1,200,c3: ka_concept_1.c6 IS HIGH,1.9711682796478271
covtype_binary_20000,13,541,layer_0,299,c4: Wilderness_Area_3 IS present,1.9641180038452148
covtype_binary_20000,13,542,layer_1,16,c0: ka_concept_1.c5 IS MEDIUM,1.9583089351654053
covtype_binary_20000,13,543,layer_0,710,c11: Wilderness_Area_4 IS present,1.9579720497131348
covtype_binary_20000,13,544,layer_0,674,c11: Wilderness_Area_4 IS present,1.9579648971557617
covtype_binary_20000,13,545,layer_1,114,c1: projection_6 IS LOW,1.9436209201812744
covtype_binary_20000,13,546,layer_1,176,c2: projection_6 IS HIGH,1.9362856149673462
covtype_binary_20000,13,547,layer_0,468,c7: Wilderness_Area_4 IS absent,1.9105170965194702
covtype_binary_20000,13,548,layer_0,624,c10: Soil_Type_33 IS absent,1.8952182531356812
covtype_binary_20000,13,549,layer_1,355,c5: projection_6 IS MEDIUM,1.8859831094741821
covtype_binary_20000,13,550,layer_1,140,c2: ka_concept_1.c6 IS HIGH,1.8606722354888916
covtype_binary_20000,13,551,layer_1,257,c4: ka_concept_1.c5 IS HIGH,1.8587464094161987
covtype_binary_20000,13,552,layer_0,105,c1: Vertical_Distance_To_Hydrology IS LOW,1.8290343284606934
covtype_binary_20000,13,553,layer_1,156,c2: projection_0 IS LOW,1.8263310194015503
covtype_binary_20000,13,554,layer_0,656,c10: Vertical_Distance_To_Hydrology IS HIGH,1.7860041856765747
covtype_binary_20000,13,555,layer_1,260,c4: ka_concept_1.c6 IS HIGH,1.7823926210403442
covtype_binary_20000,13,556,layer_0,377,c6: Soil_Type_40 IS present,1.7678608894348145
covtype_binary_20000,13,557,layer_0,263,c4: Wilderness_Area_3 IS present,1.748558759689331
covtype_binary_20000,13,558,layer_0,453,c7: Soil_Type_4 IS absent,1.7435966730117798
covtype_binary_20000,13,559,layer_0,164,c2: Soil_Type_13 IS present,1.7315641641616821
covtype_binary_20000,13,560,layer_1,142,c2: ka_concept_1.c7 IS MEDIUM,1.722636342048645
covtype_binary_20000,13,561,layer_1,328,c5: ka_concept_1.c9 IS MEDIUM,1.6883236169815063
covtype_binary_20000,13,562,layer_1,326,c5: ka_concept_1.c8 IS HIGH,1.6872073411941528
covtype_binary_20000,13,563,layer_1,73,c1: ka_concept_1.c4 IS MEDIUM,1.6631038188934326
covtype_binary_20000,13,564,layer_1,229,c3: projection_4 IS MEDIUM,1.661888837814331
covtype_binary_20000,13,565,layer_0,181,c3: Horizontal_Distance_To_Hydrology IS MEDIUM,1.6603095531463623
covtype_binary_20000,13,566,layer_0,362,c6: Vertical_Distance_To_Hydrology IS HIGH,1.6502017974853516
covtype_binary_20000,13,567,layer_1,217,c3: projection_0 IS MEDIUM,1.6307461261749268
covtype_binary_20000,13,568,layer_1,282,c4: projection_2 IS LOW,1.6241387128829956
covtype_binary_20000,13,569,layer_1,30,c0: ka_concept_1.c10 IS LOW,1.5857000350952148
covtype_binary_20000,13,570,layer_1,120,c2: ka_concept_1.c0 IS LOW,1.5804624557495117
covtype_binary_20000,13,571,layer_1,231,c3: projection_5 IS LOW,1.5772888660430908
covtype_binary_20000,13,572,layer_1,225,c3: projection_3 IS LOW,1.545346736907959
covtype_binary_20000,13,573,layer_1,8,c0: ka_concept_1.c2 IS HIGH,1.5281469821929932
covtype_binary_20000,13,574,layer_1,228,c3: projection_4 IS LOW,1.5207105875015259
covtype_binary_20000,13,575,layer_1,105,c1: projection_3 IS LOW,1.5158400535583496
covtype_binary_20000,13,576,layer_1,88,c1: ka_concept_1.c9 IS MEDIUM,1.512548804283142
covtype_binary_20000,13,577,layer_0,370,c6: Hillshade_3pm IS MEDIUM,1.506364107131958
covtype_binary_20000,13,578,layer_1,137,c2: ka_concept_1.c5 IS HIGH,1.4861897230148315
covtype_binary_20000,13,579,layer_1,146,c2: ka_concept_1.c8 IS HIGH,1.4833570718765259
covtype_binary_20000,13,580,layer_0,197,c3: Soil_Type_23 IS present,1.4765280485153198
covtype_binary_20000,13,581,layer_1,32,c0: ka_concept_1.c10 IS HIGH,1.4764418601989746
covtype_binary_20000,13,582,layer_1,185,c3: ka_concept_1.c1 IS HIGH,1.4663037061691284
covtype_binary_20000,13,583,layer_0,644,c10: Soil_Type_11 IS present,1.4547040462493896
covtype_binary_20000,13,584,layer_1,23,c0: ka_concept_1.c7 IS HIGH,1.4532296657562256
covtype_binary_20000,13,585,layer_1,212,c3: ka_concept_1.c10 IS HIGH,1.4368290901184082
covtype_binary_20000,13,586,layer_0,707,c11: Vertical_Distance_To_Hydrology IS HIGH,1.4256142377853394
covtype_binary_20000,13,587,layer_1,189,c3: ka_concept_1.c3 IS LOW,1.4237464666366577
covtype_binary_20000,13,588,layer_1,25,c0: ka_concept_1.c8 IS MEDIUM,1.4139256477355957
covtype_binary_20000,13,589,layer_0,614,c10: Wilderness_Area_2 IS present,1.3934396505355835
covtype_binary_20000,13,590,layer_0,374,c6: Wilderness_Area_2 IS present,1.3864879608154297
covtype_binary_20000,13,591,layer_1,264,c4: ka_concept_1.c8 IS LOW,1.3840011358261108
covtype_binary_20000,13,592,layer_1,270,c4: ka_concept_1.c10 IS LOW,1.3777732849121094
covtype_binary_20000,13,593,layer_1,354,c5: projection_6 IS LOW,1.366499662399292
covtype_binary_20000,13,594,layer_0,663,c11: Wilderness_Area_2 IS absent,1.3457950353622437
covtype_binary_20000,13,595,layer_1,87,c1: ka_concept_1.c9 IS LOW,1.3418411016464233
covtype_binary_20000,13,596,layer_0,485,c8: Wilderness_Area_4 IS present,1.3386884927749634
covtype_binary_20000,13,597,layer_1,343,c5: projection_2 IS MEDIUM,1.3327488899230957
covtype_binary_20000,13,598,layer_1,222,c3: projection_2 IS LOW,1.3298380374908447
covtype_binary_20000,13,599,layer_1,123,c2: ka_concept_1.c1 IS LOW,1.3294411897659302
covtype_binary_20000,13,600,layer_1,284,c4: projection_2 IS HIGH,1.3279798030853271
covtype_binary_20000,13,601,layer_0,410,c6: Wilderness_Area_2 IS present,1.3263250589370728
covtype_binary_20000,13,602,layer_0,650,c10: Wilderness_Area_2 IS present,1.313023328781128
covtype_binary_20000,13,603,layer_0,221,c3: Wilderness_Area_2 IS present,1.2998601198196411
covtype_binary_20000,13,604,layer_1,148,c2: ka_concept_1.c9 IS MEDIUM,1.2992647886276245
covtype_binary_20000,13,605,layer_0,185,c3: Wilderness_Area_2 IS present,1.2984462976455688
covtype_binary_20000,13,606,layer_0,432,c7: Wilderness_Area_4 IS absent,1.2950561046600342
covtype_binary_20000,13,607,layer_1,127,c2: ka_concept_1.c2 IS MEDIUM,1.2769043445587158
covtype_binary_20000,13,608,layer_0,379,c6: Hillshade_9am IS MEDIUM,1.2742506265640259
covtype_binary_20000,13,609,layer_1,218,c3: projection_0 IS HIGH,1.268047571182251
covtype_binary_20000,13,610,layer_1,242,c4: ka_concept_1.c0 IS HIGH,1.25933039188385
covtype_binary_20000,13,611,layer_1,241,c4: ka_concept_1.c0 IS MEDIUM,1.2463147640228271
covtype_binary_20000,13,612,layer_1,177,c2: projection_7 IS LOW,1.2338223457336426
covtype_binary_20000,13,613,layer_1,149,c2: ka_concept_1.c9 IS HIGH,1.2171519994735718
covtype_binary_20000,13,614,layer_1,162,c2: projection_2 IS LOW,1.2161976099014282
covtype_binary_20000,13,615,layer_1,82,c1: ka_concept_1.c7 IS MEDIUM,1.2121435403823853
covtype_binary_20000,13,616,layer_0,230,c3: Wilderness_Area_4 IS present,1.2102936506271362
covtype_binary_20000,13,617,layer_1,342,c5: projection_2 IS LOW,1.2023710012435913
covtype_binary_20000,13,618,layer_0,194,c3: Wilderness_Area_4 IS present,1.2002346515655518
covtype_binary_20000,13,619,layer_0,584,c9: Soil_Type_24 IS present,1.1996220350265503
covtype_binary_20000,13,620,layer_1,306,c5: ka_concept_1.c2 IS LOW,1.1957755088806152
covtype_binary_20000,13,621,layer_1,93,c1: ka_concept_1.c11 IS LOW,1.1947474479675293
covtype_binary_20000,13,622,layer_0,521,c8: Wilderness_Area_4 IS present,1.1935817003250122
covtype_binary_20000,13,623,layer_0,464,c7: Soil_Type_30 IS present,1.193570852279663
covtype_binary_20000,13,624,layer_1,68,c1: ka_concept_1.c2 IS HIGH,1.1872384548187256
covtype_binary_20000,13,625,layer_1,24,c0: ka_concept_1.c8 IS LOW,1.1866594552993774
covtype_binary_20000,13,626,layer_1,12,c0: ka_concept_1.c4 IS LOW,1.1729936599731445
covtype_binary_20000,13,627,layer_0,335,c5: Soil_Type_2 IS present,1.1514097452163696
covtype_binary_20000,13,628,layer_0,166,c2: Hillshade_3pm IS MEDIUM,1.140850305557251
covtype_binary_20000,13,629,layer_1,129,c2: ka_concept_1.c3 IS LOW,1.1401870250701904
covtype_binary_20000,13,630,layer_1,344,c5: projection_2 IS HIGH,1.13371741771698
covtype_binary_20000,13,631,layer_1,27,c0: ka_concept_1.c9 IS LOW,1.1319324970245361
covtype_binary_20000,13,632,layer_0,284,c4: Soil_Type_2 IS present,1.1305532455444336
covtype_binary_20000,13,633,layer_0,107,c1: Vertical_Distance_To_Hydrology IS HIGH,1.1195976734161377
covtype_binary_20000,13,634,layer_0,706,c11: Vertical_Distance_To_Hydrology IS MEDIUM,1.1097594499588013
covtype_binary_20000,13,635,layer_1,165,c2: projection_3 IS LOW,1.1074140071868896
covtype_binary_20000,13,636,layer_1,109,c1: projection_4 IS MEDIUM,1.1043742895126343
covtype_binary_20000,13,637,layer_1,292,c4: projection_5 IS MEDIUM,1.0998131036758423
covtype_binary_20000,13,638,layer_1,237,c3: projection_7 IS LOW,1.0895206928253174
covtype_binary_20000,13,639,layer_1,323,c5: ka_concept_1.c7 IS HIGH,1.0884970426559448
covtype_binary_20000,13,640,layer_1,312,c5: ka_concept_1.c4 IS LOW,1.0848149061203003
covtype_binary_20000,13,641,layer_1,143,c2: ka_concept_1.c7 IS HIGH,1.0828896760940552
covtype_binary_20000,13,642,layer_1,210,c3: ka_concept_1.c10 IS LOW,1.0814578533172607
covtype_binary_20000,13,643,layer_1,308,c5: ka_concept_1.c2 IS HIGH,1.0784348249435425
covtype_binary_20000,13,644,layer_0,134,c2: Wilderness_Area_2 IS present,1.0755242109298706
covtype_binary_20000,13,645,layer_0,170,c2: Wilderness_Area_2 IS present,1.0596740245819092
covtype_binary_20000,13,646,layer_1,66,c1: ka_concept_1.c2 IS LOW,1.0540052652359009
covtype_binary_20000,13,647,layer_1,273,c4: ka_concept_1.c11 IS LOW,1.053754448890686
covtype_binary_20000,13,648,layer_1,252,c4: ka_concept_1.c4 IS LOW,1.0376619100570679
covtype_binary_20000,13,649,layer_0,138,c2: Aspect IS LOW,1.0362439155578613
covtype_binary_20000,13,650,layer_1,291,c4: projection_5 IS LOW,1.0317553281784058
covtype_binary_20000,13,651,layer_1,166,c2: projection_3 IS MEDIUM,1.018334150314331
covtype_binary_20000,13,652,layer_1,49,c0: projection_4 IS MEDIUM,1.0117864608764648
covtype_binary_20000,13,653,layer_1,209,c3: ka_concept_1.c9 IS HIGH,1.0111236572265625
covtype_binary_20000,13,654,layer_1,300,c5: ka_concept_1.c0 IS LOW,1.0064760446548462
covtype_binary_20000,13,655,layer_0,317,c5: Soil_Type_13 IS present,0.9932264685630798
covtype_binary_20000,13,656,layer_0,190,c3: Aspect IS MEDIUM,0.9914737939834595
covtype_binary_20000,13,657,layer_1,110,c1: projection_4 IS HIGH,0.990344226360321
covtype_binary_20000,13,658,layer_1,5,c0: ka_concept_1.c1 IS HIGH,0.9900530576705933
covtype_binary_20000,13,659,layer_1,327,c5: ka_concept_1.c9 IS LOW,0.9801331162452698
covtype_binary_20000,13,660,layer_0,679,c11: Horizontal_Distance_To_Hydrology IS MEDIUM,0.9733443260192871
covtype_binary_20000,13,661,layer_0,428,c7: Soil_Type_40 IS present,0.9664158821105957
covtype_binary_20000,13,662,layer_1,168,c2: projection_4 IS LOW,0.9647461175918579
covtype_binary_20000,13,663,layer_1,350,c5: projection_4 IS HIGH,0.9572404623031616
covtype_binary_20000,13,664,layer_0,297,c4: Wilderness_Area_3 IS absent,0.9491815567016602
covtype_binary_20000,13,665,layer_1,45,c0: projection_3 IS LOW,0.9470034241676331
covtype_binary_20000,13,666,layer_1,171,c2: projection_5 IS LOW,0.9389178156852722
covtype_binary_20000,13,667,layer_1,193,c3: ka_concept_1.c4 IS MEDIUM,0.9339953064918518
covtype_binary_20000,13,668,layer_1,307,c5: ka_concept_1.c2 IS MEDIUM,0.9267815947532654
covtype_binary_20000,13,669,layer_0,50,c0: Wilderness_Area_1 IS present,0.925774097442627
covtype_binary_20000,13,670,layer_1,345,c5: projection_3 IS LOW,0.9240157604217529
covtype_binary_20000,13,671,layer_1,289,c4: projection_4 IS MEDIUM,0.9066530466079712
covtype_binary_20000,13,672,layer_1,84,c1: ka_concept_1.c8 IS LOW,0.9054609537124634
covtype_binary_20000,13,673,layer_1,226,c3: projection_3 IS MEDIUM,0.8988369703292847
covtype_binary_20000,13,674,layer_0,26,c0: Soil_Type_38 IS present,0.8984638452529907
covtype_binary_20000,13,675,layer_1,17,c0: ka_concept_1.c5 IS HIGH,0.8947936296463013
covtype_binary_20000,13,676,layer_0,338,c5: Slope IS HIGH,0.8947418332099915
covtype_binary_20000,13,677,layer_1,182,c3: ka_concept_1.c0 IS HIGH,0.8888140320777893
covtype_binary_20000,13,678,layer_1,266,c4: ka_concept_1.c8 IS HIGH,0.8776534795761108
covtype_binary_20000,13,679,layer_0,128,c2: Soil_Type_38 IS present,0.8772957921028137
covtype_binary_20000,13,680,layer_1,74,c1: ka_concept_1.c4 IS HIGH,0.8749265670776367
covtype_binary_20000,13,681,layer_1,309,c5: ka_concept_1.c3 IS LOW,0.8709707856178284
covtype_binary_20000,13,682,layer_1,188,c3: ka_concept_1.c2 IS HIGH,0.8668214678764343
covtype_binary_20000,13,683,layer_1,332,c5: ka_concept_1.c10 IS HIGH,0.8638388514518738
covtype_binary_20000,13,684,layer_1,138,c2: ka_concept_1.c6 IS LOW,0.853908121585846
covtype_binary_20000,13,685,layer_1,159,c2: projection_1 IS LOW,0.8447971940040588
covtype_binary_20000,13,686,layer_1,211,c3: ka_concept_1.c10 IS MEDIUM,0.8445273637771606
covtype_binary_20000,13,687,layer_1,115,c1: projection_6 IS MEDIUM,0.8409098982810974
covtype_binary_20000,13,688,layer_0,337,c5: Slope IS MEDIUM,0.8347322344779968
covtype_binary_20000,13,689,layer_1,54,c0: projection_6 IS LOW,0.8286572098731995
covtype_binary_20000,13,690,layer_1,0,c0: ka_concept_1.c0 IS LOW,0.8279978036880493
covtype_binary_20000,13,691,layer_1,303,c5: ka_concept_1.c1 IS LOW,0.816982090473175
covtype_binary_20000,13,692,layer_1,265,c4: ka_concept_1.c8 IS MEDIUM,0.8152851462364197
covtype_binary_20000,13,693,layer_1,183,c3: ka_concept_1.c1 IS LOW,0.8043936491012573
covtype_binary_20000,13,694,layer_1,276,c4: projection_0 IS LOW,0.799939751625061
covtype_binary_20000,13,695,projection_layer,14,"pursuit_4(Horizontal_Distance_To_Hydrology, Soil_Type_22, Soil_Type_30, Soil_Type_35) IS HIGH",0.7933706641197205
covtype_binary_20000,13,696,layer_1,196,c3: ka_concept_1.c5 IS MEDIUM,0.7894887924194336
covtype_binary_20000,13,697,layer_1,6,c0: ka_concept_1.c2 IS LOW,0.7888630628585815
covtype_binary_20000,13,698,layer_1,313,c5: ka_concept_1.c4 IS MEDIUM,0.7828267216682434
covtype_binary_20000,13,699,layer_1,245,c4: ka_concept_1.c1 IS HIGH,0.7805240154266357
covtype_binary_20000,13,700,layer_0,665,c11: Wilderness_Area_2 IS present,0.7740014791488647
covtype_binary_20000,13,701,layer_0,395,c6: Soil_Type_32 IS present,0.7681029438972473
covtype_binary_20000,13,702,layer_1,194,c3: ka_concept_1.c4 IS HIGH,0.7640672326087952
covtype_binary_20000,13,703,layer_1,96,c1: projection_0 IS LOW,0.763518214225769
covtype_binary_20000,13,704,layer_0,701,c11: Wilderness_Area_2 IS present,0.7510660886764526
covtype_binary_20000,13,705,layer_1,37,c0: projection_0 IS MEDIUM,0.7463476657867432
covtype_binary_20000,13,706,layer_1,92,c1: ka_concept_1.c10 IS HIGH,0.7391108274459839
covtype_binary_20000,13,707,layer_1,67,c1: ka_concept_1.c2 IS MEDIUM,0.7377964854240417
covtype_binary_20000,13,708,layer_1,170,c2: projection_4 IS HIGH,0.7361639738082886
covtype_binary_20000,13,709,projection_layer,23,"pursuit_7(Aspect, Soil_Type_39, Soil_Type_2, Soil_Type_5) IS HIGH",0.7218912839889526
covtype_binary_20000,13,710,layer_0,266,c4: Soil_Type_13 IS present,0.7178972959518433
covtype_binary_20000,13,711,layer_1,263,c4: ka_concept_1.c7 IS HIGH,0.7157847285270691
covtype_binary_20000,13,712,layer_1,158,c2: projection_0 IS HIGH,0.7141534686088562
covtype_binary_20000,13,713,layer_1,122,c2: ka_concept_1.c0 IS HIGH,0.6908987760543823
covtype_binary_20000,13,714,layer_1,117,c1: projection_7 IS LOW,0.686016857624054
covtype_binary_20000,13,715,layer_1,230,c3: projection_4 IS HIGH,0.6846767663955688
covtype_binary_20000,13,716,layer_1,288,c4: projection_4 IS LOW,0.6744459271430969
covtype_binary_20000,13,717,layer_0,173,c2: Soil_Type_40 IS present,0.6707826852798462
covtype_binary_20000,13,718,layer_0,435,c7: Soil_Type_2 IS absent,0.6687143445014954
covtype_binary_20000,13,719,layer_1,64,c1: ka_concept_1.c1 IS MEDIUM,0.6670794486999512
covtype_binary_20000,13,720,layer_1,4,c0: ka_concept_1.c1 IS MEDIUM,0.6670041680335999
covtype_binary_20000,13,721,layer_1,186,c3: ka_concept_1.c2 IS LOW,0.6582122445106506
covtype_binary_20000,13,722,layer_1,224,c3: projection_2 IS HIGH,0.6546065807342529
covtype_binary_20000,13,723,layer_1,163,c2: projection_2 IS MEDIUM,0.6494617462158203
covtype_binary_20000,13,724,layer_1,180,c3: ka_concept_1.c0 IS LOW,0.6492346525192261
covtype_binary_20000,13,725,layer_0,326,c5: Soil_Type_40 IS present,0.6386080980300903
covtype_binary_20000,13,726,layer_0,593,c9: Soil_Type_11 IS present,0.637097179889679
covtype_binary_20000,13,727,layer_1,184,c3: ka_concept_1.c1 IS MEDIUM,0.6333094835281372
covtype_binary_20000,13,728,layer_1,232,c3: projection_5 IS MEDIUM,0.6327407360076904
covtype_binary_20000,13,729,layer_0,275,c4: Soil_Type_40 IS present,0.626654863357544
covtype_binary_20000,13,730,layer_1,205,c3: ka_concept_1.c8 IS MEDIUM,0.6240593791007996
covtype_binary_20000,13,731,layer_0,695,c11: Soil_Type_11 IS present,0.6216484904289246
covtype_binary_20000,13,732,layer_1,145,c2: ka_concept_1.c8 IS MEDIUM,0.6176633238792419
covtype_binary_20000,13,733,layer_1,172,c2: projection_5 IS MEDIUM,0.6158625483512878
covtype_binary_20000,13,734,layer_1,190,c3: ka_concept_1.c3 IS MEDIUM,0.6135658025741577
covtype_binary_20000,13,735,layer_1,203,c3: ka_concept_1.c7 IS HIGH,0.6121907830238342
covtype_binary_20000,13,736,layer_1,78,c1: ka_concept_1.c6 IS LOW,0.6070095896720886
covtype_binary_20000,13,737,layer_1,253,c4: ka_concept_1.c4 IS MEDIUM,0.5921724438667297
covtype_binary_20000,13,738,layer_1,20,c0: ka_concept_1.c6 IS HIGH,0.5825871229171753
covtype_binary_20000,13,739,layer_0,261,c4: Wilderness_Area_3 IS absent,0.5804440975189209
covtype_binary_20000,13,740,layer_0,56,c0: Vertical_Distance_To_Hydrology IS HIGH,0.5803114175796509
covtype_binary_20000,13,741,layer_1,301,c5: ka_concept_1.c0 IS MEDIUM,0.5764296650886536
covtype_binary_20000,13,742,layer_1,57,c0: projection_7 IS LOW,0.5706703066825867
covtype_binary_20000,13,743,layer_0,260,c4: Vertical_Distance_To_Hydrology IS HIGH,0.5699566006660461
covtype_binary_20000,13,744,layer_1,285,c4: projection_3 IS LOW,0.5698431134223938
covtype_binary_20000,13,745,layer_1,262,c4: ka_concept_1.c7 IS MEDIUM,0.5648694634437561
covtype_binary_20000,13,746,layer_1,76,c1: ka_concept_1.c5 IS MEDIUM,0.5626915097236633
covtype_binary_20000,13,747,layer_1,91,c1: ka_concept_1.c10 IS MEDIUM,0.55209881067276
covtype_binary_20000,13,748,layer_0,408,c6: Wilderness_Area_2 IS absent,0.5517281889915466
covtype_binary_20000,13,749,layer_1,336,c5: projection_0 IS LOW,0.5492596626281738
covtype_binary_20000,13,750,layer_1,94,c1: ka_concept_1.c11 IS MEDIUM,0.5455453991889954
covtype_binary_20000,13,751,layer_1,197,c3: ka_concept_1.c5 IS HIGH,0.5424292683601379
covtype_binary_20000,13,752,layer_1,249,c4: ka_concept_1.c3 IS LOW,0.5358251929283142
covtype_binary_20000,13,753,layer_1,69,c1: ka_concept_1.c3 IS LOW,0.5342485904693604
covtype_binary_20000,13,754,layer_1,286,c4: projection_3 IS MEDIUM,0.5315557718276978
covtype_binary_20000,13,755,layer_1,29,c0: ka_concept_1.c9 IS HIGH,0.5202320218086243
covtype_binary_20000,13,756,layer_0,455,c7: Soil_Type_4 IS present,0.5193301439285278
covtype_binary_20000,13,757,layer_0,554,c9: Wilderness_Area_3 IS present,0.5172989368438721
covtype_binary_20000,13,758,layer_1,324,c5: ka_concept_1.c8 IS LOW,0.5137996673583984
covtype_binary_20000,13,759,layer_1,271,c4: ka_concept_1.c10 IS MEDIUM,0.5102907419204712
covtype_binary_20000,13,760,layer_1,199,c3: ka_concept_1.c6 IS MEDIUM,0.5001392960548401
covtype_binary_20000,13,761,layer_1,98,c1: projection_0 IS HIGH,0.49998509883880615
covtype_binary_20000,13,762,layer_1,325,c5: ka_concept_1.c8 IS MEDIUM,0.4892324209213257
covtype_binary_20000,13,763,layer_1,302,c5: ka_concept_1.c0 IS HIGH,0.48646166920661926
covtype_binary_20000,13,764,layer_1,134,c2: ka_concept_1.c4 IS HIGH,0.4860513210296631
covtype_binary_20000,13,765,layer_1,259,c4: ka_concept_1.c6 IS MEDIUM,0.47613224387168884
covtype_binary_20000,13,766,layer_1,304,c5: ka_concept_1.c1 IS MEDIUM,0.46919772028923035
covtype_binary_20000,13,767,layer_1,240,c4: ka_concept_1.c0 IS LOW,0.46768563985824585
covtype_binary_20000,13,768,projection_layer,4,"pursuit_1(Elevation, Vertical_Distance_To_Hydrology, Soil_Type_40, Soil_Type_6) IS MEDIUM",0.46353045105934143
covtype_binary_20000,13,769,layer_0,215,c3: Soil_Type_13 IS present,0.45712077617645264
covtype_binary_20000,13,770,layer_1,9,c0: ka_concept_1.c3 IS LOW,0.45501428842544556
covtype_binary_20000,13,771,layer_0,119,c1: Wilderness_Area_2 IS present,0.4541316032409668
covtype_binary_20000,13,772,layer_1,155,c2: ka_concept_1.c11 IS HIGH,0.4453526735305786
covtype_binary_20000,13,773,layer_1,267,c4: ka_concept_1.c9 IS LOW,0.4379606246948242
covtype_binary_20000,13,774,layer_0,557,c9: Soil_Type_4 IS present,0.4370144009590149
covtype_binary_20000,13,775,layer_1,219,c3: projection_1 IS LOW,0.4269668757915497
covtype_binary_20000,13,776,layer_0,35,c0: Soil_Type_39 IS present,0.41486066579818726
covtype_binary_20000,13,777,layer_1,62,c1: ka_concept_1.c0 IS HIGH,0.394499272108078
covtype_binary_20000,13,778,layer_1,42,c0: projection_2 IS LOW,0.3941454291343689
covtype_binary_20000,13,779,layer_0,137,c2: Soil_Type_39 IS present,0.3907748758792877
covtype_binary_20000,13,780,layer_1,195,c3: ka_concept_1.c5 IS LOW,0.3906995356082916
covtype_binary_20000,13,781,layer_1,112,c1: projection_5 IS MEDIUM,0.3882780075073242
covtype_binary_20000,13,782,layer_1,126,c2: ka_concept_1.c2 IS LOW,0.388169527053833
covtype_binary_20000,13,783,layer_1,352,c5: projection_5 IS MEDIUM,0.38616156578063965
covtype_binary_20000,13,784,layer_0,437,c7: Soil_Type_2 IS present,0.384977787733078
covtype_binary_20000,13,785,layer_1,26,c0: ka_concept_1.c8 IS HIGH,0.38471463322639465
covtype_binary_20000,13,786,layer_1,22,c0: ka_concept_1.c7 IS MEDIUM,0.38425707817077637
covtype_binary_20000,13,787,layer_1,296,c4: projection_6 IS HIGH,0.3787666857242584
covtype_binary_20000,13,788,layer_1,207,c3: ka_concept_1.c9 IS LOW,0.37659960985183716
covtype_binary_20000,13,789,layer_1,133,c2: ka_concept_1.c4 IS MEDIUM,0.3709133565425873
covtype_binary_20000,13,790,layer_1,178,c2: projection_7 IS MEDIUM,0.37017157673835754
covtype_binary_20000,13,791,layer_1,337,c5: projection_0 IS MEDIUM,0.36773577332496643
covtype_binary_20000,13,792,layer_0,83,c1: Wilderness_Area_2 IS present,0.3664538860321045
covtype_binary_20000,13,793,layer_1,79,c1: ka_concept_1.c6 IS MEDIUM,0.35711050033569336
covtype_binary_20000,13,794,layer_0,179,c2: Wilderness_Area_4 IS present,0.35412752628326416
covtype_binary_20000,13,795,layer_1,71,c1: ka_concept_1.c3 IS HIGH,0.34937429428100586
covtype_binary_20000,13,796,layer_1,136,c2: ka_concept_1.c5 IS MEDIUM,0.3435535430908203
covtype_binary_20000,13,797,layer_0,143,c2: Wilderness_Area_4 IS present,0.3408961594104767
covtype_binary_20000,13,798,layer_1,38,c0: projection_0 IS HIGH,0.3257223665714264
covtype_binary_20000,13,799,layer_0,646,c10: Hillshade_Noon IS MEDIUM,0.32561713457107544
covtype_binary_20000,13,800,layer_1,187,c3: ka_concept_1.c2 IS MEDIUM,0.3253445327281952
covtype_binary_20000,13,801,layer_1,1,c0: ka_concept_1.c0 IS MEDIUM,0.32401221990585327
covtype_binary_20000,13,802,layer_1,335,c5: ka_concept_1.c11 IS HIGH,0.32365190982818604
covtype_binary_20000,13,803,layer_1,43,c0: projection_2 IS MEDIUM,0.3226170241832733
covtype_binary_20000,13,804,layer_1,181,c3: ka_concept_1.c0 IS MEDIUM,0.3198449909687042
covtype_binary_20000,13,805,layer_1,50,c0: projection_4 IS HIGH,0.31833067536354065
covtype_binary_20000,13,806,layer_1,258,c4: ka_concept_1.c6 IS LOW,0.3173028826713562
covtype_binary_20000,13,807,layer_0,626,c10: Soil_Type_33 IS present,0.314360648393631
covtype_binary_20000,13,808,layer_1,274,c4: ka_concept_1.c11 IS MEDIUM,0.30992764234542847
covtype_binary_20000,13,809,layer_1,48,c0: projection_4 IS LOW,0.3092511296272278
covtype_binary_20000,13,810,layer_0,311,c5: Vertical_Distance_To_Hydrology IS HIGH,0.30812108516693115
covtype_binary_20000,13,811,layer_1,191,c3: ka_concept_1.c3 IS HIGH,0.30674323439598083
covtype_binary_20000,13,812,layer_1,315,c5: ka_concept_1.c5 IS LOW,0.3044261038303375
covtype_binary_20000,13,813,layer_1,295,c4: projection_6 IS MEDIUM,0.30184102058410645
covtype_binary_20000,13,814,layer_1,247,c4: ka_concept_1.c2 IS MEDIUM,0.30074191093444824
covtype_binary_20000,13,815,layer_1,135,c2: ka_concept_1.c5 IS LOW,0.29733017086982727
covtype_binary_20000,13,816,layer_1,338,c5: projection_0 IS HIGH,0.2953602969646454
covtype_binary_20000,13,817,layer_1,153,c2: ka_concept_1.c11 IS LOW,0.282940149307251
covtype_binary_20000,13,818,layer_1,356,c5: projection_6 IS HIGH,0.2810174226760864
covtype_binary_20000,13,819,layer_1,236,c3: projection_6 IS HIGH,0.2736978232860565
covtype_binary_20000,13,820,layer_0,368,c6: Soil_Type_13 IS present,0.27327612042427063
covtype_binary_20000,13,821,layer_1,283,c4: projection_2 IS MEDIUM,0.2727532386779785
covtype_binary_20000,13,822,layer_1,99,c1: projection_1 IS LOW,0.2696079909801483
covtype_binary_20000,13,823,layer_1,124,c2: ka_concept_1.c1 IS MEDIUM,0.26703548431396484
covtype_binary_20000,13,824,layer_1,322,c5: ka_concept_1.c7 IS MEDIUM,0.26587975025177
covtype_binary_20000,13,825,layer_1,214,c3: ka_concept_1.c11 IS MEDIUM,0.2642373740673065
covtype_binary_20000,13,826,layer_1,63,c1: ka_concept_1.c1 IS LOW,0.2591884434223175
covtype_binary_20000,13,827,layer_1,272,c4: ka_concept_1.c10 IS HIGH,0.25650912523269653
covtype_binary_20000,13,828,layer_1,118,c1: projection_7 IS MEDIUM,0.2506270408630371
covtype_binary_20000,13,829,layer_1,121,c2: ka_concept_1.c0 IS MEDIUM,0.25044068694114685
covtype_binary_20000,13,830,layer_1,215,c3: ka_concept_1.c11 IS HIGH,0.2500944137573242
covtype_binary_20000,13,831,layer_1,268,c4: ka_concept_1.c9 IS MEDIUM,0.24889975786209106
covtype_binary_20000,13,832,layer_1,256,c4: ka_concept_1.c5 IS MEDIUM,0.24689869582653046
covtype_binary_20000,13,833,layer_0,590,c9: Wilderness_Area_3 IS present,0.24509000778198242
covtype_binary_20000,13,834,layer_1,55,c0: projection_6 IS MEDIUM,0.24293802678585052
covtype_binary_20000,13,835,layer_1,31,c0: ka_concept_1.c10 IS MEDIUM,0.24252931773662567
covtype_binary_20000,13,836,layer_1,164,c2: projection_2 IS HIGH,0.24024800956249237
covtype_binary_20000,13,837,layer_1,51,c0: projection_5 IS LOW,0.23992790281772614
covtype_binary_20000,13,838,layer_1,174,c2: projection_6 IS LOW,0.23980434238910675
covtype_binary_20000,13,839,layer_1,103,c1: projection_2 IS MEDIUM,0.2366042137145996
covtype_binary_20000,13,840,layer_1,238,c3: projection_7 IS MEDIUM,0.22301456332206726
covtype_binary_20000,13,841,layer_1,261,c4: ka_concept_1.c7 IS LOW,0.21933606266975403
covtype_binary_20000,13,842,layer_1,351,c5: projection_5 IS LOW,0.21708889305591583
covtype_binary_20000,13,843,layer_1,310,c5: ka_concept_1.c3 IS MEDIUM,0.2112235128879547
covtype_binary_20000,13,844,layer_1,330,c5: ka_concept_1.c10 IS LOW,0.20616160333156586
covtype_binary_20000,13,845,layer_1,329,c5: ka_concept_1.c9 IS HIGH,0.2049316018819809
covtype_binary_20000,13,846,layer_1,28,c0: ka_concept_1.c9 IS MEDIUM,0.20465616881847382
covtype_binary_20000,13,847,layer_1,65,c1: ka_concept_1.c1 IS HIGH,0.1979742795228958
covtype_binary_20000,13,848,layer_1,311,c5: ka_concept_1.c3 IS HIGH,0.19216161966323853
covtype_binary_20000,13,849,layer_1,52,c0: projection_5 IS MEDIUM,0.1911820024251938
covtype_binary_20000,13,850,layer_1,250,c4: ka_concept_1.c3 IS MEDIUM,0.19065824151039124
covtype_binary_20000,13,851,layer_1,14,c0: ka_concept_1.c4 IS HIGH,0.1889764815568924
covtype_binary_20000,13,852,layer_0,470,c7: Wilderness_Area_4 IS present,0.1881779432296753
covtype_binary_20000,13,853,layer_1,13,c0: ka_concept_1.c4 IS MEDIUM,0.1863175481557846
covtype_binary_20000,13,854,layer_1,248,c4: ka_concept_1.c2 IS HIGH,0.1819322109222412
covtype_binary_20000,13,855,layer_1,243,c4: ka_concept_1.c1 IS LOW,0.17878715693950653
covtype_binary_20000,13,856,layer_1,34,c0: ka_concept_1.c11 IS MEDIUM,0.17153985798358917
covtype_binary_20000,13,857,layer_1,319,c5: ka_concept_1.c6 IS MEDIUM,0.1693250983953476
covtype_binary_20000,13,858,layer_1,357,c5: projection_7 IS LOW,0.16752728819847107
covtype_binary_20000,13,859,layer_1,278,c4: projection_0 IS HIGH,0.1659228503704071
covtype_binary_20000,13,860,layer_1,130,c2: ka_concept_1.c3 IS MEDIUM,0.16356196999549866
covtype_binary_20000,13,861,layer_1,279,c4: projection_1 IS LOW,0.16339612007141113
covtype_binary_20000,13,862,layer_0,434,c7: Wilderness_Area_4 IS present,0.1535397469997406
covtype_binary_20000,13,863,layer_1,39,c0: projection_1 IS LOW,0.15108932554721832
covtype_binary_20000,13,864,layer_1,46,c0: projection_3 IS MEDIUM,0.14960640668869019
covtype_binary_20000,13,865,layer_1,202,c3: ka_concept_1.c7 IS MEDIUM,0.14936356246471405
covtype_binary_20000,13,866,layer_1,316,c5: ka_concept_1.c5 IS MEDIUM,0.14843270182609558
covtype_binary_20000,13,867,layer_1,18,c0: ka_concept_1.c6 IS LOW,0.14605450630187988
covtype_binary_20000,13,868,layer_1,208,c3: ka_concept_1.c9 IS MEDIUM,0.14555734395980835
covtype_binary_20000,13,869,layer_1,318,c5: ka_concept_1.c6 IS LOW,0.1448734998703003
covtype_binary_20000,13,870,layer_1,339,c5: projection_1 IS LOW,0.14256314933300018
covtype_binary_20000,13,871,layer_1,44,c0: projection_2 IS HIGH,0.14236463606357574
covtype_binary_20000,13,872,layer_1,2,c0: ka_concept_1.c0 IS HIGH,0.1409514844417572
covtype_binary_20000,13,873,layer_1,19,c0: ka_concept_1.c6 IS MEDIUM,0.13912589848041534
covtype_binary_20000,13,874,layer_1,297,c4: projection_7 IS LOW,0.12743325531482697
covtype_binary_20000,13,875,layer_1,314,c5: ka_concept_1.c4 IS HIGH,0.1258692443370819
covtype_binary_20000,13,876,layer_0,488,c8: Soil_Type_2 IS present,0.12451580911874771
covtype_binary_20000,13,877,layer_1,255,c4: ka_concept_1.c5 IS LOW,0.12175868451595306
covtype_binary_20000,13,878,layer_1,11,c0: ka_concept_1.c3 IS HIGH,0.11735840141773224
covtype_binary_20000,13,879,layer_1,227,c3: projection_3 IS HIGH,0.11649330705404282
covtype_binary_20000,13,880,layer_1,7,c0: ka_concept_1.c2 IS MEDIUM,0.11433329433202744
covtype_binary_20000,13,881,layer_1,251,c4: ka_concept_1.c3 IS HIGH,0.10432162135839462
covtype_binary_20000,13,882,layer_1,151,c2: ka_concept_1.c10 IS MEDIUM,0.10074736177921295
covtype_binary_20000,13,883,layer_1,3,c0: ka_concept_1.c1 IS LOW,0.09941179305315018
covtype_binary_20000,13,884,layer_1,269,c4: ka_concept_1.c9 IS HIGH,0.09935910999774933
covtype_binary_20000,13,885,layer_1,33,c0: ka_concept_1.c11 IS LOW,0.08830603212118149
covtype_binary_20000,13,886,layer_1,167,c2: projection_3 IS HIGH,0.08819830417633057
covtype_binary_20000,13,887,layer_1,35,c0: ka_concept_1.c11 IS HIGH,0.08740804344415665
covtype_binary_20000,13,888,layer_1,139,c2: ka_concept_1.c6 IS MEDIUM,0.08391690999269485
covtype_binary_20000,13,889,layer_1,275,c4: ka_concept_1.c11 IS HIGH,0.08055604249238968
covtype_binary_20000,13,890,layer_1,15,c0: ka_concept_1.c5 IS LOW,0.06656080484390259
covtype_binary_20000,13,891,layer_1,70,c1: ka_concept_1.c3 IS MEDIUM,0.052700456231832504
covtype_binary_20000,13,892,layer_1,147,c2: ka_concept_1.c9 IS LOW,0.04994106665253639
covtype_binary_20000,13,893,layer_1,334,c5: ka_concept_1.c11 IS MEDIUM,0.04830344766378403
covtype_binary_20000,13,894,layer_1,223,c3: projection_2 IS MEDIUM,0.04777836054563522
covtype_binary_20000,13,895,layer_1,198,c3: ka_concept_1.c6 IS LOW,0.041948914527893066
covtype_binary_20000,13,896,layer_1,287,c4: projection_3 IS HIGH,0.040798965841531754
covtype_binary_20000,13,897,layer_1,179,c2: projection_7 IS HIGH,0.0406014621257782
covtype_binary_20000,13,898,layer_1,246,c4: ka_concept_1.c2 IS LOW,0.0354171022772789
covtype_binary_20000,13,899,layer_1,131,c2: ka_concept_1.c3 IS HIGH,0.03536207228899002
covtype_binary_20000,13,900,layer_1,277,c4: projection_0 IS MEDIUM,0.03012309968471527
covtype_binary_20000,13,901,layer_1,119,c1: projection_7 IS HIGH,0.025766121223568916
covtype_binary_20000,13,902,layer_1,173,c2: projection_5 IS HIGH,0.025638999417424202
covtype_binary_20000,13,903,layer_1,358,c5: projection_7 IS MEDIUM,0.023873427882790565
covtype_binary_20000,13,904,layer_1,294,c4: projection_6 IS LOW,0.023548167198896408
covtype_binary_20000,13,905,layer_1,290,c4: projection_4 IS HIGH,0.02330610901117325
covtype_binary_20000,13,906,layer_1,239,c3: projection_7 IS HIGH,0.02260648086667061
covtype_binary_20000,13,907,layer_1,293,c4: projection_5 IS HIGH,0.021848386153578758
covtype_binary_20000,13,908,layer_1,346,c5: projection_3 IS MEDIUM,0.017756393179297447
covtype_binary_20000,13,909,layer_1,107,c1: projection_3 IS HIGH,0.017036033794283867
covtype_binary_20000,13,910,layer_1,36,c0: projection_0 IS LOW,0.015138931572437286
covtype_binary_20000,13,911,layer_1,106,c1: projection_3 IS MEDIUM,0.013872703537344933
covtype_binary_20000,13,912,layer_1,90,c1: ka_concept_1.c10 IS LOW,0.013536150567233562
covtype_binary_20000,13,913,layer_1,298,c4: projection_7 IS MEDIUM,0.012638954445719719
covtype_binary_20000,13,914,layer_1,128,c2: ka_concept_1.c2 IS HIGH,0.011042335070669651
covtype_binary_20000,13,915,layer_1,58,c0: projection_7 IS MEDIUM,0.0108270775526762
covtype_binary_20000,13,916,layer_1,10,c0: ka_concept_1.c3 IS MEDIUM,0.010759063996374607
covtype_binary_20000,13,917,layer_1,113,c1: projection_5 IS HIGH,0.010143226943910122
covtype_binary_20000,13,918,layer_1,353,c5: projection_5 IS HIGH,0.010093321092426777
covtype_binary_20000,13,919,layer_1,233,c3: projection_5 IS HIGH,0.009795809164643288
covtype_binary_20000,13,920,layer_1,53,c0: projection_5 IS HIGH,0.00959736667573452
covtype_binary_20000,13,921,layer_1,154,c2: ka_concept_1.c11 IS MEDIUM,0.00791099388152361
covtype_binary_20000,13,922,layer_1,299,c4: projection_7 IS HIGH,0.00476677343249321
covtype_binary_20000,13,923,layer_1,95,c1: ka_concept_1.c11 IS HIGH,0.004231248050928116
covtype_binary_20000,13,924,layer_1,244,c4: ka_concept_1.c1 IS MEDIUM,0.0030368168372660875
covtype_binary_20000,13,925,layer_1,100,c1: projection_1 IS MEDIUM,0.0024700781796127558
covtype_binary_20000,13,926,layer_1,160,c2: projection_1 IS MEDIUM,0.00242215977050364
covtype_binary_20000,13,927,layer_1,347,c5: projection_3 IS HIGH,0.002376529620960355
covtype_binary_20000,13,928,layer_1,280,c4: projection_1 IS MEDIUM,0.0020715612918138504
covtype_binary_20000,13,929,layer_1,220,c3: projection_1 IS MEDIUM,0.0019051715498790145
covtype_binary_20000,13,930,layer_1,40,c0: projection_1 IS MEDIUM,0.0015672193840146065
covtype_binary_20000,13,931,layer_1,47,c0: projection_3 IS HIGH,0.0008908616728149354
covtype_binary_20000,13,932,layer_1,340,c5: projection_1 IS MEDIUM,0.0004205253499094397
covtype_binary_20000,13,933,layer_1,59,c0: projection_7 IS HIGH,0.00019138840434607118
covtype_binary_20000,13,934,layer_1,254,c4: ka_concept_1.c4 IS HIGH,0.0001570927124703303
covtype_binary_20000,13,935,layer_1,359,c5: projection_7 IS HIGH,9.857909026322886e-05
covtype_binary_20000,13,936,layer_1,341,c5: projection_1 IS HIGH,2.31770991376834e-06
covtype_binary_20000,31,1,layer_0,498,c8: Elevation IS LOW,79.2569351196289
covtype_binary_20000,31,2,layer_0,345,c5: Elevation IS LOW,70.68836212158203
covtype_binary_20000,31,3,layer_0,549,c9: Elevation IS LOW,67.55433654785156
covtype_binary_20000,31,4,projection_layer,5,"pursuit_1(Elevation, Vertical_Distance_To_Hydrology, Soil_Type_40, Soil_Type_6) IS HIGH",63.96617889404297
covtype_binary_20000,31,5,layer_0,396,c6: Elevation IS LOW,58.600582122802734
covtype_binary_20000,31,6,layer_0,346,c5: Elevation IS MEDIUM,54.59193801879883
covtype_binary_20000,31,7,layer_0,406,c6: Horizontal_Distance_To_Roadways IS MEDIUM,52.063716888427734
covtype_binary_20000,31,8,layer_0,397,c6: Elevation IS MEDIUM,50.219417572021484
covtype_binary_20000,31,9,projection_layer,4,"pursuit_1(Elevation, Vertical_Distance_To_Hydrology, Soil_Type_40, Soil_Type_6) IS MEDIUM",47.30907440185547
covtype_binary_20000,31,10,layer_0,508,c8: Horizontal_Distance_To_Roadways IS MEDIUM,43.58390808105469
covtype_binary_20000,31,11,layer_0,448,c7: Elevation IS MEDIUM,42.88230895996094
covtype_binary_20000,31,12,layer_0,558,c9: Horizontal_Distance_To_Roadways IS LOW,41.5789794921875
covtype_binary_20000,31,13,layer_0,447,c7: Elevation IS LOW,39.84222412109375
covtype_binary_20000,31,14,layer_0,636,c10: Aspect IS LOW,39.13512420654297
covtype_binary_20000,31,15,layer_0,356,c5: Horizontal_Distance_To_Roadways IS HIGH,38.9432487487793
covtype_binary_20000,31,16,projection_layer,12,"pursuit_4(Horizontal_Distance_To_Hydrology, Soil_Type_22, Soil_Type_30, Soil_Type_35) IS LOW",37.39032745361328
covtype_binary_20000,31,17,layer_0,457,c7: Horizontal_Distance_To_Roadways IS MEDIUM,35.257408142089844
covtype_binary_20000,31,18,projection_layer,3,"pursuit_1(Elevation, Vertical_Distance_To_Hydrology, Soil_Type_40, Soil_Type_6) IS LOW",33.28857421875
covtype_binary_20000,31,19,layer_0,500,c8: Elevation IS HIGH,32.83399200439453
covtype_binary_20000,31,20,layer_0,609,c10: Horizontal_Distance_To_Roadways IS LOW,32.75334930419922
covtype_binary_20000,31,21,layer_0,415,c6: Horizontal_Distance_To_Fire_Points IS MEDIUM,32.18718338012695
covtype_binary_20000,31,22,layer_0,661,c11: Horizontal_Distance_To_Roadways IS MEDIUM,32.09507369995117
covtype_binary_20000,31,23,layer_0,458,c7: Horizontal_Distance_To_Roadways IS HIGH,29.924650192260742
covtype_binary_20000,31,24,layer_0,602,c10: Elevation IS HIGH,29.912580490112305
covtype_binary_20000,31,25,layer_0,662,c11: Horizontal_Distance_To_Roadways IS HIGH,27.935197830200195
covtype_binary_20000,31,26,layer_0,518,c8: Horizontal_Distance_To_Fire_Points IS HIGH,27.576377868652344
covtype_binary_20000,31,27,layer_0,18,c0: Horizontal_Distance_To_Fire_Points IS LOW,27.30230140686035
covtype_binary_20000,31,28,layer_0,551,c9: Elevation IS HIGH,27.20411491394043
covtype_binary_20000,31,29,layer_0,688,c11: Aspect IS MEDIUM,26.432804107666016
covtype_binary_20000,31,30,layer_0,645,c10: Hillshade_Noon IS LOW,26.05829620361328
covtype_binary_20000,31,31,layer_0,637,c10: Aspect IS MEDIUM,25.7441463470459
covtype_binary_20000,31,32,layer_0,559,c9: Horizontal_Distance_To_Roadways IS MEDIUM,25.58580780029297
covtype_binary_20000,31,33,layer_0,9,c0: Horizontal_Distance_To_Roadways IS LOW,25.319677352905273
covtype_binary_20000,31,34,layer_0,507,c8: Horizontal_Distance_To_Roadways IS LOW,24.764978408813477
covtype_binary_20000,31,35,layer_0,646,c10: Hillshade_Noon IS MEDIUM,24.634254455566406
covtype_binary_20000,31,36,layer_0,601,c10: Elevation IS MEDIUM,24.339635848999023
covtype_binary_20000,31,37,layer_0,465,c7: Horizontal_Distance_To_Fire_Points IS LOW,23.96333885192871
covtype_binary_20000,31,38,layer_0,296,c4: Elevation IS HIGH,22.8335018157959
covtype_binary_20000,31,39,layer_0,670,c11: Horizontal_Distance_To_Fire_Points IS MEDIUM,22.762718200683594
covtype_binary_20000,31,40,layer_0,669,c11: Horizontal_Distance_To_Fire_Points IS LOW,22.441190719604492
covtype_binary_20000,31,41,layer_0,715,c11: Hillshade_3pm IS MEDIUM,22.365400314331055
covtype_binary_20000,31,42,layer_0,199,c3: Hillshade_Noon IS MEDIUM,22.28323745727539
covtype_binary_20000,31,43,layer_0,585,c9: Aspect IS LOW,22.050615310668945
covtype_binary_20000,31,44,layer_0,294,c4: Elevation IS LOW,21.509061813354492
covtype_binary_20000,31,45,layer_0,129,c2: Horizontal_Distance_To_Hydrology IS LOW,21.170307159423828
covtype_binary_20000,31,46,layer_0,481,c8: Hillshade_9am IS MEDIUM,20.965322494506836
covtype_binary_20000,31,47,layer_0,407,c6: Horizontal_Distance_To_Roadways IS HIGH,20.591838836669922
covtype_binary_20000,31,48,layer_0,576,c9: Horizontal_Distance_To_Hydrology IS LOW,20.140705108642578
covtype_binary_20000,31,49,layer_0,302,c5: Hillshade_Noon IS HIGH,19.73151206970215
covtype_binary_20000,31,50,layer_0,501,c8: Wilderness_Area_1 IS absent,19.6231632232666
covtype_binary_20000,31,51,layer_0,679,c11: Horizontal_Distance_To_Hydrology IS MEDIUM,19.371978759765625
covtype_binary_20000,31,52,projection_layer,2,"pursuit_0(Horizontal_Distance_To_Fire_Points, Hillshade_3pm, Soil_Type_29, Soil_Type_4) IS HIGH",19.05703353881836
covtype_binary_20000,31,53,layer_0,320,c5: Hillshade_3pm IS HIGH,18.963258743286133
covtype_binary_20000,31,54,layer_0,680,c11: Horizontal_Distance_To_Hydrology IS HIGH,18.806291580200195
covtype_binary_20000,31,55,layer_0,537,c8: Wilderness_Area_1 IS absent,18.74862289428711
covtype_binary_20000,31,56,layer_0,380,c6: Hillshade_9am IS HIGH,18.448549270629883
covtype_binary_20000,31,57,layer_0,387,c6: Slope IS LOW,18.224287033081055
covtype_binary_20000,31,58,layer_0,390,c6: Wilderness_Area_3 IS absent,18.01342010498047
covtype_binary_20000,31,59,layer_0,651,c10: Soil_Type_31 IS absent,17.869068145751953
covtype_binary_20000,31,60,layer_0,654,c10: Vertical_Distance_To_Hydrology IS LOW,17.849245071411133
covtype_binary_20000,31,61,layer_0,586,c9: Aspect IS MEDIUM,17.830280303955078
covtype_binary_20000,31,62,layer_0,200,c3: Hillshade_Noon IS HIGH,17.751049041748047
covtype_binary_20000,31,63,layer_0,306,c5: Soil_Type_29 IS absent,17.55670738220215
covtype_binary_20000,31,64,layer_0,494,c8: Wilderness_Area_3 IS present,17.37221908569336
covtype_binary_20000,31,65,layer_0,595,c9: Hillshade_Noon IS MEDIUM,17.173233032226562
covtype_binary_20000,31,66,layer_0,689,c11: Aspect IS HIGH,17.14773941040039
covtype_binary_20000,31,67,layer_0,0,c0: Elevation IS LOW,17.05316734313965
covtype_binary_20000,31,68,layer_0,268,c4: Hillshade_3pm IS MEDIUM,16.996501922607422
covtype_binary_20000,31,69,layer_0,347,c5: Elevation IS HIGH,16.604782104492188
covtype_binary_20000,31,70,layer_0,2,c0: Elevation IS HIGH,16.350345611572266
covtype_binary_20000,31,71,layer_0,530,c8: Wilderness_Area_3 IS present,16.34551429748535
covtype_binary_20000,31,72,layer_0,54,c0: Vertical_Distance_To_Hydrology IS LOW,16.03874397277832
covtype_binary_20000,31,73,layer_0,560,c9: Horizontal_Distance_To_Roadways IS HIGH,15.811141014099121
covtype_binary_20000,31,74,layer_0,684,c11: Soil_Type_24 IS absent,15.441865921020508
covtype_binary_20000,31,75,layer_0,416,c6: Horizontal_Distance_To_Fire_Points IS HIGH,15.379463195800781
covtype_binary_20000,31,76,layer_0,379,c6: Hillshade_9am IS MEDIUM,15.368002891540527
covtype_binary_20000,31,77,layer_0,655,c10: Vertical_Distance_To_Hydrology IS MEDIUM,15.212325096130371
covtype_binary_20000,31,78,layer_0,610,c10: Horizontal_Distance_To_Roadways IS MEDIUM,15.194788932800293
covtype_binary_20000,31,79,layer_0,619,c10: Horizontal_Distance_To_Fire_Points IS MEDIUM,14.910941123962402
covtype_binary_20000,31,80,layer_0,33,c0: Soil_Type_38 IS absent,14.869640350341797
covtype_binary_20000,31,81,layer_0,180,c3: Horizontal_Distance_To_Hydrology IS LOW,14.640033721923828
covtype_binary_20000,31,82,layer_0,405,c6: Horizontal_Distance_To_Roadways IS LOW,14.539810180664062
covtype_binary_20000,31,83,layer_0,591,c9: Soil_Type_10 IS absent,14.401788711547852
covtype_binary_20000,31,84,layer_0,705,c11: Vertical_Distance_To_Hydrology IS LOW,14.196024894714355
covtype_binary_20000,31,85,layer_0,698,c11: Hillshade_Noon IS HIGH,13.897226333618164
covtype_binary_20000,31,86,layer_0,369,c6: Hillshade_3pm IS LOW,13.788195610046387
covtype_binary_20000,31,87,layer_0,15,c0: Soil_Type_22 IS absent,13.771871566772461
covtype_binary_20000,31,88,layer_0,388,c6: Slope IS MEDIUM,13.429587364196777
covtype_binary_20000,31,89,projection_layer,15,"pursuit_5(Hillshade_9am, Wilderness_Area_1, Soil_Type_10, Soil_Type_32) IS LOW",13.408945083618164
covtype_binary_20000,31,90,layer_0,466,c7: Horizontal_Distance_To_Fire_Points IS MEDIUM,13.34585952758789
covtype_binary_20000,31,91,layer_0,38,c0: Aspect IS HIGH,13.29952335357666
covtype_binary_20000,31,92,layer_0,475,c7: Horizontal_Distance_To_Hydrology IS MEDIUM,13.257081031799316
covtype_binary_20000,31,93,layer_0,175,c2: Hillshade_9am IS MEDIUM,13.037796974182129
covtype_binary_20000,31,94,layer_0,534,c8: Aspect IS LOW,13.008674621582031
covtype_binary_20000,31,95,layer_0,207,c3: Vertical_Distance_To_Hydrology IS LOW,12.987981796264648
covtype_binary_20000,31,96,layer_0,683,c11: Wilderness_Area_3 IS present,12.963410377502441
covtype_binary_20000,31,97,layer_0,719,c11: Wilderness_Area_3 IS present,12.953660011291504
covtype_binary_20000,31,98,layer_0,384,c6: Soil_Type_4 IS absent,12.776339530944824
covtype_binary_20000,31,99,layer_0,620,c10: Horizontal_Distance_To_Fire_Points IS HIGH,12.769630432128906
covtype_binary_20000,31,100,layer_0,319,c5: Hillshade_3pm IS MEDIUM,12.565767288208008
covtype_binary_20000,31,101,layer_0,226,c3: Hillshade_9am IS MEDIUM,12.546662330627441
covtype_binary_20000,31,102,layer_0,567,c9: Horizontal_Distance_To_Fire_Points IS LOW,12.473917007446289
covtype_binary_20000,31,103,projection_layer,13,"pursuit_4(Horizontal_Distance_To_Hydrology, Soil_Type_22, Soil_Type_30, Soil_Type_35) IS MEDIUM",12.40054702758789
covtype_binary_20000,31,104,layer_0,120,c2: Horizontal_Distance_To_Fire_Points IS LOW,12.367719650268555
covtype_binary_20000,31,105,layer_0,647,c10: Hillshade_Noon IS HIGH,12.22110652923584
covtype_binary_20000,31,106,layer_0,717,c11: Wilderness_Area_3 IS absent,12.172958374023438
covtype_binary_20000,31,107,layer_0,499,c8: Elevation IS MEDIUM,11.847655296325684
covtype_binary_20000,31,108,layer_0,28,c0: Horizontal_Distance_To_Hydrology IS MEDIUM,11.810513496398926
covtype_binary_20000,31,109,layer_0,681,c11: Wilderness_Area_3 IS absent,11.778006553649902
covtype_binary_20000,31,110,layer_0,630,c10: Wilderness_Area_3 IS absent,11.664169311523438
covtype_binary_20000,31,111,layer_0,309,c5: Vertical_Distance_To_Hydrology IS LOW,11.656888008117676
covtype_binary_20000,31,112,layer_0,24,c0: Soil_Type_39 IS absent,11.541767120361328
covtype_binary_20000,31,113,layer_0,122,c2: Horizontal_Distance_To_Fire_Points IS HIGH,11.374763488769531
covtype_binary_20000,31,114,layer_0,1,c0: Elevation IS MEDIUM,11.073480606079102
covtype_binary_20000,31,115,layer_0,6,c0: Soil_Type_12 IS absent,10.946540832519531
covtype_binary_20000,31,116,projection_layer,6,"pursuit_2(Hillshade_Noon, Wilderness_Area_4, Soil_Type_23, Soil_Type_11) IS LOW",10.776062965393066
covtype_binary_20000,31,117,layer_0,638,c10: Aspect IS HIGH,10.67626667022705
covtype_binary_20000,31,118,layer_0,462,c7: Soil_Type_2 IS absent,10.664835929870605
covtype_binary_20000,31,119,layer_0,519,c8: Wilderness_Area_4 IS absent,10.647538185119629
covtype_binary_20000,31,120,layer_0,198,c3: Hillshade_Noon IS LOW,10.496417045593262
covtype_binary_20000,31,121,layer_0,541,c9: Slope IS MEDIUM,10.394781112670898
covtype_binary_20000,31,122,layer_0,246,c4: Soil_Type_23 IS absent,10.390059471130371
covtype_binary_20000,31,123,layer_0,582,c9: Soil_Type_24 IS absent,10.352161407470703
covtype_binary_20000,31,124,layer_0,258,c4: Vertical_Distance_To_Hydrology IS LOW,10.330979347229004
covtype_binary_20000,31,125,layer_0,663,c11: Wilderness_Area_2 IS absent,10.320622444152832
covtype_binary_20000,31,126,layer_0,486,c8: Soil_Type_4 IS absent,10.301871299743652
covtype_binary_20000,31,127,layer_0,37,c0: Aspect IS MEDIUM,10.295852661132812
covtype_binary_20000,31,128,layer_0,135,c2: Soil_Type_38 IS absent,10.27612590789795
covtype_binary_20000,31,129,layer_0,611,c10: Horizontal_Distance_To_Roadways IS HIGH,10.265005111694336
covtype_binary_20000,31,130,layer_0,360,c6: Vertical_Distance_To_Hydrology IS LOW,10.256501197814941
covtype_binary_20000,31,131,layer_0,42,c0: Soil_Type_23 IS absent,10.178570747375488
covtype_binary_20000,31,132,layer_0,627,c10: Horizontal_Distance_To_Hydrology IS LOW,10.160178184509277
covtype_binary_20000,31,133,layer_0,131,c2: Horizontal_Distance_To_Hydrology IS HIGH,10.084961891174316
covtype_binary_20000,31,134,layer_0,426,c7: Soil_Type_13 IS absent,9.934614181518555
covtype_binary_20000,31,135,layer_0,660,c11: Horizontal_Distance_To_Roadways IS LOW,9.871177673339844
covtype_binary_20000,31,136,layer_0,569,c9: Horizontal_Distance_To_Fire_Points IS HIGH,9.8677978515625
covtype_binary_20000,31,137,layer_0,250,c4: Hillshade_Noon IS MEDIUM,9.841708183288574
covtype_binary_20000,31,138,layer_0,483,c8: Wilderness_Area_4 IS absent,9.819110870361328
covtype_binary_20000,31,139,layer_0,276,c4: Hillshade_9am IS LOW,9.737201690673828
covtype_binary_20000,31,140,layer_0,321,c5: Wilderness_Area_2 IS absent,9.524652481079102
covtype_binary_20000,31,141,layer_0,503,c8: Wilderness_Area_1 IS present,9.427474021911621
covtype_binary_20000,31,142,layer_0,234,c3: Slope IS LOW,9.422727584838867
covtype_binary_20000,31,143,layer_0,286,c4: Slope IS MEDIUM,9.296049118041992
covtype_binary_20000,31,144,projection_layer,16,"pursuit_5(Hillshade_9am, Wilderness_Area_1, Soil_Type_10, Soil_Type_32) IS MEDIUM",9.080365180969238
covtype_binary_20000,31,145,layer_0,516,c8: Horizontal_Distance_To_Fire_Points IS LOW,9.062751770019531
covtype_binary_20000,31,146,layer_0,539,c8: Wilderness_Area_1 IS present,8.977203369140625
covtype_binary_20000,31,147,layer_0,366,c6: Soil_Type_40 IS absent,8.886378288269043
covtype_binary_20000,31,148,layer_0,699,c11: Wilderness_Area_2 IS absent,8.833260536193848
covtype_binary_20000,31,149,layer_0,490,c8: Slope IS MEDIUM,8.778088569641113
covtype_binary_20000,31,150,layer_0,55,c0: Vertical_Distance_To_Hydrology IS MEDIUM,8.62094783782959
covtype_binary_20000,31,151,layer_0,456,c7: Horizontal_Distance_To_Roadways IS LOW,8.498860359191895
covtype_binary_20000,31,152,layer_0,716,c11: Hillshade_3pm IS HIGH,8.416314125061035
covtype_binary_20000,31,153,layer_0,579,c9: Wilderness_Area_3 IS absent,8.324904441833496
covtype_binary_20000,31,154,layer_0,577,c9: Horizontal_Distance_To_Hydrology IS MEDIUM,8.29696273803711
covtype_binary_20000,31,155,layer_0,125,c2: Wilderness_Area_1 IS present,8.18421459197998
covtype_binary_20000,31,156,layer_0,476,c7: Horizontal_Distance_To_Hydrology IS HIGH,8.184171676635742
covtype_binary_20000,31,157,projection_layer,1,"pursuit_0(Horizontal_Distance_To_Fire_Points, Hillshade_3pm, Soil_Type_29, Soil_Type_4) IS MEDIUM",8.102005004882812
covtype_binary_20000,31,158,layer_0,10,c0: Horizontal_Distance_To_Roadways IS MEDIUM,8.094609260559082
covtype_binary_20000,31,159,layer_0,161,c2: Wilderness_Area_1 IS present,8.027545928955078
covtype_binary_20000,31,160,layer_0,600,c10: Elevation IS LOW,7.986108303070068
covtype_binary_20000,31,161,layer_0,14,c0: Wilderness_Area_3 IS present,7.982501983642578
covtype_binary_20000,31,162,layer_0,555,c9: Soil_Type_32 IS absent,7.9601263999938965
covtype_binary_20000,31,163,layer_0,522,c8: Soil_Type_33 IS absent,7.929011821746826
covtype_binary_20000,31,164,layer_0,678,c11: Horizontal_Distance_To_Hydrology IS LOW,7.880726337432861
covtype_binary_20000,31,165,layer_0,308,c5: Soil_Type_29 IS present,7.869409084320068
covtype_binary_20000,31,166,layer_0,375,c6: Soil_Type_13 IS absent,7.813432216644287
covtype_binary_20000,31,167,layer_0,242,c4: Aspect IS HIGH,7.810321807861328
covtype_binary_20000,31,168,layer_0,714,c11: Hillshade_3pm IS LOW,7.7638068199157715
covtype_binary_20000,31,169,layer_0,20,c0: Horizontal_Distance_To_Fire_Points IS HIGH,7.723138809204102
covtype_binary_20000,31,170,layer_0,546,c9: Soil_Type_30 IS absent,7.610241413116455
covtype_binary_20000,31,171,layer_0,203,c3: Wilderness_Area_3 IS present,7.573408126831055
covtype_binary_20000,31,172,projection_layer,0,"pursuit_0(Horizontal_Distance_To_Fire_Points, Hillshade_3pm, Soil_Type_29, Soil_Type_4) IS LOW",7.571158409118652
covtype_binary_20000,31,173,layer_0,239,c3: Wilderness_Area_3 IS present,7.561862468719482
covtype_binary_20000,31,174,layer_0,392,c6: Wilderness_Area_3 IS present,7.528957843780518
covtype_binary_20000,31,175,layer_0,542,c9: Slope IS HIGH,7.527276039123535
covtype_binary_20000,31,176,layer_0,330,c5: Wilderness_Area_4 IS absent,7.498363971710205
covtype_binary_20000,31,177,layer_0,690,c11: Wilderness_Area_1 IS absent,7.40873384475708
covtype_binary_20000,31,178,layer_0,208,c3: Vertical_Distance_To_Hydrology IS MEDIUM,7.35512638092041
covtype_binary_20000,31,179,layer_0,277,c4: Hillshade_9am IS MEDIUM,7.274535179138184
covtype_binary_20000,31,180,layer_0,492,c8: Wilderness_Area_3 IS absent,7.191181182861328
covtype_binary_20000,31,181,layer_0,315,c5: Soil_Type_40 IS absent,6.964633464813232
covtype_binary_20000,31,182,layer_0,675,c11: Soil_Type_33 IS absent,6.910627841949463
covtype_binary_20000,31,183,layer_0,218,c3: Hillshade_3pm IS HIGH,6.843299388885498
covtype_binary_20000,31,184,layer_0,204,c3: Soil_Type_29 IS absent,6.841003894805908
covtype_binary_20000,31,185,layer_0,50,c0: Wilderness_Area_3 IS present,6.779004096984863
covtype_binary_20000,31,186,layer_0,606,c10: Soil_Type_32 IS absent,6.733457565307617
covtype_binary_20000,31,187,layer_0,568,c9: Horizontal_Distance_To_Fire_Points IS MEDIUM,6.67372989654541
covtype_binary_20000,31,188,layer_0,477,c7: Wilderness_Area_3 IS absent,6.539429664611816
covtype_binary_20000,31,189,layer_0,166,c2: Hillshade_3pm IS MEDIUM,6.507944107055664
covtype_binary_20000,31,190,layer_0,371,c6: Hillshade_3pm IS HIGH,6.474928855895996
covtype_binary_20000,31,191,layer_0,190,c3: Aspect IS MEDIUM,6.473717212677002
covtype_binary_20000,31,192,layer_0,671,c11: Horizontal_Distance_To_Fire_Points IS HIGH,6.452489376068115
covtype_binary_20000,31,193,layer_0,414,c6: Horizontal_Distance_To_Fire_Points IS LOW,6.422130107879639
covtype_binary_20000,31,194,layer_0,318,c5: Hillshade_3pm IS LOW,6.27992582321167
covtype_binary_20000,31,195,layer_0,303,c5: Wilderness_Area_3 IS absent,6.271365165710449
covtype_binary_20000,31,196,layer_0,189,c3: Aspect IS LOW,6.262182235717773
covtype_binary_20000,31,197,layer_0,19,c0: Horizontal_Distance_To_Fire_Points IS MEDIUM,6.187830924987793
covtype_binary_20000,31,198,layer_0,126,c2: Soil_Type_39 IS absent,6.1296210289001465
covtype_binary_20000,31,199,layer_0,150,c2: Wilderness_Area_3 IS absent,6.0391340255737305
covtype_binary_20000,31,200,layer_0,692,c11: Wilderness_Area_1 IS present,6.010222434997559
covtype_binary_20000,31,201,layer_0,201,c3: Wilderness_Area_3 IS absent,5.992905616760254
covtype_binary_20000,31,202,layer_0,543,c9: Wilderness_Area_3 IS absent,5.967037677764893
covtype_binary_20000,31,203,layer_0,441,c7: Wilderness_Area_3 IS absent,5.958193778991699
covtype_binary_20000,31,204,layer_0,282,c4: Soil_Type_4 IS absent,5.955130100250244
covtype_binary_20000,31,205,layer_0,354,c5: Horizontal_Distance_To_Roadways IS LOW,5.947836399078369
covtype_binary_20000,31,206,layer_0,570,c9: Wilderness_Area_4 IS absent,5.946211814880371
covtype_binary_20000,31,207,layer_0,255,c4: Soil_Type_29 IS absent,5.906848430633545
covtype_binary_20000,31,208,layer_0,237,c3: Wilderness_Area_3 IS absent,5.855645656585693
covtype_binary_20000,31,209,layer_0,249,c4: Hillshade_Noon IS LOW,5.8502278327941895
covtype_binary_20000,31,210,layer_0,270,c4: Wilderness_Area_2 IS absent,5.839560508728027
covtype_binary_20000,31,211,layer_0,528,c8: Wilderness_Area_3 IS absent,5.799475193023682
covtype_binary_20000,31,212,layer_0,171,c2: Soil_Type_13 IS absent,5.753610610961914
covtype_binary_20000,31,213,layer_0,227,c3: Hillshade_9am IS HIGH,5.7267279624938965
covtype_binary_20000,31,214,layer_0,176,c2: Hillshade_9am IS HIGH,5.724028587341309
covtype_binary_20000,31,215,layer_0,624,c10: Soil_Type_33 IS absent,5.659850120544434
covtype_binary_20000,31,216,layer_0,30,c0: Wilderness_Area_2 IS absent,5.621438980102539
covtype_binary_20000,31,217,layer_0,338,c5: Slope IS HIGH,5.600307941436768
covtype_binary_20000,31,218,layer_0,139,c2: Aspect IS MEDIUM,5.564742088317871
covtype_binary_20000,31,219,layer_0,191,c3: Aspect IS HIGH,5.546562671661377
covtype_binary_20000,31,220,layer_0,156,c2: Vertical_Distance_To_Hydrology IS LOW,5.505858898162842
covtype_binary_20000,31,221,layer_0,264,c4: Soil_Type_40 IS absent,5.468846797943115
covtype_binary_20000,31,222,layer_0,339,c5: Wilderness_Area_3 IS absent,5.467811107635498
covtype_binary_20000,31,223,layer_0,121,c2: Horizontal_Distance_To_Fire_Points IS MEDIUM,5.354252338409424
covtype_binary_20000,31,224,layer_0,632,c10: Wilderness_Area_3 IS present,5.3146443367004395
covtype_binary_20000,31,225,layer_0,285,c4: Slope IS LOW,5.279296398162842
covtype_binary_20000,31,226,layer_0,363,c6: Wilderness_Area_1 IS absent,5.23121976852417
covtype_binary_20000,31,227,layer_0,192,c3: Wilderness_Area_4 IS absent,5.2119140625
covtype_binary_20000,31,228,layer_0,618,c10: Horizontal_Distance_To_Fire_Points IS LOW,5.210316181182861
covtype_binary_20000,31,229,layer_0,48,c0: Wilderness_Area_3 IS absent,5.202592372894287
covtype_binary_20000,31,230,layer_0,261,c4: Wilderness_Area_1 IS absent,5.190397262573242
covtype_binary_20000,31,231,layer_0,459,c7: Wilderness_Area_2 IS absent,5.125166893005371
covtype_binary_20000,31,232,layer_0,263,c4: Wilderness_Area_1 IS present,5.105771064758301
covtype_binary_20000,31,233,layer_0,299,c4: Wilderness_Area_1 IS present,5.104605674743652
covtype_binary_20000,31,234,layer_0,12,c0: Wilderness_Area_3 IS absent,5.029446125030518
covtype_binary_20000,31,235,layer_0,444,c7: Soil_Type_30 IS absent,5.016867160797119
covtype_binary_20000,31,236,layer_0,140,c2: Aspect IS HIGH,5.016584873199463
covtype_binary_20000,31,237,layer_0,148,c2: Hillshade_Noon IS MEDIUM,5.015389919281006
covtype_binary_20000,31,238,layer_0,517,c8: Horizontal_Distance_To_Fire_Points IS MEDIUM,4.921233177185059
covtype_binary_20000,31,239,layer_0,693,c11: Soil_Type_10 IS absent,4.907710552215576
covtype_binary_20000,31,240,layer_0,297,c4: Wilderness_Area_1 IS absent,4.891140937805176
covtype_binary_20000,31,241,layer_0,355,c5: Horizontal_Distance_To_Roadways IS MEDIUM,4.8773088455200195
covtype_binary_20000,31,242,layer_0,411,c6: Soil_Type_2 IS absent,4.837635517120361
covtype_binary_20000,31,243,layer_0,273,c4: Soil_Type_13 IS absent,4.710093975067139
covtype_binary_20000,31,244,layer_0,594,c9: Hillshade_Noon IS LOW,4.69287633895874
covtype_binary_20000,31,245,layer_0,443,c7: Wilderness_Area_3 IS present,4.660801410675049
covtype_binary_20000,31,246,layer_0,333,c5: Soil_Type_4 IS absent,4.641539096832275
covtype_binary_20000,31,247,layer_0,141,c2: Wilderness_Area_4 IS absent,4.638088703155518
covtype_binary_20000,31,248,layer_0,408,c6: Wilderness_Area_2 IS absent,4.6301469802856445
covtype_binary_20000,31,249,layer_0,450,c7: Wilderness_Area_1 IS absent,4.614406585693359
covtype_binary_20000,31,250,layer_0,342,c5: Soil_Type_30 IS absent,4.5419721603393555
covtype_binary_20000,31,251,layer_0,545,c9: Wilderness_Area_3 IS present,4.539642810821533
covtype_binary_20000,31,252,layer_0,228,c3: Wilderness_Area_4 IS absent,4.315079212188721
covtype_binary_20000,31,253,layer_0,526,c8: Horizontal_Distance_To_Hydrology IS MEDIUM,4.303670883178711
covtype_binary_20000,31,254,layer_0,702,c11: Soil_Type_31 IS absent,4.232902526855469
covtype_binary_20000,31,255,layer_0,287,c4: Slope IS HIGH,4.229336738586426
covtype_binary_20000,31,256,layer_0,29,c0: Horizontal_Distance_To_Hydrology IS HIGH,4.21075963973999
covtype_binary_20000,31,257,projection_layer,7,"pursuit_2(Hillshade_Noon, Wilderness_Area_4, Soil_Type_23, Soil_Type_11) IS MEDIUM",4.19794225692749
covtype_binary_20000,31,258,layer_0,153,c2: Soil_Type_29 IS absent,4.197350978851318
covtype_binary_20000,31,259,layer_0,177,c2: Wilderness_Area_4 IS absent,4.185889720916748
covtype_binary_20000,31,260,layer_0,581,c9: Wilderness_Area_3 IS present,4.132946968078613
covtype_binary_20000,31,261,layer_0,27,c0: Horizontal_Distance_To_Hydrology IS LOW,4.038755416870117
covtype_binary_20000,31,262,projection_layer,21,"pursuit_7(Aspect, Soil_Type_39, Soil_Type_2, Soil_Type_5) IS LOW",4.033755779266357
covtype_binary_20000,31,263,projection_layer,17,"pursuit_5(Hillshade_9am, Wilderness_Area_1, Soil_Type_10, Soil_Type_32) IS HIGH",4.022436618804932
covtype_binary_20000,31,264,layer_0,423,c7: Wilderness_Area_2 IS absent,4.008106231689453
covtype_binary_20000,31,265,layer_0,46,c0: Hillshade_Noon IS MEDIUM,3.9920520782470703
covtype_binary_20000,31,266,layer_0,452,c7: Wilderness_Area_1 IS present,3.948817014694214
covtype_binary_20000,31,267,layer_0,480,c8: Hillshade_9am IS LOW,3.944636821746826
covtype_binary_20000,31,268,layer_0,641,c10: Wilderness_Area_1 IS present,3.9377880096435547
covtype_binary_20000,31,269,layer_0,540,c9: Slope IS LOW,3.9247448444366455
covtype_binary_20000,31,270,layer_0,399,c6: Wilderness_Area_1 IS absent,3.902132511138916
covtype_binary_20000,31,271,layer_0,440,c7: Slope IS HIGH,3.843186616897583
covtype_binary_20000,31,272,layer_0,536,c8: Aspect IS HIGH,3.8388171195983887
covtype_binary_20000,31,273,layer_0,138,c2: Aspect IS LOW,3.7814042568206787
covtype_binary_20000,31,274,layer_0,657,c10: Wilderness_Area_4 IS absent,3.7350189685821533
covtype_binary_20000,31,275,layer_0,605,c10: Wilderness_Area_1 IS present,3.69759464263916
covtype_binary_20000,31,276,projection_layer,9,"pursuit_3(Slope, Soil_Type_12, Soil_Type_13, Soil_Type_1) IS LOW",3.6938912868499756
covtype_binary_20000,31,277,layer_0,482,c8: Hillshade_9am IS HIGH,3.6928539276123047
covtype_binary_20000,31,278,layer_0,535,c8: Aspect IS MEDIUM,3.681013345718384
covtype_binary_20000,31,279,layer_0,186,c3: Soil_Type_38 IS absent,3.657425880432129
covtype_binary_20000,31,280,layer_0,587,c9: Aspect IS HIGH,3.6469154357910156
covtype_binary_20000,31,281,layer_0,527,c8: Horizontal_Distance_To_Hydrology IS HIGH,3.6237733364105225
covtype_binary_20000,31,282,layer_0,159,c2: Wilderness_Area_1 IS absent,3.566983699798584
covtype_binary_20000,31,283,layer_0,357,c5: Wilderness_Area_2 IS absent,3.566789150238037
covtype_binary_20000,31,284,layer_0,564,c9: Soil_Type_2 IS absent,3.565485954284668
covtype_binary_20000,31,285,layer_0,257,c4: Soil_Type_29 IS present,3.5398080348968506
covtype_binary_20000,31,286,layer_0,300,c5: Hillshade_Noon IS LOW,3.467620849609375
covtype_binary_20000,31,287,layer_0,381,c6: Wilderness_Area_4 IS absent,3.444662094116211
covtype_binary_20000,31,288,layer_0,155,c2: Soil_Type_29 IS present,3.4261655807495117
covtype_binary_20000,31,289,layer_0,430,c7: Hillshade_9am IS MEDIUM,3.413325548171997
covtype_binary_20000,31,290,layer_0,696,c11: Hillshade_Noon IS LOW,3.3946588039398193
covtype_binary_20000,31,291,layer_0,479,c7: Wilderness_Area_3 IS present,3.3666651248931885
covtype_binary_20000,31,292,layer_0,236,c3: Slope IS HIGH,3.3537933826446533
covtype_binary_20000,31,293,layer_0,453,c7: Soil_Type_32 IS absent,3.3225326538085938
covtype_binary_20000,31,294,layer_0,310,c5: Vertical_Distance_To_Hydrology IS MEDIUM,3.2725741863250732
covtype_binary_20000,31,295,layer_0,474,c7: Horizontal_Distance_To_Hydrology IS LOW,3.2020976543426514
covtype_binary_20000,31,296,layer_0,243,c4: Wilderness_Area_4 IS absent,3.0575647354125977
covtype_binary_20000,31,297,layer_0,147,c2: Hillshade_Noon IS LOW,3.0399787425994873
covtype_binary_20000,31,298,layer_0,47,c0: Hillshade_Noon IS HIGH,2.9806628227233887
covtype_binary_20000,31,299,layer_0,389,c6: Slope IS HIGH,2.9706320762634277
covtype_binary_20000,31,300,layer_0,509,c8: Horizontal_Distance_To_Roadways IS HIGH,2.962571620941162
covtype_binary_20000,31,301,layer_0,314,c5: Wilderness_Area_1 IS present,2.955939531326294
covtype_binary_20000,31,302,layer_0,525,c8: Horizontal_Distance_To_Hydrology IS LOW,2.9530909061431885
covtype_binary_20000,31,303,layer_0,17,c0: Soil_Type_22 IS present,2.909832715988159
covtype_binary_20000,31,304,layer_0,288,c4: Wilderness_Area_3 IS absent,2.902029037475586
covtype_binary_20000,31,305,layer_0,697,c11: Hillshade_Noon IS MEDIUM,2.872300863265991
covtype_binary_20000,31,306,layer_0,361,c6: Vertical_Distance_To_Hydrology IS MEDIUM,2.845141887664795
covtype_binary_20000,31,307,layer_0,666,c11: Soil_Type_2 IS absent,2.843031644821167
covtype_binary_20000,31,308,layer_0,552,c9: Wilderness_Area_1 IS absent,2.806438684463501
covtype_binary_20000,31,309,layer_0,633,c10: Soil_Type_24 IS absent,2.801621675491333
covtype_binary_20000,31,310,layer_0,144,c2: Soil_Type_23 IS absent,2.7995500564575195
covtype_binary_20000,31,311,layer_0,431,c7: Hillshade_9am IS HIGH,2.7980566024780273
covtype_binary_20000,31,312,layer_0,351,c5: Soil_Type_32 IS absent,2.7567665576934814
covtype_binary_20000,31,313,layer_0,593,c9: Soil_Type_10 IS present,2.7285265922546387
covtype_binary_20000,31,314,layer_0,181,c3: Horizontal_Distance_To_Hydrology IS MEDIUM,2.7234339714050293
covtype_binary_20000,31,315,layer_0,210,c3: Wilderness_Area_1 IS absent,2.7213902473449707
covtype_binary_20000,31,316,layer_0,252,c4: Wilderness_Area_3 IS absent,2.6779000759124756
covtype_binary_20000,31,317,layer_0,449,c7: Elevation IS HIGH,2.617098093032837
covtype_binary_20000,31,318,layer_0,612,c10: Wilderness_Area_2 IS absent,2.610624313354492
covtype_binary_20000,31,319,projection_layer,22,"pursuit_7(Aspect, Soil_Type_39, Soil_Type_2, Soil_Type_5) IS MEDIUM",2.591909170150757
covtype_binary_20000,31,320,layer_0,350,c5: Wilderness_Area_1 IS present,2.579712152481079
covtype_binary_20000,31,321,layer_0,123,c2: Wilderness_Area_1 IS absent,2.5621535778045654
covtype_binary_20000,31,322,layer_0,629,c10: Horizontal_Distance_To_Hydrology IS HIGH,2.5584335327148438
covtype_binary_20000,31,323,layer_0,677,c11: Soil_Type_33 IS present,2.5081369876861572
covtype_binary_20000,31,324,layer_0,8,c0: Soil_Type_12 IS present,2.504624843597412
covtype_binary_20000,31,325,layer_0,370,c6: Hillshade_3pm IS MEDIUM,2.4945082664489746
covtype_binary_20000,31,326,layer_0,653,c10: Soil_Type_31 IS present,2.4506847858428955
covtype_binary_20000,31,327,layer_0,217,c3: Hillshade_3pm IS MEDIUM,2.426358461380005
covtype_binary_20000,31,328,layer_0,401,c6: Wilderness_Area_1 IS present,2.386518955230713
covtype_binary_20000,31,329,layer_0,417,c6: Wilderness_Area_4 IS absent,2.385284900665283
covtype_binary_20000,31,330,layer_0,588,c9: Wilderness_Area_1 IS absent,2.3824410438537598
covtype_binary_20000,31,331,layer_0,603,c10: Wilderness_Area_1 IS absent,2.374821186065674
covtype_binary_20000,31,332,layer_0,402,c6: Soil_Type_32 IS absent,2.357999563217163
covtype_binary_20000,31,333,layer_0,332,c5: Wilderness_Area_4 IS present,2.323610305786133
covtype_binary_20000,31,334,layer_0,573,c9: Soil_Type_33 IS absent,2.3016767501831055
covtype_binary_20000,31,335,layer_0,212,c3: Wilderness_Area_1 IS present,2.2866642475128174
covtype_binary_20000,31,336,layer_0,491,c8: Slope IS HIGH,2.2690699100494385
covtype_binary_20000,31,337,layer_0,251,c4: Hillshade_Noon IS HIGH,2.2233388423919678
covtype_binary_20000,31,338,layer_0,642,c10: Soil_Type_10 IS absent,2.223294258117676
covtype_binary_20000,31,339,layer_0,36,c0: Aspect IS LOW,2.164900541305542
covtype_binary_20000,31,340,layer_0,206,c3: Soil_Type_29 IS present,2.1569600105285645
covtype_binary_20000,31,341,layer_0,513,c8: Soil_Type_2 IS absent,2.1312479972839355
covtype_binary_20000,31,342,layer_0,291,c4: Soil_Type_30 IS absent,2.1215951442718506
covtype_binary_20000,31,343,layer_1,17,c0: ka_concept_1.c5 IS HIGH,2.1016530990600586
covtype_binary_20000,31,344,layer_0,305,c5: Wilderness_Area_3 IS present,2.0903162956237793
covtype_binary_20000,31,345,layer_1,89,c1: ka_concept_1.c9 IS HIGH,2.077077865600586
covtype_binary_20000,31,346,projection_layer,18,"pursuit_6(Horizontal_Distance_To_Roadways, Soil_Type_38, Wilderness_Area_2, Soil_Type_18) IS LOW",2.0351359844207764
covtype_binary_20000,31,347,layer_0,422,c7: Hillshade_3pm IS HIGH,2.0342564582824707
covtype_binary_20000,31,348,layer_0,44,c0: Soil_Type_23 IS present,2.0269153118133545
covtype_binary_20000,31,349,layer_0,435,c7: Soil_Type_4 IS absent,2.0032711029052734
covtype_binary_20000,31,350,layer_0,572,c9: Wilderness_Area_4 IS present,1.9987809658050537
covtype_binary_20000,31,351,layer_0,621,c10: Wilderness_Area_4 IS absent,1.9965721368789673
covtype_binary_20000,31,352,layer_0,219,c3: Wilderness_Area_2 IS absent,1.9891129732131958
covtype_binary_20000,31,353,layer_0,152,c2: Wilderness_Area_3 IS present,1.9737629890441895
covtype_binary_20000,31,354,layer_0,59,c0: Wilderness_Area_1 IS present,1.9604651927947998
covtype_binary_20000,31,355,layer_0,365,c6: Wilderness_Area_1 IS present,1.9590550661087036
covtype_binary_20000,31,356,layer_1,228,c3: projection_4 IS LOW,1.9544825553894043
covtype_binary_20000,31,357,layer_0,615,c10: Soil_Type_2 IS absent,1.948826551437378
covtype_binary_20000,31,358,layer_0,216,c3: Hillshade_3pm IS LOW,1.9420223236083984
covtype_binary_20000,31,359,layer_0,439,c7: Slope IS MEDIUM,1.9378957748413086
covtype_binary_20000,31,360,layer_0,45,c0: Hillshade_Noon IS LOW,1.936787724494934
covtype_binary_20000,31,361,layer_0,550,c9: Elevation IS MEDIUM,1.9362655878067017
covtype_binary_20000,31,362,layer_0,35,c0: Soil_Type_38 IS present,1.9090768098831177
covtype_binary_20000,31,363,layer_1,317,c5: ka_concept_1.c5 IS HIGH,1.8902949094772339
covtype_binary_20000,31,364,layer_0,248,c4: Soil_Type_23 IS present,1.8861392736434937
covtype_binary_20000,31,365,layer_0,639,c10: Wilderness_Area_1 IS absent,1.868579387664795
covtype_binary_20000,31,366,layer_0,235,c3: Slope IS MEDIUM,1.8510581254959106
covtype_binary_20000,31,367,layer_1,99,c1: projection_1 IS LOW,1.840640902519226
covtype_binary_20000,31,368,layer_0,51,c0: Soil_Type_29 IS absent,1.827502965927124
covtype_binary_20000,31,369,layer_1,323,c5: ka_concept_1.c7 IS HIGH,1.7913519144058228
covtype_binary_20000,31,370,layer_0,398,c6: Elevation IS HIGH,1.7469125986099243
covtype_binary_20000,31,371,layer_0,420,c7: Hillshade_3pm IS LOW,1.7085165977478027
covtype_binary_20000,31,372,layer_0,648,c10: Wilderness_Area_2 IS absent,1.6750621795654297
covtype_binary_20000,31,373,layer_0,341,c5: Wilderness_Area_3 IS present,1.6738879680633545
covtype_binary_20000,31,374,layer_0,312,c5: Wilderness_Area_1 IS absent,1.671044945716858
covtype_binary_20000,31,375,layer_0,267,c4: Hillshade_3pm IS LOW,1.6672346591949463
covtype_binary_20000,31,376,layer_0,497,c8: Soil_Type_30 IS present,1.6662817001342773
covtype_binary_20000,31,377,layer_0,362,c6: Vertical_Distance_To_Hydrology IS HIGH,1.6633052825927734
covtype_binary_20000,31,378,layer_0,377,c6: Soil_Type_13 IS present,1.662197232246399
covtype_binary_20000,31,379,layer_0,337,c5: Slope IS MEDIUM,1.6428219079971313
covtype_binary_20000,31,380,layer_0,584,c9: Soil_Type_24 IS present,1.5830327272415161
covtype_binary_20000,31,381,layer_0,557,c9: Soil_Type_32 IS present,1.5770041942596436
covtype_binary_20000,31,382,layer_0,575,c9: Soil_Type_33 IS present,1.5462716817855835
covtype_binary_20000,31,383,layer_0,167,c2: Hillshade_3pm IS HIGH,1.5237956047058105
covtype_binary_20000,31,384,layer_0,222,c3: Soil_Type_13 IS absent,1.51036536693573
covtype_binary_20000,31,385,layer_1,217,c3: projection_0 IS MEDIUM,1.5058406591415405
covtype_binary_20000,31,386,layer_0,656,c10: Vertical_Distance_To_Hydrology IS HIGH,1.4828805923461914
covtype_binary_20000,31,387,layer_0,578,c9: Horizontal_Distance_To_Hydrology IS HIGH,1.4793131351470947
covtype_binary_20000,31,388,layer_0,471,c7: Soil_Type_33 IS absent,1.4493886232376099
covtype_binary_20000,31,389,layer_0,489,c8: Slope IS LOW,1.4311109781265259
covtype_binary_20000,31,390,layer_0,26,c0: Soil_Type_39 IS present,1.4305946826934814
covtype_binary_20000,31,391,layer_0,183,c3: Wilderness_Area_2 IS absent,1.4088081121444702
covtype_binary_20000,31,392,layer_0,344,c5: Soil_Type_30 IS present,1.4029018878936768
covtype_binary_20000,31,393,layer_0,254,c4: Wilderness_Area_3 IS present,1.3905291557312012
covtype_binary_20000,31,394,layer_1,39,c0: projection_1 IS LOW,1.3886505365371704
covtype_binary_20000,31,395,layer_0,32,c0: Wilderness_Area_2 IS present,1.3739218711853027
covtype_binary_20000,31,396,layer_0,686,c11: Soil_Type_24 IS present,1.3724902868270874
covtype_binary_20000,31,397,layer_1,77,c1: ka_concept_1.c5 IS HIGH,1.3360320329666138
covtype_binary_20000,31,398,layer_1,204,c3: ka_concept_1.c8 IS LOW,1.3284724950790405
covtype_binary_20000,31,399,layer_0,130,c2: Horizontal_Distance_To_Hydrology IS MEDIUM,1.321649193763733
covtype_binary_20000,31,400,layer_1,93,c1: ka_concept_1.c11 IS LOW,1.3015587329864502
covtype_binary_20000,31,401,layer_0,708,c11: Wilderness_Area_4 IS absent,1.3014476299285889
covtype_binary_20000,31,402,layer_0,432,c7: Wilderness_Area_4 IS absent,1.273997187614441
covtype_binary_20000,31,403,layer_1,111,c1: projection_5 IS LOW,1.2699267864227295
covtype_binary_20000,31,404,layer_1,78,c1: ka_concept_1.c6 IS LOW,1.2493267059326172
covtype_binary_20000,31,405,layer_0,425,c7: Wilderness_Area_2 IS present,1.240660309791565
covtype_binary_20000,31,406,layer_0,378,c6: Hillshade_9am IS LOW,1.2394899129867554
covtype_binary_20000,31,407,layer_0,512,c8: Wilderness_Area_2 IS present,1.222122073173523
covtype_binary_20000,31,408,layer_0,279,c4: Wilderness_Area_4 IS absent,1.2076950073242188
covtype_binary_20000,31,409,layer_1,83,c1: ka_concept_1.c7 IS HIGH,1.1928638219833374
covtype_binary_20000,31,410,layer_1,38,c0: projection_0 IS HIGH,1.182276725769043
covtype_binary_20000,31,411,layer_0,149,c2: Hillshade_Noon IS HIGH,1.1750551462173462
covtype_binary_20000,31,412,layer_0,533,c8: Soil_Type_24 IS present,1.1726794242858887
covtype_binary_20000,31,413,layer_0,290,c4: Wilderness_Area_3 IS present,1.168887972831726
covtype_binary_20000,31,414,layer_0,327,c5: Hillshade_9am IS LOW,1.1572973728179932
covtype_binary_20000,31,415,layer_1,339,c5: projection_1 IS LOW,1.151824951171875
covtype_binary_20000,31,416,layer_0,336,c5: Slope IS LOW,1.137639045715332
covtype_binary_20000,31,417,layer_0,328,c5: Hillshade_9am IS MEDIUM,1.1322909593582153
covtype_binary_20000,31,418,layer_1,14,c0: ka_concept_1.c4 IS HIGH,1.1305128335952759
covtype_binary_20000,31,419,layer_0,386,c6: Soil_Type_4 IS present,1.1238285303115845
covtype_binary_20000,31,420,layer_1,278,c4: projection_0 IS HIGH,1.1193147897720337
covtype_binary_20000,31,421,layer_0,461,c7: Wilderness_Area_2 IS present,1.118639349937439
covtype_binary_20000,31,422,layer_0,464,c7: Soil_Type_2 IS present,1.1052056550979614
covtype_binary_20000,31,423,layer_0,704,c11: Soil_Type_31 IS present,1.1046688556671143
covtype_binary_20000,31,424,layer_1,84,c1: ka_concept_1.c8 IS LOW,1.0850352048873901
covtype_binary_20000,31,425,layer_1,218,c3: projection_0 IS HIGH,1.0681543350219727
covtype_binary_20000,31,426,layer_0,162,c2: Soil_Type_40 IS absent,1.0536426305770874
covtype_binary_20000,31,427,layer_0,608,c10: Soil_Type_32 IS present,1.0445417165756226
covtype_binary_20000,31,428,layer_0,548,c9: Soil_Type_30 IS present,1.035051703453064
covtype_binary_20000,31,429,layer_1,302,c5: ka_concept_1.c0 IS HIGH,1.0280978679656982
covtype_binary_20000,31,430,layer_1,103,c1: projection_2 IS MEDIUM,1.0197958946228027
covtype_binary_20000,31,431,layer_0,23,c0: Wilderness_Area_1 IS present,1.0086455345153809
covtype_binary_20000,31,432,layer_0,701,c11: Wilderness_Area_2 IS present,0.9976217150688171
covtype_binary_20000,31,433,layer_1,87,c1: ka_concept_1.c9 IS LOW,0.9956237077713013
covtype_binary_20000,31,434,layer_1,229,c3: projection_4 IS MEDIUM,0.9867448210716248
covtype_binary_20000,31,435,layer_0,359,c5: Wilderness_Area_2 IS present,0.9832398295402527
covtype_binary_20000,31,436,layer_0,665,c11: Wilderness_Area_2 IS present,0.9777800440788269
covtype_binary_20000,31,437,layer_1,23,c0: ka_concept_1.c7 IS HIGH,0.9740471243858337
covtype_binary_20000,31,438,layer_1,86,c1: ka_concept_1.c8 IS HIGH,0.9734838604927063
covtype_binary_20000,31,439,layer_0,597,c9: Wilderness_Area_2 IS absent,0.9734708666801453
covtype_binary_20000,31,440,layer_1,61,c1: ka_concept_1.c0 IS MEDIUM,0.9712628722190857
covtype_binary_20000,31,441,layer_0,383,c6: Wilderness_Area_4 IS present,0.9648495316505432
covtype_binary_20000,31,442,layer_1,270,c4: ka_concept_1.c10 IS LOW,0.9563605189323425
covtype_binary_20000,31,443,layer_0,393,c6: Soil_Type_30 IS absent,0.9538320302963257
covtype_binary_20000,31,444,layer_0,495,c8: Soil_Type_30 IS absent,0.935396671295166
covtype_binary_20000,31,445,layer_0,311,c5: Vertical_Distance_To_Hydrology IS HIGH,0.9260919690132141
covtype_binary_20000,31,446,layer_1,238,c3: projection_7 IS MEDIUM,0.9151791930198669
covtype_binary_20000,31,447,layer_1,321,c5: ka_concept_1.c7 IS LOW,0.9111542105674744
covtype_binary_20000,31,448,layer_1,21,c0: ka_concept_1.c7 IS LOW,0.9059454798698425
covtype_binary_20000,31,449,layer_0,323,c5: Wilderness_Area_2 IS present,0.9058722853660583
covtype_binary_20000,31,450,layer_0,695,c11: Soil_Type_10 IS present,0.904276430606842
covtype_binary_20000,31,451,layer_0,428,c7: Soil_Type_13 IS present,0.895358145236969
covtype_binary_20000,31,452,layer_0,650,c10: Wilderness_Area_2 IS present,0.8950458765029907
covtype_binary_20000,31,453,layer_0,590,c9: Wilderness_Area_1 IS present,0.893896222114563
covtype_binary_20000,31,454,layer_0,132,c2: Wilderness_Area_2 IS absent,0.8937511444091797
covtype_binary_20000,31,455,layer_0,614,c10: Wilderness_Area_2 IS present,0.8686699271202087
covtype_binary_20000,31,456,layer_1,29,c0: ka_concept_1.c9 IS HIGH,0.8576938509941101
covtype_binary_20000,31,457,layer_1,1,c0: ka_concept_1.c0 IS MEDIUM,0.8550559878349304
covtype_binary_20000,31,458,layer_0,626,c10: Soil_Type_33 IS present,0.8400716781616211
covtype_binary_20000,31,459,layer_0,455,c7: Soil_Type_32 IS present,0.8376069068908691
covtype_binary_20000,31,460,layer_1,15,c0: ka_concept_1.c5 IS LOW,0.8368467688560486
covtype_binary_20000,31,461,layer_1,12,c0: ka_concept_1.c4 IS LOW,0.8359295129776001
covtype_binary_20000,31,462,layer_1,279,c4: projection_1 IS LOW,0.8317817449569702
covtype_binary_20000,31,463,layer_1,328,c5: ka_concept_1.c9 IS MEDIUM,0.8313930630683899
covtype_binary_20000,31,464,layer_1,276,c4: projection_0 IS LOW,0.8306730389595032
covtype_binary_20000,31,465,layer_1,269,c4: ka_concept_1.c9 IS HIGH,0.8270038962364197
covtype_binary_20000,31,466,layer_0,348,c5: Wilderness_Area_1 IS absent,0.821810245513916
covtype_binary_20000,31,467,layer_1,115,c1: projection_6 IS MEDIUM,0.7983242273330688
covtype_binary_20000,31,468,layer_1,324,c5: ka_concept_1.c8 IS LOW,0.7977222204208374
covtype_binary_20000,31,469,layer_1,58,c0: projection_7 IS MEDIUM,0.796735405921936
covtype_binary_20000,31,470,layer_0,158,c2: Vertical_Distance_To_Hydrology IS HIGH,0.7952508330345154
covtype_binary_20000,31,471,layer_0,419,c6: Wilderness_Area_4 IS present,0.7940974235534668
covtype_binary_20000,31,472,layer_0,628,c10: Horizontal_Distance_To_Hydrology IS MEDIUM,0.7930057644844055
covtype_binary_20000,31,473,layer_1,264,c4: ka_concept_1.c8 IS LOW,0.7894058227539062
covtype_binary_20000,31,474,layer_0,470,c7: Wilderness_Area_4 IS present,0.7779848575592041
covtype_binary_20000,31,475,layer_1,81,c1: ka_concept_1.c7 IS LOW,0.77713543176651
covtype_binary_20000,31,476,layer_1,314,c5: ka_concept_1.c4 IS HIGH,0.7748134732246399
covtype_binary_20000,31,477,layer_1,358,c5: projection_7 IS MEDIUM,0.7712054252624512
covtype_binary_20000,31,478,layer_0,272,c4: Wilderness_Area_2 IS present,0.768647313117981
covtype_binary_20000,31,479,layer_1,2,c0: ka_concept_1.c0 IS HIGH,0.7594467997550964
covtype_binary_20000,31,480,layer_1,82,c1: ka_concept_1.c7 IS MEDIUM,0.7589494585990906
covtype_binary_20000,31,481,layer_0,504,c8: Soil_Type_32 IS absent,0.7494832277297974
covtype_binary_20000,31,482,layer_0,521,c8: Wilderness_Area_4 IS present,0.7398089170455933
covtype_binary_20000,31,483,layer_1,282,c4: projection_2 IS LOW,0.7358999252319336
covtype_binary_20000,31,484,layer_1,257,c4: ka_concept_1.c5 IS HIGH,0.7307797074317932
covtype_binary_20000,31,485,layer_1,76,c1: ka_concept_1.c5 IS MEDIUM,0.7261105179786682
covtype_binary_20000,31,486,layer_0,561,c9: Wilderness_Area_2 IS absent,0.7245128750801086
covtype_binary_20000,31,487,layer_1,66,c1: ka_concept_1.c2 IS LOW,0.7222044467926025
covtype_binary_20000,31,488,layer_0,105,c1: Vertical_Distance_To_Hydrology IS LOW,0.7195332050323486
covtype_binary_20000,31,489,layer_1,349,c5: projection_4 IS MEDIUM,0.7189595699310303
covtype_binary_20000,31,490,layer_1,214,c3: ka_concept_1.c11 IS MEDIUM,0.7127251029014587
covtype_binary_20000,31,491,layer_1,88,c1: ka_concept_1.c9 IS MEDIUM,0.7098754048347473
covtype_binary_20000,31,492,layer_0,157,c2: Vertical_Distance_To_Hydrology IS MEDIUM,0.7068214416503906
covtype_binary_20000,31,493,layer_0,531,c8: Soil_Type_24 IS absent,0.7012075185775757
covtype_binary_20000,31,494,layer_0,485,c8: Wilderness_Area_4 IS present,0.6970771551132202
covtype_binary_20000,31,495,layer_1,197,c3: ka_concept_1.c5 IS HIGH,0.6962416768074036
covtype_binary_20000,31,496,layer_0,468,c7: Wilderness_Area_4 IS absent,0.6927809119224548
covtype_binary_20000,31,497,layer_0,165,c2: Hillshade_3pm IS LOW,0.6821619272232056
covtype_binary_20000,31,498,layer_1,18,c0: ka_concept_1.c6 IS LOW,0.6704520583152771
covtype_binary_20000,31,499,layer_1,24,c0: ka_concept_1.c8 IS LOW,0.6687198281288147
covtype_binary_20000,31,500,layer_0,707,c11: Vertical_Distance_To_Hydrology IS HIGH,0.665332019329071
covtype_binary_20000,31,501,layer_0,596,c9: Hillshade_Noon IS HIGH,0.6652041673660278
covtype_binary_20000,31,502,layer_1,206,c3: ka_concept_1.c8 IS HIGH,0.6612902283668518
covtype_binary_20000,31,503,layer_0,278,c4: Hillshade_9am IS HIGH,0.660426139831543
covtype_binary_20000,31,504,layer_1,6,c0: ka_concept_1.c2 IS LOW,0.6598214507102966
covtype_binary_20000,31,505,layer_1,34,c0: ka_concept_1.c11 IS MEDIUM,0.6547073721885681
covtype_binary_20000,31,506,layer_0,225,c3: Hillshade_9am IS LOW,0.6526389718055725
covtype_binary_20000,31,507,layer_0,326,c5: Soil_Type_13 IS present,0.6470011472702026
covtype_binary_20000,31,508,layer_1,313,c5: ka_concept_1.c4 IS MEDIUM,0.6445173621177673
covtype_binary_20000,31,509,layer_1,223,c3: projection_2 IS MEDIUM,0.6401943564414978
covtype_binary_20000,31,510,layer_1,97,c1: projection_0 IS MEDIUM,0.6332424879074097
covtype_binary_20000,31,511,layer_0,295,c4: Elevation IS MEDIUM,0.6317890882492065
covtype_binary_20000,31,512,layer_1,233,c3: projection_5 IS HIGH,0.6314501166343689
covtype_binary_20000,31,513,layer_1,26,c0: ka_concept_1.c8 IS HIGH,0.6294812560081482
covtype_binary_20000,31,514,layer_0,434,c7: Wilderness_Area_4 IS present,0.6240461468696594
covtype_binary_20000,31,515,layer_1,267,c4: ka_concept_1.c9 IS LOW,0.6076571345329285
covtype_binary_20000,31,516,layer_0,213,c3: Soil_Type_40 IS absent,0.6063184142112732
covtype_binary_20000,31,517,layer_0,39,c0: Wilderness_Area_4 IS absent,0.6026166081428528
covtype_binary_20000,31,518,layer_1,109,c1: projection_4 IS MEDIUM,0.5970258712768555
covtype_binary_20000,31,519,layer_1,43,c0: projection_2 IS MEDIUM,0.5927174091339111
covtype_binary_20000,31,520,layer_1,219,c3: projection_1 IS LOW,0.581101655960083
covtype_binary_20000,31,521,layer_0,53,c0: Soil_Type_29 IS present,0.5801252722740173
covtype_binary_20000,31,522,layer_1,263,c4: ka_concept_1.c7 IS HIGH,0.5756363272666931
covtype_binary_20000,31,523,layer_0,137,c2: Soil_Type_38 IS present,0.5709748864173889
covtype_binary_20000,31,524,layer_0,674,c11: Wilderness_Area_4 IS present,0.567048966884613
covtype_binary_20000,31,525,layer_0,710,c11: Wilderness_Area_4 IS present,0.5630726218223572
covtype_binary_20000,31,526,layer_0,510,c8: Wilderness_Area_2 IS absent,0.5604074597358704
covtype_binary_20000,31,527,layer_1,222,c3: projection_2 IS LOW,0.5555805563926697
covtype_binary_20000,31,528,layer_0,374,c6: Wilderness_Area_2 IS present,0.5526509284973145
covtype_binary_20000,31,529,layer_0,168,c2: Wilderness_Area_2 IS absent,0.5510997772216797
covtype_binary_20000,31,530,layer_0,329,c5: Hillshade_9am IS HIGH,0.5507581830024719
covtype_binary_20000,31,531,layer_1,85,c1: ka_concept_1.c8 IS MEDIUM,0.5487773418426514
covtype_binary_20000,31,532,layer_1,258,c4: ka_concept_1.c6 IS LOW,0.5468611717224121
covtype_binary_20000,31,533,layer_0,293,c4: Soil_Type_30 IS present,0.5430617928504944
covtype_binary_20000,31,534,layer_0,241,c4: Aspect IS MEDIUM,0.5421260595321655
covtype_binary_20000,31,535,layer_1,315,c5: ka_concept_1.c5 IS LOW,0.5357128977775574
covtype_binary_20000,31,536,layer_0,404,c6: Soil_Type_32 IS present,0.5326535105705261
covtype_binary_20000,31,537,layer_1,36,c0: projection_0 IS LOW,0.5304017663002014
covtype_binary_20000,31,538,layer_0,506,c8: Soil_Type_32 IS present,0.5264180898666382
covtype_binary_20000,31,539,layer_0,195,c3: Soil_Type_23 IS absent,0.5183044075965881
covtype_binary_20000,31,540,layer_0,174,c2: Hillshade_9am IS LOW,0.5132173895835876
covtype_binary_20000,31,541,layer_1,105,c1: projection_3 IS LOW,0.5107554793357849
covtype_binary_20000,31,542,layer_0,194,c3: Wilderness_Area_4 IS present,0.5096505284309387
covtype_binary_20000,31,543,layer_1,334,c5: ka_concept_1.c11 IS MEDIUM,0.5093556642532349
covtype_binary_20000,31,544,layer_1,318,c5: ka_concept_1.c6 IS LOW,0.5043375492095947
covtype_binary_20000,31,545,projection_layer,10,"pursuit_3(Slope, Soil_Type_12, Soil_Type_13, Soil_Type_1) IS MEDIUM",0.5031287670135498
covtype_binary_20000,31,546,layer_1,30,c0: ka_concept_1.c10 IS LOW,0.500092625617981
covtype_binary_20000,31,547,layer_0,230,c3: Wilderness_Area_4 IS present,0.49607715010643005
covtype_binary_20000,31,548,layer_1,182,c3: ka_concept_1.c0 IS HIGH,0.49092555046081543
covtype_binary_20000,31,549,layer_1,194,c3: ka_concept_1.c4 IS HIGH,0.4892365336418152
covtype_binary_20000,31,550,layer_1,231,c3: projection_5 IS LOW,0.48786279559135437
covtype_binary_20000,31,551,layer_1,95,c1: ka_concept_1.c11 IS HIGH,0.4860268533229828
covtype_binary_20000,31,552,layer_1,299,c4: projection_7 IS HIGH,0.4845237135887146
covtype_binary_20000,31,553,layer_1,199,c3: ka_concept_1.c6 IS MEDIUM,0.4843711853027344
covtype_binary_20000,31,554,layer_0,672,c11: Wilderness_Area_4 IS absent,0.4824930727481842
covtype_binary_20000,31,555,layer_0,410,c6: Wilderness_Area_2 IS present,0.47332054376602173
covtype_binary_20000,31,556,layer_1,98,c1: projection_0 IS HIGH,0.46353429555892944
covtype_binary_20000,31,557,layer_1,249,c4: ka_concept_1.c3 IS LOW,0.45645561814308167
covtype_binary_20000,31,558,layer_0,706,c11: Vertical_Distance_To_Hydrology IS MEDIUM,0.4556434750556946
covtype_binary_20000,31,559,layer_1,329,c5: ka_concept_1.c9 IS HIGH,0.45460057258605957
covtype_binary_20000,31,560,layer_0,284,c4: Soil_Type_4 IS present,0.4510817527770996
covtype_binary_20000,31,561,layer_1,49,c0: projection_4 IS MEDIUM,0.44965168833732605
covtype_binary_20000,31,562,layer_0,372,c6: Wilderness_Area_2 IS absent,0.44894757866859436
covtype_binary_20000,31,563,layer_0,259,c4: Vertical_Distance_To_Hydrology IS MEDIUM,0.44831323623657227
covtype_binary_20000,31,564,layer_1,327,c5: ka_concept_1.c9 IS LOW,0.4425107538700104
covtype_binary_20000,31,565,layer_1,255,c4: ka_concept_1.c5 IS LOW,0.4409058392047882
covtype_binary_20000,31,566,layer_0,3,c0: Wilderness_Area_4 IS absent,0.4394969940185547
covtype_binary_20000,31,567,layer_1,261,c4: ka_concept_1.c7 IS LOW,0.4341910779476166
covtype_binary_20000,31,568,layer_1,322,c5: ka_concept_1.c7 IS MEDIUM,0.4328271448612213
covtype_binary_20000,31,569,layer_0,56,c0: Vertical_Distance_To_Hydrology IS HIGH,0.4277319014072418
covtype_binary_20000,31,570,layer_1,266,c4: ka_concept_1.c8 IS HIGH,0.4261668622493744
covtype_binary_20000,31,571,layer_1,203,c3: ka_concept_1.c7 IS HIGH,0.42600297927856445
covtype_binary_20000,31,572,layer_0,146,c2: Soil_Type_23 IS present,0.4222612679004669
covtype_binary_20000,31,573,layer_1,265,c4: ka_concept_1.c8 IS MEDIUM,0.4159178137779236
covtype_binary_20000,31,574,layer_1,232,c3: projection_5 IS MEDIUM,0.4110138416290283
covtype_binary_20000,31,575,layer_0,473,c7: Soil_Type_33 IS present,0.41062691807746887
covtype_binary_20000,31,576,layer_1,90,c1: ka_concept_1.c10 IS LOW,0.40577393770217896
covtype_binary_20000,31,577,layer_0,446,c7: Soil_Type_30 IS present,0.4053705632686615
covtype_binary_20000,31,578,layer_1,113,c1: projection_5 IS HIGH,0.4036189317703247
covtype_binary_20000,31,579,layer_0,221,c3: Wilderness_Area_2 IS present,0.3987666964530945
covtype_binary_20000,31,580,layer_1,300,c5: ka_concept_1.c0 IS LOW,0.398723304271698
covtype_binary_20000,31,581,layer_1,301,c5: ka_concept_1.c0 IS MEDIUM,0.39862060546875
covtype_binary_20000,31,582,layer_0,317,c5: Soil_Type_40 IS present,0.3974761962890625
covtype_binary_20000,31,583,layer_0,11,c0: Horizontal_Distance_To_Roadways IS HIGH,0.39532485604286194
covtype_binary_20000,31,584,layer_0,185,c3: Wilderness_Area_2 IS present,0.39328503608703613
covtype_binary_20000,31,585,layer_1,80,c1: ka_concept_1.c6 IS HIGH,0.392042875289917
covtype_binary_20000,31,586,layer_0,687,c11: Aspect IS LOW,0.3780491054058075
covtype_binary_20000,31,587,layer_0,115,c1: Hillshade_3pm IS MEDIUM,0.3760172128677368
covtype_binary_20000,31,588,layer_1,42,c0: projection_2 IS LOW,0.37192800641059875
covtype_binary_20000,31,589,layer_0,554,c9: Wilderness_Area_1 IS present,0.37082815170288086
covtype_binary_20000,31,590,layer_1,268,c4: ka_concept_1.c9 IS MEDIUM,0.36939549446105957
covtype_binary_20000,31,591,layer_0,421,c7: Hillshade_3pm IS MEDIUM,0.36572134494781494
covtype_binary_20000,31,592,layer_1,210,c3: ka_concept_1.c10 IS LOW,0.36560770869255066
covtype_binary_20000,31,593,layer_0,98,c1: Hillshade_Noon IS HIGH,0.3642059862613678
covtype_binary_20000,31,594,layer_1,193,c3: ka_concept_1.c4 IS MEDIUM,0.358092725276947
covtype_binary_20000,31,595,layer_0,61,c1: Horizontal_Distance_To_Roadways IS MEDIUM,0.35550016164779663
covtype_binary_20000,31,596,layer_1,28,c0: ka_concept_1.c9 IS MEDIUM,0.3544260561466217
covtype_binary_20000,31,597,layer_1,207,c3: ka_concept_1.c9 IS LOW,0.3520376682281494
covtype_binary_20000,31,598,layer_1,262,c4: ka_concept_1.c7 IS MEDIUM,0.34926408529281616
covtype_binary_20000,31,599,layer_1,73,c1: ka_concept_1.c4 IS MEDIUM,0.34131959080696106
covtype_binary_20000,31,600,layer_1,293,c4: projection_5 IS HIGH,0.33862659335136414
covtype_binary_20000,31,601,layer_1,119,c1: projection_7 IS HIGH,0.3365994989871979
covtype_binary_20000,31,602,layer_0,197,c3: Soil_Type_23 IS present,0.3344324827194214
covtype_binary_20000,31,603,layer_0,275,c4: Soil_Type_13 IS present,0.33381298184394836
covtype_binary_20000,31,604,layer_1,306,c5: ka_concept_1.c2 IS LOW,0.33175304532051086
covtype_binary_20000,31,605,layer_1,343,c5: projection_2 IS MEDIUM,0.33100971579551697
covtype_binary_20000,31,606,layer_1,359,c5: projection_7 IS HIGH,0.33096790313720703
covtype_binary_20000,31,607,layer_1,220,c3: projection_1 IS MEDIUM,0.33072587847709656
covtype_binary_20000,31,608,layer_0,70,c1: Horizontal_Distance_To_Fire_Points IS MEDIUM,0.3291914463043213
covtype_binary_20000,31,609,layer_0,260,c4: Vertical_Distance_To_Hydrology IS HIGH,0.3255251348018646
covtype_binary_20000,31,610,layer_0,368,c6: Soil_Type_40 IS present,0.323009729385376
covtype_binary_20000,31,611,layer_1,237,c3: projection_7 IS LOW,0.3224993050098419
covtype_binary_20000,31,612,layer_1,62,c1: ka_concept_1.c0 IS HIGH,0.3205808103084564
covtype_binary_20000,31,613,layer_1,198,c3: ka_concept_1.c6 IS LOW,0.3198169469833374
covtype_binary_20000,31,614,layer_1,272,c4: ka_concept_1.c10 IS HIGH,0.3188110589981079
covtype_binary_20000,31,615,layer_1,94,c1: ka_concept_1.c11 IS MEDIUM,0.31787747144699097
covtype_binary_20000,31,616,layer_1,22,c0: ka_concept_1.c7 IS MEDIUM,0.3177649676799774
covtype_binary_20000,31,617,layer_1,27,c0: ka_concept_1.c9 IS LOW,0.315409392118454
covtype_binary_20000,31,618,layer_1,209,c3: ka_concept_1.c9 IS HIGH,0.3133934438228607
covtype_binary_20000,31,619,layer_0,467,c7: Horizontal_Distance_To_Fire_Points IS HIGH,0.3123798966407776
covtype_binary_20000,31,620,layer_0,21,c0: Wilderness_Area_1 IS absent,0.3115168511867523
covtype_binary_20000,31,621,layer_1,205,c3: ka_concept_1.c8 IS MEDIUM,0.3113590478897095
covtype_binary_20000,31,622,layer_1,9,c0: ka_concept_1.c3 IS LOW,0.31129321455955505
covtype_binary_20000,31,623,layer_0,395,c6: Soil_Type_30 IS present,0.31108880043029785
covtype_binary_20000,31,624,layer_0,281,c4: Wilderness_Area_4 IS present,0.3085331320762634
covtype_binary_20000,31,625,layer_1,342,c5: projection_2 IS LOW,0.30753085017204285
covtype_binary_20000,31,626,layer_1,74,c1: ka_concept_1.c4 IS HIGH,0.30505335330963135
covtype_binary_20000,31,627,layer_1,195,c3: ka_concept_1.c5 IS LOW,0.3034423887729645
covtype_binary_20000,31,628,layer_1,16,c0: ka_concept_1.c5 IS MEDIUM,0.30264484882354736
covtype_binary_20000,31,629,layer_1,239,c3: projection_7 IS HIGH,0.3020285665988922
covtype_binary_20000,31,630,layer_1,284,c4: projection_2 IS HIGH,0.30183708667755127
covtype_binary_20000,31,631,layer_1,102,c1: projection_2 IS LOW,0.30115002393722534
covtype_binary_20000,31,632,layer_0,116,c1: Hillshade_3pm IS HIGH,0.29963594675064087
covtype_binary_20000,31,633,layer_1,340,c5: projection_1 IS MEDIUM,0.2967606484889984
covtype_binary_20000,31,634,layer_0,111,c1: Soil_Type_40 IS absent,0.29624783992767334
covtype_binary_20000,31,635,layer_0,231,c3: Soil_Type_4 IS absent,0.2958078682422638
covtype_binary_20000,31,636,layer_0,173,c2: Soil_Type_13 IS present,0.292540043592453
covtype_binary_20000,31,637,layer_0,66,c1: Soil_Type_22 IS absent,0.29159408807754517
covtype_binary_20000,31,638,layer_0,97,c1: Hillshade_Noon IS MEDIUM,0.29050326347351074
covtype_binary_20000,31,639,layer_1,51,c0: projection_5 IS LOW,0.2878274619579315
covtype_binary_20000,31,640,layer_1,201,c3: ka_concept_1.c7 IS LOW,0.2872858941555023
covtype_binary_20000,31,641,layer_1,312,c5: ka_concept_1.c4 IS LOW,0.28700998425483704
covtype_binary_20000,31,642,layer_1,180,c3: ka_concept_1.c0 IS LOW,0.2868169844150543
covtype_binary_20000,31,643,layer_0,143,c2: Wilderness_Area_4 IS present,0.28019705414772034
covtype_binary_20000,31,644,layer_1,271,c4: ka_concept_1.c10 IS MEDIUM,0.2785153090953827
covtype_binary_20000,31,645,layer_0,179,c2: Wilderness_Area_4 IS present,0.27796852588653564
covtype_binary_20000,31,646,layer_1,35,c0: ka_concept_1.c11 IS HIGH,0.2738315165042877
covtype_binary_20000,31,647,layer_1,55,c0: projection_6 IS MEDIUM,0.27198079228401184
covtype_binary_20000,31,648,layer_1,186,c3: ka_concept_1.c2 IS LOW,0.2703346312046051
covtype_binary_20000,31,649,layer_1,32,c0: ka_concept_1.c10 IS HIGH,0.2683030068874359
covtype_binary_20000,31,650,layer_1,235,c3: projection_6 IS MEDIUM,0.2672806680202484
covtype_binary_20000,31,651,layer_0,75,c1: Soil_Type_39 IS absent,0.2663078010082245
covtype_binary_20000,31,652,layer_0,84,c1: Soil_Type_38 IS absent,0.2662341892719269
covtype_binary_20000,31,653,layer_0,269,c4: Hillshade_3pm IS HIGH,0.26570361852645874
covtype_binary_20000,31,654,layer_0,79,c1: Horizontal_Distance_To_Hydrology IS MEDIUM,0.2656359374523163
covtype_binary_20000,31,655,layer_1,295,c4: projection_6 IS MEDIUM,0.2643890082836151
covtype_binary_20000,31,656,layer_0,90,c1: Wilderness_Area_4 IS absent,0.2623822093009949
covtype_binary_20000,31,657,layer_0,93,c1: Soil_Type_23 IS absent,0.26189863681793213
covtype_binary_20000,31,658,layer_1,277,c4: projection_0 IS MEDIUM,0.2584591805934906
covtype_binary_20000,31,659,layer_0,245,c4: Wilderness_Area_4 IS present,0.25843411684036255
covtype_binary_20000,31,660,layer_1,283,c4: projection_2 IS MEDIUM,0.2565253973007202
covtype_binary_20000,31,661,layer_1,79,c1: ka_concept_1.c6 IS MEDIUM,0.25480765104293823
covtype_binary_20000,31,662,layer_1,100,c1: projection_1 IS MEDIUM,0.2511642575263977
covtype_binary_20000,31,663,layer_1,59,c0: projection_7 IS HIGH,0.25013503432273865
covtype_binary_20000,31,664,layer_0,266,c4: Soil_Type_40 IS present,0.24645015597343445
covtype_binary_20000,31,665,layer_0,71,c1: Horizontal_Distance_To_Fire_Points IS HIGH,0.242664635181427
covtype_binary_20000,31,666,layer_1,0,c0: ka_concept_1.c0 IS LOW,0.2416093349456787
covtype_binary_20000,31,667,layer_1,243,c4: ka_concept_1.c1 IS LOW,0.24087245762348175
covtype_binary_20000,31,668,layer_1,75,c1: ka_concept_1.c5 IS LOW,0.23740914463996887
covtype_binary_20000,31,669,layer_0,515,c8: Soil_Type_2 IS present,0.23637206852436066
covtype_binary_20000,31,670,layer_1,92,c1: ka_concept_1.c10 IS HIGH,0.23532769083976746
covtype_binary_20000,31,671,layer_0,188,c3: Soil_Type_38 IS present,0.2326125055551529
covtype_binary_20000,31,672,layer_0,88,c1: Aspect IS MEDIUM,0.2313617318868637
covtype_binary_20000,31,673,layer_0,89,c1: Aspect IS HIGH,0.2287435084581375
covtype_binary_20000,31,674,layer_1,114,c1: projection_6 IS LOW,0.22689099609851837
covtype_binary_20000,31,675,layer_1,326,c5: ka_concept_1.c8 IS HIGH,0.2261769026517868
covtype_binary_20000,31,676,layer_0,81,c1: Wilderness_Area_2 IS absent,0.2230696678161621
covtype_binary_20000,31,677,layer_0,117,c1: Wilderness_Area_2 IS absent,0.22306953370571136
covtype_binary_20000,31,678,layer_1,273,c4: ka_concept_1.c11 IS LOW,0.21646419167518616
covtype_binary_20000,31,679,layer_1,208,c3: ka_concept_1.c9 IS MEDIUM,0.21617378294467926
covtype_binary_20000,31,680,layer_1,13,c0: ka_concept_1.c4 IS MEDIUM,0.21595050394535065
covtype_binary_20000,31,681,layer_1,357,c5: projection_7 IS LOW,0.21439439058303833
covtype_binary_20000,31,682,layer_0,437,c7: Soil_Type_4 IS present,0.21352159976959229
covtype_binary_20000,31,683,layer_1,259,c4: ka_concept_1.c6 IS MEDIUM,0.2099923938512802
covtype_binary_20000,31,684,layer_0,41,c0: Wilderness_Area_4 IS present,0.20987774431705475
covtype_binary_20000,31,685,layer_0,78,c1: Horizontal_Distance_To_Hydrology IS LOW,0.20853492617607117
covtype_binary_20000,31,686,layer_0,60,c1: Horizontal_Distance_To_Roadways IS LOW,0.20849040150642395
covtype_binary_20000,31,687,layer_1,215,c3: ka_concept_1.c11 IS HIGH,0.20585347712039948
covtype_binary_20000,31,688,layer_1,240,c4: ka_concept_1.c0 IS LOW,0.2054944634437561
covtype_binary_20000,31,689,layer_0,5,c0: Wilderness_Area_4 IS present,0.20230281352996826
covtype_binary_20000,31,690,layer_0,566,c9: Soil_Type_2 IS present,0.20167960226535797
covtype_binary_20000,31,691,layer_0,106,c1: Vertical_Distance_To_Hydrology IS MEDIUM,0.20149335265159607
covtype_binary_20000,31,692,layer_1,110,c1: projection_4 IS HIGH,0.20107592642307281
covtype_binary_20000,31,693,layer_1,63,c1: ka_concept_1.c1 IS LOW,0.19723054766654968
covtype_binary_20000,31,694,layer_1,230,c3: projection_4 IS HIGH,0.19677305221557617
covtype_binary_20000,31,695,layer_1,337,c5: projection_0 IS MEDIUM,0.19453975558280945
covtype_binary_20000,31,696,layer_0,413,c6: Soil_Type_2 IS present,0.19424965977668762
covtype_binary_20000,31,697,layer_1,319,c5: ka_concept_1.c6 IS MEDIUM,0.19383689761161804
covtype_binary_20000,31,698,layer_0,209,c3: Vertical_Distance_To_Hydrology IS HIGH,0.19322924315929413
covtype_binary_20000,31,699,layer_1,181,c3: ka_concept_1.c0 IS MEDIUM,0.1924656629562378
covtype_binary_20000,31,700,layer_1,330,c5: ka_concept_1.c10 IS LOW,0.18858736753463745
covtype_binary_20000,31,701,layer_1,8,c0: ka_concept_1.c2 IS HIGH,0.1804269403219223
covtype_binary_20000,31,702,layer_1,246,c4: ka_concept_1.c2 IS LOW,0.17977692186832428
covtype_binary_20000,31,703,layer_0,301,c5: Hillshade_Noon IS MEDIUM,0.17540274560451508
covtype_binary_20000,31,704,layer_1,68,c1: ka_concept_1.c2 IS HIGH,0.16550222039222717
covtype_binary_20000,31,705,layer_1,353,c5: projection_5 IS HIGH,0.16519130766391754
covtype_binary_20000,31,706,layer_1,348,c5: projection_4 IS LOW,0.1645662635564804
covtype_binary_20000,31,707,layer_0,438,c7: Slope IS LOW,0.16412793099880219
covtype_binary_20000,31,708,layer_1,275,c4: ka_concept_1.c11 IS HIGH,0.16354718804359436
covtype_binary_20000,31,709,layer_1,260,c4: ka_concept_1.c6 IS HIGH,0.16167552769184113
covtype_binary_20000,31,710,layer_1,336,c5: projection_0 IS LOW,0.1583852916955948
covtype_binary_20000,31,711,layer_1,241,c4: ka_concept_1.c0 IS MEDIUM,0.15838377177715302
covtype_binary_20000,31,712,layer_1,117,c1: projection_7 IS LOW,0.15801775455474854
covtype_binary_20000,31,713,layer_0,134,c2: Wilderness_Area_2 IS present,0.1519213616847992
covtype_binary_20000,31,714,layer_0,128,c2: Soil_Type_39 IS present,0.15151618421077728
covtype_binary_20000,31,715,layer_0,114,c1: Hillshade_3pm IS LOW,0.14992143213748932
covtype_binary_20000,31,716,layer_0,102,c1: Soil_Type_29 IS absent,0.14980141818523407
covtype_binary_20000,31,717,layer_1,351,c5: projection_5 IS LOW,0.14841234683990479
covtype_binary_20000,31,718,layer_1,40,c0: projection_1 IS MEDIUM,0.14706771075725555
covtype_binary_20000,31,719,layer_1,72,c1: ka_concept_1.c4 IS LOW,0.1466718167066574
covtype_binary_20000,31,720,layer_0,170,c2: Wilderness_Area_2 IS present,0.14610570669174194
covtype_binary_20000,31,721,layer_1,224,c3: projection_2 IS HIGH,0.144692525267601
covtype_binary_20000,31,722,layer_1,250,c4: ka_concept_1.c3 IS MEDIUM,0.14264388382434845
covtype_binary_20000,31,723,layer_1,216,c3: projection_0 IS LOW,0.1417963057756424
covtype_binary_20000,31,724,layer_1,96,c1: projection_0 IS LOW,0.13935908675193787
covtype_binary_20000,31,725,layer_0,224,c3: Soil_Type_13 IS present,0.1392793506383896
covtype_binary_20000,31,726,layer_1,344,c5: projection_2 IS HIGH,0.13613134622573853
covtype_binary_20000,31,727,layer_1,289,c4: projection_4 IS MEDIUM,0.13578052818775177
covtype_binary_20000,31,728,layer_0,711,c11: Soil_Type_11 IS absent,0.13512194156646729
covtype_binary_20000,31,729,layer_1,31,c0: ka_concept_1.c10 IS MEDIUM,0.1342565268278122
covtype_binary_20000,31,730,layer_1,298,c4: projection_7 IS MEDIUM,0.1310073286294937
covtype_binary_20000,31,731,layer_1,309,c5: ka_concept_1.c3 IS LOW,0.12969420850276947
covtype_binary_20000,31,732,layer_1,332,c5: ka_concept_1.c10 IS HIGH,0.12935377657413483
covtype_binary_20000,31,733,layer_1,196,c3: ka_concept_1.c5 IS MEDIUM,0.12641113996505737
covtype_binary_20000,31,734,layer_1,19,c0: ka_concept_1.c6 IS MEDIUM,0.1262626200914383
covtype_binary_20000,31,735,layer_1,69,c1: ka_concept_1.c3 IS LOW,0.12572501599788666
covtype_binary_20000,31,736,layer_1,352,c5: projection_5 IS MEDIUM,0.12449371069669724
covtype_binary_20000,31,737,layer_1,251,c4: ka_concept_1.c3 IS HIGH,0.12413881719112396
covtype_binary_20000,31,738,layer_1,236,c3: projection_6 IS HIGH,0.12388115376234055
covtype_binary_20000,31,739,layer_0,599,c9: Wilderness_Area_2 IS present,0.12335466593503952
covtype_binary_20000,31,740,layer_1,57,c0: projection_7 IS LOW,0.12132120877504349
covtype_binary_20000,31,741,layer_0,488,c8: Soil_Type_4 IS present,0.1210397332906723
covtype_binary_20000,31,742,layer_0,182,c3: Horizontal_Distance_To_Hydrology IS HIGH,0.1205202117562294
covtype_binary_20000,31,743,layer_1,188,c3: ka_concept_1.c2 IS HIGH,0.12001645565032959
covtype_binary_20000,31,744,layer_0,62,c1: Horizontal_Distance_To_Roadways IS HIGH,0.1178218200802803
covtype_binary_20000,31,745,layer_1,33,c0: ka_concept_1.c11 IS LOW,0.11646757274866104
covtype_binary_20000,31,746,layer_1,274,c4: ka_concept_1.c11 IS MEDIUM,0.11625763028860092
covtype_binary_20000,31,747,layer_0,635,c10: Soil_Type_24 IS present,0.11619801819324493
covtype_binary_20000,31,748,layer_1,37,c0: projection_0 IS MEDIUM,0.11602789163589478
covtype_binary_20000,31,749,layer_0,108,c1: Wilderness_Area_1 IS absent,0.11528629809617996
covtype_binary_20000,31,750,layer_0,72,c1: Wilderness_Area_1 IS absent,0.11528605222702026
covtype_binary_20000,31,751,layer_0,644,c10: Soil_Type_10 IS present,0.11493194848299026
covtype_binary_20000,31,752,layer_0,87,c1: Aspect IS LOW,0.11449429392814636
covtype_binary_20000,31,753,layer_0,80,c1: Horizontal_Distance_To_Hydrology IS HIGH,0.11429854482412338
covtype_binary_20000,31,754,layer_1,20,c0: ka_concept_1.c6 IS HIGH,0.11426858603954315
covtype_binary_20000,31,755,layer_0,324,c5: Soil_Type_13 IS absent,0.11327486485242844
covtype_binary_20000,31,756,layer_1,116,c1: projection_6 IS HIGH,0.11183514446020126
covtype_binary_20000,31,757,layer_0,659,c10: Wilderness_Area_4 IS present,0.10993915051221848
covtype_binary_20000,31,758,layer_0,623,c10: Wilderness_Area_4 IS present,0.10993780195713043
covtype_binary_20000,31,759,layer_1,200,c3: ka_concept_1.c6 IS HIGH,0.10855910181999207
covtype_binary_20000,31,760,layer_1,307,c5: ka_concept_1.c2 IS MEDIUM,0.1079559400677681
covtype_binary_20000,31,761,layer_1,254,c4: ka_concept_1.c4 IS HIGH,0.09620724618434906
covtype_binary_20000,31,762,layer_1,280,c4: projection_1 IS MEDIUM,0.09544757008552551
covtype_binary_20000,31,763,layer_0,69,c1: Horizontal_Distance_To_Fire_Points IS LOW,0.09468643367290497
covtype_binary_20000,31,764,layer_1,53,c0: projection_5 IS HIGH,0.09459151327610016
covtype_binary_20000,31,765,layer_1,3,c0: ka_concept_1.c1 IS LOW,0.092104971408844
covtype_binary_20000,31,766,layer_1,285,c4: projection_3 IS LOW,0.09167107939720154
covtype_binary_20000,31,767,layer_1,212,c3: ka_concept_1.c10 IS HIGH,0.08966138958930969
covtype_binary_20000,31,768,layer_1,25,c0: ka_concept_1.c8 IS MEDIUM,0.08789817243814468
covtype_binary_20000,31,769,layer_1,48,c0: projection_4 IS LOW,0.08785516023635864
covtype_binary_20000,31,770,layer_0,164,c2: Soil_Type_40 IS present,0.08560516685247421
covtype_binary_20000,31,771,layer_0,429,c7: Hillshade_9am IS LOW,0.08261231333017349
covtype_binary_20000,31,772,layer_1,50,c0: projection_4 IS HIGH,0.082315593957901
covtype_binary_20000,31,773,layer_1,10,c0: ka_concept_1.c3 IS MEDIUM,0.08152864873409271
covtype_binary_20000,31,774,layer_0,240,c4: Aspect IS LOW,0.08060947060585022
covtype_binary_20000,31,775,layer_1,292,c4: projection_5 IS MEDIUM,0.08039317280054092
covtype_binary_20000,31,776,layer_1,356,c5: projection_6 IS HIGH,0.0763695165514946
covtype_binary_20000,31,777,layer_1,338,c5: projection_0 IS HIGH,0.07633069902658463
covtype_binary_20000,31,778,layer_1,256,c4: ka_concept_1.c5 IS MEDIUM,0.0746585875749588
covtype_binary_20000,31,779,layer_1,308,c5: ka_concept_1.c2 IS HIGH,0.07241494953632355
covtype_binary_20000,31,780,projection_layer,23,"pursuit_7(Aspect, Soil_Type_39, Soil_Type_2, Soil_Type_5) IS HIGH",0.07228656113147736
covtype_binary_20000,31,781,projection_layer,14,"pursuit_4(Horizontal_Distance_To_Hydrology, Soil_Type_22, Soil_Type_30, Soil_Type_35) IS HIGH",0.0715518593788147
covtype_binary_20000,31,782,layer_0,63,c1: Wilderness_Area_3 IS absent,0.07126539200544357
covtype_binary_20000,31,783,layer_0,99,c1: Wilderness_Area_3 IS absent,0.0712653324007988
covtype_binary_20000,31,784,layer_1,44,c0: projection_2 IS HIGH,0.07065244764089584
covtype_binary_20000,31,785,projection_layer,19,"pursuit_6(Horizontal_Distance_To_Roadways, Soil_Type_38, Wilderness_Area_2, Soil_Type_18) IS MEDIUM",0.07060883939266205
covtype_binary_20000,31,786,layer_0,96,c1: Hillshade_Noon IS LOW,0.07048413902521133
covtype_binary_20000,31,787,layer_1,91,c1: ka_concept_1.c10 IS MEDIUM,0.06688559800386429
covtype_binary_20000,31,788,layer_1,335,c5: ka_concept_1.c11 IS HIGH,0.0650523453950882
covtype_binary_20000,31,789,layer_1,213,c3: ka_concept_1.c11 IS LOW,0.06420242786407471
covtype_binary_20000,31,790,layer_1,333,c5: ka_concept_1.c11 IS LOW,0.062286507338285446
covtype_binary_20000,31,791,layer_1,7,c0: ka_concept_1.c2 IS MEDIUM,0.06151469051837921
covtype_binary_20000,31,792,layer_1,290,c4: projection_4 IS HIGH,0.05980055779218674
covtype_binary_20000,31,793,layer_1,211,c3: ka_concept_1.c10 IS MEDIUM,0.059793513268232346
covtype_binary_20000,31,794,layer_1,294,c4: projection_6 IS LOW,0.059744495898485184
covtype_binary_20000,31,795,layer_0,65,c1: Wilderness_Area_3 IS present,0.05896013230085373
covtype_binary_20000,31,796,layer_0,101,c1: Wilderness_Area_3 IS present,0.05896008387207985
covtype_binary_20000,31,797,layer_1,291,c4: projection_5 IS LOW,0.055830053985118866
covtype_binary_20000,31,798,layer_1,225,c3: projection_3 IS LOW,0.055741094052791595
covtype_binary_20000,31,799,layer_1,252,c4: ka_concept_1.c4 IS LOW,0.05414947494864464
covtype_binary_20000,31,800,layer_1,104,c1: projection_2 IS HIGH,0.053187474608421326
covtype_binary_20000,31,801,layer_0,233,c3: Soil_Type_4 IS present,0.05225575342774391
covtype_binary_20000,31,802,layer_1,52,c0: projection_5 IS MEDIUM,0.04901322349905968
covtype_binary_20000,31,803,layer_1,288,c4: projection_4 IS LOW,0.048125971108675
covtype_binary_20000,31,804,layer_1,60,c1: ka_concept_1.c0 IS LOW,0.047629475593566895
covtype_binary_20000,31,805,layer_1,242,c4: ka_concept_1.c0 IS HIGH,0.04721248894929886
covtype_binary_20000,31,806,layer_1,253,c4: ka_concept_1.c4 IS MEDIUM,0.04701600596308708
covtype_binary_20000,31,807,layer_1,331,c5: ka_concept_1.c10 IS MEDIUM,0.04515860974788666
covtype_binary_20000,31,808,layer_1,316,c5: ka_concept_1.c5 IS MEDIUM,0.044436972588300705
covtype_binary_20000,31,809,layer_1,190,c3: ka_concept_1.c3 IS MEDIUM,0.04419180750846863
covtype_binary_20000,31,810,layer_1,234,c3: projection_6 IS LOW,0.04354097321629524
covtype_binary_20000,31,811,layer_1,187,c3: ka_concept_1.c2 IS MEDIUM,0.043015219271183014
covtype_binary_20000,31,812,layer_1,54,c0: projection_6 IS LOW,0.04296952858567238
covtype_binary_20000,31,813,layer_1,11,c0: ka_concept_1.c3 IS HIGH,0.03937111049890518
covtype_binary_20000,31,814,layer_1,192,c3: ka_concept_1.c4 IS LOW,0.039346061646938324
covtype_binary_20000,31,815,layer_1,320,c5: ka_concept_1.c6 IS HIGH,0.038241103291511536
covtype_binary_20000,31,816,layer_1,118,c1: projection_7 IS MEDIUM,0.0344243124127388
covtype_binary_20000,31,817,layer_1,350,c5: projection_4 IS HIGH,0.033391065895557404
covtype_binary_20000,31,818,layer_1,297,c4: projection_7 IS LOW,0.03264141082763672
covtype_binary_20000,31,819,layer_1,108,c1: projection_4 IS LOW,0.032275013625621796
covtype_binary_20000,31,820,layer_1,325,c5: ka_concept_1.c8 IS MEDIUM,0.03217434883117676
covtype_binary_20000,31,821,layer_0,617,c10: Soil_Type_2 IS present,0.03201572969555855
covtype_binary_20000,31,822,layer_1,248,c4: ka_concept_1.c2 IS HIGH,0.03045620210468769
covtype_binary_20000,31,823,layer_1,303,c5: ka_concept_1.c1 IS LOW,0.03014240600168705
covtype_binary_20000,31,824,layer_1,189,c3: ka_concept_1.c3 IS LOW,0.02968207746744156
covtype_binary_20000,31,825,layer_1,345,c5: projection_3 IS LOW,0.027196446433663368
covtype_binary_20000,31,826,layer_1,67,c1: ka_concept_1.c2 IS MEDIUM,0.026647893711924553
covtype_binary_20000,31,827,layer_1,354,c5: projection_6 IS LOW,0.02465105429291725
covtype_binary_20000,31,828,layer_1,45,c0: projection_3 IS LOW,0.022844946011900902
covtype_binary_20000,31,829,layer_0,353,c5: Soil_Type_32 IS present,0.02273506112396717
covtype_binary_20000,31,830,layer_1,71,c1: ka_concept_1.c3 IS HIGH,0.02260281704366207
covtype_binary_20000,31,831,layer_0,104,c1: Soil_Type_29 IS present,0.020907148718833923
covtype_binary_20000,31,832,layer_1,310,c5: ka_concept_1.c3 IS MEDIUM,0.020521514117717743
covtype_binary_20000,31,833,layer_0,74,c1: Wilderness_Area_1 IS present,0.02002141810953617
covtype_binary_20000,31,834,layer_0,110,c1: Wilderness_Area_1 IS present,0.020021311938762665
covtype_binary_20000,31,835,layer_1,341,c5: projection_1 IS HIGH,0.019000180065631866
covtype_binary_20000,31,836,layer_1,355,c5: projection_6 IS MEDIUM,0.01876339130103588
covtype_binary_20000,31,837,layer_1,191,c3: ka_concept_1.c3 IS HIGH,0.016863981261849403
covtype_binary_20000,31,838,layer_0,335,c5: Soil_Type_4 IS present,0.015702536329627037
covtype_binary_20000,31,839,layer_1,106,c1: projection_3 IS MEDIUM,0.014702967368066311
covtype_binary_20000,31,840,layer_1,296,c4: projection_6 IS HIGH,0.01427879836410284
covtype_binary_20000,31,841,layer_1,41,c0: projection_1 IS HIGH,0.012756581418216228
covtype_binary_20000,31,842,layer_1,311,c5: ka_concept_1.c3 IS HIGH,0.012476932257413864
covtype_binary_20000,31,843,layer_0,563,c9: Wilderness_Area_2 IS present,0.010975695215165615
covtype_binary_20000,31,844,layer_0,215,c3: Soil_Type_40 IS present,0.010616498999297619
covtype_binary_20000,31,845,layer_1,70,c1: ka_concept_1.c3 IS MEDIUM,0.010592243634164333
covtype_binary_20000,31,846,layer_1,221,c3: projection_1 IS HIGH,0.009048343636095524
covtype_binary_20000,31,847,layer_0,668,c11: Soil_Type_2 IS present,0.008965198881924152
covtype_binary_20000,31,848,layer_0,524,c8: Soil_Type_33 IS present,0.007981687784194946
covtype_binary_20000,31,849,layer_1,101,c1: projection_1 IS HIGH,0.0068554687313735485
covtype_binary_20000,31,850,layer_1,226,c3: projection_3 IS MEDIUM,0.006432163063436747
covtype_binary_20000,31,851,layer_1,281,c4: projection_1 IS HIGH,0.0061243693344295025
covtype_binary_20000,31,852,layer_1,286,c4: projection_3 IS MEDIUM,0.005911287851631641
covtype_binary_20000,31,853,layer_0,713,c11: Soil_Type_11 IS present,0.005502030253410339
covtype_binary_20000,31,854,layer_0,83,c1: Wilderness_Area_2 IS present,0.004747803322970867
covtype_binary_20000,31,855,layer_0,119,c1: Wilderness_Area_2 IS present,0.004747803322970867
covtype_binary_20000,31,856,layer_1,56,c0: projection_6 IS HIGH,0.0047231498174369335
covtype_binary_20000,31,857,layer_1,64,c1: ka_concept_1.c1 IS MEDIUM,0.0040245396085083485
covtype_binary_20000,31,858,layer_1,112,c1: projection_5 IS MEDIUM,0.003982048016041517
covtype_binary_20000,31,859,layer_1,247,c4: ka_concept_1.c2 IS MEDIUM,0.0038313642144203186
covtype_binary_20000,31,860,projection_layer,8,"pursuit_2(Hillshade_Noon, Wilderness_Area_4, Soil_Type_23, Soil_Type_11) IS HIGH",0.002924221334978938
covtype_binary_20000,31,861,layer_0,95,c1: Soil_Type_23 IS present,0.002405305625870824
covtype_binary_20000,31,862,layer_1,46,c0: projection_3 IS MEDIUM,0.0023157596588134766
covtype_binary_20000,31,863,layer_1,304,c5: ka_concept_1.c1 IS MEDIUM,0.0017696809954941273
covtype_binary_20000,31,864,layer_1,175,c2: projection_6 IS MEDIUM,0.0017265252536162734
covtype_binary_20000,31,865,layer_1,202,c3: ka_concept_1.c7 IS MEDIUM,0.0014773671282455325
covtype_binary_20000,31,866,layer_1,163,c2: projection_2 IS MEDIUM,0.001268942840397358
covtype_binary_20000,31,867,layer_1,4,c0: ka_concept_1.c1 IS MEDIUM,0.0012400182895362377
covtype_binary_20000,31,868,layer_1,168,c2: projection_4 IS LOW,0.001043240656144917
covtype_binary_20000,31,869,layer_1,178,c2: projection_7 IS MEDIUM,0.0009704706026241183
covtype_binary_20000,31,870,layer_1,157,c2: projection_0 IS MEDIUM,0.0008258738671429455
covtype_binary_20000,31,871,layer_1,244,c4: ka_concept_1.c1 IS MEDIUM,0.0008191583910956979
covtype_binary_20000,31,872,layer_1,179,c2: projection_7 IS HIGH,0.0007229060865938663
covtype_binary_20000,31,873,layer_1,165,c2: projection_3 IS LOW,0.0007085668039508164
covtype_binary_20000,31,874,layer_1,138,c2: ka_concept_1.c6 IS LOW,0.0006946245557628572
covtype_binary_20000,31,875,layer_1,346,c5: projection_3 IS MEDIUM,0.0006851906655356288
covtype_binary_20000,31,876,layer_1,184,c3: ka_concept_1.c1 IS MEDIUM,0.0006555013824254274
covtype_binary_20000,31,877,layer_1,137,c2: ka_concept_1.c5 IS HIGH,0.0006282894755713642
covtype_binary_20000,31,878,layer_1,143,c2: ka_concept_1.c7 IS HIGH,0.0005789836286567152
covtype_binary_20000,31,879,layer_1,129,c2: ka_concept_1.c3 IS LOW,0.0005361766670830548
covtype_binary_20000,31,880,layer_1,159,c2: projection_1 IS LOW,0.0005303901270963252
covtype_binary_20000,31,881,layer_1,150,c2: ka_concept_1.c10 IS LOW,0.0005217518773861229
covtype_binary_20000,31,882,layer_1,126,c2: ka_concept_1.c2 IS LOW,0.00048643851187080145
covtype_binary_20000,31,883,layer_1,123,c2: ka_concept_1.c1 IS LOW,0.0004841024929191917
covtype_binary_20000,31,884,layer_1,153,c2: ka_concept_1.c11 IS LOW,0.00035257014678791165
covtype_binary_20000,31,885,layer_1,144,c2: ka_concept_1.c8 IS LOW,0.0003426092735026032
covtype_binary_20000,31,886,projection_layer,20,"pursuit_6(Horizontal_Distance_To_Roadways, Soil_Type_38, Wilderness_Area_2, Soil_Type_18) IS HIGH",0.000340685568517074
covtype_binary_20000,31,887,layer_1,122,c2: ka_concept_1.c0 IS HIGH,0.00032766704680398107
covtype_binary_20000,31,888,layer_1,134,c2: ka_concept_1.c4 IS HIGH,0.00032034487230703235
covtype_binary_20000,31,889,layer_1,158,c2: projection_0 IS HIGH,0.0002898252278100699
covtype_binary_20000,31,890,layer_1,171,c2: projection_5 IS LOW,0.0002826482814271003
covtype_binary_20000,31,891,layer_1,149,c2: ka_concept_1.c9 IS HIGH,0.00026650066138245165
covtype_binary_20000,31,892,layer_1,173,c2: projection_5 IS HIGH,0.0002626596833579242
covtype_binary_20000,31,893,layer_1,169,c2: projection_4 IS MEDIUM,0.0002464277786202729
covtype_binary_20000,31,894,layer_1,142,c2: ka_concept_1.c7 IS MEDIUM,0.00021857989486306906
covtype_binary_20000,31,895,layer_1,172,c2: projection_5 IS MEDIUM,0.0002017168590100482
covtype_binary_20000,31,896,layer_1,133,c2: ka_concept_1.c4 IS MEDIUM,0.00018512811220716685
covtype_binary_20000,31,897,layer_0,57,c0: Wilderness_Area_1 IS absent,0.00018221890786662698
covtype_binary_20000,31,898,layer_1,164,c2: projection_2 IS HIGH,0.00013922546349931508
covtype_binary_20000,31,899,layer_1,147,c2: ka_concept_1.c9 IS LOW,0.00012896831321995705
covtype_binary_20000,31,900,layer_1,156,c2: projection_0 IS LOW,0.00012151820556027815
covtype_binary_20000,31,901,layer_1,183,c3: ka_concept_1.c1 IS LOW,9.975109423976392e-05
covtype_binary_20000,31,902,layer_1,174,c2: projection_6 IS LOW,9.389722254127264e-05
covtype_binary_20000,31,903,layer_1,132,c2: ka_concept_1.c4 IS LOW,9.151370613835752e-05
covtype_binary_20000,31,904,layer_1,162,c2: projection_2 IS LOW,8.957627142081037e-05
covtype_binary_20000,31,905,layer_1,176,c2: projection_6 IS HIGH,7.512762385886163e-05
covtype_binary_20000,31,906,layer_1,148,c2: ka_concept_1.c9 IS MEDIUM,5.195076300879009e-05
covtype_binary_20000,31,907,layer_1,120,c2: ka_concept_1.c0 IS LOW,4.7892172005958855e-05
covtype_binary_20000,31,908,layer_1,121,c2: ka_concept_1.c0 IS MEDIUM,4.6416571422014385e-05
covtype_binary_20000,31,909,layer_1,127,c2: ka_concept_1.c2 IS MEDIUM,4.571363388095051e-05
covtype_binary_20000,31,910,layer_1,136,c2: ka_concept_1.c5 IS MEDIUM,3.4620712540345266e-05
covtype_binary_20000,31,911,layer_1,139,c2: ka_concept_1.c6 IS MEDIUM,3.2716317946324125e-05
covtype_binary_20000,31,912,layer_1,151,c2: ka_concept_1.c10 IS MEDIUM,3.163282235618681e-05
covtype_binary_20000,31,913,layer_1,135,c2: ka_concept_1.c5 IS LOW,3.0421768315136433e-05
covtype_binary_20000,31,914,layer_1,128,c2: ka_concept_1.c2 IS HIGH,2.671794754860457e-05
covtype_binary_20000,31,915,layer_1,146,c2: ka_concept_1.c8 IS HIGH,2.488861900928896e-05
covtype_binary_20000,31,916,layer_1,155,c2: ka_concept_1.c11 IS HIGH,1.5535386410192586e-05
covtype_binary_20000,31,917,layer_1,145,c2: ka_concept_1.c8 IS MEDIUM,1.341551796940621e-05
covtype_binary_20000,31,918,layer_1,154,c2: ka_concept_1.c11 IS MEDIUM,1.154149322246667e-05
covtype_binary_20000,31,919,layer_1,152,c2: ka_concept_1.c10 IS HIGH,9.627955478208605e-06
covtype_binary_20000,31,920,layer_1,170,c2: projection_4 IS HIGH,8.711995178600773e-06
covtype_binary_20000,31,921,layer_1,130,c2: ka_concept_1.c3 IS MEDIUM,6.465249498432968e-06
covtype_binary_20000,31,922,layer_1,177,c2: projection_7 IS LOW,5.7097113312920555e-06
covtype_binary_20000,31,923,layer_1,131,c2: ka_concept_1.c3 IS HIGH,5.573436737904558e-06
covtype_binary_20000,31,924,layer_1,160,c2: projection_1 IS MEDIUM,3.002646280947374e-06
covtype_binary_20000,31,925,layer_1,65,c1: ka_concept_1.c1 IS HIGH,2.0064519503648626e-06
covtype_binary_20000,31,926,layer_1,107,c1: projection_3 IS HIGH,1.9924113985325675e-06
covtype_binary_20000,31,927,layer_1,166,c2: projection_3 IS MEDIUM,1.4545011026712018e-06
covtype_binary_20000,31,928,layer_1,141,c2: ka_concept_1.c7 IS LOW,1.2382147360767704e-06
covtype_binary_20000,31,929,layer_1,245,c4: ka_concept_1.c1 IS HIGH,9.861525995802367e-07
covtype_binary_20000,31,930,layer_1,47,c0: projection_3 IS HIGH,8.766128303250298e-07
covtype_binary_20000,31,931,layer_1,140,c2: ka_concept_1.c6 IS HIGH,6.394045044544328e-07
covtype_binary_20000,31,932,layer_1,347,c5: projection_3 IS HIGH,5.152468816049804e-07
covtype_binary_20000,31,933,layer_1,124,c2: ka_concept_1.c1 IS MEDIUM,3.563202142231603e-07
covtype_binary_20000,31,934,layer_1,185,c3: ka_concept_1.c1 IS HIGH,2.2644809405392152e-07
covtype_binary_20000,31,935,layer_1,287,c4: projection_3 IS HIGH,1.8607566687478538e-07
covtype_binary_20000,31,936,layer_1,161,c2: projection_1 IS HIGH,4.571150569177007e-08
covtype_binary_20000,37,1,layer_0,662,c11: Horizontal_Distance_To_Roadways IS HIGH,63.70055389404297
covtype_binary_20000,37,2,layer_0,294,c4: Elevation IS LOW,55.5833854675293
covtype_binary_20000,37,3,layer_0,295,c4: Elevation IS MEDIUM,54.46390151977539
covtype_binary_20000,37,4,layer_0,0,c0: Elevation IS LOW,50.88549041748047
covtype_binary_20000,37,5,layer_0,559,c9: Horizontal_Distance_To_Roadways IS MEDIUM,49.922149658203125
covtype_binary_20000,37,6,layer_0,600,c10: Elevation IS LOW,47.43002700805664
covtype_binary_20000,37,7,layer_0,669,c11: Horizontal_Distance_To_Fire_Points IS LOW,44.744102478027344
covtype_binary_20000,37,8,layer_0,550,c9: Elevation IS MEDIUM,42.49322509765625
covtype_binary_20000,37,9,layer_0,498,c8: Elevation IS LOW,40.6656494140625
covtype_binary_20000,37,10,layer_0,88,c1: Aspect IS MEDIUM,39.443843841552734
covtype_binary_20000,37,11,layer_0,549,c9: Elevation IS LOW,38.46592330932617
covtype_binary_20000,37,12,layer_0,602,c10: Elevation IS HIGH,37.8719482421875
covtype_binary_20000,37,13,layer_0,198,c3: Hillshade_Noon IS LOW,37.66735076904297
covtype_binary_20000,37,14,layer_0,115,c1: Hillshade_3pm IS MEDIUM,36.69690704345703
covtype_binary_20000,37,15,projection_layer,6,"pursuit_2(Hillshade_Noon, Wilderness_Area_4, Soil_Type_23, Soil_Type_11) IS LOW",36.559173583984375
covtype_binary_20000,37,16,layer_0,447,c7: Elevation IS LOW,36.35108947753906
covtype_binary_20000,37,17,layer_0,301,c5: Hillshade_Noon IS MEDIUM,35.53888702392578
covtype_binary_20000,37,18,layer_0,661,c11: Horizontal_Distance_To_Roadways IS MEDIUM,35.30616760253906
covtype_binary_20000,37,19,layer_0,601,c10: Elevation IS MEDIUM,32.86623001098633
covtype_binary_20000,37,20,layer_0,671,c11: Horizontal_Distance_To_Fire_Points IS HIGH,32.110782623291016
covtype_binary_20000,37,21,layer_0,302,c5: Hillshade_Noon IS HIGH,31.670665740966797
covtype_binary_20000,37,22,layer_0,610,c10: Horizontal_Distance_To_Roadways IS MEDIUM,30.886133193969727
covtype_binary_20000,37,23,layer_0,347,c5: Elevation IS HIGH,30.57550811767578
covtype_binary_20000,37,24,layer_0,70,c1: Horizontal_Distance_To_Fire_Points IS MEDIUM,30.088396072387695
covtype_binary_20000,37,25,layer_0,15,c0: Soil_Type_22 IS absent,28.69743537902832
covtype_binary_20000,37,26,layer_0,457,c7: Horizontal_Distance_To_Roadways IS MEDIUM,27.70174217224121
covtype_binary_20000,37,27,layer_0,345,c5: Elevation IS LOW,27.661237716674805
covtype_binary_20000,37,28,layer_0,354,c5: Horizontal_Distance_To_Roadways IS LOW,26.72058868408203
covtype_binary_20000,37,29,projection_layer,1,"pursuit_0(Horizontal_Distance_To_Fire_Points, Hillshade_3pm, Soil_Type_29, Soil_Type_4) IS MEDIUM",26.31513214111328
covtype_binary_20000,37,30,layer_0,190,c3: Aspect IS MEDIUM,25.49689292907715
covtype_binary_20000,37,31,layer_0,62,c1: Horizontal_Distance_To_Roadways IS HIGH,25.379478454589844
covtype_binary_20000,37,32,layer_0,1,c0: Elevation IS MEDIUM,24.58815574645996
covtype_binary_20000,37,33,projection_layer,0,"pursuit_0(Horizontal_Distance_To_Fire_Points, Hillshade_3pm, Soil_Type_29, Soil_Type_4) IS LOW",24.2388858795166
covtype_binary_20000,37,34,layer_0,679,c11: Horizontal_Distance_To_Hydrology IS MEDIUM,24.126815795898438
covtype_binary_20000,37,35,layer_0,611,c10: Horizontal_Distance_To_Roadways IS HIGH,23.017993927001953
covtype_binary_20000,37,36,layer_0,500,c8: Elevation IS HIGH,22.92327117919922
covtype_binary_20000,37,37,layer_0,199,c3: Hillshade_Noon IS MEDIUM,22.81866455078125
covtype_binary_20000,37,38,layer_0,406,c6: Horizontal_Distance_To_Roadways IS MEDIUM,22.609209060668945
covtype_binary_20000,37,39,layer_0,660,c11: Horizontal_Distance_To_Roadways IS LOW,22.37022590637207
covtype_binary_20000,37,40,layer_0,355,c5: Horizontal_Distance_To_Roadways IS MEDIUM,22.196680068969727
covtype_binary_20000,37,41,layer_0,10,c0: Horizontal_Distance_To_Roadways IS MEDIUM,21.13644790649414
covtype_binary_20000,37,42,layer_0,180,c3: Horizontal_Distance_To_Hydrology IS LOW,20.817106246948242
covtype_binary_20000,37,43,layer_0,120,c2: Horizontal_Distance_To_Fire_Points IS LOW,20.71036148071289
covtype_binary_20000,37,44,layer_0,226,c3: Hillshade_9am IS MEDIUM,20.70771598815918
covtype_binary_20000,37,45,layer_0,207,c3: Vertical_Distance_To_Hydrology IS LOW,20.374601364135742
covtype_binary_20000,37,46,layer_0,11,c0: Horizontal_Distance_To_Roadways IS HIGH,19.631338119506836
covtype_binary_20000,37,47,layer_0,78,c1: Horizontal_Distance_To_Hydrology IS LOW,19.35447883605957
covtype_binary_20000,37,48,layer_0,684,c11: Soil_Type_33 IS absent,19.24248504638672
covtype_binary_20000,37,49,layer_0,551,c9: Elevation IS HIGH,18.483375549316406
covtype_binary_20000,37,50,layer_0,181,c3: Horizontal_Distance_To_Hydrology IS MEDIUM,18.423847198486328
covtype_binary_20000,37,51,layer_0,430,c7: Hillshade_9am IS MEDIUM,18.185808181762695
covtype_binary_20000,37,52,layer_0,129,c2: Horizontal_Distance_To_Hydrology IS LOW,18.081281661987305
covtype_binary_20000,37,53,layer_0,499,c8: Elevation IS MEDIUM,17.99342918395996
covtype_binary_20000,37,54,layer_0,448,c7: Elevation IS MEDIUM,17.801185607910156
covtype_binary_20000,37,55,layer_0,714,c11: Hillshade_3pm IS LOW,17.795963287353516
covtype_binary_20000,37,56,layer_0,465,c7: Horizontal_Distance_To_Fire_Points IS LOW,17.558120727539062
covtype_binary_20000,37,57,layer_0,46,c0: Hillshade_Noon IS MEDIUM,17.411909103393555
covtype_binary_20000,37,58,layer_0,231,c3: Soil_Type_4 IS absent,17.355518341064453
covtype_binary_20000,37,59,layer_0,208,c3: Vertical_Distance_To_Hydrology IS MEDIUM,17.231441497802734
covtype_binary_20000,37,60,layer_0,567,c9: Horizontal_Distance_To_Fire_Points IS LOW,16.82976531982422
covtype_binary_20000,37,61,layer_0,300,c5: Hillshade_Noon IS LOW,16.685606002807617
covtype_binary_20000,37,62,layer_0,69,c1: Horizontal_Distance_To_Fire_Points IS LOW,16.631567001342773
covtype_binary_20000,37,63,layer_0,320,c5: Hillshade_3pm IS HIGH,16.46685218811035
covtype_binary_20000,37,64,layer_0,250,c4: Hillshade_Noon IS MEDIUM,16.457481384277344
covtype_binary_20000,37,65,layer_0,106,c1: Vertical_Distance_To_Hydrology IS MEDIUM,16.26081085205078
covtype_binary_20000,37,66,layer_0,33,c0: Soil_Type_38 IS absent,16.13618278503418
covtype_binary_20000,37,67,layer_0,234,c3: Slope IS LOW,15.988174438476562
covtype_binary_20000,37,68,layer_0,380,c6: Hillshade_9am IS HIGH,15.970909118652344
covtype_binary_20000,37,69,layer_0,670,c11: Horizontal_Distance_To_Fire_Points IS MEDIUM,15.967246055603027
covtype_binary_20000,37,70,layer_0,568,c9: Horizontal_Distance_To_Fire_Points IS MEDIUM,15.546626091003418
covtype_binary_20000,37,71,layer_0,189,c3: Aspect IS LOW,15.409872055053711
covtype_binary_20000,37,72,layer_0,47,c0: Hillshade_Noon IS HIGH,15.209002494812012
covtype_binary_20000,37,73,layer_0,632,c10: Wilderness_Area_3 IS present,14.980902671813965
covtype_binary_20000,37,74,layer_0,27,c0: Horizontal_Distance_To_Hydrology IS LOW,14.97265625
covtype_binary_20000,37,75,layer_0,558,c9: Horizontal_Distance_To_Roadways IS LOW,14.945511817932129
covtype_binary_20000,37,76,layer_0,630,c10: Wilderness_Area_3 IS absent,14.675129890441895
covtype_binary_20000,37,77,layer_0,560,c9: Horizontal_Distance_To_Roadways IS HIGH,14.499985694885254
covtype_binary_20000,37,78,layer_0,655,c10: Vertical_Distance_To_Hydrology IS MEDIUM,14.426179885864258
covtype_binary_20000,37,79,layer_0,699,c11: Wilderness_Area_2 IS absent,14.208420753479004
covtype_binary_20000,37,80,layer_0,663,c11: Wilderness_Area_2 IS absent,14.055877685546875
covtype_binary_20000,37,81,layer_0,30,c0: Wilderness_Area_2 IS absent,13.745405197143555
covtype_binary_20000,37,82,layer_0,569,c9: Horizontal_Distance_To_Fire_Points IS HIGH,13.662636756896973
covtype_binary_20000,37,83,layer_0,518,c8: Horizontal_Distance_To_Fire_Points IS HIGH,13.60031509399414
covtype_binary_20000,37,84,layer_0,678,c11: Horizontal_Distance_To_Hydrology IS LOW,13.57247543334961
covtype_binary_20000,37,85,layer_0,582,c9: Soil_Type_33 IS absent,13.562949180603027
covtype_binary_20000,37,86,projection_layer,12,"pursuit_4(Horizontal_Distance_To_Hydrology, Soil_Type_22, Soil_Type_30, Soil_Type_35) IS LOW",13.398797988891602
covtype_binary_20000,37,87,layer_0,507,c8: Horizontal_Distance_To_Roadways IS LOW,13.38191032409668
covtype_binary_20000,37,88,layer_0,309,c5: Vertical_Distance_To_Hydrology IS LOW,13.324728965759277
covtype_binary_20000,37,89,layer_0,79,c1: Horizontal_Distance_To_Hydrology IS MEDIUM,13.205527305603027
covtype_binary_20000,37,90,layer_0,576,c9: Horizontal_Distance_To_Hydrology IS LOW,13.088150978088379
covtype_binary_20000,37,91,layer_0,200,c3: Hillshade_Noon IS HIGH,13.04981517791748
covtype_binary_20000,37,92,layer_0,586,c9: Aspect IS MEDIUM,13.026687622070312
covtype_binary_20000,37,93,layer_0,236,c3: Slope IS HIGH,13.021002769470215
covtype_binary_20000,37,94,layer_0,306,c5: Soil_Type_29 IS absent,12.975080490112305
covtype_binary_20000,37,95,layer_0,251,c4: Hillshade_Noon IS HIGH,12.827932357788086
covtype_binary_20000,37,96,layer_0,20,c0: Horizontal_Distance_To_Fire_Points IS HIGH,12.776385307312012
covtype_binary_20000,37,97,projection_layer,13,"pursuit_4(Horizontal_Distance_To_Hydrology, Soil_Type_22, Soil_Type_30, Soil_Type_35) IS MEDIUM",12.708467483520508
covtype_binary_20000,37,98,layer_0,693,c11: Soil_Type_11 IS absent,12.685551643371582
covtype_binary_20000,37,99,layer_0,267,c4: Hillshade_3pm IS LOW,12.62478256225586
covtype_binary_20000,37,100,layer_0,555,c9: Soil_Type_2 IS absent,12.57589340209961
covtype_binary_20000,37,101,layer_0,60,c1: Horizontal_Distance_To_Roadways IS LOW,12.466108322143555
covtype_binary_20000,37,102,layer_0,435,c7: Soil_Type_4 IS absent,12.26639461517334
covtype_binary_20000,37,103,projection_layer,7,"pursuit_2(Hillshade_Noon, Wilderness_Area_4, Soil_Type_23, Soil_Type_11) IS MEDIUM",12.135071754455566
covtype_binary_20000,37,104,layer_0,285,c4: Slope IS LOW,12.068458557128906
covtype_binary_20000,37,105,layer_0,540,c9: Slope IS LOW,11.781859397888184
covtype_binary_20000,37,106,layer_0,37,c0: Aspect IS MEDIUM,11.723814010620117
covtype_binary_20000,37,107,layer_0,471,c7: Soil_Type_24 IS absent,11.458698272705078
covtype_binary_20000,37,108,layer_0,415,c6: Horizontal_Distance_To_Fire_Points IS MEDIUM,11.352218627929688
covtype_binary_20000,37,109,layer_0,89,c1: Aspect IS HIGH,11.081747055053711
covtype_binary_20000,37,110,layer_0,328,c5: Hillshade_9am IS MEDIUM,11.030950546264648
covtype_binary_20000,37,111,layer_0,387,c6: Slope IS LOW,11.027910232543945
covtype_binary_20000,37,112,layer_0,130,c2: Horizontal_Distance_To_Hydrology IS MEDIUM,11.012869834899902
covtype_binary_20000,37,113,layer_0,296,c4: Elevation IS HIGH,11.01046371459961
covtype_binary_20000,37,114,layer_0,28,c0: Horizontal_Distance_To_Hydrology IS MEDIUM,10.993730545043945
covtype_binary_20000,37,115,layer_0,579,c9: Wilderness_Area_3 IS absent,10.881505012512207
covtype_binary_20000,37,116,layer_0,222,c3: Soil_Type_13 IS absent,10.844502449035645
covtype_binary_20000,37,117,layer_0,688,c11: Aspect IS MEDIUM,10.572465896606445
covtype_binary_20000,37,118,layer_0,114,c1: Hillshade_3pm IS LOW,10.565780639648438
covtype_binary_20000,37,119,layer_0,38,c0: Aspect IS HIGH,10.49072551727295
covtype_binary_20000,37,120,layer_0,466,c7: Horizontal_Distance_To_Fire_Points IS MEDIUM,10.407231330871582
covtype_binary_20000,37,121,layer_0,541,c9: Slope IS MEDIUM,10.335762023925781
covtype_binary_20000,37,122,layer_0,591,c9: Soil_Type_11 IS absent,10.334856986999512
covtype_binary_20000,37,123,projection_layer,17,"pursuit_5(Hillshade_9am, Wilderness_Area_1, Soil_Type_10, Soil_Type_32) IS HIGH",10.126893997192383
covtype_binary_20000,37,124,layer_0,620,c10: Horizontal_Distance_To_Fire_Points IS HIGH,10.12003231048584
covtype_binary_20000,37,125,layer_0,407,c6: Horizontal_Distance_To_Roadways IS HIGH,10.0799560546875
covtype_binary_20000,37,126,layer_0,75,c1: Soil_Type_39 IS absent,9.81179141998291
covtype_binary_20000,37,127,layer_0,342,c5: Soil_Type_32 IS absent,9.690262794494629
covtype_binary_20000,37,128,layer_0,384,c6: Soil_Type_4 IS absent,9.662687301635742
covtype_binary_20000,37,129,layer_0,356,c5: Horizontal_Distance_To_Roadways IS HIGH,9.658985137939453
covtype_binary_20000,37,130,layer_0,24,c0: Soil_Type_39 IS absent,9.641081809997559
covtype_binary_20000,37,131,layer_0,696,c11: Hillshade_Noon IS LOW,9.631319046020508
covtype_binary_20000,37,132,layer_0,346,c5: Elevation IS MEDIUM,9.395546913146973
covtype_binary_20000,37,133,layer_0,657,c10: Wilderness_Area_4 IS absent,9.379133224487305
covtype_binary_20000,37,134,layer_0,98,c1: Hillshade_Noon IS HIGH,9.344978332519531
covtype_binary_20000,37,135,layer_0,495,c8: Soil_Type_32 IS absent,9.337780952453613
covtype_binary_20000,37,136,layer_0,110,c1: Wilderness_Area_1 IS present,9.332306861877441
covtype_binary_20000,37,137,layer_0,122,c2: Horizontal_Distance_To_Fire_Points IS HIGH,9.318793296813965
covtype_binary_20000,37,138,layer_0,138,c2: Aspect IS LOW,9.27159595489502
covtype_binary_20000,37,139,layer_0,639,c10: Wilderness_Area_1 IS absent,9.266094207763672
covtype_binary_20000,37,140,layer_0,627,c10: Horizontal_Distance_To_Hydrology IS LOW,9.242694854736328
covtype_binary_20000,37,141,layer_0,201,c3: Wilderness_Area_3 IS absent,9.175097465515137
covtype_binary_20000,37,142,layer_0,456,c7: Horizontal_Distance_To_Roadways IS LOW,9.024225234985352
covtype_binary_20000,37,143,layer_0,108,c1: Wilderness_Area_1 IS absent,9.008184432983398
covtype_binary_20000,37,144,layer_0,397,c6: Elevation IS MEDIUM,9.003838539123535
covtype_binary_20000,37,145,layer_0,237,c3: Wilderness_Area_3 IS absent,8.923603057861328
covtype_binary_20000,37,146,layer_0,156,c2: Vertical_Distance_To_Hydrology IS LOW,8.856667518615723
covtype_binary_20000,37,147,layer_0,525,c8: Horizontal_Distance_To_Hydrology IS LOW,8.821602821350098
covtype_binary_20000,37,148,layer_0,638,c10: Aspect IS HIGH,8.816667556762695
covtype_binary_20000,37,149,layer_0,74,c1: Wilderness_Area_1 IS present,8.512630462646484
covtype_binary_20000,37,150,layer_0,603,c10: Wilderness_Area_1 IS absent,8.504621505737305
covtype_binary_20000,37,151,layer_0,286,c4: Slope IS MEDIUM,8.451026916503906
covtype_binary_20000,37,152,layer_0,80,c1: Horizontal_Distance_To_Hydrology IS HIGH,8.421379089355469
covtype_binary_20000,37,153,layer_0,66,c1: Soil_Type_22 IS absent,8.391379356384277
covtype_binary_20000,37,154,layer_0,303,c5: Wilderness_Area_3 IS absent,8.388188362121582
covtype_binary_20000,37,155,layer_0,612,c10: Wilderness_Area_2 IS absent,8.385028839111328
covtype_binary_20000,37,156,layer_0,517,c8: Horizontal_Distance_To_Fire_Points IS MEDIUM,8.266648292541504
covtype_binary_20000,37,157,layer_0,716,c11: Hillshade_3pm IS HIGH,8.258488655090332
covtype_binary_20000,37,158,layer_0,402,c6: Soil_Type_2 IS absent,8.117621421813965
covtype_binary_20000,37,159,layer_0,330,c5: Wilderness_Area_4 IS absent,8.068799018859863
covtype_binary_20000,37,160,layer_0,705,c11: Vertical_Distance_To_Hydrology IS LOW,8.057022094726562
covtype_binary_20000,37,161,layer_0,370,c6: Hillshade_3pm IS MEDIUM,8.055198669433594
covtype_binary_20000,37,162,layer_0,21,c0: Wilderness_Area_1 IS absent,8.041056632995605
covtype_binary_20000,37,163,layer_0,159,c2: Wilderness_Area_1 IS absent,8.031209945678711
covtype_binary_20000,37,164,layer_0,131,c2: Horizontal_Distance_To_Hydrology IS HIGH,8.004189491271973
covtype_binary_20000,37,165,layer_0,543,c9: Wilderness_Area_3 IS absent,7.992552757263184
covtype_binary_20000,37,166,layer_0,165,c2: Hillshade_3pm IS LOW,7.988173007965088
covtype_binary_20000,37,167,layer_0,687,c11: Aspect IS LOW,7.972278118133545
covtype_binary_20000,37,168,layer_0,235,c3: Slope IS MEDIUM,7.894920349121094
covtype_binary_20000,37,169,layer_0,54,c0: Vertical_Distance_To_Hydrology IS LOW,7.839872360229492
covtype_binary_20000,37,170,layer_0,619,c10: Horizontal_Distance_To_Fire_Points IS MEDIUM,7.694127559661865
covtype_binary_20000,37,171,layer_0,476,c7: Horizontal_Distance_To_Hydrology IS HIGH,7.6365251541137695
covtype_binary_20000,37,172,layer_0,282,c4: Soil_Type_4 IS absent,7.492477893829346
covtype_binary_20000,37,173,layer_0,426,c7: Soil_Type_13 IS absent,7.463651180267334
covtype_binary_20000,37,174,layer_0,19,c0: Horizontal_Distance_To_Fire_Points IS MEDIUM,7.423685073852539
covtype_binary_20000,37,175,layer_0,147,c2: Hillshade_Noon IS LOW,7.421115875244141
covtype_binary_20000,37,176,layer_0,241,c4: Aspect IS MEDIUM,7.300324440002441
covtype_binary_20000,37,177,layer_0,486,c8: Soil_Type_4 IS absent,7.238696575164795
covtype_binary_20000,37,178,layer_0,689,c11: Aspect IS HIGH,7.225401878356934
covtype_binary_20000,37,179,layer_0,2,c0: Elevation IS HIGH,7.187876224517822
covtype_binary_20000,37,180,layer_0,72,c1: Wilderness_Area_1 IS absent,7.187183380126953
covtype_binary_20000,37,181,layer_0,467,c7: Horizontal_Distance_To_Fire_Points IS HIGH,7.174216270446777
covtype_binary_20000,37,182,layer_0,36,c0: Aspect IS LOW,7.137462139129639
covtype_binary_20000,37,183,layer_0,527,c8: Horizontal_Distance_To_Hydrology IS HIGH,7.033627510070801
covtype_binary_20000,37,184,layer_0,45,c0: Hillshade_Noon IS LOW,7.010382175445557
covtype_binary_20000,37,185,layer_0,421,c7: Hillshade_3pm IS MEDIUM,6.997679710388184
covtype_binary_20000,37,186,layer_0,123,c2: Wilderness_Area_1 IS absent,6.983485221862793
covtype_binary_20000,37,187,layer_0,341,c5: Wilderness_Area_3 IS present,6.977731227874756
covtype_binary_20000,37,188,layer_0,534,c8: Aspect IS LOW,6.901884078979492
covtype_binary_20000,37,189,layer_0,87,c1: Aspect IS LOW,6.783257961273193
covtype_binary_20000,37,190,layer_0,219,c3: Wilderness_Area_2 IS absent,6.757427215576172
covtype_binary_20000,37,191,layer_0,339,c5: Wilderness_Area_3 IS absent,6.750487804412842
covtype_binary_20000,37,192,layer_0,596,c9: Hillshade_Noon IS HIGH,6.727628707885742
covtype_binary_20000,37,193,layer_0,327,c5: Hillshade_9am IS LOW,6.688170433044434
covtype_binary_20000,37,194,layer_0,246,c4: Soil_Type_23 IS absent,6.68291711807251
covtype_binary_20000,37,195,layer_0,393,c6: Soil_Type_32 IS absent,6.5515336990356445
covtype_binary_20000,37,196,projection_layer,16,"pursuit_5(Hillshade_9am, Wilderness_Area_1, Soil_Type_10, Soil_Type_32) IS MEDIUM",6.536224842071533
covtype_binary_20000,37,197,layer_0,438,c7: Slope IS LOW,6.521726131439209
covtype_binary_20000,37,198,layer_0,305,c5: Wilderness_Area_3 IS present,6.505335807800293
covtype_binary_20000,37,199,projection_layer,3,"pursuit_1(Elevation, Vertical_Distance_To_Hydrology, Soil_Type_40, Soil_Type_6) IS LOW",6.448858261108398
covtype_binary_20000,37,200,layer_0,420,c7: Hillshade_3pm IS LOW,6.39865255355835
covtype_binary_20000,37,201,layer_0,504,c8: Soil_Type_2 IS absent,6.382124423980713
covtype_binary_20000,37,202,layer_0,444,c7: Soil_Type_32 IS absent,6.270044326782227
covtype_binary_20000,37,203,layer_0,645,c10: Hillshade_Noon IS LOW,6.256380081176758
covtype_binary_20000,37,204,layer_0,93,c1: Soil_Type_23 IS absent,6.173743724822998
covtype_binary_20000,37,205,layer_0,90,c1: Wilderness_Area_4 IS absent,6.164394378662109
covtype_binary_20000,37,206,layer_0,59,c0: Wilderness_Area_1 IS present,6.0614142417907715
covtype_binary_20000,37,207,projection_layer,18,"pursuit_6(Horizontal_Distance_To_Roadways, Soil_Type_38, Wilderness_Area_2, Soil_Type_18) IS LOW",5.996423244476318
covtype_binary_20000,37,208,layer_0,186,c3: Soil_Type_38 IS absent,5.970518112182617
covtype_binary_20000,37,209,layer_0,369,c6: Hillshade_3pm IS LOW,5.940376281738281
covtype_binary_20000,37,210,layer_0,270,c4: Wilderness_Area_2 IS absent,5.881851673126221
covtype_binary_20000,37,211,layer_0,148,c2: Hillshade_Noon IS MEDIUM,5.825746059417725
covtype_binary_20000,37,212,layer_0,429,c7: Hillshade_9am IS LOW,5.822169303894043
covtype_binary_20000,37,213,layer_0,698,c11: Hillshade_Noon IS HIGH,5.765362739562988
covtype_binary_20000,37,214,layer_0,366,c6: Soil_Type_40 IS absent,5.74444055557251
covtype_binary_20000,37,215,layer_0,719,c11: Wilderness_Area_3 IS present,5.743410110473633
covtype_binary_20000,37,216,layer_0,398,c6: Elevation IS HIGH,5.700457572937012
covtype_binary_20000,37,217,layer_0,545,c9: Wilderness_Area_3 IS present,5.69939661026001
covtype_binary_20000,37,218,layer_0,239,c3: Wilderness_Area_3 IS present,5.697583198547363
covtype_binary_20000,37,219,layer_0,182,c3: Horizontal_Distance_To_Hydrology IS HIGH,5.688672065734863
covtype_binary_20000,37,220,layer_0,683,c11: Wilderness_Area_3 IS present,5.657497882843018
covtype_binary_20000,37,221,layer_0,17,c0: Soil_Type_22 IS present,5.643019676208496
covtype_binary_20000,37,222,layer_0,581,c9: Wilderness_Area_3 IS present,5.608311176300049
covtype_binary_20000,37,223,layer_0,116,c1: Hillshade_3pm IS HIGH,5.56171989440918
covtype_binary_20000,37,224,layer_0,240,c4: Aspect IS LOW,5.531314373016357
covtype_binary_20000,37,225,layer_0,23,c0: Wilderness_Area_1 IS present,5.521910190582275
covtype_binary_20000,37,226,layer_0,249,c4: Hillshade_Noon IS LOW,5.496988296508789
covtype_binary_20000,37,227,layer_0,417,c6: Wilderness_Area_4 IS absent,5.465860843658447
covtype_binary_20000,37,228,layer_0,218,c3: Hillshade_3pm IS HIGH,5.45341157913208
covtype_binary_20000,37,229,layer_0,152,c2: Wilderness_Area_3 IS present,5.443166732788086
covtype_binary_20000,37,230,layer_0,605,c10: Wilderness_Area_1 IS present,5.4424729347229
covtype_binary_20000,37,231,layer_0,510,c8: Wilderness_Area_2 IS absent,5.4154767990112305
covtype_binary_20000,37,232,layer_0,708,c11: Wilderness_Area_4 IS absent,5.386884689331055
covtype_binary_20000,37,233,layer_0,255,c4: Soil_Type_29 IS absent,5.354799747467041
covtype_binary_20000,37,234,layer_0,203,c3: Wilderness_Area_3 IS present,5.328078269958496
covtype_binary_20000,37,235,layer_0,105,c1: Vertical_Distance_To_Hydrology IS LOW,5.32366943359375
covtype_binary_20000,37,236,layer_0,577,c9: Horizontal_Distance_To_Hydrology IS MEDIUM,5.227236747741699
covtype_binary_20000,37,237,layer_0,637,c10: Aspect IS MEDIUM,5.201063632965088
covtype_binary_20000,37,238,layer_0,641,c10: Wilderness_Area_1 IS present,5.193431854248047
covtype_binary_20000,37,239,layer_0,633,c10: Soil_Type_33 IS absent,5.1748151779174805
covtype_binary_20000,37,240,layer_0,18,c0: Horizontal_Distance_To_Fire_Points IS LOW,5.148501396179199
covtype_binary_20000,37,241,layer_0,57,c0: Wilderness_Area_1 IS absent,5.131807804107666
covtype_binary_20000,37,242,layer_0,29,c0: Horizontal_Distance_To_Hydrology IS HIGH,5.0775980949401855
covtype_binary_20000,37,243,layer_0,206,c3: Soil_Type_29 IS present,4.991373062133789
covtype_binary_20000,37,244,layer_0,648,c10: Wilderness_Area_2 IS absent,4.9713311195373535
covtype_binary_20000,37,245,layer_0,338,c5: Slope IS HIGH,4.906042098999023
covtype_binary_20000,37,246,layer_0,594,c9: Hillshade_Noon IS LOW,4.871969223022461
covtype_binary_20000,37,247,layer_0,348,c5: Wilderness_Area_1 IS absent,4.858444690704346
covtype_binary_20000,37,248,layer_0,615,c10: Soil_Type_30 IS absent,4.846061706542969
covtype_binary_20000,37,249,layer_0,381,c6: Wilderness_Area_4 IS absent,4.839480400085449
covtype_binary_20000,37,250,layer_0,333,c5: Soil_Type_4 IS absent,4.817480564117432
covtype_binary_20000,37,251,layer_0,396,c6: Elevation IS LOW,4.812378406524658
covtype_binary_20000,37,252,layer_0,554,c9: Wilderness_Area_1 IS present,4.765589714050293
covtype_binary_20000,37,253,layer_0,440,c7: Slope IS HIGH,4.759701251983643
covtype_binary_20000,37,254,layer_0,14,c0: Wilderness_Area_3 IS present,4.684178352355957
covtype_binary_20000,37,255,layer_0,161,c2: Wilderness_Area_1 IS present,4.665119647979736
covtype_binary_20000,37,256,layer_0,81,c1: Wilderness_Area_2 IS absent,4.574384689331055
covtype_binary_20000,37,257,layer_0,312,c5: Wilderness_Area_1 IS absent,4.534008026123047
covtype_binary_20000,37,258,layer_0,257,c4: Soil_Type_29 IS present,4.530943393707275
covtype_binary_20000,37,259,layer_0,481,c8: Hillshade_9am IS MEDIUM,4.519237518310547
covtype_binary_20000,37,260,layer_0,153,c2: Soil_Type_29 IS absent,4.4993205070495605
covtype_binary_20000,37,261,layer_0,513,c8: Soil_Type_30 IS absent,4.46098518371582
covtype_binary_20000,37,262,layer_0,552,c9: Wilderness_Area_1 IS absent,4.450298309326172
covtype_binary_20000,37,263,layer_0,621,c10: Wilderness_Area_4 IS absent,4.42314338684082
covtype_binary_20000,37,264,layer_0,125,c2: Wilderness_Area_1 IS present,4.400679111480713
covtype_binary_20000,37,265,layer_0,590,c9: Wilderness_Area_1 IS present,4.387226104736328
covtype_binary_20000,37,266,layer_0,329,c5: Hillshade_9am IS HIGH,4.310163974761963
covtype_binary_20000,37,267,layer_0,277,c4: Hillshade_9am IS MEDIUM,4.2988104820251465
covtype_binary_20000,37,268,layer_0,212,c3: Wilderness_Area_1 IS present,4.286592960357666
covtype_binary_20000,37,269,layer_0,578,c9: Horizontal_Distance_To_Hydrology IS HIGH,4.285621166229248
covtype_binary_20000,37,270,layer_0,482,c8: Hillshade_9am IS HIGH,4.281437397003174
covtype_binary_20000,37,271,layer_0,144,c2: Soil_Type_23 IS absent,4.246201038360596
covtype_binary_20000,37,272,layer_0,357,c5: Wilderness_Area_2 IS absent,4.240179538726807
covtype_binary_20000,37,273,layer_0,42,c0: Soil_Type_23 IS absent,4.180410385131836
covtype_binary_20000,37,274,layer_0,390,c6: Wilderness_Area_3 IS absent,4.177190780639648
covtype_binary_20000,37,275,layer_0,150,c2: Wilderness_Area_3 IS absent,4.157191753387451
covtype_binary_20000,37,276,layer_0,666,c11: Soil_Type_30 IS absent,4.081042766571045
covtype_binary_20000,37,277,layer_0,166,c2: Hillshade_3pm IS MEDIUM,4.073611736297607
covtype_binary_20000,37,278,layer_0,183,c3: Wilderness_Area_2 IS absent,4.062419414520264
covtype_binary_20000,37,279,layer_0,606,c10: Soil_Type_2 IS absent,4.0267181396484375
covtype_binary_20000,37,280,layer_0,423,c7: Wilderness_Area_2 IS absent,3.9446702003479004
covtype_binary_20000,37,281,layer_0,706,c11: Vertical_Distance_To_Hydrology IS MEDIUM,3.940863609313965
covtype_binary_20000,37,282,layer_0,174,c2: Hillshade_9am IS LOW,3.830596446990967
covtype_binary_20000,37,283,layer_0,308,c5: Soil_Type_29 IS present,3.8016650676727295
covtype_binary_20000,37,284,layer_1,2,c0: ka_concept_1.c0 IS HIGH,3.801363945007324
covtype_binary_20000,37,285,layer_0,431,c7: Hillshade_9am IS HIGH,3.7992613315582275
covtype_binary_20000,37,286,layer_0,191,c3: Aspect IS HIGH,3.770148992538452
covtype_binary_20000,37,287,layer_0,350,c5: Wilderness_Area_1 IS present,3.702380895614624
covtype_binary_20000,37,288,layer_0,321,c5: Wilderness_Area_2 IS absent,3.697646141052246
covtype_binary_20000,37,289,layer_0,546,c9: Soil_Type_32 IS absent,3.689987897872925
covtype_binary_20000,37,290,layer_0,12,c0: Wilderness_Area_3 IS absent,3.6584489345550537
covtype_binary_20000,37,291,layer_0,588,c9: Wilderness_Area_1 IS absent,3.6213138103485107
covtype_binary_20000,37,292,layer_0,217,c3: Hillshade_3pm IS MEDIUM,3.6119110584259033
covtype_binary_20000,37,293,layer_0,204,c3: Soil_Type_29 IS absent,3.610121726989746
covtype_binary_20000,37,294,layer_0,609,c10: Horizontal_Distance_To_Roadways IS LOW,3.5766215324401855
covtype_binary_20000,37,295,layer_0,139,c2: Aspect IS MEDIUM,3.5612876415252686
covtype_binary_20000,37,296,layer_0,629,c10: Horizontal_Distance_To_Hydrology IS HIGH,3.549586296081543
covtype_binary_20000,37,297,layer_0,61,c1: Horizontal_Distance_To_Roadways IS MEDIUM,3.5423085689544678
covtype_binary_20000,37,298,layer_0,96,c1: Hillshade_Noon IS LOW,3.4748291969299316
covtype_binary_20000,37,299,projection_layer,15,"pursuit_5(Hillshade_9am, Wilderness_Area_1, Soil_Type_10, Soil_Type_32) IS LOW",3.474369525909424
covtype_binary_20000,37,300,layer_0,195,c3: Soil_Type_23 IS absent,3.463728904724121
covtype_binary_20000,37,301,layer_0,480,c8: Hillshade_9am IS LOW,3.445068597793579
covtype_binary_20000,37,302,layer_0,324,c5: Soil_Type_13 IS absent,3.435176134109497
covtype_binary_20000,37,303,layer_0,526,c8: Horizontal_Distance_To_Hydrology IS MEDIUM,3.4038174152374268
covtype_binary_20000,37,304,layer_0,584,c9: Soil_Type_33 IS present,3.3681435585021973
covtype_binary_20000,37,305,layer_1,27,c0: ka_concept_1.c9 IS LOW,3.358138084411621
covtype_binary_20000,37,306,layer_0,126,c2: Soil_Type_39 IS absent,3.3315961360931396
covtype_binary_20000,37,307,layer_0,269,c4: Hillshade_3pm IS HIGH,3.317596912384033
covtype_binary_20000,37,308,layer_0,56,c0: Vertical_Distance_To_Hydrology IS HIGH,3.3174140453338623
covtype_binary_20000,37,309,layer_0,84,c1: Soil_Type_38 IS absent,3.3116438388824463
covtype_binary_20000,37,310,layer_0,681,c11: Wilderness_Area_3 IS absent,3.2880609035491943
covtype_binary_20000,37,311,layer_0,489,c8: Slope IS LOW,3.2642457485198975
covtype_binary_20000,37,312,layer_0,3,c0: Wilderness_Area_4 IS absent,3.2596302032470703
covtype_binary_20000,37,313,layer_0,314,c5: Wilderness_Area_1 IS present,3.191960334777832
covtype_binary_20000,37,314,layer_0,439,c7: Slope IS MEDIUM,3.1345951557159424
covtype_binary_20000,37,315,layer_0,459,c7: Wilderness_Area_2 IS absent,3.133504629135132
covtype_binary_20000,37,316,layer_0,647,c10: Hillshade_Noon IS HIGH,3.1250970363616943
covtype_binary_20000,37,317,layer_0,216,c3: Hillshade_3pm IS LOW,3.1243340969085693
covtype_binary_20000,37,318,layer_0,360,c6: Vertical_Distance_To_Hydrology IS LOW,3.0695996284484863
covtype_binary_20000,37,319,layer_0,344,c5: Soil_Type_32 IS present,3.0452799797058105
covtype_binary_20000,37,320,layer_0,624,c10: Soil_Type_24 IS absent,3.0062496662139893
covtype_binary_20000,37,321,layer_0,48,c0: Wilderness_Area_3 IS absent,3.004455089569092
covtype_binary_20000,37,322,layer_0,686,c11: Soil_Type_33 IS present,2.9941298961639404
covtype_binary_20000,37,323,layer_0,675,c11: Soil_Type_24 IS absent,2.991744041442871
covtype_binary_20000,37,324,layer_0,411,c6: Soil_Type_30 IS absent,2.9909684658050537
covtype_binary_20000,37,325,layer_0,310,c5: Vertical_Distance_To_Hydrology IS MEDIUM,2.977541923522949
covtype_binary_20000,37,326,layer_0,401,c6: Wilderness_Area_1 IS present,2.9672796726226807
covtype_binary_20000,37,327,layer_0,121,c2: Horizontal_Distance_To_Fire_Points IS MEDIUM,2.922647714614868
covtype_binary_20000,37,328,layer_0,361,c6: Vertical_Distance_To_Hydrology IS MEDIUM,2.8491711616516113
covtype_binary_20000,37,329,layer_0,690,c11: Wilderness_Area_1 IS absent,2.8123841285705566
covtype_binary_20000,37,330,layer_0,32,c0: Wilderness_Area_2 IS present,2.8096683025360107
covtype_binary_20000,37,331,layer_0,111,c1: Soil_Type_40 IS absent,2.7821106910705566
covtype_binary_20000,37,332,layer_0,715,c11: Hillshade_3pm IS MEDIUM,2.74900484085083
covtype_binary_20000,37,333,layer_0,628,c10: Horizontal_Distance_To_Hydrology IS MEDIUM,2.7344720363616943
covtype_binary_20000,37,334,layer_0,697,c11: Hillshade_Noon IS MEDIUM,2.707313060760498
covtype_binary_20000,37,335,layer_0,336,c5: Slope IS LOW,2.6941099166870117
covtype_binary_20000,37,336,layer_0,516,c8: Horizontal_Distance_To_Fire_Points IS LOW,2.6807053089141846
covtype_binary_20000,37,337,layer_0,55,c0: Vertical_Distance_To_Hydrology IS MEDIUM,2.667675018310547
covtype_binary_20000,37,338,layer_0,291,c4: Soil_Type_32 IS absent,2.6211564540863037
covtype_binary_20000,37,339,layer_1,257,c4: ka_concept_1.c5 IS HIGH,2.6091911792755127
covtype_binary_20000,37,340,layer_0,618,c10: Horizontal_Distance_To_Fire_Points IS LOW,2.6050102710723877
covtype_binary_20000,37,341,layer_0,365,c6: Wilderness_Area_1 IS present,2.5957586765289307
covtype_binary_20000,37,342,layer_0,711,c11: Soil_Type_31 IS absent,2.592647075653076
covtype_binary_20000,37,343,layer_0,491,c8: Slope IS HIGH,2.5865306854248047
covtype_binary_20000,37,344,layer_0,672,c11: Wilderness_Area_4 IS absent,2.5828614234924316
covtype_binary_20000,37,345,layer_0,414,c6: Horizontal_Distance_To_Fire_Points IS LOW,2.569009780883789
covtype_binary_20000,37,346,layer_0,522,c8: Soil_Type_24 IS absent,2.5362255573272705
covtype_binary_20000,37,347,layer_0,497,c8: Soil_Type_32 IS present,2.521878480911255
covtype_binary_20000,37,348,layer_0,494,c8: Wilderness_Area_3 IS present,2.5168137550354004
covtype_binary_20000,37,349,layer_1,33,c0: ka_concept_1.c11 IS LOW,2.490170955657959
covtype_binary_20000,37,350,layer_0,642,c10: Soil_Type_11 IS absent,2.4770545959472656
covtype_binary_20000,37,351,layer_0,450,c7: Wilderness_Area_1 IS absent,2.460489273071289
covtype_binary_20000,37,352,layer_0,535,c8: Aspect IS MEDIUM,2.4461636543273926
covtype_binary_20000,37,353,layer_0,213,c3: Soil_Type_40 IS absent,2.4449479579925537
covtype_binary_20000,37,354,layer_0,332,c5: Wilderness_Area_4 IS present,2.4419076442718506
covtype_binary_20000,37,355,layer_0,422,c7: Hillshade_3pm IS HIGH,2.4333369731903076
covtype_binary_20000,37,356,layer_0,132,c2: Wilderness_Area_2 IS absent,2.4048001766204834
covtype_binary_20000,37,357,layer_0,474,c7: Horizontal_Distance_To_Hydrology IS LOW,2.40366530418396
covtype_binary_20000,37,358,layer_0,570,c9: Wilderness_Area_4 IS absent,2.3663666248321533
covtype_binary_20000,37,359,layer_0,531,c8: Soil_Type_33 IS absent,2.337735414505005
covtype_binary_20000,37,360,layer_1,140,c2: ka_concept_1.c6 IS HIGH,2.2988808155059814
covtype_binary_20000,37,361,layer_0,452,c7: Wilderness_Area_1 IS present,2.2822861671447754
covtype_binary_20000,37,362,layer_1,141,c2: ka_concept_1.c7 IS LOW,2.272963285446167
covtype_binary_20000,37,363,layer_0,585,c9: Aspect IS LOW,2.2628843784332275
covtype_binary_20000,37,364,layer_0,717,c11: Wilderness_Area_3 IS absent,2.259922504425049
covtype_binary_20000,37,365,layer_0,290,c4: Wilderness_Area_3 IS present,2.2468008995056152
covtype_binary_20000,37,366,layer_1,252,c4: ka_concept_1.c4 IS LOW,2.2444612979888916
covtype_binary_20000,37,367,layer_0,530,c8: Wilderness_Area_3 IS present,2.2425405979156494
covtype_binary_20000,37,368,layer_0,636,c10: Aspect IS LOW,2.2350270748138428
covtype_binary_20000,37,369,layer_0,35,c0: Soil_Type_38 IS present,2.224626064300537
covtype_binary_20000,37,370,layer_0,508,c8: Horizontal_Distance_To_Roadways IS MEDIUM,2.203641653060913
covtype_binary_20000,37,371,layer_0,254,c4: Wilderness_Area_3 IS present,2.1965744495391846
covtype_binary_20000,37,372,layer_1,260,c4: ka_concept_1.c6 IS HIGH,2.1709439754486084
covtype_binary_20000,37,373,layer_1,147,c2: ka_concept_1.c9 IS LOW,2.161478281021118
covtype_binary_20000,37,374,layer_1,144,c2: ka_concept_1.c8 IS LOW,2.1491780281066895
covtype_binary_20000,37,375,layer_0,71,c1: Horizontal_Distance_To_Fire_Points IS HIGH,2.109457492828369
covtype_binary_20000,37,376,layer_0,117,c1: Wilderness_Area_2 IS absent,2.1074905395507812
covtype_binary_20000,37,377,layer_0,375,c6: Soil_Type_13 IS absent,2.0977752208709717
covtype_binary_20000,37,378,layer_0,710,c11: Wilderness_Area_4 IS present,2.0975492000579834
covtype_binary_20000,37,379,layer_0,264,c4: Soil_Type_40 IS absent,2.093780994415283
covtype_binary_20000,37,380,layer_0,674,c11: Wilderness_Area_4 IS present,2.0934393405914307
covtype_binary_20000,37,381,layer_0,473,c7: Soil_Type_24 IS present,2.07277250289917
covtype_binary_20000,37,382,layer_0,51,c0: Soil_Type_29 IS absent,2.0498857498168945
covtype_binary_20000,37,383,layer_0,573,c9: Soil_Type_24 IS absent,2.037146806716919
covtype_binary_20000,37,384,layer_0,162,c2: Soil_Type_40 IS absent,2.0258162021636963
covtype_binary_20000,37,385,layer_0,707,c11: Vertical_Distance_To_Hydrology IS HIGH,2.011700391769409
covtype_binary_20000,37,386,layer_0,140,c2: Aspect IS HIGH,1.9863489866256714
covtype_binary_20000,37,387,projection_layer,4,"pursuit_1(Elevation, Vertical_Distance_To_Hydrology, Soil_Type_40, Soil_Type_6) IS MEDIUM",1.9852923154830933
covtype_binary_20000,37,388,layer_0,453,c7: Soil_Type_2 IS absent,1.9730896949768066
covtype_binary_20000,37,389,layer_0,379,c6: Hillshade_9am IS MEDIUM,1.9626857042312622
covtype_binary_20000,37,390,layer_1,17,c0: ka_concept_1.c5 IS HIGH,1.9495481252670288
covtype_binary_20000,37,391,layer_0,617,c10: Soil_Type_30 IS present,1.9355238676071167
covtype_binary_20000,37,392,layer_1,49,c0: projection_4 IS MEDIUM,1.931386113166809
covtype_binary_20000,37,393,layer_0,446,c7: Soil_Type_32 IS present,1.9080818891525269
covtype_binary_20000,37,394,layer_0,252,c4: Wilderness_Area_3 IS absent,1.8932607173919678
covtype_binary_20000,37,395,layer_0,53,c0: Soil_Type_29 IS present,1.865996241569519
covtype_binary_20000,37,396,layer_1,48,c0: projection_4 IS LOW,1.8253849744796753
covtype_binary_20000,37,397,layer_0,651,c10: Soil_Type_10 IS absent,1.8209655284881592
covtype_binary_20000,37,398,projection_layer,2,"pursuit_0(Horizontal_Distance_To_Fire_Points, Hillshade_3pm, Soil_Type_29, Soil_Type_4) IS HIGH",1.8126505613327026
covtype_binary_20000,37,399,layer_0,276,c4: Hillshade_9am IS LOW,1.807900071144104
covtype_binary_20000,37,400,layer_0,441,c7: Wilderness_Area_3 IS absent,1.7844702005386353
covtype_binary_20000,37,401,layer_0,659,c10: Wilderness_Area_4 IS present,1.7769063711166382
covtype_binary_20000,37,402,projection_layer,10,"pursuit_3(Slope, Soil_Type_12, Soil_Type_13, Soil_Type_1) IS MEDIUM",1.7419031858444214
covtype_binary_20000,37,403,layer_0,623,c10: Wilderness_Area_4 IS present,1.725538730621338
covtype_binary_20000,37,404,layer_0,458,c7: Horizontal_Distance_To_Roadways IS HIGH,1.6961411237716675
covtype_binary_20000,37,405,layer_1,122,c2: ka_concept_1.c0 IS HIGH,1.6635394096374512
covtype_binary_20000,37,406,projection_layer,9,"pursuit_3(Slope, Soil_Type_12, Soil_Type_13, Soil_Type_1) IS LOW",1.6570100784301758
covtype_binary_20000,37,407,layer_0,97,c1: Hillshade_Noon IS MEDIUM,1.6552425622940063
covtype_binary_20000,37,408,layer_1,40,c0: projection_1 IS MEDIUM,1.649871587753296
covtype_binary_20000,37,409,layer_1,21,c0: ka_concept_1.c7 IS LOW,1.6423853635787964
covtype_binary_20000,37,410,layer_0,95,c1: Soil_Type_23 IS present,1.621622085571289
covtype_binary_20000,37,411,layer_0,587,c9: Aspect IS HIGH,1.618872880935669
covtype_binary_20000,37,412,layer_0,39,c0: Wilderness_Area_4 IS absent,1.614787220954895
covtype_binary_20000,37,413,layer_0,279,c4: Wilderness_Area_4 IS absent,1.6026146411895752
covtype_binary_20000,37,414,layer_0,701,c11: Wilderness_Area_2 IS present,1.5819367170333862
covtype_binary_20000,37,415,layer_1,284,c4: projection_2 IS HIGH,1.5764713287353516
covtype_binary_20000,37,416,layer_0,299,c4: Wilderness_Area_1 IS present,1.5716184377670288
covtype_binary_20000,37,417,layer_1,256,c4: ka_concept_1.c5 IS MEDIUM,1.5693671703338623
covtype_binary_20000,37,418,layer_1,327,c5: ka_concept_1.c9 IS LOW,1.5468450784683228
covtype_binary_20000,37,419,layer_1,278,c4: projection_0 IS HIGH,1.5264273881912231
covtype_binary_20000,37,420,layer_0,92,c1: Wilderness_Area_4 IS present,1.523504376411438
covtype_binary_20000,37,421,layer_0,503,c8: Wilderness_Area_1 IS present,1.5161577463150024
covtype_binary_20000,37,422,layer_0,462,c7: Soil_Type_30 IS absent,1.5135568380355835
covtype_binary_20000,37,423,layer_0,378,c6: Hillshade_9am IS LOW,1.5089846849441528
covtype_binary_20000,37,424,layer_0,449,c7: Elevation IS HIGH,1.5034221410751343
covtype_binary_20000,37,425,layer_1,242,c4: ka_concept_1.c0 IS HIGH,1.500699758529663
covtype_binary_20000,37,426,layer_0,713,c11: Soil_Type_31 IS present,1.4939643144607544
covtype_binary_20000,37,427,layer_0,210,c3: Wilderness_Area_1 IS absent,1.4931716918945312
covtype_binary_20000,37,428,layer_0,185,c3: Wilderness_Area_2 IS present,1.4916744232177734
covtype_binary_20000,37,429,layer_0,221,c3: Wilderness_Area_2 IS present,1.4898239374160767
covtype_binary_20000,37,430,layer_1,6,c0: ka_concept_1.c2 IS LOW,1.4736857414245605
covtype_binary_20000,37,431,layer_0,242,c4: Aspect IS HIGH,1.4689362049102783
covtype_binary_20000,37,432,layer_0,176,c2: Hillshade_9am IS HIGH,1.4593616724014282
covtype_binary_20000,37,433,layer_0,665,c11: Wilderness_Area_2 IS present,1.4570603370666504
covtype_binary_20000,37,434,layer_0,273,c4: Soil_Type_13 IS absent,1.4534978866577148
covtype_binary_20000,37,435,layer_0,258,c4: Vertical_Distance_To_Hydrology IS LOW,1.4517070055007935
covtype_binary_20000,37,436,layer_0,104,c1: Soil_Type_29 IS present,1.426737904548645
covtype_binary_20000,37,437,layer_1,273,c4: ka_concept_1.c11 IS LOW,1.4261622428894043
covtype_binary_20000,37,438,layer_0,395,c6: Soil_Type_32 IS present,1.4255660772323608
covtype_binary_20000,37,439,layer_1,152,c2: ka_concept_1.c10 IS HIGH,1.4214491844177246
covtype_binary_20000,37,440,layer_0,135,c2: Soil_Type_38 IS absent,1.3815335035324097
covtype_binary_20000,37,441,layer_1,320,c5: ka_concept_1.c6 IS HIGH,1.3705182075500488
covtype_binary_20000,37,442,layer_0,233,c3: Soil_Type_4 IS present,1.3688225746154785
covtype_binary_20000,37,443,layer_0,146,c2: Soil_Type_23 IS present,1.3584716320037842
covtype_binary_20000,37,444,layer_0,50,c0: Wilderness_Area_3 IS present,1.3457521200180054
covtype_binary_20000,37,445,layer_0,192,c3: Wilderness_Area_4 IS absent,1.305789828300476
covtype_binary_20000,37,446,layer_0,297,c4: Wilderness_Area_1 IS absent,1.293550968170166
covtype_binary_20000,37,447,layer_0,475,c7: Horizontal_Distance_To_Hydrology IS MEDIUM,1.2904417514801025
covtype_binary_20000,37,448,layer_0,483,c8: Wilderness_Area_4 IS absent,1.2833096981048584
covtype_binary_20000,37,449,layer_1,276,c4: projection_0 IS LOW,1.2804555892944336
covtype_binary_20000,37,450,layer_1,9,c0: ka_concept_1.c3 IS LOW,1.2703841924667358
covtype_binary_20000,37,451,layer_1,44,c0: projection_2 IS HIGH,1.266875147819519
covtype_binary_20000,37,452,layer_0,650,c10: Wilderness_Area_2 IS present,1.2574687004089355
covtype_binary_20000,37,453,layer_1,154,c2: ka_concept_1.c11 IS MEDIUM,1.254492163658142
covtype_binary_20000,37,454,layer_1,337,c5: projection_0 IS MEDIUM,1.2523247003555298
covtype_binary_20000,37,455,layer_1,283,c4: projection_2 IS MEDIUM,1.2478336095809937
covtype_binary_20000,37,456,layer_0,405,c6: Horizontal_Distance_To_Roadways IS LOW,1.2459684610366821
covtype_binary_20000,37,457,layer_0,68,c1: Soil_Type_22 IS present,1.2285752296447754
covtype_binary_20000,37,458,layer_1,132,c2: ka_concept_1.c4 IS LOW,1.2144169807434082
covtype_binary_20000,37,459,layer_0,509,c8: Horizontal_Distance_To_Roadways IS HIGH,1.212083339691162
covtype_binary_20000,37,460,layer_0,443,c7: Wilderness_Area_3 IS present,1.2086302042007446
covtype_binary_20000,37,461,layer_0,437,c7: Soil_Type_4 IS present,1.205019235610962
covtype_binary_20000,37,462,layer_0,248,c4: Soil_Type_23 IS present,1.204106092453003
covtype_binary_20000,37,463,layer_1,157,c2: projection_0 IS MEDIUM,1.1903281211853027
covtype_binary_20000,37,464,layer_1,168,c2: projection_4 IS LOW,1.1799999475479126
covtype_binary_20000,37,465,layer_0,399,c6: Wilderness_Area_1 IS absent,1.1703356504440308
covtype_binary_20000,37,466,layer_0,155,c2: Soil_Type_29 IS present,1.167759895324707
covtype_binary_20000,37,467,layer_0,542,c9: Slope IS HIGH,1.1661155223846436
covtype_binary_20000,37,468,layer_0,614,c10: Wilderness_Area_2 IS present,1.1637377738952637
covtype_binary_20000,37,469,layer_1,3,c0: ka_concept_1.c1 IS LOW,1.1631830930709839
covtype_binary_20000,37,470,layer_0,388,c6: Slope IS MEDIUM,1.1625800132751465
covtype_binary_20000,37,471,layer_1,288,c4: projection_4 IS LOW,1.135229468345642
covtype_binary_20000,37,472,layer_0,225,c3: Hillshade_9am IS LOW,1.1228843927383423
covtype_binary_20000,37,473,layer_1,36,c0: projection_0 IS LOW,1.1178339719772339
covtype_binary_20000,37,474,layer_1,12,c0: ka_concept_1.c4 IS LOW,1.1170198917388916
covtype_binary_20000,37,475,layer_1,29,c0: ka_concept_1.c9 IS HIGH,1.1087563037872314
covtype_binary_20000,37,476,layer_1,332,c5: ka_concept_1.c10 IS HIGH,1.108703374862671
covtype_binary_20000,37,477,layer_0,175,c2: Hillshade_9am IS MEDIUM,1.0865693092346191
covtype_binary_20000,37,478,layer_0,323,c5: Wilderness_Area_2 IS present,1.0835087299346924
covtype_binary_20000,37,479,layer_1,271,c4: ka_concept_1.c10 IS MEDIUM,1.0613608360290527
covtype_binary_20000,37,480,layer_0,595,c9: Hillshade_Noon IS MEDIUM,1.0573064088821411
covtype_binary_20000,37,481,layer_1,265,c4: ka_concept_1.c8 IS MEDIUM,1.0561139583587646
covtype_binary_20000,37,482,layer_0,515,c8: Soil_Type_30 IS present,1.0553959608078003
covtype_binary_20000,37,483,layer_0,477,c7: Wilderness_Area_3 IS absent,1.0541903972625732
covtype_binary_20000,37,484,layer_0,6,c0: Soil_Type_12 IS absent,1.0398461818695068
covtype_binary_20000,37,485,layer_1,1,c0: ka_concept_1.c0 IS MEDIUM,1.039066195487976
covtype_binary_20000,37,486,layer_1,35,c0: ka_concept_1.c11 IS HIGH,1.0300052165985107
covtype_binary_20000,37,487,layer_0,359,c5: Wilderness_Area_2 IS present,1.0241659879684448
covtype_binary_20000,37,488,layer_1,24,c0: ka_concept_1.c8 IS LOW,1.015835165977478
covtype_binary_20000,37,489,layer_0,268,c4: Hillshade_3pm IS MEDIUM,1.0147432088851929
covtype_binary_20000,37,490,projection_layer,21,"pursuit_7(Aspect, Soil_Type_39, Soil_Type_2, Soil_Type_5) IS LOW",1.0142346620559692
covtype_binary_20000,37,491,layer_0,597,c9: Wilderness_Area_2 IS absent,1.0114785432815552
covtype_binary_20000,37,492,layer_1,280,c4: projection_1 IS MEDIUM,1.0111008882522583
covtype_binary_20000,37,493,layer_0,284,c4: Soil_Type_4 IS present,1.0096213817596436
covtype_binary_20000,37,494,layer_0,425,c7: Wilderness_Area_2 IS present,1.0076791048049927
covtype_binary_20000,37,495,layer_0,428,c7: Soil_Type_13 IS present,0.995363175868988
covtype_binary_20000,37,496,layer_1,32,c0: ka_concept_1.c10 IS HIGH,0.9941375255584717
covtype_binary_20000,37,497,layer_1,262,c4: ka_concept_1.c7 IS MEDIUM,0.9831671714782715
covtype_binary_20000,37,498,layer_1,243,c4: ka_concept_1.c1 IS LOW,0.9780463576316833
covtype_binary_20000,37,499,layer_0,263,c4: Wilderness_Area_1 IS present,0.9774913191795349
covtype_binary_20000,37,500,layer_0,461,c7: Wilderness_Area_2 IS present,0.9689841270446777
covtype_binary_20000,37,501,layer_0,337,c5: Slope IS MEDIUM,0.9595356583595276
covtype_binary_20000,37,502,layer_0,102,c1: Soil_Type_29 IS absent,0.9579998254776001
covtype_binary_20000,37,503,layer_1,298,c4: projection_7 IS MEDIUM,0.9573268294334412
covtype_binary_20000,37,504,layer_1,348,c5: projection_4 IS LOW,0.9456672072410583
covtype_binary_20000,37,505,layer_0,537,c8: Wilderness_Area_1 IS absent,0.928548276424408
covtype_binary_20000,37,506,layer_1,123,c2: ka_concept_1.c1 IS LOW,0.9254564046859741
covtype_binary_20000,37,507,layer_0,692,c11: Wilderness_Area_1 IS present,0.9216344952583313
covtype_binary_20000,37,508,layer_1,156,c2: projection_0 IS LOW,0.9167660474777222
covtype_binary_20000,37,509,layer_0,533,c8: Soil_Type_33 IS present,0.9161739349365234
covtype_binary_20000,37,510,layer_1,261,c4: ka_concept_1.c7 IS LOW,0.9143074750900269
covtype_binary_20000,37,511,layer_1,148,c2: ka_concept_1.c9 IS MEDIUM,0.9086742997169495
covtype_binary_20000,37,512,layer_1,321,c5: ka_concept_1.c7 IS LOW,0.8998711705207825
covtype_binary_20000,37,513,layer_0,695,c11: Soil_Type_11 IS present,0.8918954133987427
covtype_binary_20000,37,514,layer_0,506,c8: Soil_Type_2 IS present,0.8912032246589661
covtype_binary_20000,37,515,layer_1,286,c4: projection_3 IS MEDIUM,0.8911342024803162
covtype_binary_20000,37,516,layer_1,169,c2: projection_4 IS MEDIUM,0.8904541730880737
covtype_binary_20000,37,517,layer_0,171,c2: Soil_Type_13 IS absent,0.8881191611289978
covtype_binary_20000,37,518,layer_0,548,c9: Soil_Type_32 IS present,0.8878458738327026
covtype_binary_20000,37,519,layer_1,150,c2: ka_concept_1.c10 IS LOW,0.8827752470970154
covtype_binary_20000,37,520,layer_1,241,c4: ka_concept_1.c0 IS MEDIUM,0.879224956035614
covtype_binary_20000,37,521,layer_0,363,c6: Wilderness_Area_1 IS absent,0.8780388832092285
covtype_binary_20000,37,522,layer_1,50,c0: projection_4 IS HIGH,0.8696046471595764
covtype_binary_20000,37,523,layer_0,519,c8: Wilderness_Area_4 IS absent,0.864001452922821
covtype_binary_20000,37,524,layer_0,488,c8: Soil_Type_4 IS present,0.860841691493988
covtype_binary_20000,37,525,layer_0,26,c0: Soil_Type_39 IS present,0.8578835725784302
covtype_binary_20000,37,526,layer_0,416,c6: Horizontal_Distance_To_Fire_Points IS HIGH,0.8487440347671509
covtype_binary_20000,37,527,projection_layer,19,"pursuit_6(Horizontal_Distance_To_Roadways, Soil_Type_38, Wilderness_Area_2, Soil_Type_18) IS MEDIUM",0.8469481468200684
covtype_binary_20000,37,528,layer_0,319,c5: Hillshade_3pm IS MEDIUM,0.8389567136764526
covtype_binary_20000,37,529,layer_0,653,c10: Soil_Type_10 IS present,0.8384209275245667
covtype_binary_20000,37,530,layer_1,267,c4: ka_concept_1.c9 IS LOW,0.8343387842178345
covtype_binary_20000,37,531,layer_1,129,c2: ka_concept_1.c3 IS LOW,0.8298065066337585
covtype_binary_20000,37,532,layer_1,126,c2: ka_concept_1.c2 IS LOW,0.8245689868927002
covtype_binary_20000,37,533,layer_1,80,c1: ka_concept_1.c6 IS HIGH,0.8164506554603577
covtype_binary_20000,37,534,layer_1,272,c4: ka_concept_1.c10 IS HIGH,0.8133825063705444
covtype_binary_20000,37,535,layer_1,137,c2: ka_concept_1.c5 IS HIGH,0.8131571412086487
covtype_binary_20000,37,536,layer_0,119,c1: Wilderness_Area_2 IS present,0.8070654273033142
covtype_binary_20000,37,537,layer_0,83,c1: Wilderness_Area_2 IS present,0.8058356046676636
covtype_binary_20000,37,538,layer_0,492,c8: Wilderness_Area_3 IS absent,0.8032576441764832
covtype_binary_20000,37,539,layer_0,288,c4: Wilderness_Area_3 IS absent,0.7973827123641968
covtype_binary_20000,37,540,layer_0,536,c8: Aspect IS HIGH,0.7952815890312195
covtype_binary_20000,37,541,layer_0,224,c3: Soil_Type_13 IS present,0.7862168550491333
covtype_binary_20000,37,542,layer_0,575,c9: Soil_Type_24 IS present,0.7845026254653931
covtype_binary_20000,37,543,projection_layer,22,"pursuit_7(Aspect, Soil_Type_39, Soil_Type_2, Soil_Type_5) IS MEDIUM",0.7729941606521606
covtype_binary_20000,37,544,layer_0,501,c8: Wilderness_Area_1 IS absent,0.7729067206382751
covtype_binary_20000,37,545,layer_0,168,c2: Wilderness_Area_2 IS absent,0.7664195895195007
covtype_binary_20000,37,546,layer_1,349,c5: projection_4 IS MEDIUM,0.7616236209869385
covtype_binary_20000,37,547,layer_0,593,c9: Soil_Type_11 IS present,0.7611774802207947
covtype_binary_20000,37,548,layer_1,344,c5: projection_2 IS HIGH,0.7601975202560425
covtype_binary_20000,37,549,layer_0,260,c4: Vertical_Distance_To_Hydrology IS HIGH,0.7599326372146606
covtype_binary_20000,37,550,layer_0,386,c6: Soil_Type_4 IS present,0.7519636750221252
covtype_binary_20000,37,551,layer_0,644,c10: Soil_Type_11 IS present,0.748731255531311
covtype_binary_20000,37,552,layer_0,557,c9: Soil_Type_2 IS present,0.7479079365730286
covtype_binary_20000,37,553,layer_0,141,c2: Wilderness_Area_4 IS absent,0.742838442325592
covtype_binary_20000,37,554,layer_0,702,c11: Soil_Type_10 IS absent,0.7356500625610352
covtype_binary_20000,37,555,layer_1,303,c5: ka_concept_1.c1 IS LOW,0.7336724400520325
covtype_binary_20000,37,556,layer_1,46,c0: projection_3 IS MEDIUM,0.7305117249488831
covtype_binary_20000,37,557,layer_0,9,c0: Horizontal_Distance_To_Roadways IS LOW,0.7300854325294495
covtype_binary_20000,37,558,layer_1,317,c5: ka_concept_1.c5 IS HIGH,0.7286385297775269
covtype_binary_20000,37,559,layer_0,41,c0: Wilderness_Area_4 IS present,0.7189794182777405
covtype_binary_20000,37,560,layer_0,524,c8: Soil_Type_24 IS present,0.7150687575340271
covtype_binary_20000,37,561,layer_0,432,c7: Wilderness_Area_4 IS absent,0.7063704133033752
covtype_binary_20000,37,562,layer_0,243,c4: Wilderness_Area_4 IS absent,0.7050459980964661
covtype_binary_20000,37,563,layer_0,326,c5: Soil_Type_13 IS present,0.7037555575370789
covtype_binary_20000,37,564,layer_0,63,c1: Wilderness_Area_3 IS absent,0.7020867466926575
covtype_binary_20000,37,565,layer_0,566,c9: Soil_Type_30 IS present,0.6843045949935913
covtype_binary_20000,37,566,layer_1,120,c2: ka_concept_1.c0 IS LOW,0.6813006401062012
covtype_binary_20000,37,567,layer_0,5,c0: Wilderness_Area_4 IS present,0.6812075972557068
covtype_binary_20000,37,568,layer_0,704,c11: Soil_Type_10 IS present,0.679837167263031
covtype_binary_20000,37,569,layer_0,635,c10: Soil_Type_33 IS present,0.6740860939025879
covtype_binary_20000,37,570,layer_0,278,c4: Hillshade_9am IS HIGH,0.6662315130233765
covtype_binary_20000,37,571,layer_1,31,c0: ka_concept_1.c10 IS MEDIUM,0.6631110906600952
covtype_binary_20000,37,572,layer_0,315,c5: Soil_Type_40 IS absent,0.6556079387664795
covtype_binary_20000,37,573,layer_1,151,c2: ka_concept_1.c10 IS MEDIUM,0.6480146050453186
covtype_binary_20000,37,574,layer_0,528,c8: Wilderness_Area_3 IS absent,0.647722065448761
covtype_binary_20000,37,575,layer_1,274,c4: ka_concept_1.c11 IS MEDIUM,0.6429576873779297
covtype_binary_20000,37,576,layer_1,153,c2: ka_concept_1.c11 IS LOW,0.6392192244529724
covtype_binary_20000,37,577,layer_0,419,c6: Wilderness_Area_4 IS present,0.6353507041931152
covtype_binary_20000,37,578,layer_1,43,c0: projection_2 IS MEDIUM,0.634649932384491
covtype_binary_20000,37,579,layer_1,333,c5: ka_concept_1.c11 IS LOW,0.6278142929077148
covtype_binary_20000,37,580,layer_0,383,c6: Wilderness_Area_4 IS present,0.6250549554824829
covtype_binary_20000,37,581,layer_0,371,c6: Hillshade_3pm IS HIGH,0.6199231147766113
covtype_binary_20000,37,582,layer_1,23,c0: ka_concept_1.c7 IS HIGH,0.6191749572753906
covtype_binary_20000,37,583,layer_1,146,c2: ka_concept_1.c8 IS HIGH,0.61726313829422
covtype_binary_20000,37,584,layer_1,37,c0: projection_0 IS MEDIUM,0.617099940776825
covtype_binary_20000,37,585,layer_1,312,c5: ka_concept_1.c4 IS LOW,0.6169417500495911
covtype_binary_20000,37,586,layer_0,99,c1: Wilderness_Area_3 IS absent,0.6151033043861389
covtype_binary_20000,37,587,layer_1,330,c5: ka_concept_1.c10 IS LOW,0.6111257076263428
covtype_binary_20000,37,588,layer_1,264,c4: ka_concept_1.c8 IS LOW,0.6069000363349915
covtype_binary_20000,37,589,layer_0,228,c3: Wilderness_Area_4 IS absent,0.6031363010406494
covtype_binary_20000,37,590,layer_0,137,c2: Soil_Type_38 IS present,0.5928751826286316
covtype_binary_20000,37,591,layer_0,318,c5: Hillshade_3pm IS LOW,0.5880144834518433
covtype_binary_20000,37,592,layer_0,107,c1: Vertical_Distance_To_Hydrology IS HIGH,0.5765305161476135
covtype_binary_20000,37,593,layer_0,65,c1: Wilderness_Area_3 IS present,0.5729374289512634
covtype_binary_20000,37,594,layer_1,87,c1: ka_concept_1.c9 IS LOW,0.5715268850326538
covtype_binary_20000,37,595,layer_0,230,c3: Wilderness_Area_4 IS present,0.5693678855895996
covtype_binary_20000,37,596,layer_0,194,c3: Wilderness_Area_4 IS present,0.5693672299385071
covtype_binary_20000,37,597,layer_1,92,c1: ka_concept_1.c10 IS HIGH,0.5677434206008911
covtype_binary_20000,37,598,layer_0,44,c0: Soil_Type_23 IS present,0.5624001622200012
covtype_binary_20000,37,599,layer_1,255,c4: ka_concept_1.c5 IS LOW,0.5587979555130005
covtype_binary_20000,37,600,layer_1,336,c5: projection_0 IS LOW,0.5583573579788208
covtype_binary_20000,37,601,layer_1,30,c0: ka_concept_1.c10 IS LOW,0.5564966797828674
covtype_binary_20000,37,602,layer_0,158,c2: Vertical_Distance_To_Hydrology IS HIGH,0.5549565553665161
covtype_binary_20000,37,603,layer_1,81,c1: ka_concept_1.c7 IS LOW,0.5481423139572144
covtype_binary_20000,37,604,layer_1,39,c0: projection_1 IS LOW,0.5476455688476562
covtype_binary_20000,37,605,layer_1,324,c5: ka_concept_1.c8 IS LOW,0.5465002655982971
covtype_binary_20000,37,606,layer_1,334,c5: ka_concept_1.c11 IS MEDIUM,0.5456244945526123
covtype_binary_20000,37,607,layer_0,374,c6: Wilderness_Area_2 IS present,0.5430947542190552
covtype_binary_20000,37,608,layer_0,512,c8: Wilderness_Area_2 IS present,0.5365074276924133
covtype_binary_20000,37,609,layer_1,108,c1: projection_4 IS LOW,0.5258532762527466
covtype_binary_20000,37,610,layer_0,656,c10: Vertical_Distance_To_Hydrology IS HIGH,0.5256099700927734
covtype_binary_20000,37,611,layer_0,128,c2: Soil_Type_39 IS present,0.5241425633430481
covtype_binary_20000,37,612,layer_0,410,c6: Wilderness_Area_2 IS present,0.52076655626297
covtype_binary_20000,37,613,layer_1,14,c0: ka_concept_1.c4 IS HIGH,0.516184389591217
covtype_binary_20000,37,614,layer_1,171,c2: projection_5 IS LOW,0.5073139071464539
covtype_binary_20000,37,615,layer_0,389,c6: Slope IS HIGH,0.501208484172821
covtype_binary_20000,37,616,layer_0,539,c8: Wilderness_Area_1 IS present,0.5007096529006958
covtype_binary_20000,37,617,layer_1,58,c0: projection_7 IS MEDIUM,0.49956175684928894
covtype_binary_20000,37,618,layer_1,42,c0: projection_2 IS LOW,0.49716925621032715
covtype_binary_20000,37,619,layer_1,8,c0: ka_concept_1.c2 IS HIGH,0.4964030086994171
covtype_binary_20000,37,620,layer_1,249,c4: ka_concept_1.c3 IS LOW,0.4918684959411621
covtype_binary_20000,37,621,layer_1,263,c4: ka_concept_1.c7 IS HIGH,0.49095457792282104
covtype_binary_20000,37,622,layer_1,167,c2: projection_3 IS HIGH,0.48606106638908386
covtype_binary_20000,37,623,layer_1,51,c0: projection_5 IS LOW,0.4812999963760376
covtype_binary_20000,37,624,layer_1,77,c1: ka_concept_1.c5 IS HIGH,0.4725824296474457
covtype_binary_20000,37,625,layer_0,599,c9: Wilderness_Area_2 IS present,0.47225749492645264
covtype_binary_20000,37,626,layer_1,302,c5: ka_concept_1.c0 IS HIGH,0.4714779555797577
covtype_binary_20000,37,627,layer_1,254,c4: ka_concept_1.c4 IS HIGH,0.4695337414741516
covtype_binary_20000,37,628,layer_1,84,c1: ka_concept_1.c8 IS LOW,0.4675268530845642
covtype_binary_20000,37,629,layer_1,166,c2: projection_3 IS MEDIUM,0.46495720744132996
covtype_binary_20000,37,630,layer_1,0,c0: ka_concept_1.c0 IS LOW,0.4460577666759491
covtype_binary_20000,37,631,layer_0,272,c4: Wilderness_Area_2 IS present,0.445302814245224
covtype_binary_20000,37,632,projection_layer,14,"pursuit_4(Horizontal_Distance_To_Hydrology, Soil_Type_22, Soil_Type_30, Soil_Type_35) IS HIGH",0.44056570529937744
covtype_binary_20000,37,633,layer_0,266,c4: Soil_Type_40 IS present,0.4386821985244751
covtype_binary_20000,37,634,layer_0,209,c3: Vertical_Distance_To_Hydrology IS HIGH,0.4379085302352905
covtype_binary_20000,37,635,layer_1,66,c1: ka_concept_1.c2 IS LOW,0.43440237641334534
covtype_binary_20000,37,636,layer_1,93,c1: ka_concept_1.c11 IS LOW,0.432400643825531
covtype_binary_20000,37,637,layer_1,145,c2: ka_concept_1.c8 IS MEDIUM,0.4299105703830719
covtype_binary_20000,37,638,layer_1,10,c0: ka_concept_1.c3 IS MEDIUM,0.4277695417404175
covtype_binary_20000,37,639,layer_1,266,c4: ka_concept_1.c8 IS HIGH,0.42090749740600586
covtype_binary_20000,37,640,layer_1,52,c0: projection_5 IS MEDIUM,0.41957223415374756
covtype_binary_20000,37,641,layer_1,45,c0: projection_3 IS LOW,0.4167855978012085
covtype_binary_20000,37,642,layer_1,240,c4: ka_concept_1.c0 IS LOW,0.4133364260196686
covtype_binary_20000,37,643,layer_1,136,c2: ka_concept_1.c5 IS MEDIUM,0.41199418902397156
covtype_binary_20000,37,644,layer_0,521,c8: Wilderness_Area_4 IS present,0.41142019629478455
covtype_binary_20000,37,645,layer_1,20,c0: ka_concept_1.c6 IS HIGH,0.4113505184650421
covtype_binary_20000,37,646,layer_1,351,c5: projection_5 IS LOW,0.40770256519317627
covtype_binary_20000,37,647,layer_1,329,c5: ka_concept_1.c9 IS HIGH,0.4071333706378937
covtype_binary_20000,37,648,layer_1,346,c5: projection_3 IS MEDIUM,0.39712971448898315
covtype_binary_20000,37,649,layer_1,250,c4: ka_concept_1.c3 IS MEDIUM,0.38266757130622864
covtype_binary_20000,37,650,layer_0,485,c8: Wilderness_Area_4 IS present,0.37889358401298523
covtype_binary_20000,37,651,layer_1,54,c0: projection_6 IS LOW,0.3774438202381134
covtype_binary_20000,37,652,layer_0,372,c6: Wilderness_Area_2 IS absent,0.37491902709007263
covtype_binary_20000,37,653,layer_1,158,c2: projection_0 IS HIGH,0.3697519600391388
covtype_binary_20000,37,654,layer_0,287,c4: Slope IS HIGH,0.3696611225605011
covtype_binary_20000,37,655,layer_0,563,c9: Wilderness_Area_2 IS present,0.3623238205909729
covtype_binary_20000,37,656,layer_1,328,c5: ka_concept_1.c9 IS MEDIUM,0.36130908131599426
covtype_binary_20000,37,657,layer_0,404,c6: Soil_Type_2 IS present,0.36122575402259827
covtype_binary_20000,37,658,layer_0,77,c1: Soil_Type_39 IS present,0.3609190583229065
covtype_binary_20000,37,659,layer_1,282,c4: projection_2 IS LOW,0.3565788269042969
covtype_binary_20000,37,660,layer_1,16,c0: ka_concept_1.c5 IS MEDIUM,0.35572078824043274
covtype_binary_20000,37,661,layer_0,413,c6: Soil_Type_30 IS present,0.3516864478588104
covtype_binary_20000,37,662,layer_1,299,c4: projection_7 IS HIGH,0.350135862827301
covtype_binary_20000,37,663,layer_0,608,c10: Soil_Type_2 IS present,0.34577131271362305
covtype_binary_20000,37,664,layer_1,307,c5: ka_concept_1.c2 IS MEDIUM,0.3455146849155426
covtype_binary_20000,37,665,layer_1,53,c0: projection_5 IS HIGH,0.34469303488731384
covtype_binary_20000,37,666,layer_1,292,c4: projection_5 IS MEDIUM,0.34333619475364685
covtype_binary_20000,37,667,layer_0,626,c10: Soil_Type_24 IS present,0.3379673659801483
covtype_binary_20000,37,668,layer_1,352,c5: projection_5 IS MEDIUM,0.33300042152404785
covtype_binary_20000,37,669,layer_1,98,c1: projection_0 IS HIGH,0.3319084942340851
covtype_binary_20000,37,670,layer_0,377,c6: Soil_Type_13 IS present,0.33122843503952026
covtype_binary_20000,37,671,layer_1,178,c2: projection_7 IS MEDIUM,0.3282240927219391
covtype_binary_20000,37,672,layer_1,85,c1: ka_concept_1.c8 IS MEDIUM,0.3275940716266632
covtype_binary_20000,37,673,layer_1,130,c2: ka_concept_1.c3 IS MEDIUM,0.32747510075569153
covtype_binary_20000,37,674,layer_0,143,c2: Wilderness_Area_4 IS present,0.32284003496170044
covtype_binary_20000,37,675,layer_0,179,c2: Wilderness_Area_4 IS present,0.3225196301937103
covtype_binary_20000,37,676,layer_1,38,c0: projection_0 IS HIGH,0.3180163502693176
covtype_binary_20000,37,677,layer_0,261,c4: Wilderness_Area_1 IS absent,0.3167122006416321
covtype_binary_20000,37,678,layer_1,131,c2: ka_concept_1.c3 IS HIGH,0.3143666088581085
covtype_binary_20000,37,679,layer_1,90,c1: ka_concept_1.c10 IS LOW,0.31060791015625
covtype_binary_20000,37,680,layer_0,561,c9: Wilderness_Area_2 IS absent,0.3105483055114746
covtype_binary_20000,37,681,layer_1,246,c4: ka_concept_1.c2 IS LOW,0.30260583758354187
covtype_binary_20000,37,682,projection_layer,11,"pursuit_3(Slope, Soil_Type_12, Soil_Type_13, Soil_Type_1) IS HIGH",0.30030879378318787
covtype_binary_20000,37,683,layer_1,63,c1: ka_concept_1.c1 IS LOW,0.3001970052719116
covtype_binary_20000,37,684,layer_1,170,c2: projection_4 IS HIGH,0.2992994785308838
covtype_binary_20000,37,685,layer_1,62,c1: ka_concept_1.c0 IS HIGH,0.2991621494293213
covtype_binary_20000,37,686,layer_1,357,c5: projection_7 IS LOW,0.2982531189918518
covtype_binary_20000,37,687,layer_0,455,c7: Soil_Type_2 IS present,0.2936852276325226
covtype_binary_20000,37,688,layer_1,310,c5: ka_concept_1.c3 IS MEDIUM,0.29358991980552673
covtype_binary_20000,37,689,layer_0,408,c6: Wilderness_Area_2 IS absent,0.282051682472229
covtype_binary_20000,37,690,layer_0,654,c10: Vertical_Distance_To_Hydrology IS LOW,0.2790825664997101
covtype_binary_20000,37,691,layer_0,362,c6: Vertical_Distance_To_Hydrology IS HIGH,0.27478015422821045
covtype_binary_20000,37,692,layer_0,490,c8: Slope IS MEDIUM,0.2668434977531433
covtype_binary_20000,37,693,layer_1,343,c5: projection_2 IS MEDIUM,0.2658710479736328
covtype_binary_20000,37,694,layer_1,270,c4: ka_concept_1.c10 IS LOW,0.265412300825119
covtype_binary_20000,37,695,layer_1,142,c2: ka_concept_1.c7 IS MEDIUM,0.26426950097084045
covtype_binary_20000,37,696,layer_1,127,c2: ka_concept_1.c2 IS MEDIUM,0.26373010873794556
covtype_binary_20000,37,697,layer_1,97,c1: projection_0 IS MEDIUM,0.26213598251342773
covtype_binary_20000,37,698,layer_1,279,c4: projection_1 IS LOW,0.2594519555568695
covtype_binary_20000,37,699,layer_1,354,c5: projection_6 IS LOW,0.2560456395149231
covtype_binary_20000,37,700,layer_1,301,c5: ka_concept_1.c0 IS MEDIUM,0.25022199749946594
covtype_binary_20000,37,701,layer_1,94,c1: ka_concept_1.c11 IS MEDIUM,0.24476368725299835
covtype_binary_20000,37,702,layer_0,293,c4: Soil_Type_32 IS present,0.23921120166778564
covtype_binary_20000,37,703,layer_0,275,c4: Soil_Type_13 IS present,0.23793381452560425
covtype_binary_20000,37,704,layer_1,350,c5: projection_4 IS HIGH,0.2334570586681366
covtype_binary_20000,37,705,layer_1,164,c2: projection_2 IS HIGH,0.23146475851535797
covtype_binary_20000,37,706,layer_1,338,c5: projection_0 IS HIGH,0.23039263486862183
covtype_binary_20000,37,707,layer_1,67,c1: ka_concept_1.c2 IS MEDIUM,0.2285713255405426
covtype_binary_20000,37,708,layer_1,72,c1: ka_concept_1.c4 IS LOW,0.22615762054920197
covtype_binary_20000,37,709,layer_0,479,c7: Wilderness_Area_3 IS present,0.2149961292743683
covtype_binary_20000,37,710,layer_0,668,c11: Soil_Type_30 IS present,0.21442773938179016
covtype_binary_20000,37,711,layer_0,351,c5: Soil_Type_2 IS absent,0.21234889328479767
covtype_binary_20000,37,712,layer_1,143,c2: ka_concept_1.c7 IS HIGH,0.2104121893644333
covtype_binary_20000,37,713,layer_0,677,c11: Soil_Type_24 IS present,0.20840677618980408
covtype_binary_20000,37,714,layer_1,285,c4: projection_3 IS LOW,0.20761290192604065
covtype_binary_20000,37,715,layer_1,41,c0: projection_1 IS HIGH,0.206136092543602
covtype_binary_20000,37,716,layer_1,133,c2: ka_concept_1.c4 IS MEDIUM,0.2049197256565094
covtype_binary_20000,37,717,layer_1,174,c2: projection_6 IS LOW,0.20318184792995453
covtype_binary_20000,37,718,layer_1,177,c2: projection_7 IS LOW,0.20269720256328583
covtype_binary_20000,37,719,layer_0,8,c0: Soil_Type_12 IS present,0.20125536620616913
covtype_binary_20000,37,720,layer_1,251,c4: ka_concept_1.c3 IS HIGH,0.20061416923999786
covtype_binary_20000,37,721,layer_1,313,c5: ka_concept_1.c4 IS MEDIUM,0.19741947948932648
covtype_binary_20000,37,722,layer_1,300,c5: ka_concept_1.c0 IS LOW,0.19577784836292267
covtype_binary_20000,37,723,layer_1,139,c2: ka_concept_1.c6 IS MEDIUM,0.19571077823638916
covtype_binary_20000,37,724,layer_1,106,c1: projection_3 IS MEDIUM,0.19491171836853027
covtype_binary_20000,37,725,layer_1,124,c2: ka_concept_1.c1 IS MEDIUM,0.19454194605350494
covtype_binary_20000,37,726,layer_1,135,c2: ka_concept_1.c5 IS LOW,0.19430096447467804
covtype_binary_20000,37,727,layer_0,215,c3: Soil_Type_40 IS present,0.1930205225944519
covtype_binary_20000,37,728,layer_0,157,c2: Vertical_Distance_To_Hydrology IS MEDIUM,0.19289135932922363
covtype_binary_20000,37,729,layer_1,91,c1: ka_concept_1.c10 IS MEDIUM,0.18870145082473755
covtype_binary_20000,37,730,layer_1,104,c1: projection_2 IS HIGH,0.18528753519058228
covtype_binary_20000,37,731,layer_0,470,c7: Wilderness_Area_4 IS present,0.1815243363380432
covtype_binary_20000,37,732,layer_1,290,c4: projection_4 IS HIGH,0.18122947216033936
covtype_binary_20000,37,733,layer_1,342,c5: projection_2 IS LOW,0.17548799514770508
covtype_binary_20000,37,734,layer_0,227,c3: Hillshade_9am IS HIGH,0.16870851814746857
covtype_binary_20000,37,735,layer_1,134,c2: ka_concept_1.c4 IS HIGH,0.1660221368074417
covtype_binary_20000,37,736,layer_1,95,c1: ka_concept_1.c11 IS HIGH,0.16105647385120392
covtype_binary_20000,37,737,layer_1,113,c1: projection_5 IS HIGH,0.16058379411697388
covtype_binary_20000,37,738,layer_1,109,c1: projection_4 IS MEDIUM,0.16021490097045898
covtype_binary_20000,37,739,layer_0,392,c6: Wilderness_Area_3 IS present,0.15887980163097382
covtype_binary_20000,37,740,layer_0,245,c4: Wilderness_Area_4 IS present,0.15821221470832825
covtype_binary_20000,37,741,layer_1,308,c5: ka_concept_1.c2 IS HIGH,0.1571681648492813
covtype_binary_20000,37,742,layer_1,306,c5: ka_concept_1.c2 IS LOW,0.15549170970916748
covtype_binary_20000,37,743,layer_1,293,c4: projection_5 IS HIGH,0.15521211922168732
covtype_binary_20000,37,744,layer_1,165,c2: projection_3 IS LOW,0.15048235654830933
covtype_binary_20000,37,745,layer_1,88,c1: ka_concept_1.c9 IS MEDIUM,0.1502009481191635
covtype_binary_20000,37,746,layer_0,173,c2: Soil_Type_13 IS present,0.14769037067890167
covtype_binary_20000,37,747,layer_1,304,c5: ka_concept_1.c1 IS MEDIUM,0.14683188498020172
covtype_binary_20000,37,748,layer_0,368,c6: Soil_Type_40 IS present,0.14583493769168854
covtype_binary_20000,37,749,layer_0,164,c2: Soil_Type_40 IS present,0.14520536363124847
covtype_binary_20000,37,750,layer_1,11,c0: ka_concept_1.c3 IS HIGH,0.1447843462228775
covtype_binary_20000,37,751,layer_1,341,c5: projection_1 IS HIGH,0.14347094297409058
covtype_binary_20000,37,752,layer_1,160,c2: projection_1 IS MEDIUM,0.14337381720542908
covtype_binary_20000,37,753,layer_1,294,c4: projection_6 IS LOW,0.1426512598991394
covtype_binary_20000,37,754,layer_1,340,c5: projection_1 IS MEDIUM,0.13881219923496246
covtype_binary_20000,37,755,layer_0,86,c1: Soil_Type_38 IS present,0.138564795255661
covtype_binary_20000,37,756,layer_0,281,c4: Wilderness_Area_4 IS present,0.13801980018615723
covtype_binary_20000,37,757,layer_1,326,c5: ka_concept_1.c8 IS HIGH,0.13006462156772614
covtype_binary_20000,37,758,layer_1,347,c5: projection_3 IS HIGH,0.12933161854743958
covtype_binary_20000,37,759,layer_1,121,c2: ka_concept_1.c0 IS MEDIUM,0.12773223221302032
covtype_binary_20000,37,760,layer_1,269,c4: ka_concept_1.c9 IS HIGH,0.12089844048023224
covtype_binary_20000,37,761,layer_1,111,c1: projection_5 IS LOW,0.11756325513124466
covtype_binary_20000,37,762,layer_1,297,c4: projection_7 IS LOW,0.11646677553653717
covtype_binary_20000,37,763,layer_1,149,c2: ka_concept_1.c9 IS HIGH,0.11516907066106796
covtype_binary_20000,37,764,layer_1,295,c4: projection_6 IS MEDIUM,0.11461090296506882
covtype_binary_20000,37,765,layer_0,134,c2: Wilderness_Area_2 IS present,0.11400385200977325
covtype_binary_20000,37,766,layer_1,68,c1: ka_concept_1.c2 IS HIGH,0.11340206116437912
covtype_binary_20000,37,767,layer_1,311,c5: ka_concept_1.c3 IS HIGH,0.11158522218465805
covtype_binary_20000,37,768,layer_1,331,c5: ka_concept_1.c10 IS MEDIUM,0.11023205518722534
covtype_binary_20000,37,769,layer_0,177,c2: Wilderness_Area_4 IS absent,0.11000683903694153
covtype_binary_20000,37,770,layer_1,89,c1: ka_concept_1.c9 IS HIGH,0.10821859538555145
covtype_binary_20000,37,771,layer_1,117,c1: projection_7 IS LOW,0.10802248865365982
covtype_binary_20000,37,772,layer_0,680,c11: Horizontal_Distance_To_Hydrology IS HIGH,0.10718091577291489
covtype_binary_20000,37,773,layer_1,281,c4: projection_1 IS HIGH,0.10284401476383209
covtype_binary_20000,37,774,layer_0,101,c1: Wilderness_Area_3 IS present,0.1022154912352562
covtype_binary_20000,37,775,layer_1,69,c1: ka_concept_1.c3 IS LOW,0.10050459951162338
covtype_binary_20000,37,776,layer_0,188,c3: Soil_Type_38 IS present,0.09893114864826202
covtype_binary_20000,37,777,layer_1,268,c4: ka_concept_1.c9 IS MEDIUM,0.09835585206747055
covtype_binary_20000,37,778,layer_1,82,c1: ka_concept_1.c7 IS MEDIUM,0.09673935174942017
covtype_binary_20000,37,779,layer_1,358,c5: projection_7 IS MEDIUM,0.09658501297235489
covtype_binary_20000,37,780,layer_1,247,c4: ka_concept_1.c2 IS MEDIUM,0.0944773480296135
covtype_binary_20000,37,781,layer_1,259,c4: ka_concept_1.c6 IS MEDIUM,0.09322043508291245
covtype_binary_20000,37,782,layer_1,110,c1: projection_4 IS HIGH,0.0866643562912941
covtype_binary_20000,37,783,layer_1,4,c0: ka_concept_1.c1 IS MEDIUM,0.0860421359539032
covtype_binary_20000,37,784,layer_0,149,c2: Hillshade_Noon IS HIGH,0.08571474254131317
covtype_binary_20000,37,785,layer_1,172,c2: projection_5 IS MEDIUM,0.0826302170753479
covtype_binary_20000,37,786,layer_1,19,c0: ka_concept_1.c6 IS MEDIUM,0.07938828319311142
covtype_binary_20000,37,787,layer_1,22,c0: ka_concept_1.c7 IS MEDIUM,0.07851918786764145
covtype_binary_20000,37,788,layer_1,155,c2: ka_concept_1.c11 IS HIGH,0.0777938961982727
covtype_binary_20000,37,789,layer_1,83,c1: ka_concept_1.c7 IS HIGH,0.07778570801019669
covtype_binary_20000,37,790,layer_1,291,c4: projection_5 IS LOW,0.07667499035596848
covtype_binary_20000,37,791,layer_1,70,c1: ka_concept_1.c3 IS MEDIUM,0.0755854994058609
covtype_binary_20000,37,792,layer_1,322,c5: ka_concept_1.c7 IS MEDIUM,0.07521262764930725
covtype_binary_20000,37,793,layer_0,317,c5: Soil_Type_40 IS present,0.07493830472230911
covtype_binary_20000,37,794,layer_1,289,c4: projection_4 IS MEDIUM,0.07421796768903732
covtype_binary_20000,37,795,layer_1,75,c1: ka_concept_1.c5 IS LOW,0.07262155413627625
covtype_binary_20000,37,796,layer_1,57,c0: projection_7 IS LOW,0.07224441319704056
covtype_binary_20000,37,797,layer_1,13,c0: ka_concept_1.c4 IS MEDIUM,0.06608010828495026
covtype_binary_20000,37,798,layer_0,197,c3: Soil_Type_23 IS present,0.06518218666315079
covtype_binary_20000,37,799,layer_1,86,c1: ka_concept_1.c8 IS HIGH,0.06508255749940872
covtype_binary_20000,37,800,layer_1,316,c5: ka_concept_1.c5 IS MEDIUM,0.060985226184129715
covtype_binary_20000,37,801,layer_1,107,c1: projection_3 IS HIGH,0.06046432629227638
covtype_binary_20000,37,802,layer_1,5,c0: ka_concept_1.c1 IS HIGH,0.05781378597021103
covtype_binary_20000,37,803,layer_1,163,c2: projection_2 IS MEDIUM,0.057066015899181366
covtype_binary_20000,37,804,layer_1,245,c4: ka_concept_1.c1 IS HIGH,0.055306315422058105
covtype_binary_20000,37,805,layer_0,434,c7: Wilderness_Area_4 IS present,0.0545208640396595
covtype_binary_20000,37,806,layer_1,26,c0: ka_concept_1.c8 IS HIGH,0.05426892638206482
covtype_binary_20000,37,807,layer_1,244,c4: ka_concept_1.c1 IS MEDIUM,0.05319948494434357
covtype_binary_20000,37,808,layer_0,468,c7: Wilderness_Area_4 IS absent,0.052351512014865875
covtype_binary_20000,37,809,layer_0,259,c4: Vertical_Distance_To_Hydrology IS MEDIUM,0.0519496351480484
covtype_binary_20000,37,810,layer_1,59,c0: projection_7 IS HIGH,0.05182686448097229
covtype_binary_20000,37,811,layer_1,25,c0: ka_concept_1.c8 IS MEDIUM,0.04948347061872482
covtype_binary_20000,37,812,layer_1,159,c2: projection_1 IS LOW,0.04926693066954613
covtype_binary_20000,37,813,layer_1,28,c0: ka_concept_1.c9 IS MEDIUM,0.04925619438290596
covtype_binary_20000,37,814,layer_1,101,c1: projection_1 IS HIGH,0.04898227006196976
covtype_binary_20000,37,815,layer_1,7,c0: ka_concept_1.c2 IS MEDIUM,0.04851152002811432
covtype_binary_20000,37,816,layer_0,646,c10: Hillshade_Noon IS MEDIUM,0.0475442111492157
covtype_binary_20000,37,817,layer_1,103,c1: projection_2 IS MEDIUM,0.04717493802309036
covtype_binary_20000,37,818,layer_1,55,c0: projection_6 IS MEDIUM,0.0470016673207283
covtype_binary_20000,37,819,layer_1,64,c1: ka_concept_1.c1 IS MEDIUM,0.046164702624082565
covtype_binary_20000,37,820,layer_1,105,c1: projection_3 IS LOW,0.04514829069375992
covtype_binary_20000,37,821,layer_1,79,c1: ka_concept_1.c6 IS MEDIUM,0.04492102190852165
covtype_binary_20000,37,822,layer_1,323,c5: ka_concept_1.c7 IS HIGH,0.04409506916999817
covtype_binary_20000,37,823,layer_1,73,c1: ka_concept_1.c4 IS MEDIUM,0.04367200657725334
covtype_binary_20000,37,824,layer_1,71,c1: ka_concept_1.c3 IS HIGH,0.041939202696084976
covtype_binary_20000,37,825,layer_1,345,c5: projection_3 IS LOW,0.04184078797698021
covtype_binary_20000,37,826,layer_1,15,c0: ka_concept_1.c5 IS LOW,0.04121776297688484
covtype_binary_20000,37,827,layer_1,353,c5: projection_5 IS HIGH,0.03914077207446098
covtype_binary_20000,37,828,layer_0,564,c9: Soil_Type_30 IS absent,0.038798559457063675
covtype_binary_20000,37,829,layer_1,175,c2: projection_6 IS MEDIUM,0.037393972277641296
covtype_binary_20000,37,830,layer_1,253,c4: ka_concept_1.c4 IS MEDIUM,0.03562617674469948
covtype_binary_20000,37,831,layer_1,162,c2: projection_2 IS LOW,0.03487451374530792
covtype_binary_20000,37,832,layer_1,287,c4: projection_3 IS HIGH,0.03430607169866562
covtype_binary_20000,37,833,layer_1,179,c2: projection_7 IS HIGH,0.0326719656586647
covtype_binary_20000,37,834,layer_1,114,c1: projection_6 IS LOW,0.031490884721279144
covtype_binary_20000,37,835,layer_1,314,c5: ka_concept_1.c4 IS HIGH,0.030244458466768265
covtype_binary_20000,37,836,projection_layer,5,"pursuit_1(Elevation, Vertical_Distance_To_Hydrology, Soil_Type_40, Soil_Type_6) IS HIGH",0.030017537996172905
covtype_binary_20000,37,837,projection_layer,8,"pursuit_2(Hillshade_Noon, Wilderness_Area_4, Soil_Type_23, Soil_Type_11) IS HIGH",0.029847513884305954
covtype_binary_20000,37,838,layer_1,74,c1: ka_concept_1.c4 IS HIGH,0.02930697612464428
covtype_binary_20000,37,839,layer_1,61,c1: ka_concept_1.c0 IS MEDIUM,0.02906140685081482
covtype_binary_20000,37,840,layer_1,115,c1: projection_6 IS MEDIUM,0.028876876458525658
covtype_binary_20000,37,841,layer_1,118,c1: projection_7 IS MEDIUM,0.026239151135087013
covtype_binary_20000,37,842,layer_1,60,c1: ka_concept_1.c0 IS LOW,0.025650983676314354
covtype_binary_20000,37,843,layer_1,248,c4: ka_concept_1.c2 IS HIGH,0.024002863094210625
covtype_binary_20000,37,844,layer_0,167,c2: Hillshade_3pm IS HIGH,0.02334951050579548
covtype_binary_20000,37,845,layer_1,138,c2: ka_concept_1.c6 IS LOW,0.022975455969572067
covtype_binary_20000,37,846,layer_1,47,c0: projection_3 IS HIGH,0.022666102275252342
covtype_binary_20000,37,847,layer_1,275,c4: ka_concept_1.c11 IS HIGH,0.021799588575959206
covtype_binary_20000,37,848,layer_1,102,c1: projection_2 IS LOW,0.021320080384612083
covtype_binary_20000,37,849,layer_1,359,c5: projection_7 IS HIGH,0.02127125859260559
covtype_binary_20000,37,850,projection_layer,23,"pursuit_7(Aspect, Soil_Type_39, Soil_Type_2, Soil_Type_5) IS HIGH",0.0208431389182806
covtype_binary_20000,37,851,layer_1,96,c1: projection_0 IS LOW,0.02024652436375618
covtype_binary_20000,37,852,layer_1,325,c5: ka_concept_1.c8 IS MEDIUM,0.018558431416749954
covtype_binary_20000,37,853,layer_1,277,c4: projection_0 IS MEDIUM,0.01812162436544895
covtype_binary_20000,37,854,layer_1,112,c1: projection_5 IS MEDIUM,0.017269998788833618
covtype_binary_20000,37,855,layer_1,335,c5: ka_concept_1.c11 IS HIGH,0.01709611713886261
covtype_binary_20000,37,856,layer_0,572,c9: Wilderness_Area_4 IS present,0.01602322608232498
covtype_binary_20000,37,857,layer_1,161,c2: projection_1 IS HIGH,0.013819457031786442
covtype_binary_20000,37,858,layer_1,173,c2: projection_5 IS HIGH,0.012689005583524704
covtype_binary_20000,37,859,layer_1,315,c5: ka_concept_1.c5 IS LOW,0.012352241203188896
covtype_binary_20000,37,860,layer_1,305,c5: ka_concept_1.c1 IS HIGH,0.01104735303670168
covtype_binary_20000,37,861,layer_1,258,c4: ka_concept_1.c6 IS LOW,0.010230738669633865
covtype_binary_20000,37,862,layer_1,355,c5: projection_6 IS MEDIUM,0.00949622131884098
covtype_binary_20000,37,863,layer_1,76,c1: ka_concept_1.c5 IS MEDIUM,0.009470712393522263
covtype_binary_20000,37,864,layer_1,78,c1: ka_concept_1.c6 IS LOW,0.007295570801943541
covtype_binary_20000,37,865,layer_1,119,c1: projection_7 IS HIGH,0.0069639235734939575
covtype_binary_20000,37,866,layer_1,125,c2: ka_concept_1.c1 IS HIGH,0.006889989133924246
covtype_binary_20000,37,867,layer_1,318,c5: ka_concept_1.c6 IS LOW,0.005272614769637585
covtype_binary_20000,37,868,layer_1,319,c5: ka_concept_1.c6 IS MEDIUM,0.005045066121965647
covtype_binary_20000,37,869,layer_1,99,c1: projection_1 IS LOW,0.004342333413660526
covtype_binary_20000,37,870,layer_1,100,c1: projection_1 IS MEDIUM,0.004193102940917015
covtype_binary_20000,37,871,layer_1,309,c5: ka_concept_1.c3 IS LOW,0.004138383083045483
covtype_binary_20000,37,872,layer_1,339,c5: projection_1 IS LOW,0.003636168083176017
covtype_binary_20000,37,873,layer_1,34,c0: ka_concept_1.c11 IS MEDIUM,0.003464360488578677
covtype_binary_20000,37,874,layer_1,128,c2: ka_concept_1.c2 IS HIGH,0.0023255215492099524
covtype_binary_20000,37,875,layer_1,18,c0: ka_concept_1.c6 IS LOW,0.002246514894068241
covtype_binary_20000,37,876,layer_1,65,c1: ka_concept_1.c1 IS HIGH,0.0007903836667537689
covtype_binary_20000,37,877,layer_1,224,c3: projection_2 IS HIGH,0.0007328916108235717
covtype_binary_20000,37,878,layer_1,238,c3: projection_7 IS MEDIUM,0.0007003732607699931
covtype_binary_20000,37,879,layer_1,220,c3: projection_1 IS MEDIUM,0.0006943203043192625
covtype_binary_20000,37,880,layer_1,234,c3: projection_6 IS LOW,0.0006409937632270157
covtype_binary_20000,37,881,layer_1,229,c3: projection_4 IS MEDIUM,0.000532889855094254
covtype_binary_20000,37,882,layer_1,226,c3: projection_3 IS MEDIUM,0.0005158509593456984
covtype_binary_20000,37,883,layer_1,182,c3: ka_concept_1.c0 IS HIGH,0.00047387235099449754
covtype_binary_20000,37,884,layer_1,227,c3: projection_3 IS HIGH,0.0004244186857249588
covtype_binary_20000,37,885,layer_1,200,c3: ka_concept_1.c6 IS HIGH,0.00041947848512791097
covtype_binary_20000,37,886,layer_1,189,c3: ka_concept_1.c3 IS LOW,0.00039699903572909534
covtype_binary_20000,37,887,layer_1,183,c3: ka_concept_1.c1 IS LOW,0.00035089426091872156
covtype_binary_20000,37,888,layer_1,217,c3: projection_0 IS MEDIUM,0.00034358224365860224
covtype_binary_20000,37,889,layer_1,192,c3: ka_concept_1.c4 IS LOW,0.00034259931999258697
covtype_binary_20000,37,890,layer_1,201,c3: ka_concept_1.c7 IS LOW,0.00033869966864585876
covtype_binary_20000,37,891,layer_1,207,c3: ka_concept_1.c9 IS LOW,0.0003272860776633024
covtype_binary_20000,37,892,layer_1,197,c3: ka_concept_1.c5 IS HIGH,0.00032194898813031614
covtype_binary_20000,37,893,layer_1,213,c3: ka_concept_1.c11 IS LOW,0.00029609075863845646
covtype_binary_20000,37,894,layer_1,237,c3: projection_7 IS LOW,0.0002874830679502338
covtype_binary_20000,37,895,layer_1,228,c3: projection_4 IS LOW,0.0002731105196289718
covtype_binary_20000,37,896,layer_1,218,c3: projection_0 IS HIGH,0.0002691109839361161
covtype_binary_20000,37,897,layer_1,221,c3: projection_1 IS HIGH,0.0002626844507176429
covtype_binary_20000,37,898,layer_1,186,c3: ka_concept_1.c2 IS LOW,0.00024446166935376823
covtype_binary_20000,37,899,layer_1,212,c3: ka_concept_1.c10 IS HIGH,0.00022000845638103783
covtype_binary_20000,37,900,layer_1,231,c3: projection_5 IS LOW,0.00019596493802964687
covtype_binary_20000,37,901,layer_1,233,c3: projection_5 IS HIGH,0.00019317714031785727
covtype_binary_20000,37,902,layer_1,206,c3: ka_concept_1.c8 IS HIGH,0.00014834082685410976
covtype_binary_20000,37,903,layer_1,204,c3: ka_concept_1.c8 IS LOW,0.0001447041577193886
covtype_binary_20000,37,904,layer_1,205,c3: ka_concept_1.c8 IS MEDIUM,0.00013229268370196223
covtype_binary_20000,37,905,layer_1,176,c2: projection_6 IS HIGH,0.0001232595241162926
covtype_binary_20000,37,906,layer_1,223,c3: projection_2 IS MEDIUM,0.00012207659892737865
covtype_binary_20000,37,907,layer_1,202,c3: ka_concept_1.c7 IS MEDIUM,0.00010207872401224449
covtype_binary_20000,37,908,layer_1,208,c3: ka_concept_1.c9 IS MEDIUM,8.382054511457682e-05
covtype_binary_20000,37,909,layer_1,210,c3: ka_concept_1.c10 IS LOW,7.141599053284153e-05
covtype_binary_20000,37,910,layer_1,232,c3: projection_5 IS MEDIUM,6.879217107780278e-05
covtype_binary_20000,37,911,layer_1,216,c3: projection_0 IS LOW,6.875192048028111e-05
covtype_binary_20000,37,912,layer_1,116,c1: projection_6 IS HIGH,6.819781992817298e-05
covtype_binary_20000,37,913,layer_1,211,c3: ka_concept_1.c10 IS MEDIUM,6.603489600820467e-05
covtype_binary_20000,37,914,layer_1,181,c3: ka_concept_1.c0 IS MEDIUM,5.01985487062484e-05
covtype_binary_20000,37,915,layer_1,196,c3: ka_concept_1.c5 IS MEDIUM,4.160519893048331e-05
covtype_binary_20000,37,916,layer_1,188,c3: ka_concept_1.c2 IS HIGH,3.418736741878092e-05
covtype_binary_20000,37,917,layer_1,187,c3: ka_concept_1.c2 IS MEDIUM,3.325987927382812e-05
covtype_binary_20000,37,918,layer_1,214,c3: ka_concept_1.c11 IS MEDIUM,3.2917210774030536e-05
covtype_binary_20000,37,919,layer_1,230,c3: projection_4 IS HIGH,3.138065221719444e-05
covtype_binary_20000,37,920,layer_1,195,c3: ka_concept_1.c5 IS LOW,3.066523277084343e-05
covtype_binary_20000,37,921,layer_1,215,c3: ka_concept_1.c11 IS HIGH,2.8465092327678576e-05
covtype_binary_20000,37,922,layer_1,203,c3: ka_concept_1.c7 IS HIGH,1.9255307051935233e-05
covtype_binary_20000,37,923,layer_1,190,c3: ka_concept_1.c3 IS MEDIUM,1.8744645785773173e-05
covtype_binary_20000,37,924,layer_1,209,c3: ka_concept_1.c9 IS HIGH,1.6496473108418286e-05
covtype_binary_20000,37,925,layer_1,222,c3: projection_2 IS LOW,1.642143433855381e-05
covtype_binary_20000,37,926,layer_1,199,c3: ka_concept_1.c6 IS MEDIUM,1.352603703708155e-05
covtype_binary_20000,37,927,layer_1,219,c3: projection_1 IS LOW,1.0631604709487874e-05
covtype_binary_20000,37,928,layer_1,56,c0: projection_6 IS HIGH,9.91760225588223e-06
covtype_binary_20000,37,929,layer_1,193,c3: ka_concept_1.c4 IS MEDIUM,8.930248441174626e-06
covtype_binary_20000,37,930,layer_1,235,c3: projection_6 IS MEDIUM,8.231639185396489e-06
covtype_binary_20000,37,931,layer_1,356,c5: projection_6 IS HIGH,8.026722753129434e-06
covtype_binary_20000,37,932,layer_1,239,c3: projection_7 IS HIGH,5.728000360250007e-06
covtype_binary_20000,37,933,layer_1,225,c3: projection_3 IS LOW,4.6596433094237e-06
covtype_binary_20000,37,934,layer_1,180,c3: ka_concept_1.c0 IS LOW,4.050828465551604e-06
covtype_binary_20000,37,935,layer_1,191,c3: ka_concept_1.c3 IS HIGH,1.7734471384756034e-06
covtype_binary_20000,37,936,layer_1,194,c3: ka_concept_1.c4 IS HIGH,4.344610147200001e-07
covtype_binary_20000,41,1,layer_0,397,c6: Elevation IS MEDIUM,131.70999145507812
covtype_binary_20000,41,2,projection_layer,18,"pursuit_6(Horizontal_Distance_To_Roadways, Soil_Type_38, Wilderness_Area_2, Soil_Type_18) IS LOW",127.2608642578125
covtype_binary_20000,41,3,layer_0,447,c7: Elevation IS LOW,100.97650146484375
covtype_binary_20000,41,4,layer_0,508,c8: Horizontal_Distance_To_Roadways IS MEDIUM,100.47160339355469
covtype_binary_20000,41,5,layer_0,295,c4: Elevation IS MEDIUM,96.90834045410156
covtype_binary_20000,41,6,layer_0,457,c7: Horizontal_Distance_To_Roadways IS MEDIUM,77.35112762451172
covtype_binary_20000,41,7,layer_0,509,c8: Horizontal_Distance_To_Roadways IS HIGH,71.76345825195312
covtype_binary_20000,41,8,layer_0,398,c6: Elevation IS HIGH,69.74041748046875
covtype_binary_20000,41,9,layer_0,62,c1: Horizontal_Distance_To_Roadways IS HIGH,63.50676727294922
covtype_binary_20000,41,10,layer_0,294,c4: Elevation IS LOW,62.61198806762695
covtype_binary_20000,41,11,layer_0,147,c2: Hillshade_Noon IS LOW,61.906925201416016
covtype_binary_20000,41,12,layer_0,507,c8: Horizontal_Distance_To_Roadways IS LOW,61.262088775634766
covtype_binary_20000,41,13,layer_0,69,c1: Horizontal_Distance_To_Fire_Points IS LOW,59.02656936645508
covtype_binary_20000,41,14,projection_layer,1,"pursuit_0(Horizontal_Distance_To_Fire_Points, Hillshade_3pm, Soil_Type_29, Soil_Type_4) IS MEDIUM",52.904052734375
covtype_binary_20000,41,15,layer_0,296,c4: Elevation IS HIGH,50.49396896362305
covtype_binary_20000,41,16,layer_0,121,c2: Horizontal_Distance_To_Fire_Points IS MEDIUM,48.897708892822266
covtype_binary_20000,41,17,layer_0,499,c8: Elevation IS MEDIUM,48.79758834838867
covtype_binary_20000,41,18,layer_0,345,c5: Elevation IS LOW,47.965457916259766
covtype_binary_20000,41,19,layer_0,10,c0: Horizontal_Distance_To_Roadways IS MEDIUM,47.016597747802734
covtype_binary_20000,41,20,layer_0,234,c3: Slope IS LOW,46.65593719482422
covtype_binary_20000,41,21,layer_0,0,c0: Elevation IS LOW,44.726707458496094
covtype_binary_20000,41,22,layer_0,361,c6: Vertical_Distance_To_Hydrology IS MEDIUM,43.926334381103516
covtype_binary_20000,41,23,layer_0,1,c0: Elevation IS MEDIUM,42.22318649291992
covtype_binary_20000,41,24,layer_0,61,c1: Horizontal_Distance_To_Roadways IS MEDIUM,41.93695831298828
covtype_binary_20000,41,25,layer_0,60,c1: Horizontal_Distance_To_Roadways IS LOW,41.09357452392578
covtype_binary_20000,41,26,layer_0,517,c8: Horizontal_Distance_To_Fire_Points IS MEDIUM,37.099365234375
covtype_binary_20000,41,27,layer_0,498,c8: Elevation IS LOW,37.04389572143555
covtype_binary_20000,41,28,layer_0,567,c9: Horizontal_Distance_To_Fire_Points IS LOW,35.673831939697266
covtype_binary_20000,41,29,layer_0,105,c1: Vertical_Distance_To_Hydrology IS LOW,35.30998611450195
covtype_binary_20000,41,30,layer_0,482,c8: Hillshade_3pm IS HIGH,34.285980224609375
covtype_binary_20000,41,31,layer_0,198,c3: Hillshade_Noon IS LOW,34.08045196533203
covtype_binary_20000,41,32,layer_0,558,c9: Horizontal_Distance_To_Roadways IS LOW,33.54684829711914
covtype_binary_20000,41,33,layer_0,138,c2: Aspect IS LOW,32.73877716064453
covtype_binary_20000,41,34,layer_0,360,c6: Vertical_Distance_To_Hydrology IS LOW,32.52249526977539
covtype_binary_20000,41,35,layer_0,449,c7: Elevation IS HIGH,32.49688720703125
covtype_binary_20000,41,36,layer_0,11,c0: Horizontal_Distance_To_Roadways IS HIGH,30.882869720458984
covtype_binary_20000,41,37,layer_0,19,c0: Horizontal_Distance_To_Fire_Points IS MEDIUM,30.68010902404785
covtype_binary_20000,41,38,layer_0,71,c1: Horizontal_Distance_To_Fire_Points IS HIGH,30.240970611572266
covtype_binary_20000,41,39,layer_0,481,c8: Hillshade_3pm IS MEDIUM,29.841951370239258
covtype_binary_20000,41,40,layer_0,47,c0: Hillshade_Noon IS HIGH,29.030235290527344
covtype_binary_20000,41,41,layer_0,526,c8: Horizontal_Distance_To_Hydrology IS MEDIUM,28.928482055664062
covtype_binary_20000,41,42,layer_0,370,c6: Hillshade_9am IS MEDIUM,27.495410919189453
covtype_binary_20000,41,43,layer_0,525,c8: Horizontal_Distance_To_Hydrology IS LOW,27.21265411376953
covtype_binary_20000,41,44,layer_0,513,c8: Soil_Type_30 IS absent,27.167495727539062
covtype_binary_20000,41,45,layer_0,88,c1: Aspect IS MEDIUM,26.857135772705078
covtype_binary_20000,41,46,layer_0,448,c7: Elevation IS MEDIUM,26.710893630981445
covtype_binary_20000,41,47,layer_0,495,c8: Soil_Type_13 IS absent,26.25287437438965
covtype_binary_20000,41,48,layer_0,456,c7: Horizontal_Distance_To_Roadways IS LOW,26.056604385375977
covtype_binary_20000,41,49,layer_0,149,c2: Hillshade_Noon IS HIGH,25.815673828125
covtype_binary_20000,41,50,layer_0,129,c2: Horizontal_Distance_To_Hydrology IS LOW,25.72525978088379
covtype_binary_20000,41,51,layer_0,153,c2: Soil_Type_23 IS absent,25.312021255493164
covtype_binary_20000,41,52,layer_0,467,c7: Horizontal_Distance_To_Fire_Points IS HIGH,24.9412784576416
covtype_binary_20000,41,53,layer_0,415,c6: Horizontal_Distance_To_Fire_Points IS MEDIUM,24.656057357788086
covtype_binary_20000,41,54,layer_0,390,c6: Wilderness_Area_1 IS absent,23.982879638671875
covtype_binary_20000,41,55,layer_0,222,c3: Soil_Type_4 IS absent,23.9422664642334
covtype_binary_20000,41,56,layer_0,174,c2: Hillshade_3pm IS LOW,23.6835994720459
covtype_binary_20000,41,57,layer_0,595,c9: Hillshade_Noon IS MEDIUM,22.956872940063477
covtype_binary_20000,41,58,layer_0,536,c8: Aspect IS HIGH,22.93733024597168
covtype_binary_20000,41,59,layer_0,15,c0: Soil_Type_22 IS absent,22.712797164916992
covtype_binary_20000,41,60,layer_0,504,c8: Soil_Type_32 IS absent,22.616270065307617
covtype_binary_20000,41,61,layer_0,210,c3: Wilderness_Area_3 IS absent,22.60100746154785
covtype_binary_20000,41,62,layer_0,518,c8: Horizontal_Distance_To_Fire_Points IS HIGH,22.48577308654785
covtype_binary_20000,41,63,layer_0,489,c8: Slope IS LOW,22.353534698486328
covtype_binary_20000,41,64,layer_0,203,c3: Wilderness_Area_1 IS present,22.061187744140625
covtype_binary_20000,41,65,layer_0,235,c3: Slope IS MEDIUM,21.895875930786133
covtype_binary_20000,41,66,layer_0,30,c0: Wilderness_Area_2 IS absent,21.868648529052734
covtype_binary_20000,41,67,layer_0,239,c3: Wilderness_Area_1 IS present,21.55124282836914
covtype_binary_20000,41,68,layer_0,347,c5: Elevation IS HIGH,21.347293853759766
covtype_binary_20000,41,69,layer_0,396,c6: Elevation IS LOW,21.336078643798828
covtype_binary_20000,41,70,layer_0,18,c0: Horizontal_Distance_To_Fire_Points IS LOW,20.948335647583008
covtype_binary_20000,41,71,layer_0,586,c9: Aspect IS MEDIUM,20.590961456298828
covtype_binary_20000,41,72,layer_0,282,c4: Soil_Type_2 IS absent,20.24270248413086
covtype_binary_20000,41,73,layer_0,116,c1: Hillshade_9am IS HIGH,19.855913162231445
covtype_binary_20000,41,74,layer_0,510,c8: Wilderness_Area_2 IS absent,19.737442016601562
covtype_binary_20000,41,75,layer_0,480,c8: Hillshade_3pm IS LOW,19.518653869628906
covtype_binary_20000,41,76,layer_0,559,c9: Horizontal_Distance_To_Roadways IS MEDIUM,19.270322799682617
covtype_binary_20000,41,77,layer_0,568,c9: Horizontal_Distance_To_Fire_Points IS MEDIUM,18.674991607666016
covtype_binary_20000,41,78,layer_0,148,c2: Hillshade_Noon IS MEDIUM,18.130102157592773
covtype_binary_20000,41,79,layer_0,2,c0: Elevation IS HIGH,17.923768997192383
covtype_binary_20000,41,80,layer_0,491,c8: Slope IS HIGH,17.7370548248291
covtype_binary_20000,41,81,layer_0,42,c0: Soil_Type_29 IS absent,17.707197189331055
covtype_binary_20000,41,82,layer_0,637,c10: Aspect IS MEDIUM,17.70226287841797
covtype_binary_20000,41,83,layer_0,354,c5: Horizontal_Distance_To_Roadways IS LOW,17.580900192260742
covtype_binary_20000,41,84,layer_0,407,c6: Horizontal_Distance_To_Roadways IS HIGH,17.575450897216797
covtype_binary_20000,41,85,layer_0,528,c8: Wilderness_Area_1 IS absent,17.520545959472656
covtype_binary_20000,41,86,layer_0,351,c5: Soil_Type_32 IS absent,17.494218826293945
covtype_binary_20000,41,87,layer_0,228,c3: Wilderness_Area_4 IS absent,17.454042434692383
covtype_binary_20000,41,88,layer_0,479,c7: Wilderness_Area_1 IS present,16.98460578918457
covtype_binary_20000,41,89,layer_0,466,c7: Horizontal_Distance_To_Fire_Points IS MEDIUM,16.81273651123047
covtype_binary_20000,41,90,layer_0,416,c6: Horizontal_Distance_To_Fire_Points IS HIGH,16.689693450927734
covtype_binary_20000,41,91,layer_0,414,c6: Horizontal_Distance_To_Fire_Points IS LOW,16.559309005737305
covtype_binary_20000,41,92,layer_0,192,c3: Wilderness_Area_4 IS absent,16.518014907836914
covtype_binary_20000,41,93,layer_0,319,c5: Hillshade_9am IS MEDIUM,16.400733947753906
covtype_binary_20000,41,94,layer_0,492,c8: Wilderness_Area_1 IS absent,16.399036407470703
covtype_binary_20000,41,95,layer_0,365,c6: Wilderness_Area_3 IS present,16.20021629333496
covtype_binary_20000,41,96,layer_0,596,c9: Hillshade_Noon IS HIGH,16.173948287963867
covtype_binary_20000,41,97,layer_0,401,c6: Wilderness_Area_3 IS present,16.164270401000977
covtype_binary_20000,41,98,layer_0,431,c7: Hillshade_3pm IS HIGH,16.02311897277832
covtype_binary_20000,41,99,layer_0,655,c10: Vertical_Distance_To_Hydrology IS MEDIUM,15.967950820922852
covtype_binary_20000,41,100,projection_layer,13,"pursuit_4(Horizontal_Distance_To_Hydrology, Soil_Type_22, Soil_Type_30, Soil_Type_35) IS MEDIUM",15.76163387298584
covtype_binary_20000,41,101,layer_0,582,c9: Soil_Type_24 IS absent,15.75344181060791
covtype_binary_20000,41,102,layer_0,226,c3: Hillshade_3pm IS MEDIUM,15.665237426757812
covtype_binary_20000,41,103,layer_0,439,c7: Slope IS MEDIUM,15.432738304138184
covtype_binary_20000,41,104,projection_layer,12,"pursuit_4(Horizontal_Distance_To_Hydrology, Soil_Type_22, Soil_Type_30, Soil_Type_35) IS LOW",15.355966567993164
covtype_binary_20000,41,105,layer_0,430,c7: Hillshade_3pm IS MEDIUM,14.91284465789795
covtype_binary_20000,41,106,layer_0,406,c6: Horizontal_Distance_To_Roadways IS MEDIUM,14.753033638000488
covtype_binary_20000,41,107,layer_0,550,c9: Elevation IS MEDIUM,14.439156532287598
covtype_binary_20000,41,108,layer_0,477,c7: Wilderness_Area_1 IS absent,14.414149284362793
covtype_binary_20000,41,109,layer_0,199,c3: Hillshade_Noon IS MEDIUM,14.310989379882812
covtype_binary_20000,41,110,layer_0,443,c7: Wilderness_Area_1 IS present,14.304333686828613
covtype_binary_20000,41,111,layer_0,411,c6: Soil_Type_30 IS absent,14.001731872558594
covtype_binary_20000,41,112,layer_0,535,c8: Aspect IS MEDIUM,13.713114738464355
covtype_binary_20000,41,113,layer_0,654,c10: Vertical_Distance_To_Hydrology IS LOW,13.649495124816895
covtype_binary_20000,41,114,layer_0,96,c1: Hillshade_Noon IS LOW,13.51455307006836
covtype_binary_20000,41,115,layer_0,346,c5: Elevation IS MEDIUM,13.489531517028809
covtype_binary_20000,41,116,layer_0,166,c2: Hillshade_9am IS MEDIUM,13.467004776000977
covtype_binary_20000,41,117,layer_0,78,c1: Horizontal_Distance_To_Hydrology IS LOW,13.44922161102295
covtype_binary_20000,41,118,layer_0,241,c4: Aspect IS MEDIUM,13.368376731872559
covtype_binary_20000,41,119,layer_0,610,c10: Horizontal_Distance_To_Roadways IS MEDIUM,13.277398109436035
covtype_binary_20000,41,120,layer_0,441,c7: Wilderness_Area_1 IS absent,13.191530227661133
covtype_binary_20000,41,121,projection_layer,10,"pursuit_3(Slope, Soil_Type_12, Soil_Type_13, Soil_Type_1) IS MEDIUM",13.188654899597168
covtype_binary_20000,41,122,layer_0,111,c1: Soil_Type_40 IS absent,13.087648391723633
covtype_binary_20000,41,123,layer_0,444,c7: Soil_Type_13 IS absent,12.973197937011719
covtype_binary_20000,41,124,layer_0,255,c4: Soil_Type_23 IS absent,12.892316818237305
covtype_binary_20000,41,125,layer_0,585,c9: Aspect IS LOW,12.88721752166748
covtype_binary_20000,41,126,layer_0,342,c5: Soil_Type_13 IS absent,12.68693733215332
covtype_binary_20000,41,127,layer_0,576,c9: Horizontal_Distance_To_Hydrology IS LOW,12.542210578918457
covtype_binary_20000,41,128,layer_0,387,c6: Slope IS LOW,12.508201599121094
covtype_binary_20000,41,129,layer_0,527,c8: Horizontal_Distance_To_Hydrology IS HIGH,12.459444999694824
covtype_binary_20000,41,130,layer_0,399,c6: Wilderness_Area_3 IS absent,12.447009086608887
covtype_binary_20000,41,131,layer_0,600,c10: Elevation IS LOW,12.420438766479492
covtype_binary_20000,41,132,layer_0,306,c5: Soil_Type_23 IS absent,12.396997451782227
covtype_binary_20000,41,133,layer_0,389,c6: Slope IS HIGH,12.177209854125977
covtype_binary_20000,41,134,layer_0,594,c9: Hillshade_Noon IS LOW,12.176847457885742
covtype_binary_20000,41,135,layer_0,89,c1: Aspect IS HIGH,12.173358917236328
covtype_binary_20000,41,136,layer_0,267,c4: Hillshade_9am IS LOW,12.075214385986328
covtype_binary_20000,41,137,layer_0,646,c10: Hillshade_Noon IS MEDIUM,12.049537658691406
covtype_binary_20000,41,138,layer_0,541,c9: Slope IS MEDIUM,11.82262897491455
covtype_binary_20000,41,139,layer_0,429,c7: Hillshade_3pm IS LOW,11.72226333618164
covtype_binary_20000,41,140,layer_0,328,c5: Hillshade_3pm IS MEDIUM,11.658794403076172
covtype_binary_20000,41,141,layer_0,140,c2: Aspect IS HIGH,11.634812355041504
covtype_binary_20000,41,142,layer_0,577,c9: Horizontal_Distance_To_Hydrology IS MEDIUM,11.632041931152344
covtype_binary_20000,41,143,layer_0,126,c2: Soil_Type_39 IS absent,11.564371109008789
covtype_binary_20000,41,144,layer_0,483,c8: Wilderness_Area_4 IS absent,11.54751968383789
covtype_binary_20000,41,145,layer_0,627,c10: Horizontal_Distance_To_Hydrology IS LOW,11.463403701782227
covtype_binary_20000,41,146,layer_0,79,c1: Horizontal_Distance_To_Hydrology IS MEDIUM,11.42312240600586
covtype_binary_20000,41,147,layer_0,392,c6: Wilderness_Area_1 IS present,11.402070045471191
covtype_binary_20000,41,148,layer_0,251,c4: Hillshade_Noon IS HIGH,11.337360382080078
covtype_binary_20000,41,149,layer_0,217,c3: Hillshade_9am IS MEDIUM,11.250819206237793
covtype_binary_20000,41,150,layer_0,363,c6: Wilderness_Area_3 IS absent,11.238536834716797
covtype_binary_20000,41,151,layer_0,225,c3: Hillshade_3pm IS LOW,11.101544380187988
covtype_binary_20000,41,152,layer_0,258,c4: Vertical_Distance_To_Hydrology IS LOW,10.982532501220703
covtype_binary_20000,41,153,layer_0,426,c7: Soil_Type_4 IS absent,10.784689903259277
covtype_binary_20000,41,154,layer_0,516,c8: Horizontal_Distance_To_Fire_Points IS LOW,10.600970268249512
covtype_binary_20000,41,155,layer_0,231,c3: Soil_Type_2 IS absent,10.56122875213623
covtype_binary_20000,41,156,layer_0,379,c6: Hillshade_3pm IS MEDIUM,10.545811653137207
covtype_binary_20000,41,157,layer_0,66,c1: Soil_Type_22 IS absent,10.53675365447998
covtype_binary_20000,41,158,layer_0,38,c0: Aspect IS HIGH,10.492035865783691
covtype_binary_20000,41,159,layer_0,122,c2: Horizontal_Distance_To_Fire_Points IS HIGH,10.434090614318848
covtype_binary_20000,41,160,layer_0,44,c0: Soil_Type_29 IS present,10.414971351623535
covtype_binary_20000,41,161,layer_0,476,c7: Horizontal_Distance_To_Hydrology IS HIGH,10.37751579284668
covtype_binary_20000,41,162,layer_0,20,c0: Horizontal_Distance_To_Fire_Points IS HIGH,10.30111312866211
covtype_binary_20000,41,163,layer_0,486,c8: Soil_Type_2 IS absent,10.26561164855957
covtype_binary_20000,41,164,projection_layer,22,"pursuit_7(Aspect, Soil_Type_39, Soil_Type_2, Soil_Type_5) IS MEDIUM",10.227411270141602
covtype_binary_20000,41,165,layer_0,37,c0: Aspect IS MEDIUM,10.176240921020508
covtype_binary_20000,41,166,layer_0,130,c2: Horizontal_Distance_To_Hydrology IS MEDIUM,10.173943519592285
covtype_binary_20000,41,167,layer_0,249,c4: Hillshade_Noon IS LOW,10.06095027923584
covtype_binary_20000,41,168,layer_0,587,c9: Aspect IS HIGH,10.045665740966797
covtype_binary_20000,41,169,layer_0,453,c7: Soil_Type_32 IS absent,10.035971641540527
covtype_binary_20000,41,170,layer_0,459,c7: Wilderness_Area_2 IS absent,10.01433277130127
covtype_binary_20000,41,171,layer_0,450,c7: Wilderness_Area_3 IS absent,9.981542587280273
covtype_binary_20000,41,172,layer_0,300,c5: Hillshade_Noon IS LOW,9.784034729003906
covtype_binary_20000,41,173,layer_0,157,c2: Vertical_Distance_To_Hydrology IS MEDIUM,9.759401321411133
covtype_binary_20000,41,174,layer_0,45,c0: Hillshade_Noon IS LOW,9.675639152526855
covtype_binary_20000,41,175,layer_0,39,c0: Wilderness_Area_4 IS absent,9.412912368774414
covtype_binary_20000,41,176,layer_0,46,c0: Hillshade_Noon IS MEDIUM,9.391880989074707
covtype_binary_20000,41,177,layer_0,629,c10: Horizontal_Distance_To_Hydrology IS HIGH,9.348821640014648
covtype_binary_20000,41,178,layer_0,144,c2: Soil_Type_29 IS absent,9.32522964477539
covtype_binary_20000,41,179,layer_0,97,c1: Hillshade_Noon IS MEDIUM,9.306013107299805
covtype_binary_20000,41,180,layer_0,619,c10: Horizontal_Distance_To_Fire_Points IS MEDIUM,9.295458793640137
covtype_binary_20000,41,181,layer_0,336,c5: Slope IS LOW,9.228148460388184
covtype_binary_20000,41,182,layer_0,131,c2: Horizontal_Distance_To_Hydrology IS HIGH,9.228048324584961
covtype_binary_20000,41,183,layer_0,186,c3: Soil_Type_38 IS absent,9.200589179992676
covtype_binary_20000,41,184,layer_0,273,c4: Soil_Type_4 IS absent,9.118656158447266
covtype_binary_20000,41,185,projection_layer,2,"pursuit_0(Horizontal_Distance_To_Fire_Points, Hillshade_3pm, Soil_Type_29, Soil_Type_4) IS HIGH",9.089821815490723
covtype_binary_20000,41,186,layer_0,642,c10: Soil_Type_11 IS absent,9.07894229888916
covtype_binary_20000,41,187,layer_0,405,c6: Horizontal_Distance_To_Roadways IS LOW,8.996803283691406
covtype_binary_20000,41,188,projection_layer,0,"pursuit_0(Horizontal_Distance_To_Fire_Points, Hillshade_3pm, Soil_Type_29, Soil_Type_4) IS LOW",8.785907745361328
covtype_binary_20000,41,189,layer_0,237,c3: Wilderness_Area_1 IS absent,8.76729679107666
covtype_binary_20000,41,190,layer_0,201,c3: Wilderness_Area_1 IS absent,8.727696418762207
covtype_binary_20000,41,191,layer_0,208,c3: Vertical_Distance_To_Hydrology IS MEDIUM,8.704282760620117
covtype_binary_20000,41,192,layer_0,465,c7: Horizontal_Distance_To_Fire_Points IS LOW,8.640283584594727
covtype_binary_20000,41,193,layer_0,628,c10: Horizontal_Distance_To_Hydrology IS MEDIUM,8.510735511779785
covtype_binary_20000,41,194,layer_0,183,c3: Wilderness_Area_2 IS absent,8.457253456115723
covtype_binary_20000,41,195,layer_0,132,c2: Wilderness_Area_2 IS absent,8.409849166870117
covtype_binary_20000,41,196,layer_0,14,c0: Wilderness_Area_1 IS present,8.020071983337402
covtype_binary_20000,41,197,layer_0,120,c2: Horizontal_Distance_To_Fire_Points IS LOW,7.988962173461914
covtype_binary_20000,41,198,layer_0,458,c7: Horizontal_Distance_To_Roadways IS HIGH,7.980792999267578
covtype_binary_20000,41,199,layer_0,519,c8: Wilderness_Area_4 IS absent,7.8595194816589355
covtype_binary_20000,41,200,layer_0,329,c5: Hillshade_3pm IS HIGH,7.847522258758545
covtype_binary_20000,41,201,layer_0,474,c7: Horizontal_Distance_To_Hydrology IS LOW,7.799072265625
covtype_binary_20000,41,202,layer_0,3,c0: Wilderness_Area_4 IS absent,7.797374248504639
covtype_binary_20000,41,203,layer_0,219,c3: Wilderness_Area_2 IS absent,7.756828308105469
covtype_binary_20000,41,204,layer_0,24,c0: Soil_Type_39 IS absent,7.729429244995117
covtype_binary_20000,41,205,layer_0,356,c5: Horizontal_Distance_To_Roadways IS HIGH,7.704659461975098
covtype_binary_20000,41,206,layer_0,115,c1: Hillshade_9am IS MEDIUM,7.6978559494018555
covtype_binary_20000,41,207,layer_0,135,c2: Soil_Type_38 IS absent,7.6838908195495605
covtype_binary_20000,41,208,layer_0,490,c8: Slope IS MEDIUM,7.6500372886657715
covtype_binary_20000,41,209,layer_0,48,c0: Wilderness_Area_1 IS absent,7.644516944885254
covtype_binary_20000,41,210,layer_0,227,c3: Hillshade_3pm IS HIGH,7.572207450866699
covtype_binary_20000,41,211,layer_0,462,c7: Soil_Type_30 IS absent,7.564507007598877
covtype_binary_20000,41,212,layer_0,63,c1: Wilderness_Area_1 IS absent,7.462101459503174
covtype_binary_20000,41,213,layer_0,36,c0: Aspect IS LOW,7.440609455108643
covtype_binary_20000,41,214,layer_0,106,c1: Vertical_Distance_To_Hydrology IS MEDIUM,7.385241508483887
covtype_binary_20000,41,215,layer_0,176,c2: Hillshade_3pm IS HIGH,7.381299018859863
covtype_binary_20000,41,216,projection_layer,20,"pursuit_6(Horizontal_Distance_To_Roadways, Soil_Type_38, Wilderness_Area_2, Soil_Type_18) IS HIGH",7.354137420654297
covtype_binary_20000,41,217,layer_0,240,c4: Aspect IS LOW,7.321122169494629
covtype_binary_20000,41,218,layer_0,190,c3: Aspect IS MEDIUM,7.285330772399902
covtype_binary_20000,41,219,layer_0,531,c8: Soil_Type_24 IS absent,7.263029098510742
covtype_binary_20000,41,220,layer_0,555,c9: Soil_Type_32 IS absent,7.235251426696777
covtype_binary_20000,41,221,layer_0,303,c5: Wilderness_Area_1 IS absent,7.20020055770874
covtype_binary_20000,41,222,layer_0,534,c8: Aspect IS LOW,7.199521541595459
covtype_binary_20000,41,223,layer_0,171,c2: Soil_Type_4 IS absent,7.1571855545043945
covtype_binary_20000,41,224,layer_0,54,c0: Vertical_Distance_To_Hydrology IS LOW,7.125093936920166
covtype_binary_20000,41,225,layer_0,80,c1: Horizontal_Distance_To_Hydrology IS HIGH,7.114407062530518
covtype_binary_20000,41,226,layer_0,270,c4: Wilderness_Area_2 IS absent,6.936556816101074
covtype_binary_20000,41,227,layer_0,615,c10: Soil_Type_30 IS absent,6.8795881271362305
covtype_binary_20000,41,228,layer_0,99,c1: Wilderness_Area_1 IS absent,6.879069805145264
covtype_binary_20000,41,229,layer_0,212,c3: Wilderness_Area_3 IS present,6.840351581573486
covtype_binary_20000,41,230,layer_0,651,c10: Soil_Type_31 IS absent,6.827611923217773
covtype_binary_20000,41,231,layer_0,339,c5: Wilderness_Area_1 IS absent,6.7346882820129395
covtype_binary_20000,41,232,layer_0,452,c7: Wilderness_Area_3 IS present,6.681882381439209
covtype_binary_20000,41,233,layer_0,287,c4: Slope IS HIGH,6.629531383514404
covtype_binary_20000,41,234,layer_0,388,c6: Slope IS MEDIUM,6.6213765144348145
covtype_binary_20000,41,235,layer_0,175,c2: Hillshade_3pm IS MEDIUM,6.593046188354492
covtype_binary_20000,41,236,layer_0,522,c8: Soil_Type_33 IS absent,6.557218074798584
covtype_binary_20000,41,237,projection_layer,23,"pursuit_7(Aspect, Soil_Type_39, Soil_Type_2, Soil_Type_5) IS HIGH",6.528423309326172
covtype_binary_20000,41,238,layer_0,601,c10: Elevation IS MEDIUM,6.45610237121582
covtype_binary_20000,41,239,layer_0,420,c7: Hillshade_9am IS LOW,6.453190803527832
covtype_binary_20000,41,240,layer_0,213,c3: Soil_Type_40 IS absent,6.411294937133789
covtype_binary_20000,41,241,layer_0,269,c4: Hillshade_9am IS HIGH,6.381839752197266
covtype_binary_20000,41,242,layer_0,123,c2: Wilderness_Area_3 IS absent,6.368082523345947
covtype_binary_20000,41,243,layer_0,182,c3: Horizontal_Distance_To_Hydrology IS HIGH,6.327347755432129
covtype_binary_20000,41,244,projection_layer,9,"pursuit_3(Slope, Soil_Type_12, Soil_Type_13, Soil_Type_1) IS LOW",6.301942825317383
covtype_binary_20000,41,245,layer_0,602,c10: Elevation IS HIGH,6.1912689208984375
covtype_binary_20000,41,246,layer_0,168,c2: Wilderness_Area_2 IS absent,6.178921222686768
covtype_binary_20000,41,247,layer_0,440,c7: Slope IS HIGH,6.168712139129639
covtype_binary_20000,41,248,layer_0,218,c3: Hillshade_9am IS HIGH,6.1501922607421875
covtype_binary_20000,41,249,layer_0,236,c3: Slope IS HIGH,6.146769046783447
covtype_binary_20000,41,250,layer_0,588,c9: Wilderness_Area_3 IS absent,6.100022315979004
covtype_binary_20000,41,251,layer_0,573,c9: Soil_Type_33 IS absent,6.092048168182373
covtype_binary_20000,41,252,layer_0,308,c5: Soil_Type_23 IS present,6.088676929473877
covtype_binary_20000,41,253,layer_0,539,c8: Wilderness_Area_3 IS present,6.054793834686279
covtype_binary_20000,41,254,layer_0,618,c10: Horizontal_Distance_To_Fire_Points IS LOW,6.053887367248535
covtype_binary_20000,41,255,layer_0,159,c2: Wilderness_Area_3 IS absent,5.991156101226807
covtype_binary_20000,41,256,layer_0,384,c6: Soil_Type_2 IS absent,5.934919357299805
covtype_binary_20000,41,257,layer_0,204,c3: Soil_Type_23 IS absent,5.932953357696533
covtype_binary_20000,41,258,layer_0,246,c4: Soil_Type_29 IS absent,5.863767147064209
covtype_binary_20000,41,259,layer_0,564,c9: Soil_Type_30 IS absent,5.7692694664001465
covtype_binary_20000,41,260,layer_0,207,c3: Vertical_Distance_To_Hydrology IS LOW,5.768112659454346
covtype_binary_20000,41,261,layer_0,552,c9: Wilderness_Area_3 IS absent,5.758409023284912
covtype_binary_20000,41,262,layer_0,6,c0: Soil_Type_12 IS absent,5.731918811798096
covtype_binary_20000,41,263,layer_0,471,c7: Soil_Type_33 IS absent,5.707244873046875
covtype_binary_20000,41,264,layer_0,503,c8: Wilderness_Area_3 IS present,5.637216091156006
covtype_binary_20000,41,265,layer_0,156,c2: Vertical_Distance_To_Hydrology IS LOW,5.58773946762085
covtype_binary_20000,41,266,layer_0,549,c9: Elevation IS LOW,5.493261814117432
covtype_binary_20000,41,267,layer_0,101,c1: Wilderness_Area_1 IS present,5.425465106964111
covtype_binary_20000,41,268,layer_0,155,c2: Soil_Type_23 IS present,5.378307342529297
covtype_binary_20000,41,269,layer_0,17,c0: Soil_Type_22 IS present,5.335620880126953
covtype_binary_20000,41,270,layer_0,75,c1: Soil_Type_39 IS absent,5.314220905303955
covtype_binary_20000,41,271,layer_0,355,c5: Horizontal_Distance_To_Roadways IS MEDIUM,5.292465686798096
covtype_binary_20000,41,272,layer_0,57,c0: Wilderness_Area_3 IS absent,5.259018421173096
covtype_binary_20000,41,273,layer_0,276,c4: Hillshade_3pm IS LOW,5.249669075012207
covtype_binary_20000,41,274,layer_0,28,c0: Horizontal_Distance_To_Hydrology IS MEDIUM,5.18716287612915
covtype_binary_20000,41,275,layer_0,438,c7: Slope IS LOW,5.178454399108887
covtype_binary_20000,41,276,layer_0,423,c7: Wilderness_Area_2 IS absent,5.159193992614746
covtype_binary_20000,41,277,layer_0,299,c4: Wilderness_Area_3 IS present,5.105360984802246
covtype_binary_20000,41,278,layer_0,402,c6: Soil_Type_32 IS absent,5.091614246368408
covtype_binary_20000,41,279,layer_0,378,c6: Hillshade_3pm IS LOW,5.061689376831055
covtype_binary_20000,41,280,layer_0,597,c9: Wilderness_Area_2 IS absent,4.860965251922607
covtype_binary_20000,41,281,layer_0,315,c5: Soil_Type_40 IS absent,4.852397918701172
covtype_binary_20000,41,282,layer_0,310,c5: Vertical_Distance_To_Hydrology IS MEDIUM,4.807361125946045
covtype_binary_20000,41,283,layer_0,189,c3: Aspect IS LOW,4.780040740966797
covtype_binary_20000,41,284,layer_0,639,c10: Wilderness_Area_3 IS absent,4.777294158935547
covtype_binary_20000,41,285,layer_0,624,c10: Soil_Type_33 IS absent,4.755743026733398
covtype_binary_20000,41,286,layer_0,324,c5: Soil_Type_4 IS absent,4.70492696762085
covtype_binary_20000,41,287,layer_0,125,c2: Wilderness_Area_3 IS present,4.700218677520752
covtype_binary_20000,41,288,layer_0,50,c0: Wilderness_Area_1 IS present,4.620409965515137
covtype_binary_20000,41,289,layer_0,408,c6: Wilderness_Area_2 IS absent,4.550479888916016
covtype_binary_20000,41,290,layer_0,161,c2: Wilderness_Area_3 IS present,4.526828289031982
covtype_binary_20000,41,291,layer_0,603,c10: Wilderness_Area_3 IS absent,4.465298652648926
covtype_binary_20000,41,292,layer_0,12,c0: Wilderness_Area_1 IS absent,4.31422758102417
covtype_binary_20000,41,293,layer_0,261,c4: Wilderness_Area_3 IS absent,4.278177738189697
covtype_binary_20000,41,294,layer_0,263,c4: Wilderness_Area_3 IS present,4.274054050445557
covtype_binary_20000,41,295,layer_0,537,c8: Wilderness_Area_3 IS absent,4.227993011474609
covtype_binary_20000,41,296,layer_0,551,c9: Elevation IS HIGH,4.224421977996826
covtype_binary_20000,41,297,layer_0,51,c0: Soil_Type_23 IS absent,4.219759464263916
covtype_binary_20000,41,298,layer_0,33,c0: Soil_Type_38 IS absent,4.179433345794678
covtype_binary_20000,41,299,layer_0,55,c0: Vertical_Distance_To_Hydrology IS MEDIUM,4.1470794677734375
covtype_binary_20000,41,300,layer_0,546,c9: Soil_Type_13 IS absent,4.110999584197998
covtype_binary_20000,41,301,layer_0,353,c5: Soil_Type_32 IS present,4.104156970977783
covtype_binary_20000,41,302,layer_1,350,c5: projection_4 IS HIGH,4.091818332672119
covtype_binary_20000,41,303,layer_0,647,c10: Hillshade_Noon IS HIGH,4.005898475646973
covtype_binary_20000,41,304,layer_0,181,c3: Horizontal_Distance_To_Hydrology IS MEDIUM,3.978262424468994
covtype_binary_20000,41,305,layer_0,606,c10: Soil_Type_32 IS absent,3.9390146732330322
covtype_binary_20000,41,306,layer_0,21,c0: Wilderness_Area_3 IS absent,3.930483341217041
covtype_binary_20000,41,307,layer_0,524,c8: Soil_Type_33 IS present,3.921593189239502
covtype_binary_20000,41,308,layer_0,369,c6: Hillshade_9am IS LOW,3.9063596725463867
covtype_binary_20000,41,309,layer_0,191,c3: Aspect IS HIGH,3.8754465579986572
covtype_binary_20000,41,310,layer_0,590,c9: Wilderness_Area_3 IS present,3.8611366748809814
covtype_binary_20000,41,311,layer_0,500,c8: Elevation IS HIGH,3.8461825847625732
covtype_binary_20000,41,312,layer_0,32,c0: Wilderness_Area_2 IS present,3.819509506225586
covtype_binary_20000,41,313,layer_0,291,c4: Soil_Type_13 IS absent,3.7940309047698975
covtype_binary_20000,41,314,layer_0,554,c9: Wilderness_Area_3 IS present,3.7848880290985107
covtype_binary_20000,41,315,layer_0,87,c1: Aspect IS LOW,3.7370693683624268
covtype_binary_20000,41,316,layer_1,300,c5: ka_concept_1.c0 IS LOW,3.7007930278778076
covtype_binary_20000,41,317,layer_0,371,c6: Hillshade_9am IS HIGH,3.655071496963501
covtype_binary_20000,41,318,layer_0,435,c7: Soil_Type_2 IS absent,3.6441025733947754
covtype_binary_20000,41,319,layer_0,305,c5: Wilderness_Area_1 IS present,3.588470935821533
covtype_binary_20000,41,320,layer_0,645,c10: Hillshade_Noon IS LOW,3.5810210704803467
covtype_binary_20000,41,321,layer_0,309,c5: Vertical_Distance_To_Hydrology IS LOW,3.565383195877075
covtype_binary_20000,41,322,layer_0,297,c4: Wilderness_Area_3 IS absent,3.4955670833587646
covtype_binary_20000,41,323,layer_0,65,c1: Wilderness_Area_1 IS present,3.4542148113250732
covtype_binary_20000,41,324,projection_layer,3,"pursuit_1(Elevation, Vertical_Distance_To_Hydrology, Soil_Type_40, Soil_Type_6) IS LOW",3.4376275539398193
covtype_binary_20000,41,325,layer_1,60,c1: ka_concept_1.c0 IS LOW,3.3930068016052246
covtype_binary_20000,41,326,layer_0,288,c4: Wilderness_Area_1 IS absent,3.3071634769439697
covtype_binary_20000,41,327,layer_0,612,c10: Wilderness_Area_2 IS absent,3.30527663230896
covtype_binary_20000,41,328,layer_1,203,c3: ka_concept_1.c7 IS HIGH,3.2270162105560303
covtype_binary_20000,41,329,layer_0,165,c2: Hillshade_9am IS LOW,3.1973018646240234
covtype_binary_20000,41,330,layer_0,432,c7: Wilderness_Area_4 IS absent,3.152911424636841
covtype_binary_20000,41,331,layer_0,375,c6: Soil_Type_4 IS absent,3.148956060409546
covtype_binary_20000,41,332,layer_0,641,c10: Wilderness_Area_3 IS present,3.1028831005096436
covtype_binary_20000,41,333,layer_0,393,c6: Soil_Type_13 IS absent,3.09080171585083
covtype_binary_20000,41,334,layer_0,341,c5: Wilderness_Area_1 IS present,3.07468843460083
covtype_binary_20000,41,335,layer_0,338,c5: Slope IS HIGH,3.0618488788604736
covtype_binary_20000,41,336,layer_0,605,c10: Wilderness_Area_3 IS present,3.005568265914917
covtype_binary_20000,41,337,layer_0,609,c10: Horizontal_Distance_To_Roadways IS LOW,2.9726920127868652
covtype_binary_20000,41,338,layer_0,107,c1: Vertical_Distance_To_Hydrology IS HIGH,2.932521104812622
covtype_binary_20000,41,339,layer_0,578,c9: Horizontal_Distance_To_Hydrology IS HIGH,2.903167247772217
covtype_binary_20000,41,340,layer_0,167,c2: Hillshade_9am IS HIGH,2.8800530433654785
covtype_binary_20000,41,341,layer_0,557,c9: Soil_Type_32 IS present,2.824702501296997
covtype_binary_20000,41,342,layer_0,200,c3: Hillshade_Noon IS HIGH,2.82131028175354
covtype_binary_20000,41,343,layer_0,23,c0: Wilderness_Area_3 IS present,2.818340539932251
covtype_binary_20000,41,344,layer_0,146,c2: Soil_Type_29 IS present,2.8179354667663574
covtype_binary_20000,41,345,layer_0,314,c5: Wilderness_Area_3 IS present,2.8009824752807617
covtype_binary_20000,41,346,layer_0,561,c9: Wilderness_Area_2 IS absent,2.7679362297058105
covtype_binary_20000,41,347,layer_0,357,c5: Wilderness_Area_2 IS absent,2.7559967041015625
covtype_binary_20000,41,348,layer_0,230,c3: Wilderness_Area_4 IS present,2.7072694301605225
covtype_binary_20000,41,349,layer_0,194,c3: Wilderness_Area_4 IS present,2.7060744762420654
covtype_binary_20000,41,350,layer_0,648,c10: Wilderness_Area_2 IS absent,2.6821696758270264
covtype_binary_20000,41,351,projection_layer,19,"pursuit_6(Horizontal_Distance_To_Roadways, Soil_Type_38, Wilderness_Area_2, Soil_Type_18) IS MEDIUM",2.6793367862701416
covtype_binary_20000,41,352,layer_0,630,c10: Wilderness_Area_1 IS absent,2.6666862964630127
covtype_binary_20000,41,353,layer_0,70,c1: Horizontal_Distance_To_Fire_Points IS MEDIUM,2.642915725708008
covtype_binary_20000,41,354,layer_1,336,c5: projection_0 IS LOW,2.637805223464966
covtype_binary_20000,41,355,layer_1,324,c5: ka_concept_1.c8 IS LOW,2.6366000175476074
covtype_binary_20000,41,356,layer_1,201,c3: ka_concept_1.c7 IS LOW,2.598505973815918
covtype_binary_20000,41,357,layer_0,366,c6: Soil_Type_40 IS absent,2.57511043548584
covtype_binary_20000,41,358,projection_layer,21,"pursuit_7(Aspect, Soil_Type_39, Soil_Type_2, Soil_Type_5) IS LOW",2.56404972076416
covtype_binary_20000,41,359,layer_0,542,c9: Slope IS HIGH,2.542294502258301
covtype_binary_20000,41,360,layer_0,95,c1: Soil_Type_29 IS present,2.5263900756835938
covtype_binary_20000,41,361,layer_0,468,c7: Wilderness_Area_4 IS absent,2.511439561843872
covtype_binary_20000,41,362,layer_0,302,c5: Hillshade_Noon IS HIGH,2.474256753921509
covtype_binary_20000,41,363,layer_0,98,c1: Hillshade_Noon IS HIGH,2.4640419483184814
covtype_binary_20000,41,364,layer_1,84,c1: ka_concept_1.c8 IS LOW,2.3590869903564453
covtype_binary_20000,41,365,layer_1,304,c5: ka_concept_1.c1 IS MEDIUM,2.3397018909454346
covtype_binary_20000,41,366,layer_0,248,c4: Soil_Type_29 IS present,2.3360321521759033
covtype_binary_20000,41,367,layer_1,114,c1: projection_6 IS LOW,2.277461051940918
covtype_binary_20000,41,368,layer_0,260,c4: Vertical_Distance_To_Hydrology IS HIGH,2.2609353065490723
covtype_binary_20000,41,369,layer_0,494,c8: Wilderness_Area_1 IS present,2.258730888366699
covtype_binary_20000,41,370,layer_0,455,c7: Soil_Type_32 IS present,2.2585291862487793
covtype_binary_20000,41,371,layer_0,277,c4: Hillshade_3pm IS MEDIUM,2.2500054836273193
covtype_binary_20000,41,372,layer_0,139,c2: Aspect IS MEDIUM,2.207594156265259
covtype_binary_20000,41,373,layer_0,657,c10: Wilderness_Area_4 IS absent,2.1863934993743896
covtype_binary_20000,41,374,layer_0,242,c4: Aspect IS HIGH,2.1330888271331787
covtype_binary_20000,41,375,layer_0,29,c0: Horizontal_Distance_To_Hydrology IS HIGH,2.130131244659424
covtype_binary_20000,41,376,layer_0,81,c1: Wilderness_Area_2 IS absent,2.0827994346618652
covtype_binary_20000,41,377,layer_0,344,c5: Soil_Type_13 IS present,2.0770862102508545
covtype_binary_20000,41,378,layer_1,309,c5: ka_concept_1.c3 IS LOW,2.064720392227173
covtype_binary_20000,41,379,layer_0,501,c8: Wilderness_Area_3 IS absent,2.0627992153167725
covtype_binary_20000,41,380,layer_1,323,c5: ka_concept_1.c7 IS HIGH,2.053375482559204
covtype_binary_20000,41,381,layer_0,446,c7: Soil_Type_13 IS present,2.051755428314209
covtype_binary_20000,41,382,layer_0,475,c7: Horizontal_Distance_To_Hydrology IS MEDIUM,2.0095677375793457
covtype_binary_20000,41,383,layer_0,56,c0: Vertical_Distance_To_Hydrology IS HIGH,2.009556531906128
covtype_binary_20000,41,384,layer_0,320,c5: Hillshade_9am IS HIGH,2.0018723011016846
covtype_binary_20000,41,385,layer_0,8,c0: Soil_Type_12 IS present,1.9850159883499146
covtype_binary_20000,41,386,layer_0,530,c8: Wilderness_Area_1 IS present,1.971621036529541
covtype_binary_20000,41,387,layer_0,301,c5: Hillshade_Noon IS MEDIUM,1.9598767757415771
covtype_binary_20000,41,388,layer_0,257,c4: Soil_Type_23 IS present,1.9495270252227783
covtype_binary_20000,41,389,layer_0,72,c1: Wilderness_Area_3 IS absent,1.911571979522705
covtype_binary_20000,41,390,layer_1,96,c1: projection_0 IS LOW,1.90815007686615
covtype_binary_20000,41,391,layer_0,425,c7: Wilderness_Area_2 IS present,1.8978018760681152
covtype_binary_20000,41,392,layer_0,93,c1: Soil_Type_29 IS absent,1.8756786584854126
covtype_binary_20000,41,393,layer_0,570,c9: Wilderness_Area_4 IS absent,1.8609752655029297
covtype_binary_20000,41,394,layer_0,380,c6: Hillshade_3pm IS HIGH,1.8530056476593018
covtype_binary_20000,41,395,layer_1,216,c3: projection_0 IS LOW,1.847501516342163
covtype_binary_20000,41,396,layer_0,636,c10: Aspect IS LOW,1.8388957977294922
covtype_binary_20000,41,397,layer_0,413,c6: Soil_Type_30 IS present,1.806218147277832
covtype_binary_20000,41,398,layer_0,715,c11: Hillshade_9am IS MEDIUM,1.8046269416809082
covtype_binary_20000,41,399,layer_0,705,c11: Vertical_Distance_To_Hydrology IS LOW,1.7948710918426514
covtype_binary_20000,41,400,layer_1,197,c3: ka_concept_1.c5 IS HIGH,1.7916761636734009
covtype_binary_20000,41,401,layer_0,185,c3: Wilderness_Area_2 IS present,1.7911198139190674
covtype_binary_20000,41,402,layer_0,268,c4: Hillshade_9am IS MEDIUM,1.7880085706710815
covtype_binary_20000,41,403,layer_0,611,c10: Horizontal_Distance_To_Roadways IS HIGH,1.7685141563415527
covtype_binary_20000,41,404,layer_0,59,c0: Wilderness_Area_3 IS present,1.757727026939392
covtype_binary_20000,41,405,layer_0,90,c1: Wilderness_Area_4 IS absent,1.7557064294815063
covtype_binary_20000,41,406,layer_0,584,c9: Soil_Type_24 IS present,1.748272180557251
covtype_binary_20000,41,407,layer_0,716,c11: Hillshade_9am IS HIGH,1.742892861366272
covtype_binary_20000,41,408,layer_1,72,c1: ka_concept_1.c4 IS LOW,1.7346802949905396
covtype_binary_20000,41,409,layer_0,464,c7: Soil_Type_30 IS present,1.7323150634765625
covtype_binary_20000,41,410,layer_0,114,c1: Hillshade_9am IS LOW,1.7316855192184448
covtype_binary_20000,41,411,layer_0,284,c4: Soil_Type_2 IS present,1.7161602973937988
covtype_binary_20000,41,412,layer_0,221,c3: Wilderness_Area_2 IS present,1.708549976348877
covtype_binary_20000,41,413,layer_0,259,c4: Vertical_Distance_To_Hydrology IS MEDIUM,1.7032843828201294
covtype_binary_20000,41,414,layer_0,569,c9: Horizontal_Distance_To_Fire_Points IS HIGH,1.6945706605911255
covtype_binary_20000,41,415,layer_1,71,c1: ka_concept_1.c3 IS HIGH,1.6933655738830566
covtype_binary_20000,41,416,layer_0,434,c7: Wilderness_Area_4 IS present,1.69212806224823
covtype_binary_20000,41,417,layer_0,216,c3: Hillshade_9am IS LOW,1.6819669008255005
covtype_binary_20000,41,418,layer_0,5,c0: Wilderness_Area_4 IS present,1.6640526056289673
covtype_binary_20000,41,419,layer_0,350,c5: Wilderness_Area_3 IS present,1.599818468093872
covtype_binary_20000,41,420,layer_1,303,c5: ka_concept_1.c1 IS LOW,1.5734885931015015
covtype_binary_20000,41,421,layer_0,243,c4: Wilderness_Area_4 IS absent,1.5652066469192505
covtype_binary_20000,41,422,layer_0,26,c0: Soil_Type_39 IS present,1.5436276197433472
covtype_binary_20000,41,423,layer_0,461,c7: Wilderness_Area_2 IS present,1.5421422719955444
covtype_binary_20000,41,424,layer_0,540,c9: Slope IS LOW,1.540158748626709
covtype_binary_20000,41,425,layer_0,41,c0: Wilderness_Area_4 IS present,1.5347464084625244
covtype_binary_20000,41,426,projection_layer,16,"pursuit_5(Hillshade_9am, Wilderness_Area_1, Soil_Type_10, Soil_Type_32) IS MEDIUM",1.5299663543701172
covtype_binary_20000,41,427,layer_1,301,c5: ka_concept_1.c0 IS MEDIUM,1.52778959274292
covtype_binary_20000,41,428,layer_0,53,c0: Soil_Type_23 IS present,1.5213083028793335
covtype_binary_20000,41,429,layer_0,632,c10: Wilderness_Area_1 IS present,1.5116201639175415
covtype_binary_20000,41,430,layer_0,224,c3: Soil_Type_4 IS present,1.5036327838897705
covtype_binary_20000,41,431,layer_0,279,c4: Wilderness_Area_4 IS absent,1.4997669458389282
covtype_binary_20000,41,432,layer_0,108,c1: Wilderness_Area_3 IS absent,1.4949746131896973
covtype_binary_20000,41,433,layer_0,372,c6: Wilderness_Area_2 IS absent,1.4861023426055908
covtype_binary_20000,41,434,layer_0,275,c4: Soil_Type_4 IS present,1.4718177318572998
covtype_binary_20000,41,435,layer_1,185,c3: ka_concept_1.c1 IS HIGH,1.4624441862106323
covtype_binary_20000,41,436,layer_1,257,c4: ka_concept_1.c5 IS HIGH,1.4611856937408447
covtype_binary_20000,41,437,projection_layer,17,"pursuit_5(Hillshade_9am, Wilderness_Area_1, Soil_Type_10, Soil_Type_32) IS HIGH",1.4288125038146973
covtype_binary_20000,41,438,layer_0,688,c11: Aspect IS MEDIUM,1.4133596420288086
covtype_binary_20000,41,439,layer_1,318,c5: ka_concept_1.c6 IS LOW,1.4090299606323242
covtype_binary_20000,41,440,layer_0,330,c5: Wilderness_Area_4 IS absent,1.4040659666061401
covtype_binary_20000,41,441,layer_1,321,c5: ka_concept_1.c7 IS LOW,1.386891484260559
covtype_binary_20000,41,442,layer_0,326,c5: Soil_Type_4 IS present,1.3518867492675781
covtype_binary_20000,41,443,layer_0,327,c5: Hillshade_3pm IS LOW,1.3503611087799072
covtype_binary_20000,41,444,layer_0,470,c7: Wilderness_Area_4 IS present,1.344232201576233
covtype_binary_20000,41,445,layer_0,252,c4: Wilderness_Area_1 IS absent,1.333217740058899
covtype_binary_20000,41,446,layer_0,362,c6: Vertical_Distance_To_Hydrology IS HIGH,1.326205849647522
covtype_binary_20000,41,447,layer_0,698,c11: Hillshade_Noon IS HIGH,1.3057619333267212
covtype_binary_20000,41,448,layer_0,209,c3: Vertical_Distance_To_Hydrology IS HIGH,1.3033713102340698
covtype_binary_20000,41,449,layer_1,183,c3: ka_concept_1.c1 IS LOW,1.302114725112915
covtype_binary_20000,41,450,layer_0,670,c11: Horizontal_Distance_To_Fire_Points IS MEDIUM,1.2876611948013306
covtype_binary_20000,41,451,layer_1,264,c4: ka_concept_1.c8 IS LOW,1.2611969709396362
covtype_binary_20000,41,452,layer_0,473,c7: Soil_Type_33 IS present,1.2599053382873535
covtype_binary_20000,41,453,layer_0,197,c3: Soil_Type_29 IS present,1.2407633066177368
covtype_binary_20000,41,454,layer_0,545,c9: Wilderness_Area_1 IS present,1.2347095012664795
covtype_binary_20000,41,455,layer_0,560,c9: Horizontal_Distance_To_Roadways IS HIGH,1.2295907735824585
covtype_binary_20000,41,456,layer_1,314,c5: ka_concept_1.c4 IS HIGH,1.2270087003707886
covtype_binary_20000,41,457,projection_layer,14,"pursuit_4(Horizontal_Distance_To_Hydrology, Soil_Type_22, Soil_Type_30, Soil_Type_35) IS HIGH",1.2261794805526733
covtype_binary_20000,41,458,layer_0,68,c1: Soil_Type_22 IS present,1.2171871662139893
covtype_binary_20000,41,459,layer_0,381,c6: Wilderness_Area_4 IS absent,1.2126169204711914
covtype_binary_20000,41,460,layer_0,290,c4: Wilderness_Area_1 IS present,1.2054821252822876
covtype_binary_20000,41,461,layer_0,653,c10: Soil_Type_31 IS present,1.197975754737854
covtype_binary_20000,41,462,layer_0,697,c11: Hillshade_Noon IS MEDIUM,1.197938323020935
covtype_binary_20000,41,463,layer_0,621,c10: Wilderness_Area_4 IS absent,1.1936383247375488
covtype_binary_20000,41,464,layer_1,234,c3: projection_6 IS LOW,1.189823865890503
covtype_binary_20000,41,465,layer_1,78,c1: ka_concept_1.c6 IS LOW,1.187215805053711
covtype_binary_20000,41,466,layer_1,4,c0: ka_concept_1.c1 IS MEDIUM,1.1666429042816162
covtype_binary_20000,41,467,layer_1,198,c3: ka_concept_1.c6 IS LOW,1.1352381706237793
covtype_binary_20000,41,468,layer_1,349,c5: projection_4 IS MEDIUM,1.130426049232483
covtype_binary_20000,41,469,layer_1,337,c5: projection_0 IS MEDIUM,1.1199582815170288
covtype_binary_20000,41,470,layer_1,339,c5: projection_1 IS LOW,1.1180387735366821
covtype_binary_20000,41,471,layer_1,225,c3: projection_3 IS LOW,1.1158586740493774
covtype_binary_20000,41,472,layer_0,533,c8: Soil_Type_24 IS present,1.1135016679763794
covtype_binary_20000,41,473,layer_0,566,c9: Soil_Type_30 IS present,1.1055949926376343
covtype_binary_20000,41,474,layer_1,312,c5: ka_concept_1.c4 IS LOW,1.0964443683624268
covtype_binary_20000,41,475,layer_0,428,c7: Soil_Type_4 IS present,1.0882883071899414
covtype_binary_20000,41,476,layer_1,90,c1: ka_concept_1.c10 IS LOW,1.0873777866363525
covtype_binary_20000,41,477,layer_1,276,c4: projection_0 IS LOW,1.0765869617462158
covtype_binary_20000,41,478,layer_1,0,c0: ka_concept_1.c0 IS LOW,1.0375280380249023
covtype_binary_20000,41,479,layer_0,693,c11: Soil_Type_11 IS absent,1.0355290174484253
covtype_binary_20000,41,480,layer_1,229,c3: projection_4 IS MEDIUM,1.0330582857131958
covtype_binary_20000,41,481,layer_1,83,c1: ka_concept_1.c7 IS HIGH,1.0217664241790771
covtype_binary_20000,41,482,layer_0,696,c11: Hillshade_Noon IS LOW,1.0114234685897827
covtype_binary_20000,41,483,layer_0,623,c10: Wilderness_Area_4 IS present,1.009342908859253
covtype_binary_20000,41,484,layer_0,141,c2: Wilderness_Area_4 IS absent,1.009166955947876
covtype_binary_20000,41,485,layer_0,659,c10: Wilderness_Area_4 IS present,1.008414387702942
covtype_binary_20000,41,486,layer_1,182,c3: ka_concept_1.c0 IS HIGH,1.0080024003982544
covtype_binary_20000,41,487,layer_1,230,c3: projection_4 IS HIGH,1.0015231370925903
covtype_binary_20000,41,488,layer_0,128,c2: Soil_Type_39 IS present,1.000632643699646
covtype_binary_20000,41,489,layer_0,485,c8: Wilderness_Area_4 IS present,0.9875715374946594
covtype_binary_20000,41,490,layer_0,521,c8: Wilderness_Area_4 IS present,0.9864334464073181
covtype_binary_20000,41,491,layer_1,180,c3: ka_concept_1.c0 IS LOW,0.9816130995750427
covtype_binary_20000,41,492,layer_0,437,c7: Soil_Type_2 IS present,0.969930112361908
covtype_binary_20000,41,493,layer_0,113,c1: Soil_Type_40 IS present,0.9533958435058594
covtype_binary_20000,41,494,layer_1,358,c5: projection_7 IS MEDIUM,0.9520111680030823
covtype_binary_20000,41,495,layer_1,63,c1: ka_concept_1.c1 IS LOW,0.9470186233520508
covtype_binary_20000,41,496,layer_0,638,c10: Aspect IS HIGH,0.9463590383529663
covtype_binary_20000,41,497,layer_0,348,c5: Wilderness_Area_3 IS absent,0.9430896043777466
covtype_binary_20000,41,498,layer_0,117,c1: Wilderness_Area_2 IS absent,0.9358593821525574
covtype_binary_20000,41,499,layer_1,240,c4: ka_concept_1.c0 IS LOW,0.9254594445228577
covtype_binary_20000,41,500,layer_1,306,c5: ka_concept_1.c2 IS LOW,0.9235202074050903
covtype_binary_20000,41,501,projection_layer,8,"pursuit_2(Hillshade_Noon, Wilderness_Area_4, Soil_Type_23, Soil_Type_11) IS HIGH",0.9100182056427002
covtype_binary_20000,41,502,layer_0,86,c1: Soil_Type_38 IS present,0.9060502648353577
covtype_binary_20000,41,503,layer_0,158,c2: Vertical_Distance_To_Hydrology IS HIGH,0.9057487845420837
covtype_binary_20000,41,504,layer_0,285,c4: Slope IS LOW,0.9053913354873657
covtype_binary_20000,41,505,layer_0,699,c11: Wilderness_Area_2 IS absent,0.8962664604187012
covtype_binary_20000,41,506,layer_0,608,c10: Soil_Type_32 IS present,0.8930191993713379
covtype_binary_20000,41,507,layer_1,252,c4: ka_concept_1.c4 IS LOW,0.8841311931610107
covtype_binary_20000,41,508,layer_0,195,c3: Soil_Type_29 IS absent,0.8798104524612427
covtype_binary_20000,41,509,layer_1,243,c4: ka_concept_1.c1 IS LOW,0.8697362542152405
covtype_binary_20000,41,510,layer_1,49,c0: projection_4 IS MEDIUM,0.869311511516571
covtype_binary_20000,41,511,layer_1,116,c1: projection_6 IS HIGH,0.8583769798278809
covtype_binary_20000,41,512,layer_0,679,c11: Horizontal_Distance_To_Hydrology IS MEDIUM,0.8533881902694702
covtype_binary_20000,41,513,layer_0,711,c11: Soil_Type_10 IS absent,0.8476873636245728
covtype_binary_20000,41,514,layer_1,263,c4: ka_concept_1.c7 IS HIGH,0.845207691192627
covtype_binary_20000,41,515,layer_1,75,c1: ka_concept_1.c5 IS LOW,0.8433290123939514
covtype_binary_20000,41,516,layer_0,264,c4: Soil_Type_40 IS absent,0.8368092179298401
covtype_binary_20000,41,517,layer_1,82,c1: ka_concept_1.c7 IS MEDIUM,0.8323842883110046
covtype_binary_20000,41,518,layer_0,620,c10: Horizontal_Distance_To_Fire_Points IS HIGH,0.8247193098068237
covtype_binary_20000,41,519,layer_1,235,c3: projection_6 IS MEDIUM,0.8168187141418457
covtype_binary_20000,41,520,layer_0,663,c11: Wilderness_Area_2 IS absent,0.8138033747673035
covtype_binary_20000,41,521,layer_1,8,c0: ka_concept_1.c2 IS HIGH,0.8038537502288818
covtype_binary_20000,41,522,layer_0,92,c1: Wilderness_Area_4 IS present,0.791569173336029
covtype_binary_20000,41,523,layer_0,617,c10: Soil_Type_30 IS present,0.7893244624137878
covtype_binary_20000,41,524,layer_1,37,c0: projection_0 IS MEDIUM,0.7863811254501343
covtype_binary_20000,41,525,layer_0,626,c10: Soil_Type_33 IS present,0.7853886485099792
covtype_binary_20000,41,526,layer_1,210,c3: ka_concept_1.c10 IS LOW,0.7718034386634827
covtype_binary_20000,41,527,layer_1,62,c1: ka_concept_1.c0 IS HIGH,0.7584776282310486
covtype_binary_20000,41,528,layer_0,311,c5: Vertical_Distance_To_Hydrology IS HIGH,0.7583364248275757
covtype_binary_20000,41,529,layer_0,137,c2: Soil_Type_38 IS present,0.757991373538971
covtype_binary_20000,41,530,layer_0,671,c11: Horizontal_Distance_To_Fire_Points IS HIGH,0.7510215044021606
covtype_binary_20000,41,531,layer_1,36,c0: projection_0 IS LOW,0.7500033974647522
covtype_binary_20000,41,532,layer_1,189,c3: ka_concept_1.c3 IS LOW,0.747789204120636
covtype_binary_20000,41,533,layer_1,315,c5: ka_concept_1.c5 IS LOW,0.737291693687439
covtype_binary_20000,41,534,layer_0,110,c1: Wilderness_Area_3 IS present,0.7285022735595703
covtype_binary_20000,41,535,layer_1,97,c1: projection_0 IS MEDIUM,0.7282447218894958
covtype_binary_20000,41,536,layer_0,180,c3: Horizontal_Distance_To_Hydrology IS LOW,0.7246357202529907
covtype_binary_20000,41,537,layer_1,345,c5: projection_3 IS LOW,0.7227203845977783
covtype_binary_20000,41,538,layer_0,675,c11: Soil_Type_33 IS absent,0.717930257320404
covtype_binary_20000,41,539,layer_1,77,c1: ka_concept_1.c5 IS HIGH,0.7176564335823059
covtype_binary_20000,41,540,layer_1,118,c1: projection_7 IS MEDIUM,0.7106322646141052
covtype_binary_20000,41,541,layer_0,134,c2: Wilderness_Area_2 IS present,0.7047573924064636
covtype_binary_20000,41,542,layer_0,170,c2: Wilderness_Area_2 IS present,0.7013912200927734
covtype_binary_20000,41,543,layer_1,190,c3: ka_concept_1.c3 IS MEDIUM,0.6963049173355103
covtype_binary_20000,41,544,layer_0,614,c10: Wilderness_Area_2 IS present,0.6889625787734985
covtype_binary_20000,41,545,layer_0,650,c10: Wilderness_Area_2 IS present,0.6856493353843689
covtype_binary_20000,41,546,layer_0,104,c1: Soil_Type_23 IS present,0.6853757500648499
covtype_binary_20000,41,547,layer_0,702,c11: Soil_Type_31 IS absent,0.6825024485588074
covtype_binary_20000,41,548,layer_0,286,c4: Slope IS MEDIUM,0.679370105266571
covtype_binary_20000,41,549,layer_0,278,c4: Hillshade_3pm IS HIGH,0.6708971261978149
covtype_binary_20000,41,550,layer_1,310,c5: ka_concept_1.c3 IS MEDIUM,0.6672982573509216
covtype_binary_20000,41,551,layer_0,77,c1: Soil_Type_39 IS present,0.6626872420310974
covtype_binary_20000,41,552,layer_1,354,c5: projection_6 IS LOW,0.6623897552490234
covtype_binary_20000,41,553,layer_1,106,c1: projection_3 IS MEDIUM,0.6566036939620972
covtype_binary_20000,41,554,layer_1,184,c3: ka_concept_1.c1 IS MEDIUM,0.6556800603866577
covtype_binary_20000,41,555,layer_1,226,c3: projection_3 IS MEDIUM,0.6552475690841675
covtype_binary_20000,41,556,layer_0,177,c2: Wilderness_Area_4 IS absent,0.6524527668952942
covtype_binary_20000,41,557,layer_1,54,c0: projection_6 IS LOW,0.6510127186775208
covtype_binary_20000,41,558,layer_1,65,c1: ka_concept_1.c1 IS HIGH,0.6501818895339966
covtype_binary_20000,41,559,layer_1,228,c3: projection_4 IS LOW,0.6376345753669739
covtype_binary_20000,41,560,layer_1,87,c1: ka_concept_1.c9 IS LOW,0.6376038193702698
covtype_binary_20000,41,561,layer_1,3,c0: ka_concept_1.c1 IS LOW,0.6328200697898865
covtype_binary_20000,41,562,layer_1,348,c5: projection_4 IS LOW,0.6286131143569946
covtype_binary_20000,41,563,layer_1,289,c4: projection_4 IS MEDIUM,0.6281315684318542
covtype_binary_20000,41,564,layer_0,488,c8: Soil_Type_2 IS present,0.6210044622421265
covtype_binary_20000,41,565,layer_0,581,c9: Wilderness_Area_1 IS present,0.6188656091690063
covtype_binary_20000,41,566,layer_1,17,c0: ka_concept_1.c5 IS HIGH,0.6140878200531006
covtype_binary_20000,41,567,layer_1,290,c4: projection_4 IS HIGH,0.6051734089851379
covtype_binary_20000,41,568,layer_1,105,c1: projection_3 IS LOW,0.6024475693702698
covtype_binary_20000,41,569,layer_1,102,c1: projection_2 IS LOW,0.6014903783798218
covtype_binary_20000,41,570,layer_1,196,c3: ka_concept_1.c5 IS MEDIUM,0.598556637763977
covtype_binary_20000,41,571,layer_1,262,c4: ka_concept_1.c7 IS MEDIUM,0.5983706712722778
covtype_binary_20000,41,572,layer_0,633,c10: Soil_Type_24 IS absent,0.5959829688072205
covtype_binary_20000,41,573,layer_0,335,c5: Soil_Type_2 IS present,0.5945862531661987
covtype_binary_20000,41,574,layer_1,255,c4: ka_concept_1.c5 IS LOW,0.5942397713661194
covtype_binary_20000,41,575,layer_1,187,c3: ka_concept_1.c2 IS MEDIUM,0.5875916481018066
covtype_binary_20000,41,576,layer_0,332,c5: Wilderness_Area_4 IS present,0.5845643877983093
covtype_binary_20000,41,577,layer_1,70,c1: ka_concept_1.c3 IS MEDIUM,0.5762045979499817
covtype_binary_20000,41,578,layer_1,192,c3: ka_concept_1.c4 IS LOW,0.5667327642440796
covtype_binary_20000,41,579,layer_0,102,c1: Soil_Type_23 IS absent,0.5590628385543823
covtype_binary_20000,41,580,layer_1,68,c1: ka_concept_1.c2 IS HIGH,0.5524927377700806
covtype_binary_20000,41,581,layer_1,6,c0: ka_concept_1.c2 IS LOW,0.5482142567634583
covtype_binary_20000,41,582,layer_0,35,c0: Soil_Type_38 IS present,0.5455926656723022
covtype_binary_20000,41,583,layer_0,678,c11: Horizontal_Distance_To_Hydrology IS LOW,0.5455735325813293
covtype_binary_20000,41,584,layer_0,591,c9: Soil_Type_11 IS absent,0.5447943806648254
covtype_binary_20000,41,585,layer_0,666,c11: Soil_Type_30 IS absent,0.5429487824440002
covtype_binary_20000,41,586,layer_0,644,c10: Soil_Type_11 IS present,0.5396223068237305
covtype_binary_20000,41,587,layer_1,12,c0: ka_concept_1.c4 IS LOW,0.5392665266990662
covtype_binary_20000,41,588,layer_1,18,c0: ka_concept_1.c6 IS LOW,0.5331190228462219
covtype_binary_20000,41,589,layer_1,32,c0: ka_concept_1.c10 IS HIGH,0.5330281257629395
covtype_binary_20000,41,590,layer_0,575,c9: Soil_Type_33 IS present,0.5233418941497803
covtype_binary_20000,41,591,layer_1,317,c5: ka_concept_1.c5 IS HIGH,0.5207489132881165
covtype_binary_20000,41,592,layer_0,708,c11: Wilderness_Area_4 IS absent,0.5203767418861389
covtype_binary_20000,41,593,layer_0,312,c5: Wilderness_Area_3 IS absent,0.5124542117118835
covtype_binary_20000,41,594,layer_1,215,c3: ka_concept_1.c11 IS HIGH,0.5108457207679749
covtype_binary_20000,41,595,projection_layer,11,"pursuit_3(Slope, Soil_Type_12, Soil_Type_13, Soil_Type_1) IS HIGH",0.5096344351768494
covtype_binary_20000,41,596,layer_0,321,c5: Wilderness_Area_2 IS absent,0.5056619644165039
covtype_binary_20000,41,597,projection_layer,7,"pursuit_2(Hillshade_Noon, Wilderness_Area_4, Soil_Type_23, Soil_Type_11) IS MEDIUM",0.5049712061882019
covtype_binary_20000,41,598,layer_1,217,c3: projection_0 IS MEDIUM,0.50364089012146
covtype_binary_20000,41,599,layer_1,258,c4: ka_concept_1.c6 IS LOW,0.5002646446228027
covtype_binary_20000,41,600,layer_0,497,c8: Soil_Type_13 IS present,0.49902239441871643
covtype_binary_20000,41,601,layer_1,261,c4: ka_concept_1.c7 IS LOW,0.48875150084495544
covtype_binary_20000,41,602,layer_0,84,c1: Soil_Type_38 IS absent,0.48219820857048035
covtype_binary_20000,41,603,layer_0,318,c5: Hillshade_9am IS LOW,0.47790002822875977
covtype_binary_20000,41,604,layer_1,247,c4: ka_concept_1.c2 IS MEDIUM,0.46511727571487427
covtype_binary_20000,41,605,layer_1,250,c4: ka_concept_1.c3 IS MEDIUM,0.4639991819858551
covtype_binary_20000,41,606,layer_0,206,c3: Soil_Type_23 IS present,0.45603564381599426
covtype_binary_20000,41,607,layer_1,2,c0: ka_concept_1.c0 IS HIGH,0.45486685633659363
covtype_binary_20000,41,608,layer_0,417,c6: Wilderness_Area_4 IS absent,0.45414289832115173
covtype_binary_20000,41,609,layer_1,11,c0: ka_concept_1.c3 IS HIGH,0.44720613956451416
covtype_binary_20000,41,610,layer_1,95,c1: ka_concept_1.c11 IS HIGH,0.4338313341140747
covtype_binary_20000,41,611,layer_0,563,c9: Wilderness_Area_2 IS present,0.4333447217941284
covtype_binary_20000,41,612,layer_0,599,c9: Wilderness_Area_2 IS present,0.43334463238716125
covtype_binary_20000,41,613,layer_0,662,c11: Horizontal_Distance_To_Roadways IS HIGH,0.4301970899105072
covtype_binary_20000,41,614,layer_1,202,c3: ka_concept_1.c7 IS MEDIUM,0.429531991481781
covtype_binary_20000,41,615,layer_1,30,c0: ka_concept_1.c10 IS LOW,0.42939725518226624
covtype_binary_20000,41,616,layer_0,515,c8: Soil_Type_30 IS present,0.42801326513290405
covtype_binary_20000,41,617,layer_1,248,c4: ka_concept_1.c2 IS HIGH,0.42783302068710327
covtype_binary_20000,41,618,layer_1,244,c4: ka_concept_1.c1 IS MEDIUM,0.4223557114601135
covtype_binary_20000,41,619,layer_0,506,c8: Soil_Type_32 IS present,0.42132946848869324
covtype_binary_20000,41,620,layer_0,684,c11: Soil_Type_24 IS absent,0.4184929132461548
covtype_binary_20000,41,621,layer_1,74,c1: ka_concept_1.c4 IS HIGH,0.40341731905937195
covtype_binary_20000,41,622,layer_1,282,c4: projection_2 IS LOW,0.3976605534553528
covtype_binary_20000,41,623,layer_1,288,c4: projection_4 IS LOW,0.3960942327976227
covtype_binary_20000,41,624,layer_1,307,c5: ka_concept_1.c2 IS MEDIUM,0.3947441875934601
covtype_binary_20000,41,625,layer_0,656,c10: Vertical_Distance_To_Hydrology IS HIGH,0.38832980394363403
covtype_binary_20000,41,626,layer_1,23,c0: ka_concept_1.c7 IS HIGH,0.3813468813896179
covtype_binary_20000,41,627,layer_1,115,c1: projection_6 IS MEDIUM,0.37980517745018005
covtype_binary_20000,41,628,layer_1,39,c0: projection_1 IS LOW,0.3793504238128662
covtype_binary_20000,41,629,layer_0,672,c11: Wilderness_Area_4 IS absent,0.37542733550071716
covtype_binary_20000,41,630,layer_1,204,c3: ka_concept_1.c8 IS LOW,0.3697655498981476
covtype_binary_20000,41,631,layer_0,266,c4: Soil_Type_40 IS present,0.36901986598968506
covtype_binary_20000,41,632,layer_0,689,c11: Aspect IS HIGH,0.36320486664772034
covtype_binary_20000,41,633,layer_0,714,c11: Hillshade_9am IS LOW,0.36224231123924255
covtype_binary_20000,41,634,layer_1,346,c5: projection_3 IS MEDIUM,0.3622211813926697
covtype_binary_20000,41,635,layer_1,10,c0: ka_concept_1.c3 IS MEDIUM,0.35487931966781616
covtype_binary_20000,41,636,layer_0,233,c3: Soil_Type_2 IS present,0.3544638752937317
covtype_binary_20000,41,637,layer_1,31,c0: ka_concept_1.c10 IS MEDIUM,0.35414832830429077
covtype_binary_20000,41,638,layer_1,66,c1: ka_concept_1.c2 IS LOW,0.3541436493396759
covtype_binary_20000,41,639,layer_1,219,c3: projection_1 IS LOW,0.35387444496154785
covtype_binary_20000,41,640,layer_0,281,c4: Wilderness_Area_4 IS present,0.3522941768169403
covtype_binary_20000,41,641,layer_1,207,c3: ka_concept_1.c9 IS LOW,0.3509661555290222
covtype_binary_20000,41,642,layer_1,256,c4: ka_concept_1.c5 IS MEDIUM,0.35055282711982727
covtype_binary_20000,41,643,layer_1,351,c5: projection_5 IS LOW,0.34903937578201294
covtype_binary_20000,41,644,layer_1,327,c5: ka_concept_1.c9 IS LOW,0.34872737526893616
covtype_binary_20000,41,645,layer_1,311,c5: ka_concept_1.c3 IS HIGH,0.3463912010192871
covtype_binary_20000,41,646,layer_1,64,c1: ka_concept_1.c1 IS MEDIUM,0.3455812633037567
covtype_binary_20000,41,647,layer_0,543,c9: Wilderness_Area_1 IS absent,0.34408268332481384
covtype_binary_20000,41,648,layer_1,199,c3: ka_concept_1.c6 IS MEDIUM,0.3422410786151886
covtype_binary_20000,41,649,layer_1,195,c3: ka_concept_1.c5 IS LOW,0.33767300844192505
covtype_binary_20000,41,650,layer_1,200,c3: ka_concept_1.c6 IS HIGH,0.33388763666152954
covtype_binary_20000,41,651,layer_1,24,c0: ka_concept_1.c8 IS LOW,0.3327717185020447
covtype_binary_20000,41,652,layer_1,357,c5: projection_7 IS LOW,0.332470178604126
covtype_binary_20000,41,653,layer_1,9,c0: ka_concept_1.c3 IS LOW,0.3273122310638428
covtype_binary_20000,41,654,layer_0,661,c11: Horizontal_Distance_To_Roadways IS MEDIUM,0.32675471901893616
covtype_binary_20000,41,655,layer_1,340,c5: projection_1 IS MEDIUM,0.3256339728832245
covtype_binary_20000,41,656,layer_1,241,c4: ka_concept_1.c0 IS MEDIUM,0.3245967924594879
covtype_binary_20000,41,657,layer_1,295,c4: projection_6 IS MEDIUM,0.32399478554725647
covtype_binary_20000,41,658,layer_0,374,c6: Wilderness_Area_2 IS present,0.3236319124698639
covtype_binary_20000,41,659,layer_0,410,c6: Wilderness_Area_2 IS present,0.32363149523735046
covtype_binary_20000,41,660,layer_1,222,c3: projection_2 IS LOW,0.3203522264957428
covtype_binary_20000,41,661,layer_1,242,c4: ka_concept_1.c0 IS HIGH,0.3177781403064728
covtype_binary_20000,41,662,layer_0,179,c2: Wilderness_Area_4 IS present,0.3173094093799591
covtype_binary_20000,41,663,layer_0,143,c2: Wilderness_Area_4 IS present,0.3173017203807831
covtype_binary_20000,41,664,layer_1,211,c3: ka_concept_1.c10 IS MEDIUM,0.3167599141597748
covtype_binary_20000,41,665,layer_0,152,c2: Wilderness_Area_1 IS present,0.3149360716342926
covtype_binary_20000,41,666,layer_1,335,c5: ka_concept_1.c11 IS HIGH,0.3143729567527771
covtype_binary_20000,41,667,layer_1,254,c4: ka_concept_1.c4 IS HIGH,0.3078044056892395
covtype_binary_20000,41,668,layer_0,333,c5: Soil_Type_2 IS absent,0.3071914613246918
covtype_binary_20000,41,669,layer_0,162,c2: Soil_Type_40 IS absent,0.30625027418136597
covtype_binary_20000,41,670,layer_0,254,c4: Wilderness_Area_1 IS present,0.30571943521499634
covtype_binary_20000,41,671,layer_1,294,c4: projection_6 IS LOW,0.30560725927352905
covtype_binary_20000,41,672,layer_1,275,c4: ka_concept_1.c11 IS HIGH,0.30266350507736206
covtype_binary_20000,41,673,layer_0,548,c9: Soil_Type_13 IS present,0.300650954246521
covtype_binary_20000,41,674,layer_1,181,c3: ka_concept_1.c0 IS MEDIUM,0.29769599437713623
covtype_binary_20000,41,675,layer_1,277,c4: projection_0 IS MEDIUM,0.2949107587337494
covtype_binary_20000,41,676,layer_1,100,c1: projection_1 IS MEDIUM,0.28951820731163025
covtype_binary_20000,41,677,layer_0,680,c11: Horizontal_Distance_To_Hydrology IS HIGH,0.28763076663017273
covtype_binary_20000,41,678,layer_1,325,c5: ka_concept_1.c8 IS MEDIUM,0.2851555049419403
covtype_binary_20000,41,679,layer_1,14,c0: ka_concept_1.c4 IS HIGH,0.2848392426967621
covtype_binary_20000,41,680,layer_1,246,c4: ka_concept_1.c2 IS LOW,0.27937808632850647
covtype_binary_20000,41,681,layer_1,61,c1: ka_concept_1.c0 IS MEDIUM,0.27840152382850647
covtype_binary_20000,41,682,layer_1,236,c3: projection_6 IS HIGH,0.27670523524284363
covtype_binary_20000,41,683,layer_1,22,c0: ka_concept_1.c7 IS MEDIUM,0.27407512068748474
covtype_binary_20000,41,684,layer_0,293,c4: Soil_Type_13 IS present,0.26752084493637085
covtype_binary_20000,41,685,layer_1,48,c0: projection_4 IS LOW,0.26628103852272034
covtype_binary_20000,41,686,layer_1,81,c1: ka_concept_1.c7 IS LOW,0.2565087676048279
covtype_binary_20000,41,687,layer_1,76,c1: ka_concept_1.c5 IS MEDIUM,0.25486451387405396
covtype_binary_20000,41,688,layer_0,359,c5: Wilderness_Area_2 IS present,0.2542555034160614
covtype_binary_20000,41,689,layer_1,92,c1: ka_concept_1.c10 IS HIGH,0.25415048003196716
covtype_binary_20000,41,690,projection_layer,6,"pursuit_2(Hillshade_Noon, Wilderness_Area_4, Soil_Type_23, Soil_Type_11) IS LOW",0.25401437282562256
covtype_binary_20000,41,691,layer_0,323,c5: Wilderness_Area_2 IS present,0.25337451696395874
covtype_binary_20000,41,692,layer_1,50,c0: projection_4 IS HIGH,0.251444935798645
covtype_binary_20000,41,693,layer_1,322,c5: ka_concept_1.c7 IS MEDIUM,0.24865320324897766
covtype_binary_20000,41,694,layer_0,579,c9: Wilderness_Area_1 IS absent,0.24454288184642792
covtype_binary_20000,41,695,layer_1,218,c3: projection_0 IS HIGH,0.2425292581319809
covtype_binary_20000,41,696,layer_0,377,c6: Soil_Type_4 IS present,0.2387526035308838
covtype_binary_20000,41,697,layer_1,186,c3: ka_concept_1.c2 IS LOW,0.23855985701084137
covtype_binary_20000,41,698,layer_0,386,c6: Soil_Type_2 IS present,0.23211203515529633
covtype_binary_20000,41,699,layer_1,272,c4: ka_concept_1.c10 IS HIGH,0.22948618233203888
covtype_binary_20000,41,700,layer_0,690,c11: Wilderness_Area_3 IS absent,0.22928011417388916
covtype_binary_20000,41,701,layer_0,9,c0: Horizontal_Distance_To_Roadways IS LOW,0.2250010222196579
covtype_binary_20000,41,702,layer_1,109,c1: projection_4 IS MEDIUM,0.22210043668746948
covtype_binary_20000,41,703,layer_0,421,c7: Hillshade_9am IS MEDIUM,0.21858982741832733
covtype_binary_20000,41,704,layer_1,15,c0: ka_concept_1.c5 IS LOW,0.21827498078346252
covtype_binary_20000,41,705,layer_1,356,c5: projection_6 IS HIGH,0.21741029620170593
covtype_binary_20000,41,706,layer_1,103,c1: projection_2 IS MEDIUM,0.21262483298778534
covtype_binary_20000,41,707,layer_1,193,c3: ka_concept_1.c4 IS MEDIUM,0.20811675488948822
covtype_binary_20000,41,708,layer_1,80,c1: ka_concept_1.c6 IS HIGH,0.20239046216011047
covtype_binary_20000,41,709,layer_1,331,c5: ka_concept_1.c10 IS MEDIUM,0.20122021436691284
covtype_binary_20000,41,710,layer_1,302,c5: ka_concept_1.c0 IS HIGH,0.20033060014247894
covtype_binary_20000,41,711,layer_1,285,c4: projection_3 IS LOW,0.19888156652450562
covtype_binary_20000,41,712,layer_0,512,c8: Wilderness_Area_2 IS present,0.19404417276382446
covtype_binary_20000,41,713,layer_1,110,c1: projection_4 IS HIGH,0.18462055921554565
covtype_binary_20000,41,714,layer_1,88,c1: ka_concept_1.c9 IS MEDIUM,0.1825457364320755
covtype_binary_20000,41,715,layer_1,16,c0: ka_concept_1.c5 IS MEDIUM,0.18023329973220825
covtype_binary_20000,41,716,layer_0,681,c11: Wilderness_Area_1 IS absent,0.17951489984989166
covtype_binary_20000,41,717,layer_1,45,c0: projection_3 IS LOW,0.17574584484100342
covtype_binary_20000,41,718,layer_0,215,c3: Soil_Type_40 IS present,0.17191682755947113
covtype_binary_20000,41,719,layer_1,332,c5: ka_concept_1.c10 IS HIGH,0.16979661583900452
covtype_binary_20000,41,720,layer_1,46,c0: projection_3 IS MEDIUM,0.16776253283023834
covtype_binary_20000,41,721,layer_1,40,c0: projection_1 IS MEDIUM,0.1658029556274414
covtype_binary_20000,41,722,layer_1,265,c4: ka_concept_1.c8 IS MEDIUM,0.1650562733411789
covtype_binary_20000,41,723,layer_1,208,c3: ka_concept_1.c9 IS MEDIUM,0.15869994461536407
covtype_binary_20000,41,724,layer_1,35,c0: ka_concept_1.c11 IS HIGH,0.1578616350889206
covtype_binary_20000,41,725,layer_1,111,c1: projection_5 IS LOW,0.1572616696357727
covtype_binary_20000,41,726,layer_0,337,c5: Slope IS MEDIUM,0.1546878069639206
covtype_binary_20000,41,727,layer_1,1,c0: ka_concept_1.c0 IS MEDIUM,0.1518811583518982
covtype_binary_20000,41,728,layer_1,278,c4: projection_0 IS HIGH,0.15107472240924835
covtype_binary_20000,41,729,layer_1,271,c4: ka_concept_1.c10 IS MEDIUM,0.15032149851322174
covtype_binary_20000,41,730,layer_1,188,c3: ka_concept_1.c2 IS HIGH,0.14948081970214844
covtype_binary_20000,41,731,layer_1,98,c1: projection_0 IS HIGH,0.14704230427742004
covtype_binary_20000,41,732,layer_1,21,c0: ka_concept_1.c7 IS LOW,0.14659857749938965
covtype_binary_20000,41,733,layer_0,272,c4: Wilderness_Area_2 IS present,0.14083951711654663
covtype_binary_20000,41,734,layer_1,279,c4: projection_1 IS LOW,0.13893699645996094
covtype_binary_20000,41,735,layer_0,188,c3: Soil_Type_38 IS present,0.13764901459217072
covtype_binary_20000,41,736,layer_1,38,c0: projection_0 IS HIGH,0.13603946566581726
covtype_binary_20000,41,737,layer_1,7,c0: ka_concept_1.c2 IS MEDIUM,0.13526266813278198
covtype_binary_20000,41,738,layer_1,359,c5: projection_7 IS HIGH,0.134611576795578
covtype_binary_20000,41,739,layer_0,27,c0: Horizontal_Distance_To_Hydrology IS LOW,0.1345076560974121
covtype_binary_20000,41,740,layer_0,74,c1: Wilderness_Area_3 IS present,0.1339329183101654
covtype_binary_20000,41,741,layer_1,99,c1: projection_1 IS LOW,0.1303393691778183
covtype_binary_20000,41,742,layer_0,245,c4: Wilderness_Area_4 IS present,0.13005371391773224
covtype_binary_20000,41,743,layer_1,79,c1: ka_concept_1.c6 IS MEDIUM,0.1270519196987152
covtype_binary_20000,41,744,layer_0,717,c11: Wilderness_Area_1 IS absent,0.12487461417913437
covtype_binary_20000,41,745,layer_0,572,c9: Wilderness_Area_4 IS present,0.12378031760454178
covtype_binary_20000,41,746,layer_1,326,c5: ka_concept_1.c8 IS HIGH,0.12347540259361267
covtype_binary_20000,41,747,layer_1,42,c0: projection_2 IS LOW,0.12175969779491425
covtype_binary_20000,41,748,layer_1,249,c4: ka_concept_1.c3 IS LOW,0.11984055489301682
covtype_binary_20000,41,749,layer_0,593,c9: Soil_Type_11 IS present,0.11647217720746994
covtype_binary_20000,41,750,layer_1,220,c3: projection_1 IS MEDIUM,0.11541319638490677
covtype_binary_20000,41,751,layer_1,51,c0: projection_5 IS LOW,0.11323831230401993
covtype_binary_20000,41,752,layer_1,67,c1: ka_concept_1.c2 IS MEDIUM,0.11064991354942322
covtype_binary_20000,41,753,layer_0,692,c11: Wilderness_Area_3 IS present,0.11004804819822311
covtype_binary_20000,41,754,layer_1,86,c1: ka_concept_1.c8 IS HIGH,0.10991764068603516
covtype_binary_20000,41,755,layer_0,635,c10: Soil_Type_24 IS present,0.10784366726875305
covtype_binary_20000,41,756,layer_0,150,c2: Wilderness_Area_1 IS absent,0.1032542809844017
covtype_binary_20000,41,757,layer_1,305,c5: ka_concept_1.c1 IS HIGH,0.10290667414665222
covtype_binary_20000,41,758,layer_1,286,c4: projection_3 IS MEDIUM,0.10212499648332596
covtype_binary_20000,41,759,layer_1,191,c3: ka_concept_1.c3 IS HIGH,0.10190573334693909
covtype_binary_20000,41,760,layer_1,20,c0: ka_concept_1.c6 IS HIGH,0.0998266190290451
covtype_binary_20000,41,761,layer_1,19,c0: ka_concept_1.c6 IS MEDIUM,0.0990467518568039
covtype_binary_20000,41,762,layer_0,706,c11: Vertical_Distance_To_Hydrology IS MEDIUM,0.09892899543046951
covtype_binary_20000,41,763,layer_0,83,c1: Wilderness_Area_2 IS present,0.09786449372768402
covtype_binary_20000,41,764,layer_1,13,c0: ka_concept_1.c4 IS MEDIUM,0.09728405624628067
covtype_binary_20000,41,765,layer_1,205,c3: ka_concept_1.c8 IS MEDIUM,0.09710542857646942
covtype_binary_20000,41,766,layer_1,308,c5: ka_concept_1.c2 IS HIGH,0.0936543345451355
covtype_binary_20000,41,767,layer_1,5,c0: ka_concept_1.c1 IS HIGH,0.09360752254724503
covtype_binary_20000,41,768,layer_1,25,c0: ka_concept_1.c8 IS MEDIUM,0.09329777210950851
covtype_binary_20000,41,769,layer_1,319,c5: ka_concept_1.c6 IS MEDIUM,0.08908982574939728
covtype_binary_20000,41,770,layer_1,283,c4: projection_2 IS MEDIUM,0.0870809331536293
covtype_binary_20000,41,771,layer_0,317,c5: Soil_Type_40 IS present,0.08449479937553406
covtype_binary_20000,41,772,layer_1,270,c4: ka_concept_1.c10 IS LOW,0.08184059709310532
covtype_binary_20000,41,773,layer_1,296,c4: projection_6 IS HIGH,0.08110728859901428
covtype_binary_20000,41,774,layer_1,57,c0: projection_7 IS LOW,0.08077157288789749
covtype_binary_20000,41,775,layer_1,58,c0: projection_7 IS MEDIUM,0.08063405007123947
covtype_binary_20000,41,776,layer_1,27,c0: ka_concept_1.c9 IS LOW,0.08024358749389648
covtype_binary_20000,41,777,layer_1,101,c1: projection_1 IS HIGH,0.07960347086191177
covtype_binary_20000,41,778,layer_1,237,c3: projection_7 IS LOW,0.07683611661195755
covtype_binary_20000,41,779,layer_0,419,c6: Wilderness_Area_4 IS present,0.07575905323028564
covtype_binary_20000,41,780,layer_1,266,c4: ka_concept_1.c8 IS HIGH,0.07566746324300766
covtype_binary_20000,41,781,layer_1,85,c1: ka_concept_1.c8 IS MEDIUM,0.0753723755478859
covtype_binary_20000,41,782,projection_layer,4,"pursuit_1(Elevation, Vertical_Distance_To_Hydrology, Soil_Type_40, Soil_Type_6) IS MEDIUM",0.06908917427062988
covtype_binary_20000,41,783,layer_1,223,c3: projection_2 IS MEDIUM,0.0687112957239151
covtype_binary_20000,41,784,layer_1,313,c5: ka_concept_1.c4 IS MEDIUM,0.06523939222097397
covtype_binary_20000,41,785,layer_0,719,c11: Wilderness_Area_1 IS present,0.06482987105846405
covtype_binary_20000,41,786,layer_1,245,c4: ka_concept_1.c1 IS HIGH,0.06381858140230179
covtype_binary_20000,41,787,layer_0,687,c11: Aspect IS LOW,0.06285854429006577
covtype_binary_20000,41,788,layer_1,280,c4: projection_1 IS MEDIUM,0.062021560966968536
covtype_binary_20000,41,789,layer_1,206,c3: ka_concept_1.c8 IS HIGH,0.06154407933354378
covtype_binary_20000,41,790,layer_0,660,c11: Horizontal_Distance_To_Roadways IS LOW,0.06138640269637108
covtype_binary_20000,41,791,layer_0,683,c11: Wilderness_Area_1 IS present,0.061136458069086075
covtype_binary_20000,41,792,layer_1,341,c5: projection_1 IS HIGH,0.06096231937408447
covtype_binary_20000,41,793,layer_1,231,c3: projection_5 IS LOW,0.06049413979053497
covtype_binary_20000,41,794,layer_1,253,c4: ka_concept_1.c4 IS MEDIUM,0.05902271345257759
covtype_binary_20000,41,795,layer_1,251,c4: ka_concept_1.c3 IS HIGH,0.05794037878513336
covtype_binary_20000,41,796,layer_1,91,c1: ka_concept_1.c10 IS MEDIUM,0.055176764726638794
covtype_binary_20000,41,797,layer_1,221,c3: projection_1 IS HIGH,0.054861098527908325
covtype_binary_20000,41,798,layer_1,267,c4: ka_concept_1.c9 IS LOW,0.05402852222323418
covtype_binary_20000,41,799,layer_0,383,c6: Wilderness_Area_4 IS present,0.053281933069229126
covtype_binary_20000,41,800,layer_1,239,c3: projection_7 IS HIGH,0.05207961052656174
covtype_binary_20000,41,801,layer_1,108,c1: projection_4 IS LOW,0.05197346955537796
covtype_binary_20000,41,802,layer_1,298,c4: projection_7 IS MEDIUM,0.05113174393773079
covtype_binary_20000,41,803,layer_1,320,c5: ka_concept_1.c6 IS HIGH,0.05029942840337753
covtype_binary_20000,41,804,layer_1,260,c4: ka_concept_1.c6 IS HIGH,0.04920511320233345
covtype_binary_20000,41,805,layer_1,194,c3: ka_concept_1.c4 IS HIGH,0.04694104939699173
covtype_binary_20000,41,806,layer_1,41,c0: projection_1 IS HIGH,0.03909960016608238
covtype_binary_20000,41,807,layer_1,268,c4: ka_concept_1.c9 IS MEDIUM,0.038909897208213806
covtype_binary_20000,41,808,layer_1,297,c4: projection_7 IS LOW,0.03863009810447693
covtype_binary_20000,41,809,layer_1,328,c5: ka_concept_1.c9 IS MEDIUM,0.03691565617918968
covtype_binary_20000,41,810,layer_0,395,c6: Soil_Type_13 IS present,0.03666926175355911
covtype_binary_20000,41,811,layer_1,28,c0: ka_concept_1.c9 IS MEDIUM,0.03580643609166145
covtype_binary_20000,41,812,layer_1,355,c5: projection_6 IS MEDIUM,0.03564095124602318
covtype_binary_20000,41,813,layer_1,291,c4: projection_5 IS LOW,0.03389972820878029
covtype_binary_20000,41,814,layer_0,669,c11: Horizontal_Distance_To_Fire_Points IS LOW,0.03386238217353821
covtype_binary_20000,41,815,layer_1,56,c0: projection_6 IS HIGH,0.03116728737950325
covtype_binary_20000,41,816,layer_1,69,c1: ka_concept_1.c3 IS LOW,0.03052964247763157
covtype_binary_20000,41,817,layer_1,73,c1: ka_concept_1.c4 IS MEDIUM,0.029490375891327858
covtype_binary_20000,41,818,layer_1,330,c5: ka_concept_1.c10 IS LOW,0.029447244480252266
covtype_binary_20000,41,819,layer_1,117,c1: projection_7 IS LOW,0.028737274929881096
covtype_binary_20000,41,820,layer_1,26,c0: ka_concept_1.c8 IS HIGH,0.028481023386120796
covtype_binary_20000,41,821,layer_1,43,c0: projection_2 IS MEDIUM,0.026294423267245293
covtype_binary_20000,41,822,layer_1,209,c3: ka_concept_1.c9 IS HIGH,0.025338655337691307
covtype_binary_20000,41,823,layer_1,299,c4: projection_7 IS HIGH,0.024561552330851555
covtype_binary_20000,41,824,layer_1,55,c0: projection_6 IS MEDIUM,0.023911630734801292
covtype_binary_20000,41,825,layer_0,704,c11: Soil_Type_31 IS present,0.02333778329193592
covtype_binary_20000,41,826,layer_1,281,c4: projection_1 IS HIGH,0.021829083561897278
covtype_binary_20000,41,827,layer_1,107,c1: projection_3 IS HIGH,0.02124805934727192
covtype_binary_20000,41,828,layer_0,119,c1: Wilderness_Area_2 IS present,0.019996805116534233
covtype_binary_20000,41,829,layer_1,104,c1: projection_2 IS HIGH,0.01831897161900997
covtype_binary_20000,41,830,layer_1,342,c5: projection_2 IS LOW,0.01785670779645443
covtype_binary_20000,41,831,layer_0,250,c4: Hillshade_Noon IS MEDIUM,0.017741089686751366
covtype_binary_20000,41,832,layer_0,404,c6: Soil_Type_32 IS present,0.016586966812610626
covtype_binary_20000,41,833,layer_1,227,c3: projection_3 IS HIGH,0.016189901158213615
covtype_binary_20000,41,834,layer_1,287,c4: projection_3 IS HIGH,0.01602717861533165
covtype_binary_20000,41,835,layer_1,338,c5: projection_0 IS HIGH,0.015750758349895477
covtype_binary_20000,41,836,layer_1,224,c3: projection_2 IS HIGH,0.015040172263979912
covtype_binary_20000,41,837,layer_1,269,c4: ka_concept_1.c9 IS HIGH,0.014874792657792568
covtype_binary_20000,41,838,layer_1,316,c5: ka_concept_1.c5 IS MEDIUM,0.013867172412574291
covtype_binary_20000,41,839,layer_1,59,c0: projection_7 IS HIGH,0.01362727489322424
covtype_binary_20000,41,840,layer_0,665,c11: Wilderness_Area_2 IS present,0.01360330916941166
covtype_binary_20000,41,841,layer_0,701,c11: Wilderness_Area_2 IS present,0.013598918914794922
covtype_binary_20000,41,842,layer_1,238,c3: projection_7 IS MEDIUM,0.013224795460700989
covtype_binary_20000,41,843,layer_0,368,c6: Soil_Type_40 IS present,0.012487680651247501
covtype_binary_20000,41,844,layer_0,707,c11: Vertical_Distance_To_Hydrology IS HIGH,0.009981740266084671
covtype_binary_20000,41,845,layer_1,119,c1: projection_7 IS HIGH,0.009895922616124153
covtype_binary_20000,41,846,layer_0,713,c11: Soil_Type_10 IS present,0.009203149937093258
covtype_binary_20000,41,847,layer_1,29,c0: ka_concept_1.c9 IS HIGH,0.008816697634756565
covtype_binary_20000,41,848,layer_1,112,c1: projection_5 IS MEDIUM,0.008628688752651215
covtype_binary_20000,41,849,layer_0,677,c11: Soil_Type_33 IS present,0.00841450970619917
covtype_binary_20000,41,850,layer_1,347,c5: projection_3 IS HIGH,0.0077356696128845215
covtype_binary_20000,41,851,layer_1,259,c4: ka_concept_1.c6 IS MEDIUM,0.007546586915850639
covtype_binary_20000,41,852,layer_1,284,c4: projection_2 IS HIGH,0.007491462863981724
covtype_binary_20000,41,853,layer_1,89,c1: ka_concept_1.c9 IS HIGH,0.006872268859297037
covtype_binary_20000,41,854,layer_1,344,c5: projection_2 IS HIGH,0.006296883337199688
covtype_binary_20000,41,855,layer_1,343,c5: projection_2 IS MEDIUM,0.005892467685043812
covtype_binary_20000,41,856,layer_1,47,c0: projection_3 IS HIGH,0.005608660168945789
covtype_binary_20000,41,857,layer_1,52,c0: projection_5 IS MEDIUM,0.005213659256696701
covtype_binary_20000,41,858,layer_1,159,c2: projection_1 IS LOW,0.00475987046957016
covtype_binary_20000,41,859,layer_1,214,c3: ka_concept_1.c11 IS MEDIUM,0.004724253434687853
covtype_binary_20000,41,860,layer_1,329,c5: ka_concept_1.c9 IS HIGH,0.004618891980499029
covtype_binary_20000,41,861,layer_1,232,c3: projection_5 IS MEDIUM,0.004451328422874212
covtype_binary_20000,41,862,layer_1,212,c3: ka_concept_1.c10 IS HIGH,0.004349974915385246
covtype_binary_20000,41,863,layer_1,162,c2: projection_2 IS LOW,0.004140358418226242
covtype_binary_20000,41,864,layer_1,165,c2: projection_3 IS LOW,0.003636260749772191
covtype_binary_20000,41,865,layer_1,156,c2: projection_0 IS LOW,0.003227714914828539
covtype_binary_20000,41,866,layer_1,177,c2: projection_7 IS LOW,0.002258965978398919
covtype_binary_20000,41,867,layer_1,169,c2: projection_4 IS MEDIUM,0.0021610732655972242
covtype_binary_20000,41,868,layer_1,170,c2: projection_4 IS HIGH,0.0021528820507228374
covtype_binary_20000,41,869,layer_1,120,c2: ka_concept_1.c0 IS LOW,0.0021397334057837725
covtype_binary_20000,41,870,layer_1,147,c2: ka_concept_1.c9 IS LOW,0.00211248523555696
covtype_binary_20000,41,871,layer_1,171,c2: projection_5 IS LOW,0.0020515311043709517
covtype_binary_20000,41,872,layer_1,144,c2: ka_concept_1.c8 IS LOW,0.00198898883536458
covtype_binary_20000,41,873,layer_1,174,c2: projection_6 IS LOW,0.0019423268968239427
covtype_binary_20000,41,874,layer_1,352,c5: projection_5 IS MEDIUM,0.0019388759974390268
covtype_binary_20000,41,875,layer_1,132,c2: ka_concept_1.c4 IS LOW,0.0019272379577159882
covtype_binary_20000,41,876,layer_1,155,c2: ka_concept_1.c11 IS HIGH,0.0017099444521591067
covtype_binary_20000,41,877,layer_1,138,c2: ka_concept_1.c6 IS LOW,0.0016782019520178437
covtype_binary_20000,41,878,layer_1,94,c1: ka_concept_1.c11 IS MEDIUM,0.0014690723037347198
covtype_binary_20000,41,879,layer_1,143,c2: ka_concept_1.c7 IS HIGH,0.0014267333317548037
covtype_binary_20000,41,880,layer_1,123,c2: ka_concept_1.c1 IS LOW,0.0014068209566175938
covtype_binary_20000,41,881,layer_1,274,c4: ka_concept_1.c11 IS MEDIUM,0.0013075004098936915
covtype_binary_20000,41,882,layer_1,128,c2: ka_concept_1.c2 IS HIGH,0.001298020826652646
covtype_binary_20000,41,883,layer_1,129,c2: ka_concept_1.c3 IS LOW,0.0010785835329443216
covtype_binary_20000,41,884,layer_0,674,c11: Wilderness_Area_4 IS present,0.0010429173707962036
covtype_binary_20000,41,885,layer_1,166,c2: projection_3 IS MEDIUM,0.001024192781187594
covtype_binary_20000,41,886,layer_1,152,c2: ka_concept_1.c10 IS HIGH,0.0010141663951799273
covtype_binary_20000,41,887,layer_1,135,c2: ka_concept_1.c5 IS LOW,0.001006566104479134
covtype_binary_20000,41,888,layer_0,710,c11: Wilderness_Area_4 IS present,0.000948385102674365
covtype_binary_20000,41,889,layer_1,178,c2: projection_7 IS MEDIUM,0.0008527738973498344
covtype_binary_20000,41,890,layer_1,292,c4: projection_5 IS MEDIUM,0.0008309986442327499
covtype_binary_20000,41,891,layer_1,151,c2: ka_concept_1.c10 IS MEDIUM,0.0008262203773483634
covtype_binary_20000,41,892,layer_1,137,c2: ka_concept_1.c5 IS HIGH,0.0007683419389650226
covtype_binary_20000,41,893,layer_1,157,c2: projection_0 IS MEDIUM,0.0006849482888355851
covtype_binary_20000,41,894,layer_1,160,c2: projection_1 IS MEDIUM,0.0006748975138179958
covtype_binary_20000,41,895,layer_1,44,c0: projection_2 IS HIGH,0.0006308082374744117
covtype_binary_20000,41,896,layer_1,136,c2: ka_concept_1.c5 IS MEDIUM,0.0006255275220610201
covtype_binary_20000,41,897,layer_1,150,c2: ka_concept_1.c10 IS LOW,0.0005869564483873546
covtype_binary_20000,41,898,layer_1,124,c2: ka_concept_1.c1 IS MEDIUM,0.0005839443183504045
covtype_binary_20000,41,899,layer_1,34,c0: ka_concept_1.c11 IS MEDIUM,0.0005405108677223325
covtype_binary_20000,41,900,layer_1,142,c2: ka_concept_1.c7 IS MEDIUM,0.0005254665156826377
covtype_binary_20000,41,901,layer_1,125,c2: ka_concept_1.c1 IS HIGH,0.0004041155625600368
covtype_binary_20000,41,902,layer_1,131,c2: ka_concept_1.c3 IS HIGH,0.0003634663298726082
covtype_binary_20000,41,903,layer_1,141,c2: ka_concept_1.c7 IS LOW,0.00034288037568330765
covtype_binary_20000,41,904,layer_1,121,c2: ka_concept_1.c0 IS MEDIUM,0.0003401647845748812
covtype_binary_20000,41,905,layer_1,334,c5: ka_concept_1.c11 IS MEDIUM,0.0003144988149870187
covtype_binary_20000,41,906,layer_1,175,c2: projection_6 IS MEDIUM,0.00021262909285724163
covtype_binary_20000,41,907,layer_1,126,c2: ka_concept_1.c2 IS LOW,0.000212362123420462
covtype_binary_20000,41,908,layer_1,130,c2: ka_concept_1.c3 IS MEDIUM,0.00020987607422284782
covtype_binary_20000,41,909,layer_1,168,c2: projection_4 IS LOW,0.00017753748397808522
covtype_binary_20000,41,910,layer_1,176,c2: projection_6 IS HIGH,0.00012818806862924248
covtype_binary_20000,41,911,layer_1,127,c2: ka_concept_1.c2 IS MEDIUM,0.0001241523277712986
covtype_binary_20000,41,912,layer_1,163,c2: projection_2 IS MEDIUM,8.862297545420006e-05
covtype_binary_20000,41,913,layer_1,122,c2: ka_concept_1.c0 IS HIGH,7.972782623255625e-05
covtype_binary_20000,41,914,layer_1,133,c2: ka_concept_1.c4 IS MEDIUM,6.497537833638489e-05
covtype_binary_20000,41,915,layer_1,148,c2: ka_concept_1.c9 IS MEDIUM,3.930974344257265e-05
covtype_binary_20000,41,916,projection_layer,5,"pursuit_1(Elevation, Vertical_Distance_To_Hydrology, Soil_Type_40, Soil_Type_6) IS HIGH",3.337382440804504e-05
covtype_binary_20000,41,917,layer_1,179,c2: projection_7 IS HIGH,2.017301994783338e-05
covtype_binary_20000,41,918,layer_1,139,c2: ka_concept_1.c6 IS MEDIUM,1.968551441677846e-05
covtype_binary_20000,41,919,layer_1,145,c2: ka_concept_1.c8 IS MEDIUM,1.8819322576746345e-05
covtype_binary_20000,41,920,layer_1,158,c2: projection_0 IS HIGH,1.3552697964769322e-05
covtype_binary_20000,41,921,layer_1,134,c2: ka_concept_1.c4 IS HIGH,1.0256177120027132e-05
covtype_binary_20000,41,922,layer_1,164,c2: projection_2 IS HIGH,7.132535301934695e-06
covtype_binary_20000,41,923,layer_1,140,c2: ka_concept_1.c6 IS HIGH,5.52368783246493e-06
covtype_binary_20000,41,924,layer_1,353,c5: projection_5 IS HIGH,2.837881538653164e-06
covtype_binary_20000,41,925,layer_1,154,c2: ka_concept_1.c11 IS MEDIUM,2.7236264941166155e-06
covtype_binary_20000,41,926,layer_1,161,c2: projection_1 IS HIGH,2.174015889977454e-06
covtype_binary_20000,41,927,layer_1,172,c2: projection_5 IS MEDIUM,1.8734066316028475e-06
covtype_binary_20000,41,928,layer_1,167,c2: projection_3 IS HIGH,1.5777623048052192e-06
covtype_binary_20000,41,929,layer_1,146,c2: ka_concept_1.c8 IS HIGH,1.216704163198301e-06
covtype_binary_20000,41,930,layer_1,33,c0: ka_concept_1.c11 IS LOW,1.0576341082924046e-06
covtype_binary_20000,41,931,layer_1,233,c3: projection_5 IS HIGH,8.812223768472904e-07
covtype_binary_20000,41,932,layer_1,273,c4: ka_concept_1.c11 IS LOW,6.583160825357481e-07
covtype_binary_20000,41,933,layer_1,93,c1: ka_concept_1.c11 IS LOW,3.8888069298081973e-07
covtype_binary_20000,41,934,layer_1,333,c5: ka_concept_1.c11 IS LOW,2.597182060526393e-07
covtype_binary_20000,41,935,layer_1,113,c1: projection_5 IS HIGH,5.8544372905089404e-08
covtype_binary_20000,41,936,layer_1,213,c3: ka_concept_1.c11 IS LOW,3.986173613412802e-09
covtype_binary_20000,43,1,layer_0,346,c5: Elevation IS MEDIUM,100.8284683227539
covtype_binary_20000,43,2,layer_0,345,c5: Elevation IS LOW,83.2320327758789
covtype_binary_20000,43,3,layer_0,600,c10: Elevation IS LOW,76.76317596435547
covtype_binary_20000,43,4,layer_0,138,c2: Horizontal_Distance_To_Hydrology IS LOW,55.9609375
covtype_binary_20000,43,5,layer_0,500,c8: Elevation IS HIGH,51.467010498046875
covtype_binary_20000,43,6,layer_0,549,c9: Elevation IS LOW,47.247074127197266
covtype_binary_20000,43,7,layer_0,559,c9: Horizontal_Distance_To_Roadways IS MEDIUM,46.38700866699219
covtype_binary_20000,43,8,layer_0,120,c2: Horizontal_Distance_To_Fire_Points IS LOW,45.28709411621094
covtype_binary_20000,43,9,layer_0,585,c9: Horizontal_Distance_To_Hydrology IS LOW,44.77628707885742
covtype_binary_20000,43,10,layer_0,0,c0: Elevation IS LOW,42.72763442993164
covtype_binary_20000,43,11,layer_0,568,c9: Horizontal_Distance_To_Fire_Points IS MEDIUM,42.058109283447266
covtype_binary_20000,43,12,layer_0,610,c10: Horizontal_Distance_To_Roadways IS MEDIUM,39.66539001464844
covtype_binary_20000,43,13,layer_0,295,c4: Elevation IS MEDIUM,39.179988861083984
covtype_binary_20000,43,14,layer_0,550,c9: Elevation IS MEDIUM,37.51066207885742
covtype_binary_20000,43,15,layer_0,448,c7: Elevation IS MEDIUM,36.0265998840332
covtype_binary_20000,43,16,layer_0,517,c8: Horizontal_Distance_To_Fire_Points IS MEDIUM,35.17539596557617
covtype_binary_20000,43,17,layer_0,447,c7: Elevation IS LOW,35.048885345458984
covtype_binary_20000,43,18,layer_0,602,c10: Elevation IS HIGH,34.95112991333008
covtype_binary_20000,43,19,layer_0,121,c2: Horizontal_Distance_To_Fire_Points IS MEDIUM,34.431156158447266
covtype_binary_20000,43,20,layer_0,596,c9: Hillshade_Noon IS HIGH,33.249698638916016
covtype_binary_20000,43,21,layer_0,620,c10: Horizontal_Distance_To_Fire_Points IS HIGH,31.501089096069336
covtype_binary_20000,43,22,layer_0,347,c5: Elevation IS HIGH,31.43509292602539
covtype_binary_20000,43,23,layer_0,406,c6: Horizontal_Distance_To_Roadways IS MEDIUM,31.350522994995117
covtype_binary_20000,43,24,layer_0,148,c2: Hillshade_Noon IS MEDIUM,30.243072509765625
covtype_binary_20000,43,25,layer_0,498,c8: Elevation IS LOW,29.89859390258789
covtype_binary_20000,43,26,layer_0,670,c11: Horizontal_Distance_To_Fire_Points IS MEDIUM,29.235692977905273
covtype_binary_20000,43,27,layer_0,222,c3: Soil_Type_4 IS absent,29.041662216186523
covtype_binary_20000,43,28,layer_0,175,c2: Hillshade_9am IS MEDIUM,28.040464401245117
covtype_binary_20000,43,29,layer_0,609,c10: Horizontal_Distance_To_Roadways IS LOW,27.93460464477539
covtype_binary_20000,43,30,layer_0,499,c8: Elevation IS MEDIUM,27.64875602722168
covtype_binary_20000,43,31,layer_0,250,c4: Hillshade_Noon IS MEDIUM,27.31390953063965
covtype_binary_20000,43,32,layer_0,2,c0: Elevation IS HIGH,26.629844665527344
covtype_binary_20000,43,33,projection_layer,9,"pursuit_3(Slope, Soil_Type_12, Soil_Type_13, Soil_Type_1) IS LOW",25.826129913330078
covtype_binary_20000,43,34,layer_0,251,c4: Hillshade_Noon IS HIGH,25.550437927246094
covtype_binary_20000,43,35,layer_0,688,c11: Horizontal_Distance_To_Hydrology IS MEDIUM,25.30872344970703
covtype_binary_20000,43,36,layer_0,396,c6: Elevation IS LOW,25.166379928588867
covtype_binary_20000,43,37,layer_0,671,c11: Horizontal_Distance_To_Fire_Points IS HIGH,24.95755386352539
covtype_binary_20000,43,38,layer_0,302,c5: Hillshade_Noon IS HIGH,23.394807815551758
covtype_binary_20000,43,39,layer_0,1,c0: Elevation IS MEDIUM,22.790325164794922
covtype_binary_20000,43,40,layer_0,93,c1: Soil_Type_23 IS absent,22.624971389770508
covtype_binary_20000,43,41,layer_0,78,c1: Aspect IS LOW,22.520973205566406
covtype_binary_20000,43,42,layer_0,687,c11: Horizontal_Distance_To_Hydrology IS LOW,22.369131088256836
covtype_binary_20000,43,43,layer_0,157,c2: Vertical_Distance_To_Hydrology IS MEDIUM,22.259872436523438
covtype_binary_20000,43,44,layer_0,165,c2: Hillshade_3pm IS LOW,21.55457878112793
covtype_binary_20000,43,45,layer_0,414,c6: Horizontal_Distance_To_Fire_Points IS LOW,20.908912658691406
covtype_binary_20000,43,46,layer_0,569,c9: Horizontal_Distance_To_Fire_Points IS HIGH,20.869285583496094
covtype_binary_20000,43,47,layer_0,504,c8: Soil_Type_30 IS absent,20.407119750976562
covtype_binary_20000,43,48,layer_0,415,c6: Horizontal_Distance_To_Fire_Points IS MEDIUM,20.255956649780273
covtype_binary_20000,43,49,layer_0,15,c0: Soil_Type_22 IS absent,20.211271286010742
covtype_binary_20000,43,50,layer_0,342,c5: Soil_Type_2 IS absent,20.18427085876465
covtype_binary_20000,43,51,layer_0,633,c10: Soil_Type_24 IS absent,20.015785217285156
covtype_binary_20000,43,52,layer_0,480,c8: Hillshade_9am IS LOW,19.227676391601562
covtype_binary_20000,43,53,layer_0,679,c11: Aspect IS MEDIUM,19.0562744140625
covtype_binary_20000,43,54,layer_0,324,c5: Soil_Type_4 IS absent,18.734434127807617
covtype_binary_20000,43,55,layer_0,180,c3: Aspect IS LOW,18.647106170654297
covtype_binary_20000,43,56,layer_0,87,c1: Horizontal_Distance_To_Hydrology IS LOW,18.397075653076172
covtype_binary_20000,43,57,projection_layer,13,"pursuit_4(Horizontal_Distance_To_Hydrology, Soil_Type_22, Soil_Type_30, Soil_Type_35) IS MEDIUM",18.321775436401367
covtype_binary_20000,43,58,layer_0,296,c4: Elevation IS HIGH,18.276695251464844
covtype_binary_20000,43,59,layer_0,714,c11: Hillshade_3pm IS LOW,18.261516571044922
covtype_binary_20000,43,60,layer_0,630,c10: Wilderness_Area_1 IS absent,17.928680419921875
covtype_binary_20000,43,61,layer_0,130,c2: Aspect IS MEDIUM,17.389198303222656
covtype_binary_20000,43,62,layer_0,190,c3: Horizontal_Distance_To_Hydrology IS MEDIUM,17.328739166259766
covtype_binary_20000,43,63,layer_0,458,c7: Horizontal_Distance_To_Roadways IS HIGH,17.27781867980957
covtype_binary_20000,43,64,layer_0,129,c2: Aspect IS LOW,17.20901870727539
covtype_binary_20000,43,65,layer_0,492,c8: Wilderness_Area_1 IS absent,17.124160766601562
covtype_binary_20000,43,66,layer_0,47,c0: Hillshade_Noon IS HIGH,16.358552932739258
covtype_binary_20000,43,67,layer_0,697,c11: Hillshade_Noon IS MEDIUM,16.128334045410156
covtype_binary_20000,43,68,layer_0,490,c8: Slope IS MEDIUM,16.118396759033203
covtype_binary_20000,43,69,layer_0,66,c1: Soil_Type_22 IS absent,16.01106071472168
covtype_binary_20000,43,70,layer_0,407,c6: Horizontal_Distance_To_Roadways IS HIGH,15.815008163452148
covtype_binary_20000,43,71,layer_0,11,c0: Horizontal_Distance_To_Roadways IS HIGH,15.803640365600586
covtype_binary_20000,43,72,layer_0,528,c8: Wilderness_Area_1 IS absent,15.530974388122559
covtype_binary_20000,43,73,layer_0,306,c5: Soil_Type_29 IS absent,15.35727596282959
covtype_binary_20000,43,74,layer_0,397,c6: Elevation IS MEDIUM,15.24291706085205
covtype_binary_20000,43,75,layer_0,189,c3: Horizontal_Distance_To_Hydrology IS LOW,14.847884178161621
covtype_binary_20000,43,76,layer_0,678,c11: Aspect IS LOW,14.586628913879395
covtype_binary_20000,43,77,layer_0,371,c6: Hillshade_3pm IS HIGH,14.57240104675293
covtype_binary_20000,43,78,layer_0,519,c8: Wilderness_Area_4 IS absent,14.289949417114258
covtype_binary_20000,43,79,layer_0,10,c0: Horizontal_Distance_To_Roadways IS MEDIUM,14.15806770324707
covtype_binary_20000,43,80,layer_0,191,c3: Horizontal_Distance_To_Hydrology IS HIGH,13.902381896972656
covtype_binary_20000,43,81,layer_0,171,c2: Soil_Type_4 IS absent,13.810972213745117
covtype_binary_20000,43,82,layer_0,152,c2: Wilderness_Area_1 IS present,13.503456115722656
covtype_binary_20000,43,83,layer_0,139,c2: Horizontal_Distance_To_Hydrology IS MEDIUM,13.390718460083008
covtype_binary_20000,43,84,layer_0,628,c10: Aspect IS MEDIUM,13.373805046081543
covtype_binary_20000,43,85,layer_0,595,c9: Hillshade_Noon IS MEDIUM,13.233912467956543
covtype_binary_20000,43,86,layer_0,465,c7: Horizontal_Distance_To_Fire_Points IS LOW,13.096506118774414
covtype_binary_20000,43,87,layer_0,75,c1: Soil_Type_38 IS absent,13.057579040527344
covtype_binary_20000,43,88,layer_0,20,c0: Horizontal_Distance_To_Fire_Points IS HIGH,13.0523099899292
covtype_binary_20000,43,89,layer_0,535,c8: Horizontal_Distance_To_Hydrology IS MEDIUM,13.013594627380371
covtype_binary_20000,43,90,layer_0,619,c10: Horizontal_Distance_To_Fire_Points IS MEDIUM,12.73192024230957
covtype_binary_20000,43,91,layer_0,199,c3: Hillshade_Noon IS MEDIUM,12.671793937683105
covtype_binary_20000,43,92,layer_0,24,c0: Soil_Type_38 IS absent,12.63753890991211
covtype_binary_20000,43,93,layer_0,541,c9: Slope IS MEDIUM,12.506147384643555
covtype_binary_20000,43,94,layer_0,62,c1: Horizontal_Distance_To_Roadways IS HIGH,12.486296653747559
covtype_binary_20000,43,95,layer_0,483,c8: Wilderness_Area_4 IS absent,12.42353343963623
covtype_binary_20000,43,96,layer_0,708,c11: Wilderness_Area_4 IS absent,12.360451698303223
covtype_binary_20000,43,97,layer_0,122,c2: Horizontal_Distance_To_Fire_Points IS HIGH,12.360350608825684
covtype_binary_20000,43,98,layer_0,379,c6: Hillshade_9am IS MEDIUM,12.350934982299805
covtype_binary_20000,43,99,layer_0,466,c7: Horizontal_Distance_To_Fire_Points IS MEDIUM,12.193306922912598
covtype_binary_20000,43,100,layer_0,672,c11: Wilderness_Area_4 IS absent,12.16169261932373
covtype_binary_20000,43,101,layer_0,249,c4: Hillshade_Noon IS LOW,12.115372657775879
covtype_binary_20000,43,102,layer_0,267,c4: Hillshade_3pm IS LOW,12.114151000976562
covtype_binary_20000,43,103,layer_0,711,c11: Soil_Type_31 IS absent,11.963722229003906
covtype_binary_20000,43,104,layer_0,147,c2: Hillshade_Noon IS LOW,11.958952903747559
covtype_binary_20000,43,105,layer_0,300,c5: Hillshade_Noon IS LOW,11.895838737487793
covtype_binary_20000,43,106,layer_0,241,c4: Horizontal_Distance_To_Hydrology IS MEDIUM,11.874549865722656
covtype_binary_20000,43,107,projection_layer,12,"pursuit_4(Horizontal_Distance_To_Hydrology, Soil_Type_22, Soil_Type_30, Soil_Type_35) IS LOW",11.853384017944336
covtype_binary_20000,43,108,layer_0,285,c4: Slope IS LOW,11.8318452835083
covtype_binary_20000,43,109,layer_0,641,c10: Wilderness_Area_3 IS present,11.786663055419922
covtype_binary_20000,43,110,layer_0,578,c9: Aspect IS HIGH,11.739354133605957
covtype_binary_20000,43,111,layer_0,149,c2: Hillshade_Noon IS HIGH,11.685307502746582
covtype_binary_20000,43,112,layer_0,388,c6: Slope IS MEDIUM,11.654716491699219
covtype_binary_20000,43,113,layer_0,181,c3: Aspect IS MEDIUM,11.538963317871094
covtype_binary_20000,43,114,layer_0,577,c9: Aspect IS MEDIUM,11.436697959899902
covtype_binary_20000,43,115,layer_0,526,c8: Aspect IS MEDIUM,11.415692329406738
covtype_binary_20000,43,116,layer_0,542,c9: Slope IS HIGH,11.305432319641113
covtype_binary_20000,43,117,layer_0,258,c4: Vertical_Distance_To_Hydrology IS LOW,11.276403427124023
covtype_binary_20000,43,118,layer_0,80,c1: Aspect IS HIGH,11.19482421875
covtype_binary_20000,43,119,layer_0,647,c10: Hillshade_Noon IS HIGH,11.138700485229492
covtype_binary_20000,43,120,layer_0,269,c4: Hillshade_3pm IS HIGH,11.109129905700684
covtype_binary_20000,43,121,layer_0,605,c10: Wilderness_Area_3 IS present,11.091486930847168
covtype_binary_20000,43,122,layer_0,573,c9: Soil_Type_33 IS absent,11.080948829650879
covtype_binary_20000,43,123,layer_0,228,c3: Wilderness_Area_4 IS absent,10.976391792297363
covtype_binary_20000,43,124,layer_0,555,c9: Soil_Type_30 IS absent,10.961853981018066
covtype_binary_20000,43,125,layer_0,494,c8: Wilderness_Area_1 IS present,10.934541702270508
covtype_binary_20000,43,126,layer_0,508,c8: Horizontal_Distance_To_Roadways IS MEDIUM,10.934088706970215
covtype_binary_20000,43,127,layer_0,684,c11: Soil_Type_24 IS absent,10.879030227661133
covtype_binary_20000,43,128,layer_0,582,c9: Soil_Type_24 IS absent,10.8535795211792
covtype_binary_20000,43,129,layer_0,459,c7: Wilderness_Area_2 IS absent,10.833917617797852
covtype_binary_20000,43,130,layer_0,657,c10: Wilderness_Area_4 IS absent,10.775811195373535
covtype_binary_20000,43,131,layer_0,338,c5: Slope IS HIGH,10.747627258300781
covtype_binary_20000,43,132,layer_0,642,c10: Soil_Type_11 IS absent,10.739615440368652
covtype_binary_20000,43,133,layer_0,309,c5: Vertical_Distance_To_Hydrology IS LOW,10.720407485961914
covtype_binary_20000,43,134,layer_0,54,c0: Vertical_Distance_To_Hydrology IS LOW,10.690437316894531
covtype_binary_20000,43,135,layer_0,632,c10: Wilderness_Area_1 IS present,10.618688583374023
covtype_binary_20000,43,136,layer_0,135,c2: Soil_Type_39 IS absent,10.552380561828613
covtype_binary_20000,43,137,layer_0,38,c0: Horizontal_Distance_To_Hydrology IS HIGH,10.53587532043457
covtype_binary_20000,43,138,layer_0,423,c7: Wilderness_Area_2 IS absent,10.51703929901123
covtype_binary_20000,43,139,layer_0,186,c3: Soil_Type_39 IS absent,10.504164695739746
covtype_binary_20000,43,140,layer_0,200,c3: Hillshade_Noon IS HIGH,10.44916820526123
covtype_binary_20000,43,141,layer_0,166,c2: Hillshade_3pm IS MEDIUM,10.431699752807617
covtype_binary_20000,43,142,layer_0,426,c7: Soil_Type_4 IS absent,10.413003921508789
covtype_binary_20000,43,143,layer_0,654,c10: Vertical_Distance_To_Hydrology IS LOW,10.23635196685791
covtype_binary_20000,43,144,layer_0,263,c4: Wilderness_Area_3 IS present,10.23163890838623
covtype_binary_20000,43,145,layer_0,299,c4: Wilderness_Area_3 IS present,10.22992992401123
covtype_binary_20000,43,146,layer_0,192,c3: Wilderness_Area_4 IS absent,10.1749849319458
covtype_binary_20000,43,147,layer_0,71,c1: Horizontal_Distance_To_Fire_Points IS HIGH,10.169024467468262
covtype_binary_20000,43,148,layer_0,361,c6: Vertical_Distance_To_Hydrology IS MEDIUM,10.15030574798584
covtype_binary_20000,43,149,layer_0,240,c4: Horizontal_Distance_To_Hydrology IS LOW,10.146567344665527
covtype_binary_20000,43,150,layer_0,530,c8: Wilderness_Area_1 IS present,10.036199569702148
covtype_binary_20000,43,151,layer_0,370,c6: Hillshade_3pm IS MEDIUM,10.03063678741455
covtype_binary_20000,43,152,layer_0,294,c4: Elevation IS LOW,9.997586250305176
covtype_binary_20000,43,153,layer_0,333,c5: Soil_Type_13 IS absent,9.895607948303223
covtype_binary_20000,43,154,layer_0,629,c10: Aspect IS HIGH,9.864715576171875
covtype_binary_20000,43,155,layer_0,336,c5: Slope IS LOW,9.776078224182129
covtype_binary_20000,43,156,layer_0,308,c5: Soil_Type_29 IS present,9.750116348266602
covtype_binary_20000,43,157,layer_0,457,c7: Horizontal_Distance_To_Roadways IS MEDIUM,9.685357093811035
covtype_binary_20000,43,158,layer_0,522,c8: Soil_Type_33 IS absent,9.61462688446045
covtype_binary_20000,43,159,layer_0,696,c11: Hillshade_Noon IS LOW,9.594950675964355
covtype_binary_20000,43,160,layer_0,693,c11: Soil_Type_11 IS absent,9.573801040649414
covtype_binary_20000,43,161,layer_0,218,c3: Hillshade_3pm IS HIGH,9.529162406921387
covtype_binary_20000,43,162,layer_0,355,c5: Horizontal_Distance_To_Roadways IS MEDIUM,9.518858909606934
covtype_binary_20000,43,163,layer_0,655,c10: Vertical_Distance_To_Hydrology IS MEDIUM,9.465322494506836
covtype_binary_20000,43,164,layer_0,9,c0: Horizontal_Distance_To_Roadways IS LOW,9.456984519958496
covtype_binary_20000,43,165,layer_0,150,c2: Wilderness_Area_1 IS absent,9.40310287475586
covtype_binary_20000,43,166,layer_0,123,c2: Wilderness_Area_3 IS absent,9.370890617370605
covtype_binary_20000,43,167,layer_0,594,c9: Hillshade_Noon IS LOW,9.364824295043945
covtype_binary_20000,43,168,layer_0,195,c3: Soil_Type_23 IS absent,9.325409889221191
covtype_binary_20000,43,169,layer_0,705,c11: Vertical_Distance_To_Hydrology IS LOW,9.243332862854004
covtype_binary_20000,43,170,layer_0,560,c9: Horizontal_Distance_To_Roadways IS HIGH,9.223550796508789
covtype_binary_20000,43,171,layer_0,159,c2: Wilderness_Area_3 IS absent,9.081268310546875
covtype_binary_20000,43,172,layer_0,534,c8: Horizontal_Distance_To_Hydrology IS LOW,9.07829761505127
covtype_binary_20000,43,173,layer_0,518,c8: Horizontal_Distance_To_Fire_Points IS HIGH,8.983530044555664
covtype_binary_20000,43,174,layer_0,450,c7: Wilderness_Area_3 IS absent,8.949178695678711
covtype_binary_20000,43,175,layer_0,621,c10: Wilderness_Area_4 IS absent,8.797661781311035
covtype_binary_20000,43,176,layer_0,27,c0: Aspect IS LOW,8.7548246383667
covtype_binary_20000,43,177,layer_0,337,c5: Slope IS MEDIUM,8.589715957641602
covtype_binary_20000,43,178,layer_0,491,c8: Slope IS HIGH,8.578479766845703
covtype_binary_20000,43,179,layer_0,79,c1: Aspect IS MEDIUM,8.455286026000977
covtype_binary_20000,43,180,layer_0,716,c11: Hillshade_3pm IS HIGH,8.430821418762207
covtype_binary_20000,43,181,layer_0,603,c10: Wilderness_Area_3 IS absent,8.393670082092285
covtype_binary_20000,43,182,layer_0,564,c9: Soil_Type_32 IS absent,8.360724449157715
covtype_binary_20000,43,183,layer_0,182,c3: Aspect IS HIGH,8.33909797668457
covtype_binary_20000,43,184,layer_0,279,c4: Wilderness_Area_4 IS absent,8.234869956970215
covtype_binary_20000,43,185,projection_layer,20,"pursuit_6(Horizontal_Distance_To_Roadways, Soil_Type_38, Wilderness_Area_2, Soil_Type_18) IS HIGH",8.194174766540527
covtype_binary_20000,43,186,layer_0,243,c4: Wilderness_Area_4 IS absent,8.171199798583984
covtype_binary_20000,43,187,layer_0,131,c2: Aspect IS HIGH,8.166711807250977
covtype_binary_20000,43,188,layer_0,114,c1: Hillshade_3pm IS LOW,8.123485565185547
covtype_binary_20000,43,189,layer_0,84,c1: Soil_Type_39 IS absent,8.107185363769531
covtype_binary_20000,43,190,layer_0,28,c0: Aspect IS MEDIUM,7.901769638061523
covtype_binary_20000,43,191,layer_0,70,c1: Horizontal_Distance_To_Fire_Points IS MEDIUM,7.8549089431762695
covtype_binary_20000,43,192,layer_0,618,c10: Horizontal_Distance_To_Fire_Points IS LOW,7.817471504211426
covtype_binary_20000,43,193,layer_0,153,c2: Soil_Type_29 IS absent,7.730501174926758
covtype_binary_20000,43,194,layer_0,321,c5: Wilderness_Area_2 IS absent,7.6401753425598145
covtype_binary_20000,43,195,layer_0,561,c9: Wilderness_Area_2 IS absent,7.635348320007324
covtype_binary_20000,43,196,layer_0,89,c1: Horizontal_Distance_To_Hydrology IS HIGH,7.53363037109375
covtype_binary_20000,43,197,layer_0,587,c9: Horizontal_Distance_To_Hydrology IS HIGH,7.527145862579346
covtype_binary_20000,43,198,layer_0,699,c11: Wilderness_Area_2 IS absent,7.482041835784912
covtype_binary_20000,43,199,layer_0,639,c10: Wilderness_Area_3 IS absent,7.47285270690918
covtype_binary_20000,43,200,layer_0,416,c6: Horizontal_Distance_To_Fire_Points IS HIGH,7.436555862426758
covtype_binary_20000,43,201,layer_0,431,c7: Hillshade_9am IS HIGH,7.414857387542725
covtype_binary_20000,43,202,layer_0,21,c0: Wilderness_Area_3 IS absent,7.164965629577637
covtype_binary_20000,43,203,layer_0,357,c5: Wilderness_Area_2 IS absent,7.1195220947265625
covtype_binary_20000,43,204,layer_0,116,c1: Hillshade_3pm IS HIGH,7.085021018981934
covtype_binary_20000,43,205,layer_0,236,c3: Slope IS HIGH,7.083223342895508
covtype_binary_20000,43,206,layer_0,259,c4: Vertical_Distance_To_Hydrology IS MEDIUM,7.064285755157471
covtype_binary_20000,43,207,layer_0,435,c7: Soil_Type_13 IS absent,7.037619590759277
covtype_binary_20000,43,208,layer_0,125,c2: Wilderness_Area_3 IS present,6.974437713623047
covtype_binary_20000,43,209,layer_0,203,c3: Wilderness_Area_1 IS present,6.912475109100342
covtype_binary_20000,43,210,layer_0,444,c7: Soil_Type_2 IS absent,6.820647239685059
covtype_binary_20000,43,211,layer_0,408,c6: Wilderness_Area_2 IS absent,6.815973281860352
covtype_binary_20000,43,212,layer_0,270,c4: Wilderness_Area_2 IS absent,6.744523525238037
covtype_binary_20000,43,213,layer_0,59,c0: Wilderness_Area_3 IS present,6.633397579193115
covtype_binary_20000,43,214,layer_0,452,c7: Wilderness_Area_3 IS present,6.621829509735107
covtype_binary_20000,43,215,layer_0,543,c9: Wilderness_Area_1 IS absent,6.589150905609131
covtype_binary_20000,43,216,layer_0,663,c11: Wilderness_Area_2 IS absent,6.500918388366699
covtype_binary_20000,43,217,layer_0,239,c3: Wilderness_Area_1 IS present,6.481807708740234
covtype_binary_20000,43,218,layer_0,475,c7: Aspect IS MEDIUM,6.453342914581299
covtype_binary_20000,43,219,layer_0,636,c10: Horizontal_Distance_To_Hydrology IS LOW,6.4146575927734375
covtype_binary_20000,43,220,layer_0,161,c2: Wilderness_Area_3 IS present,6.391000747680664
covtype_binary_20000,43,221,layer_0,715,c11: Hillshade_3pm IS MEDIUM,6.3414530754089355
covtype_binary_20000,43,222,layer_0,33,c0: Soil_Type_39 IS absent,6.258401870727539
covtype_binary_20000,43,223,layer_0,481,c8: Hillshade_9am IS MEDIUM,6.217160701751709
covtype_binary_20000,43,224,layer_0,246,c4: Soil_Type_23 IS absent,6.161544322967529
covtype_binary_20000,43,225,layer_0,597,c9: Wilderness_Area_2 IS absent,6.143202304840088
covtype_binary_20000,43,226,layer_0,702,c11: Soil_Type_10 IS absent,6.130647659301758
covtype_binary_20000,43,227,layer_0,144,c2: Soil_Type_23 IS absent,6.11822509765625
covtype_binary_20000,43,228,layer_0,462,c7: Soil_Type_32 IS absent,6.113989353179932
covtype_binary_20000,43,229,layer_0,341,c5: Wilderness_Area_1 IS present,6.08657169342041
covtype_binary_20000,43,230,layer_0,471,c7: Soil_Type_33 IS absent,6.073273658752441
covtype_binary_20000,43,231,layer_0,168,c2: Wilderness_Area_2 IS absent,6.06259822845459
covtype_binary_20000,43,232,layer_0,661,c11: Horizontal_Distance_To_Roadways IS MEDIUM,6.039173126220703
covtype_binary_20000,43,233,layer_0,477,c7: Wilderness_Area_1 IS absent,6.03354024887085
covtype_binary_20000,43,234,layer_0,579,c9: Wilderness_Area_1 IS absent,6.0294036865234375
covtype_binary_20000,43,235,layer_0,297,c4: Wilderness_Area_3 IS absent,5.957063674926758
covtype_binary_20000,43,236,layer_0,261,c4: Wilderness_Area_3 IS absent,5.951664924621582
covtype_binary_20000,43,237,layer_0,319,c5: Hillshade_3pm IS MEDIUM,5.9194722175598145
covtype_binary_20000,43,238,layer_0,351,c5: Soil_Type_30 IS absent,5.905890464782715
covtype_binary_20000,43,239,layer_0,651,c10: Soil_Type_10 IS absent,5.894962310791016
covtype_binary_20000,43,240,layer_0,315,c5: Soil_Type_40 IS absent,5.889598369598389
covtype_binary_20000,43,241,layer_0,57,c0: Wilderness_Area_3 IS absent,5.889524936676025
covtype_binary_20000,43,242,layer_0,29,c0: Aspect IS HIGH,5.876625061035156
covtype_binary_20000,43,243,layer_0,384,c6: Soil_Type_13 IS absent,5.827256679534912
covtype_binary_20000,43,244,layer_0,226,c3: Hillshade_9am IS MEDIUM,5.785898208618164
covtype_binary_20000,43,245,layer_0,305,c5: Wilderness_Area_1 IS present,5.716611862182617
covtype_binary_20000,43,246,layer_0,669,c11: Horizontal_Distance_To_Fire_Points IS LOW,5.714165210723877
covtype_binary_20000,43,247,layer_0,60,c1: Horizontal_Distance_To_Roadways IS LOW,5.606442928314209
covtype_binary_20000,43,248,layer_0,369,c6: Hillshade_3pm IS LOW,5.58931827545166
covtype_binary_20000,43,249,layer_0,51,c0: Soil_Type_29 IS absent,5.580205917358398
covtype_binary_20000,43,250,layer_0,441,c7: Wilderness_Area_1 IS absent,5.563390731811523
covtype_binary_20000,43,251,projection_layer,16,"pursuit_5(Hillshade_9am, Wilderness_Area_1, Soil_Type_10, Soil_Type_32) IS MEDIUM",5.5370001792907715
covtype_binary_20000,43,252,layer_0,320,c5: Hillshade_3pm IS HIGH,5.536635875701904
covtype_binary_20000,43,253,layer_0,6,c0: Soil_Type_12 IS absent,5.535856246948242
covtype_binary_20000,43,254,layer_0,219,c3: Wilderness_Area_2 IS absent,5.511132717132568
covtype_binary_20000,43,255,layer_0,174,c2: Hillshade_9am IS LOW,5.506963729858398
covtype_binary_20000,43,256,layer_0,132,c2: Wilderness_Area_2 IS absent,5.453583240509033
covtype_binary_20000,43,257,layer_0,637,c10: Horizontal_Distance_To_Hydrology IS MEDIUM,5.437468528747559
covtype_binary_20000,43,258,layer_0,198,c3: Hillshade_Noon IS LOW,5.429617404937744
covtype_binary_20000,43,259,projection_layer,19,"pursuit_6(Horizontal_Distance_To_Roadways, Soil_Type_38, Wilderness_Area_2, Soil_Type_18) IS MEDIUM",5.404128074645996
covtype_binary_20000,43,260,layer_0,375,c6: Soil_Type_4 IS absent,5.399556636810303
covtype_binary_20000,43,261,layer_0,387,c6: Slope IS LOW,5.38323450088501
covtype_binary_20000,43,262,layer_0,23,c0: Wilderness_Area_3 IS present,5.367199897766113
covtype_binary_20000,43,263,layer_0,389,c6: Slope IS HIGH,5.33848762512207
covtype_binary_20000,43,264,layer_0,536,c8: Horizontal_Distance_To_Hydrology IS HIGH,5.239963054656982
covtype_binary_20000,43,265,layer_0,225,c3: Hillshade_9am IS LOW,5.236139297485352
covtype_binary_20000,43,266,layer_0,328,c5: Hillshade_9am IS MEDIUM,5.234660625457764
covtype_binary_20000,43,267,layer_0,537,c8: Wilderness_Area_3 IS absent,5.218222618103027
covtype_binary_20000,43,268,layer_0,237,c3: Wilderness_Area_1 IS absent,5.197075366973877
covtype_binary_20000,43,269,layer_0,567,c9: Horizontal_Distance_To_Fire_Points IS LOW,5.165831565856934
covtype_binary_20000,43,270,layer_0,207,c3: Vertical_Distance_To_Hydrology IS LOW,5.148540496826172
covtype_binary_20000,43,271,layer_0,273,c4: Soil_Type_4 IS absent,5.131362438201904
covtype_binary_20000,43,272,layer_0,381,c6: Wilderness_Area_4 IS absent,5.114908695220947
covtype_binary_20000,43,273,layer_0,356,c5: Horizontal_Distance_To_Roadways IS HIGH,5.106095314025879
covtype_binary_20000,43,274,layer_0,501,c8: Wilderness_Area_3 IS absent,5.091680526733398
covtype_binary_20000,43,275,layer_0,372,c6: Wilderness_Area_2 IS absent,5.046525955200195
covtype_binary_20000,43,276,layer_0,183,c3: Wilderness_Area_2 IS absent,5.0457305908203125
covtype_binary_20000,43,277,projection_layer,1,"pursuit_0(Horizontal_Distance_To_Fire_Points, Hillshade_3pm, Soil_Type_29, Soil_Type_4) IS MEDIUM",4.814845561981201
covtype_binary_20000,43,278,layer_0,268,c4: Hillshade_3pm IS MEDIUM,4.786548137664795
covtype_binary_20000,43,279,layer_0,627,c10: Aspect IS LOW,4.784047603607178
covtype_binary_20000,43,280,layer_0,17,c0: Soil_Type_22 IS present,4.754788398742676
covtype_binary_20000,43,281,layer_0,689,c11: Horizontal_Distance_To_Hydrology IS HIGH,4.740947723388672
covtype_binary_20000,43,282,layer_0,615,c10: Soil_Type_32 IS absent,4.732007026672363
covtype_binary_20000,43,283,layer_0,227,c3: Hillshade_9am IS HIGH,4.685360908508301
covtype_binary_20000,43,284,layer_0,531,c8: Soil_Type_24 IS absent,4.680749416351318
covtype_binary_20000,43,285,layer_0,329,c5: Hillshade_9am IS HIGH,4.647042274475098
covtype_binary_20000,43,286,layer_0,479,c7: Wilderness_Area_1 IS present,4.638254642486572
covtype_binary_20000,43,287,projection_layer,23,"pursuit_7(Aspect, Soil_Type_39, Soil_Type_2, Soil_Type_5) IS HIGH",4.553281307220459
covtype_binary_20000,43,288,layer_0,276,c4: Hillshade_9am IS LOW,4.5431647300720215
covtype_binary_20000,43,289,layer_0,19,c0: Horizontal_Distance_To_Fire_Points IS MEDIUM,4.505143642425537
covtype_binary_20000,43,290,layer_0,96,c1: Hillshade_Noon IS LOW,4.483859539031982
covtype_binary_20000,43,291,layer_0,438,c7: Slope IS LOW,4.454183101654053
covtype_binary_20000,43,292,layer_0,417,c6: Wilderness_Area_4 IS absent,4.395427703857422
covtype_binary_20000,43,293,layer_0,354,c5: Horizontal_Distance_To_Roadways IS LOW,4.382099151611328
covtype_binary_20000,43,294,layer_0,55,c0: Vertical_Distance_To_Hydrology IS MEDIUM,4.363979339599609
covtype_binary_20000,43,295,layer_0,288,c4: Wilderness_Area_1 IS absent,4.316318035125732
covtype_binary_20000,43,296,layer_0,176,c2: Hillshade_9am IS HIGH,4.307762145996094
covtype_binary_20000,43,297,layer_0,252,c4: Wilderness_Area_1 IS absent,4.297847747802734
covtype_binary_20000,43,298,layer_0,474,c7: Aspect IS LOW,4.291413307189941
covtype_binary_20000,43,299,layer_0,95,c1: Soil_Type_23 IS present,4.286904811859131
covtype_binary_20000,43,300,layer_0,398,c6: Elevation IS HIGH,4.281558036804199
covtype_binary_20000,43,301,layer_0,405,c6: Horizontal_Distance_To_Roadways IS LOW,4.250217914581299
covtype_binary_20000,43,302,layer_1,168,c2: projection_4 IS LOW,4.241887092590332
covtype_binary_20000,43,303,layer_0,507,c8: Horizontal_Distance_To_Roadways IS LOW,4.217768669128418
covtype_binary_20000,43,304,layer_0,36,c0: Horizontal_Distance_To_Hydrology IS LOW,4.207424640655518
covtype_binary_20000,43,305,layer_0,570,c9: Wilderness_Area_4 IS absent,4.176215648651123
covtype_binary_20000,43,306,layer_0,291,c4: Soil_Type_2 IS absent,4.166444778442383
covtype_binary_20000,43,307,layer_0,366,c6: Soil_Type_40 IS absent,4.155937671661377
covtype_binary_20000,43,308,layer_0,201,c3: Wilderness_Area_1 IS absent,4.115375995635986
covtype_binary_20000,43,309,layer_0,554,c9: Wilderness_Area_3 IS present,4.111649513244629
covtype_binary_20000,43,310,layer_0,217,c3: Hillshade_3pm IS MEDIUM,4.058556079864502
covtype_binary_20000,43,311,layer_0,539,c8: Wilderness_Area_3 IS present,4.053596019744873
covtype_binary_20000,43,312,layer_0,380,c6: Hillshade_9am IS HIGH,4.035901069641113
covtype_binary_20000,43,313,layer_0,287,c4: Slope IS HIGH,4.030801296234131
covtype_binary_20000,43,314,layer_0,590,c9: Wilderness_Area_3 IS present,4.019177436828613
covtype_binary_20000,43,315,layer_0,46,c0: Hillshade_Noon IS MEDIUM,4.016760349273682
covtype_binary_20000,43,316,layer_0,540,c9: Slope IS LOW,4.00042200088501
covtype_binary_20000,43,317,layer_0,675,c11: Soil_Type_33 IS absent,3.978557586669922
covtype_binary_20000,43,318,layer_0,430,c7: Hillshade_9am IS MEDIUM,3.9722251892089844
covtype_binary_20000,43,319,layer_0,645,c10: Hillshade_Noon IS LOW,3.9531731605529785
covtype_binary_20000,43,320,layer_0,503,c8: Wilderness_Area_3 IS present,3.9449400901794434
covtype_binary_20000,43,321,layer_0,234,c3: Slope IS LOW,3.9182870388031006
covtype_binary_20000,43,322,layer_0,611,c10: Horizontal_Distance_To_Roadways IS HIGH,3.86460280418396
covtype_binary_20000,43,323,projection_layer,6,"pursuit_2(Hillshade_Noon, Wilderness_Area_4, Soil_Type_23, Soil_Type_11) IS LOW",3.860729455947876
covtype_binary_20000,43,324,layer_0,81,c1: Wilderness_Area_2 IS absent,3.791217088699341
covtype_binary_20000,43,325,layer_0,242,c4: Horizontal_Distance_To_Hydrology IS HIGH,3.761338233947754
covtype_binary_20000,43,326,layer_0,213,c3: Soil_Type_40 IS absent,3.7290046215057373
covtype_binary_20000,43,327,layer_0,231,c3: Soil_Type_13 IS absent,3.7048633098602295
covtype_binary_20000,43,328,layer_0,45,c0: Hillshade_Noon IS LOW,3.695120096206665
covtype_binary_20000,43,329,layer_0,177,c2: Wilderness_Area_4 IS absent,3.6788320541381836
covtype_binary_20000,43,330,layer_0,591,c9: Soil_Type_11 IS absent,3.6593880653381348
covtype_binary_20000,43,331,layer_0,506,c8: Soil_Type_30 IS present,3.6355621814727783
covtype_binary_20000,43,332,layer_0,422,c7: Hillshade_3pm IS HIGH,3.6194355487823486
covtype_binary_20000,43,333,layer_0,37,c0: Horizontal_Distance_To_Hydrology IS MEDIUM,3.5750091075897217
covtype_binary_20000,43,334,layer_0,521,c8: Wilderness_Area_4 IS present,3.567460536956787
covtype_binary_20000,43,335,layer_0,485,c8: Wilderness_Area_4 IS present,3.5576815605163574
covtype_binary_20000,43,336,layer_0,443,c7: Wilderness_Area_1 IS present,3.5539557933807373
covtype_binary_20000,43,337,projection_layer,15,"pursuit_5(Hillshade_9am, Wilderness_Area_1, Soil_Type_10, Soil_Type_32) IS LOW",3.513424873352051
covtype_binary_20000,43,338,layer_0,141,c2: Wilderness_Area_4 IS absent,3.486583948135376
covtype_binary_20000,43,339,layer_0,524,c8: Soil_Type_33 IS present,3.444851875305176
covtype_binary_20000,43,340,layer_0,39,c0: Wilderness_Area_4 IS absent,3.432332992553711
covtype_binary_20000,43,341,layer_0,516,c8: Horizontal_Distance_To_Fire_Points IS LOW,3.421755790710449
covtype_binary_20000,43,342,layer_0,216,c3: Hillshade_3pm IS LOW,3.3962948322296143
covtype_binary_20000,43,343,layer_1,155,c2: ka_concept_1.c11 IS HIGH,3.372156858444214
covtype_binary_20000,43,344,layer_0,653,c10: Soil_Type_10 IS present,3.31563401222229
covtype_binary_20000,43,345,layer_0,208,c3: Vertical_Distance_To_Hydrology IS MEDIUM,3.3089401721954346
covtype_binary_20000,43,346,projection_layer,22,"pursuit_7(Aspect, Soil_Type_39, Soil_Type_2, Soil_Type_5) IS MEDIUM",3.291774034500122
covtype_binary_20000,43,347,layer_0,88,c1: Horizontal_Distance_To_Hydrology IS MEDIUM,3.2674977779388428
covtype_binary_20000,43,348,layer_0,140,c2: Horizontal_Distance_To_Hydrology IS HIGH,3.265078067779541
covtype_binary_20000,43,349,layer_0,98,c1: Hillshade_Noon IS HIGH,3.216186761856079
covtype_binary_20000,43,350,layer_0,467,c7: Horizontal_Distance_To_Fire_Points IS HIGH,3.210456371307373
covtype_binary_20000,43,351,layer_0,255,c4: Soil_Type_29 IS absent,3.194326162338257
covtype_binary_20000,43,352,layer_0,648,c10: Wilderness_Area_2 IS absent,3.17183780670166
covtype_binary_20000,43,353,layer_0,278,c4: Hillshade_9am IS HIGH,3.168827772140503
covtype_binary_20000,43,354,layer_0,662,c11: Horizontal_Distance_To_Roadways IS HIGH,3.159254550933838
covtype_binary_20000,43,355,layer_0,546,c9: Soil_Type_2 IS absent,3.1572513580322266
covtype_binary_20000,43,356,layer_1,129,c2: ka_concept_1.c3 IS LOW,3.0930721759796143
covtype_binary_20000,43,357,layer_0,525,c8: Aspect IS LOW,3.020994186401367
covtype_binary_20000,43,358,layer_0,235,c3: Slope IS MEDIUM,2.9823169708251953
covtype_binary_20000,43,359,layer_0,48,c0: Wilderness_Area_1 IS absent,2.9774012565612793
covtype_binary_20000,43,360,layer_1,146,c2: ka_concept_1.c8 IS HIGH,2.9333372116088867
covtype_binary_20000,43,361,layer_0,212,c3: Wilderness_Area_3 IS present,2.91871976852417
covtype_binary_20000,43,362,layer_0,68,c1: Soil_Type_22 IS present,2.907594680786133
covtype_binary_20000,43,363,layer_0,197,c3: Soil_Type_23 IS present,2.8861896991729736
covtype_binary_20000,43,364,layer_0,50,c0: Wilderness_Area_1 IS present,2.8843283653259277
covtype_binary_20000,43,365,layer_0,378,c6: Hillshade_9am IS LOW,2.871217727661133
covtype_binary_20000,43,366,layer_1,141,c2: ka_concept_1.c7 IS LOW,2.8682355880737305
covtype_binary_20000,43,367,layer_0,65,c1: Wilderness_Area_1 IS present,2.8463776111602783
covtype_binary_20000,43,368,layer_0,429,c7: Hillshade_9am IS LOW,2.8368794918060303
covtype_binary_20000,43,369,layer_0,264,c4: Soil_Type_40 IS absent,2.8162851333618164
covtype_binary_20000,43,370,layer_0,411,c6: Soil_Type_32 IS absent,2.815333604812622
covtype_binary_20000,43,371,layer_0,339,c5: Wilderness_Area_1 IS absent,2.7704384326934814
covtype_binary_20000,43,372,layer_1,145,c2: ka_concept_1.c8 IS MEDIUM,2.695279598236084
covtype_binary_20000,43,373,layer_0,12,c0: Wilderness_Area_1 IS absent,2.6800191402435303
covtype_binary_20000,43,374,layer_0,646,c10: Hillshade_Noon IS MEDIUM,2.6319470405578613
covtype_binary_20000,43,375,layer_0,421,c7: Hillshade_3pm IS MEDIUM,2.594540596008301
covtype_binary_20000,43,376,layer_0,162,c2: Soil_Type_40 IS absent,2.4809985160827637
covtype_binary_20000,43,377,layer_0,551,c9: Elevation IS HIGH,2.474154472351074
covtype_binary_20000,43,378,layer_0,105,c1: Vertical_Distance_To_Hydrology IS LOW,2.4562904834747314
covtype_binary_20000,43,379,layer_0,638,c10: Horizontal_Distance_To_Hydrology IS HIGH,2.4443843364715576
covtype_binary_20000,43,380,layer_0,303,c5: Wilderness_Area_1 IS absent,2.4393537044525146
covtype_binary_20000,43,381,layer_0,468,c7: Wilderness_Area_4 IS absent,2.4252333641052246
covtype_binary_20000,43,382,layer_0,69,c1: Horizontal_Distance_To_Fire_Points IS LOW,2.4043562412261963
covtype_binary_20000,43,383,layer_1,152,c2: ka_concept_1.c10 IS HIGH,2.403536319732666
covtype_binary_20000,43,384,layer_0,612,c10: Wilderness_Area_2 IS absent,2.3383281230926514
covtype_binary_20000,43,385,layer_0,326,c5: Soil_Type_4 IS present,2.3289694786071777
covtype_binary_20000,43,386,layer_0,99,c1: Wilderness_Area_1 IS absent,2.315213203430176
covtype_binary_20000,43,387,layer_0,581,c9: Wilderness_Area_1 IS present,2.30029559135437
covtype_binary_20000,43,388,layer_0,666,c11: Soil_Type_32 IS absent,2.286743640899658
covtype_binary_20000,43,389,layer_0,360,c6: Vertical_Distance_To_Hydrology IS LOW,2.282032012939453
covtype_binary_20000,43,390,layer_0,282,c4: Soil_Type_13 IS absent,2.262564182281494
covtype_binary_20000,43,391,layer_1,135,c2: ka_concept_1.c5 IS LOW,2.2538981437683105
covtype_binary_20000,43,392,layer_0,204,c3: Soil_Type_29 IS absent,2.212144613265991
covtype_binary_20000,43,393,layer_0,102,c1: Soil_Type_29 IS absent,2.1724088191986084
covtype_binary_20000,43,394,layer_0,601,c10: Elevation IS MEDIUM,2.1344339847564697
covtype_binary_20000,43,395,projection_layer,2,"pursuit_0(Horizontal_Distance_To_Fire_Points, Hillshade_3pm, Soil_Type_29, Soil_Type_4) IS HIGH",2.105945587158203
covtype_binary_20000,43,396,layer_0,14,c0: Wilderness_Area_1 IS present,2.1015989780426025
covtype_binary_20000,43,397,layer_0,617,c10: Soil_Type_32 IS present,2.0929551124572754
covtype_binary_20000,43,398,layer_0,635,c10: Soil_Type_24 IS present,2.0429670810699463
covtype_binary_20000,43,399,layer_1,267,c4: ka_concept_1.c9 IS LOW,1.9464114904403687
covtype_binary_20000,43,400,layer_1,275,c4: ka_concept_1.c11 IS HIGH,1.9369663000106812
covtype_binary_20000,43,401,layer_0,476,c7: Aspect IS HIGH,1.9229509830474854
covtype_binary_20000,43,402,layer_1,120,c2: ka_concept_1.c0 IS LOW,1.9072643518447876
covtype_binary_20000,43,403,layer_0,146,c2: Soil_Type_23 IS present,1.8811908960342407
covtype_binary_20000,43,404,layer_0,545,c9: Wilderness_Area_1 IS present,1.8811285495758057
covtype_binary_20000,43,405,layer_0,390,c6: Wilderness_Area_1 IS absent,1.8743312358856201
covtype_binary_20000,43,406,layer_0,348,c5: Wilderness_Area_3 IS absent,1.8710843324661255
covtype_binary_20000,43,407,layer_1,151,c2: ka_concept_1.c10 IS MEDIUM,1.8693782091140747
covtype_binary_20000,43,408,layer_1,35,c0: ka_concept_1.c11 IS HIGH,1.8660250902175903
covtype_binary_20000,43,409,layer_0,383,c6: Wilderness_Area_4 IS present,1.830607533454895
covtype_binary_20000,43,410,layer_0,18,c0: Horizontal_Distance_To_Fire_Points IS LOW,1.828959584236145
covtype_binary_20000,43,411,layer_1,122,c2: ka_concept_1.c0 IS HIGH,1.8285895586013794
covtype_binary_20000,43,412,layer_0,419,c6: Wilderness_Area_4 IS present,1.7883981466293335
covtype_binary_20000,43,413,layer_1,147,c2: ka_concept_1.c9 IS LOW,1.7847930192947388
covtype_binary_20000,43,414,layer_1,136,c2: ka_concept_1.c5 IS MEDIUM,1.7606741189956665
covtype_binary_20000,43,415,layer_0,210,c3: Wilderness_Area_3 IS absent,1.7446485757827759
covtype_binary_20000,43,416,layer_1,255,c4: ka_concept_1.c5 IS LOW,1.7244787216186523
covtype_binary_20000,43,417,layer_0,286,c4: Slope IS MEDIUM,1.7239487171173096
covtype_binary_20000,43,418,layer_1,159,c2: projection_1 IS LOW,1.7157968282699585
covtype_binary_20000,43,419,layer_0,53,c0: Soil_Type_29 IS present,1.7103943824768066
covtype_binary_20000,43,420,layer_0,576,c9: Aspect IS LOW,1.7004292011260986
covtype_binary_20000,43,421,layer_1,42,c0: projection_2 IS LOW,1.699125051498413
covtype_binary_20000,43,422,layer_0,392,c6: Wilderness_Area_1 IS present,1.6911282539367676
covtype_binary_20000,43,423,layer_0,314,c5: Wilderness_Area_3 IS present,1.6902474164962769
covtype_binary_20000,43,424,layer_1,15,c0: ka_concept_1.c5 IS LOW,1.6834784746170044
covtype_binary_20000,43,425,layer_1,124,c2: ka_concept_1.c1 IS MEDIUM,1.6614652872085571
covtype_binary_20000,43,426,layer_0,310,c5: Vertical_Distance_To_Hydrology IS MEDIUM,1.6347947120666504
covtype_binary_20000,43,427,layer_0,344,c5: Soil_Type_2 IS present,1.6250730752944946
covtype_binary_20000,43,428,layer_0,425,c7: Wilderness_Area_2 IS present,1.614343285560608
covtype_binary_20000,43,429,layer_0,461,c7: Wilderness_Area_2 IS present,1.605489730834961
covtype_binary_20000,43,430,layer_0,101,c1: Wilderness_Area_1 IS present,1.5962907075881958
covtype_binary_20000,43,431,layer_0,290,c4: Wilderness_Area_1 IS present,1.5775880813598633
covtype_binary_20000,43,432,layer_0,254,c4: Wilderness_Area_1 IS present,1.5753144025802612
covtype_binary_20000,43,433,layer_1,288,c4: projection_4 IS LOW,1.5670771598815918
covtype_binary_20000,43,434,layer_1,167,c2: projection_3 IS HIGH,1.5549604892730713
covtype_binary_20000,43,435,layer_0,167,c2: Hillshade_3pm IS HIGH,1.548088550567627
covtype_binary_20000,43,436,layer_0,420,c7: Hillshade_3pm IS LOW,1.5433729887008667
covtype_binary_20000,43,437,layer_0,224,c3: Soil_Type_4 IS present,1.5406877994537354
covtype_binary_20000,43,438,layer_0,586,c9: Horizontal_Distance_To_Hydrology IS MEDIUM,1.5278465747833252
covtype_binary_20000,43,439,layer_0,393,c6: Soil_Type_2 IS absent,1.5178585052490234
covtype_binary_20000,43,440,layer_0,277,c4: Hillshade_9am IS MEDIUM,1.5088785886764526
covtype_binary_20000,43,441,layer_0,401,c6: Wilderness_Area_3 IS present,1.5055781602859497
covtype_binary_20000,43,442,layer_0,30,c0: Wilderness_Area_2 IS absent,1.5013277530670166
covtype_binary_20000,43,443,layer_0,61,c1: Horizontal_Distance_To_Roadways IS MEDIUM,1.4977182149887085
covtype_binary_20000,43,444,projection_layer,21,"pursuit_7(Aspect, Soil_Type_39, Soil_Type_2, Soil_Type_5) IS LOW",1.4926420450210571
covtype_binary_20000,43,445,layer_1,123,c2: ka_concept_1.c1 IS LOW,1.4843932390213013
covtype_binary_20000,43,446,layer_0,77,c1: Soil_Type_38 IS present,1.4764564037322998
covtype_binary_20000,43,447,layer_0,111,c1: Soil_Type_40 IS absent,1.4735771417617798
covtype_binary_20000,43,448,layer_0,26,c0: Soil_Type_38 IS present,1.4689855575561523
covtype_binary_20000,43,449,layer_1,169,c2: projection_4 IS MEDIUM,1.4391026496887207
covtype_binary_20000,43,450,layer_0,650,c10: Wilderness_Area_2 IS present,1.4271470308303833
covtype_binary_20000,43,451,layer_1,261,c4: ka_concept_1.c7 IS LOW,1.4235221147537231
covtype_binary_20000,43,452,layer_1,19,c0: ka_concept_1.c6 IS MEDIUM,1.4203189611434937
covtype_binary_20000,43,453,layer_1,4,c0: ka_concept_1.c1 IS MEDIUM,1.4199520349502563
covtype_binary_20000,43,454,layer_0,552,c9: Wilderness_Area_3 IS absent,1.41905677318573
covtype_binary_20000,43,455,layer_0,533,c8: Soil_Type_24 IS present,1.416422724723816
covtype_binary_20000,43,456,layer_1,21,c0: ka_concept_1.c7 IS LOW,1.4116826057434082
covtype_binary_20000,43,457,layer_0,713,c11: Soil_Type_31 IS present,1.4048389196395874
covtype_binary_20000,43,458,layer_0,510,c8: Wilderness_Area_2 IS absent,1.4029526710510254
covtype_binary_20000,43,459,layer_0,614,c10: Wilderness_Area_2 IS present,1.3791356086730957
covtype_binary_20000,43,460,layer_0,701,c11: Wilderness_Area_2 IS present,1.3764311075210571
covtype_binary_20000,43,461,layer_0,665,c11: Wilderness_Area_2 IS present,1.369782567024231
covtype_binary_20000,43,462,layer_0,588,c9: Wilderness_Area_3 IS absent,1.314009428024292
covtype_binary_20000,43,463,layer_1,271,c4: ka_concept_1.c10 IS MEDIUM,1.3068066835403442
covtype_binary_20000,43,464,layer_1,20,c0: ka_concept_1.c6 IS HIGH,1.295697569847107
covtype_binary_20000,43,465,layer_1,175,c2: projection_6 IS MEDIUM,1.2877284288406372
covtype_binary_20000,43,466,layer_1,24,c0: ka_concept_1.c8 IS LOW,1.2837086915969849
covtype_binary_20000,43,467,layer_1,32,c0: ka_concept_1.c10 IS HIGH,1.2740325927734375
covtype_binary_20000,43,468,layer_0,126,c2: Soil_Type_38 IS absent,1.2691655158996582
covtype_binary_20000,43,469,layer_0,365,c6: Wilderness_Area_3 IS present,1.2607331275939941
covtype_binary_20000,43,470,layer_0,399,c6: Wilderness_Area_3 IS absent,1.228816032409668
covtype_binary_20000,43,471,layer_0,230,c3: Wilderness_Area_4 IS present,1.228087067604065
covtype_binary_20000,43,472,layer_0,327,c5: Hillshade_9am IS LOW,1.2261426448822021
covtype_binary_20000,43,473,layer_1,144,c2: ka_concept_1.c8 IS LOW,1.2138066291809082
covtype_binary_20000,43,474,layer_0,194,c3: Wilderness_Area_4 IS present,1.2105157375335693
covtype_binary_20000,43,475,layer_0,674,c11: Wilderness_Area_4 IS present,1.210123062133789
covtype_binary_20000,43,476,layer_0,350,c5: Wilderness_Area_3 IS present,1.2077710628509521
covtype_binary_20000,43,477,layer_0,710,c11: Wilderness_Area_4 IS present,1.1999576091766357
covtype_binary_20000,43,478,layer_1,47,c0: projection_3 IS HIGH,1.1943975687026978
covtype_binary_20000,43,479,layer_0,482,c8: Hillshade_9am IS HIGH,1.1896882057189941
covtype_binary_20000,43,480,layer_1,27,c0: ka_concept_1.c9 IS LOW,1.1810194253921509
covtype_binary_20000,43,481,layer_0,626,c10: Soil_Type_33 IS present,1.1796051263809204
covtype_binary_20000,43,482,layer_0,428,c7: Soil_Type_4 IS present,1.1786277294158936
covtype_binary_20000,43,483,layer_0,644,c10: Soil_Type_11 IS present,1.1714023351669312
covtype_binary_20000,43,484,layer_0,35,c0: Soil_Type_39 IS present,1.1685220003128052
covtype_binary_20000,43,485,layer_0,464,c7: Soil_Type_32 IS present,1.132964015007019
covtype_binary_20000,43,486,layer_1,26,c0: ka_concept_1.c8 IS HIGH,1.1279826164245605
covtype_binary_20000,43,487,layer_0,63,c1: Wilderness_Area_1 IS absent,1.1220855712890625
covtype_binary_20000,43,488,projection_layer,18,"pursuit_6(Horizontal_Distance_To_Roadways, Soil_Type_38, Wilderness_Area_2, Soil_Type_18) IS LOW",1.116091012954712
covtype_binary_20000,43,489,projection_layer,14,"pursuit_4(Horizontal_Distance_To_Hydrology, Soil_Type_22, Soil_Type_30, Soil_Type_35) IS HIGH",1.102494239807129
covtype_binary_20000,43,490,layer_1,163,c2: projection_2 IS MEDIUM,1.0823200941085815
covtype_binary_20000,43,491,layer_0,449,c7: Elevation IS HIGH,1.0676535367965698
covtype_binary_20000,43,492,layer_0,456,c7: Horizontal_Distance_To_Roadways IS LOW,1.0617870092391968
covtype_binary_20000,43,493,layer_0,455,c7: Soil_Type_30 IS present,1.0520895719528198
covtype_binary_20000,43,494,layer_0,3,c0: Wilderness_Area_4 IS absent,1.0465768575668335
covtype_binary_20000,43,495,layer_0,330,c5: Wilderness_Area_4 IS absent,1.0364933013916016
covtype_binary_20000,43,496,layer_0,97,c1: Hillshade_Noon IS MEDIUM,1.0321823358535767
covtype_binary_20000,43,497,layer_0,56,c0: Vertical_Distance_To_Hydrology IS HIGH,1.016493797302246
covtype_binary_20000,43,498,layer_0,158,c2: Vertical_Distance_To_Hydrology IS HIGH,1.0164546966552734
covtype_binary_20000,43,499,layer_0,248,c4: Soil_Type_23 IS present,1.0089319944381714
covtype_binary_20000,43,500,layer_1,171,c2: projection_5 IS LOW,1.0064011812210083
covtype_binary_20000,43,501,layer_1,174,c2: projection_6 IS LOW,1.0037310123443604
covtype_binary_20000,43,502,layer_1,58,c0: projection_7 IS MEDIUM,0.9880830645561218
covtype_binary_20000,43,503,layer_0,473,c7: Soil_Type_33 IS present,0.9837568402290344
covtype_binary_20000,43,504,layer_0,509,c8: Horizontal_Distance_To_Roadways IS HIGH,0.9718331694602966
covtype_binary_20000,43,505,layer_1,264,c4: ka_concept_1.c8 IS LOW,0.9715337753295898
covtype_binary_20000,43,506,layer_1,12,c0: ka_concept_1.c4 IS LOW,0.9661065936088562
covtype_binary_20000,43,507,layer_0,677,c11: Soil_Type_33 IS present,0.9656491875648499
covtype_binary_20000,43,508,layer_0,410,c6: Wilderness_Area_2 IS present,0.9637936353683472
covtype_binary_20000,43,509,layer_1,57,c0: projection_7 IS LOW,0.9629802107810974
covtype_binary_20000,43,510,layer_0,437,c7: Soil_Type_13 IS present,0.9617112874984741
covtype_binary_20000,43,511,layer_1,48,c0: projection_4 IS LOW,0.9605715274810791
covtype_binary_20000,43,512,layer_1,39,c0: projection_1 IS LOW,0.9590995907783508
covtype_binary_20000,43,513,layer_0,692,c11: Wilderness_Area_3 IS present,0.9516136050224304
covtype_binary_20000,43,514,layer_1,287,c4: projection_3 IS HIGH,0.9058082699775696
covtype_binary_20000,43,515,layer_1,298,c4: projection_7 IS MEDIUM,0.8994837999343872
covtype_binary_20000,43,516,layer_0,92,c1: Wilderness_Area_4 IS present,0.8990936875343323
covtype_binary_20000,43,517,layer_0,374,c6: Wilderness_Area_2 IS present,0.8906564116477966
covtype_binary_20000,43,518,layer_0,206,c3: Soil_Type_29 IS present,0.8866131901741028
covtype_binary_20000,43,519,layer_1,126,c2: ka_concept_1.c2 IS LOW,0.8865362405776978
covtype_binary_20000,43,520,layer_0,106,c1: Vertical_Distance_To_Hydrology IS MEDIUM,0.8791429996490479
covtype_binary_20000,43,521,layer_0,513,c8: Soil_Type_32 IS absent,0.873572587966919
covtype_binary_20000,43,522,layer_1,241,c4: ka_concept_1.c0 IS MEDIUM,0.8581209182739258
covtype_binary_20000,43,523,layer_0,495,c8: Soil_Type_2 IS absent,0.850900411605835
covtype_binary_20000,43,524,layer_0,707,c11: Vertical_Distance_To_Hydrology IS HIGH,0.8450740575790405
covtype_binary_20000,43,525,layer_0,704,c11: Soil_Type_10 IS present,0.8437156677246094
covtype_binary_20000,43,526,layer_1,170,c2: projection_4 IS HIGH,0.841333270072937
covtype_binary_20000,43,527,layer_0,318,c5: Hillshade_3pm IS LOW,0.8376089930534363
covtype_binary_20000,43,528,layer_1,162,c2: projection_2 IS LOW,0.8268851041793823
covtype_binary_20000,43,529,layer_0,134,c2: Wilderness_Area_2 IS present,0.8087302446365356
covtype_binary_20000,43,530,layer_0,170,c2: Wilderness_Area_2 IS present,0.8014074563980103
covtype_binary_20000,43,531,layer_0,42,c0: Soil_Type_23 IS absent,0.7963244915008545
covtype_binary_20000,43,532,layer_1,51,c0: projection_5 IS LOW,0.7945343255996704
covtype_binary_20000,43,533,layer_1,132,c2: ka_concept_1.c4 IS LOW,0.7847490906715393
covtype_binary_20000,43,534,layer_0,558,c9: Horizontal_Distance_To_Roadways IS LOW,0.7814794182777405
covtype_binary_20000,43,535,layer_1,36,c0: projection_0 IS LOW,0.7787588834762573
covtype_binary_20000,43,536,layer_1,257,c4: ka_concept_1.c5 IS HIGH,0.7747989892959595
covtype_binary_20000,43,537,layer_1,154,c2: ka_concept_1.c11 IS MEDIUM,0.7727187275886536
covtype_binary_20000,43,538,layer_1,138,c2: ka_concept_1.c6 IS LOW,0.770018458366394
covtype_binary_20000,43,539,layer_0,301,c5: Hillshade_Noon IS MEDIUM,0.7648976445198059
covtype_binary_20000,43,540,layer_0,686,c11: Soil_Type_24 IS present,0.7631889581680298
covtype_binary_20000,43,541,layer_1,158,c2: projection_0 IS HIGH,0.7615585327148438
covtype_binary_20000,43,542,layer_0,107,c1: Vertical_Distance_To_Hydrology IS HIGH,0.7565334439277649
covtype_binary_20000,43,543,layer_1,30,c0: ka_concept_1.c10 IS LOW,0.7563230991363525
covtype_binary_20000,43,544,layer_1,259,c4: ka_concept_1.c6 IS MEDIUM,0.754747211933136
covtype_binary_20000,43,545,layer_0,402,c6: Soil_Type_30 IS absent,0.7482264041900635
covtype_binary_20000,43,546,layer_0,44,c0: Soil_Type_23 IS present,0.7406039834022522
covtype_binary_20000,43,547,layer_0,440,c7: Slope IS HIGH,0.7332676649093628
covtype_binary_20000,43,548,layer_0,575,c9: Soil_Type_33 IS present,0.7329691052436829
covtype_binary_20000,43,549,layer_1,149,c2: ka_concept_1.c9 IS HIGH,0.7314640283584595
covtype_binary_20000,43,550,layer_1,243,c4: ka_concept_1.c1 IS LOW,0.717634379863739
covtype_binary_20000,43,551,layer_0,86,c1: Soil_Type_39 IS present,0.6959537863731384
covtype_binary_20000,43,552,layer_0,681,c11: Wilderness_Area_1 IS absent,0.6938908696174622
covtype_binary_20000,43,553,layer_1,0,c0: ka_concept_1.c0 IS LOW,0.6887294054031372
covtype_binary_20000,43,554,layer_0,566,c9: Soil_Type_32 IS present,0.6770358085632324
covtype_binary_20000,43,555,layer_1,156,c2: projection_0 IS LOW,0.6746134161949158
covtype_binary_20000,43,556,projection_layer,10,"pursuit_3(Slope, Soil_Type_12, Soil_Type_13, Soil_Type_1) IS MEDIUM",0.6640731692314148
covtype_binary_20000,43,557,layer_1,282,c4: projection_2 IS LOW,0.6438998579978943
covtype_binary_20000,43,558,layer_0,695,c11: Soil_Type_11 IS present,0.635118842124939
covtype_binary_20000,43,559,layer_0,446,c7: Soil_Type_2 IS present,0.6283984184265137
covtype_binary_20000,43,560,projection_layer,0,"pursuit_0(Horizontal_Distance_To_Fire_Points, Hillshade_3pm, Soil_Type_29, Soil_Type_4) IS LOW",0.6259375214576721
covtype_binary_20000,43,561,layer_0,512,c8: Wilderness_Area_2 IS present,0.62040114402771
covtype_binary_20000,43,562,layer_0,515,c8: Soil_Type_32 IS present,0.6143944263458252
covtype_binary_20000,43,563,layer_1,270,c4: ka_concept_1.c10 IS LOW,0.6143267154693604
covtype_binary_20000,43,564,layer_1,266,c4: ka_concept_1.c8 IS HIGH,0.6046400666236877
covtype_binary_20000,43,565,layer_0,584,c9: Soil_Type_24 IS present,0.6032348871231079
covtype_binary_20000,43,566,layer_1,150,c2: ka_concept_1.c10 IS LOW,0.6000666618347168
covtype_binary_20000,43,567,layer_1,121,c2: ka_concept_1.c0 IS MEDIUM,0.5970000624656677
covtype_binary_20000,43,568,layer_0,690,c11: Wilderness_Area_3 IS absent,0.5929669141769409
covtype_binary_20000,43,569,layer_0,72,c1: Wilderness_Area_3 IS absent,0.5882101058959961
covtype_binary_20000,43,570,layer_0,659,c10: Wilderness_Area_4 IS present,0.5866984724998474
covtype_binary_20000,43,571,layer_1,55,c0: projection_6 IS MEDIUM,0.5843086838722229
covtype_binary_20000,43,572,layer_1,260,c4: ka_concept_1.c6 IS HIGH,0.5822458267211914
covtype_binary_20000,43,573,layer_0,656,c10: Vertical_Distance_To_Hydrology IS HIGH,0.5813646912574768
covtype_binary_20000,43,574,layer_0,173,c2: Soil_Type_4 IS present,0.5736246705055237
covtype_binary_20000,43,575,layer_0,623,c10: Wilderness_Area_4 IS present,0.5540236830711365
covtype_binary_20000,43,576,layer_1,279,c4: projection_1 IS LOW,0.5479384064674377
covtype_binary_20000,43,577,layer_0,706,c11: Vertical_Distance_To_Hydrology IS MEDIUM,0.5461537837982178
covtype_binary_20000,43,578,layer_1,6,c0: ka_concept_1.c2 IS LOW,0.543321430683136
covtype_binary_20000,43,579,layer_1,130,c2: ka_concept_1.c3 IS MEDIUM,0.5419308543205261
covtype_binary_20000,43,580,layer_0,281,c4: Wilderness_Area_4 IS present,0.5406754612922668
covtype_binary_20000,43,581,layer_0,245,c4: Wilderness_Area_4 IS present,0.5406666398048401
covtype_binary_20000,43,582,layer_0,717,c11: Wilderness_Area_1 IS absent,0.525316596031189
covtype_binary_20000,43,583,layer_0,115,c1: Hillshade_3pm IS MEDIUM,0.5247290134429932
covtype_binary_20000,43,584,layer_0,624,c10: Soil_Type_33 IS absent,0.522591233253479
covtype_binary_20000,43,585,layer_0,486,c8: Soil_Type_13 IS absent,0.5145382285118103
covtype_binary_20000,43,586,layer_1,178,c2: projection_7 IS MEDIUM,0.5008449554443359
covtype_binary_20000,43,587,layer_1,240,c4: ka_concept_1.c0 IS LOW,0.5004447102546692
covtype_binary_20000,43,588,layer_1,127,c2: ka_concept_1.c2 IS MEDIUM,0.4985428750514984
covtype_binary_20000,43,589,layer_0,41,c0: Wilderness_Area_4 IS present,0.49732038378715515
covtype_binary_20000,43,590,layer_0,110,c1: Wilderness_Area_3 IS present,0.4937039315700531
covtype_binary_20000,43,591,layer_1,22,c0: ka_concept_1.c7 IS MEDIUM,0.4881470203399658
covtype_binary_20000,43,592,layer_1,37,c0: projection_0 IS MEDIUM,0.4797239899635315
covtype_binary_20000,43,593,layer_1,265,c4: ka_concept_1.c8 IS MEDIUM,0.4789730906486511
covtype_binary_20000,43,594,layer_0,185,c3: Wilderness_Area_2 IS present,0.477183997631073
covtype_binary_20000,43,595,layer_0,272,c4: Wilderness_Area_2 IS present,0.4720867872238159
covtype_binary_20000,43,596,layer_1,249,c4: ka_concept_1.c3 IS LOW,0.46818456053733826
covtype_binary_20000,43,597,layer_0,104,c1: Soil_Type_29 IS present,0.46737051010131836
covtype_binary_20000,43,598,layer_1,179,c2: projection_7 IS HIGH,0.4632764458656311
covtype_binary_20000,43,599,layer_0,527,c8: Aspect IS HIGH,0.4609760046005249
covtype_binary_20000,43,600,layer_0,668,c11: Soil_Type_32 IS present,0.46002331376075745
covtype_binary_20000,43,601,layer_0,221,c3: Wilderness_Area_2 IS present,0.45445945858955383
covtype_binary_20000,43,602,layer_1,140,c2: ka_concept_1.c6 IS HIGH,0.45199161767959595
covtype_binary_20000,43,603,layer_0,606,c10: Soil_Type_30 IS absent,0.45119115710258484
covtype_binary_20000,43,604,layer_1,142,c2: ka_concept_1.c7 IS MEDIUM,0.44205915927886963
covtype_binary_20000,43,605,layer_0,155,c2: Soil_Type_29 IS present,0.4406032860279083
covtype_binary_20000,43,606,layer_0,209,c3: Vertical_Distance_To_Hydrology IS HIGH,0.43751856684684753
covtype_binary_20000,43,607,layer_0,260,c4: Vertical_Distance_To_Hydrology IS HIGH,0.43243348598480225
covtype_binary_20000,43,608,layer_1,3,c0: ka_concept_1.c1 IS LOW,0.427979439496994
covtype_binary_20000,43,609,layer_1,38,c0: projection_0 IS HIGH,0.4235614836215973
covtype_binary_20000,43,610,layer_0,608,c10: Soil_Type_30 IS present,0.40341368317604065
covtype_binary_20000,43,611,layer_1,274,c4: ka_concept_1.c11 IS MEDIUM,0.3997800350189209
covtype_binary_20000,43,612,layer_0,137,c2: Soil_Type_39 IS present,0.3968578279018402
covtype_binary_20000,43,613,layer_1,49,c0: projection_4 IS MEDIUM,0.3908229172229767
covtype_binary_20000,43,614,layer_0,74,c1: Wilderness_Area_3 IS present,0.3733597695827484
covtype_binary_20000,43,615,layer_0,404,c6: Soil_Type_30 IS present,0.37319865822792053
covtype_binary_20000,43,616,layer_0,188,c3: Soil_Type_39 IS present,0.37318742275238037
covtype_binary_20000,43,617,layer_0,156,c2: Vertical_Distance_To_Hydrology IS LOW,0.3673269748687744
covtype_binary_20000,43,618,layer_0,386,c6: Soil_Type_13 IS present,0.3628796935081482
covtype_binary_20000,43,619,layer_0,413,c6: Soil_Type_32 IS present,0.36182165145874023
covtype_binary_20000,43,620,layer_1,17,c0: ka_concept_1.c5 IS HIGH,0.3602713346481323
covtype_binary_20000,43,621,layer_0,470,c7: Wilderness_Area_4 IS present,0.3570341467857361
covtype_binary_20000,43,622,layer_1,18,c0: ka_concept_1.c6 IS LOW,0.3535400331020355
covtype_binary_20000,43,623,layer_0,434,c7: Wilderness_Area_4 IS present,0.34491488337516785
covtype_binary_20000,43,624,layer_1,245,c4: ka_concept_1.c1 IS HIGH,0.3426038324832916
covtype_binary_20000,43,625,layer_1,247,c4: ka_concept_1.c2 IS MEDIUM,0.33117660880088806
covtype_binary_20000,43,626,layer_0,113,c1: Soil_Type_40 IS present,0.3311752378940582
covtype_binary_20000,43,627,layer_0,377,c6: Soil_Type_4 IS present,0.32705384492874146
covtype_binary_20000,43,628,layer_0,557,c9: Soil_Type_30 IS present,0.3251892328262329
covtype_binary_20000,43,629,layer_1,242,c4: ka_concept_1.c0 IS HIGH,0.3197874426841736
covtype_binary_20000,43,630,layer_0,368,c6: Soil_Type_40 IS present,0.31460264325141907
covtype_binary_20000,43,631,layer_1,133,c2: ka_concept_1.c4 IS MEDIUM,0.31400275230407715
covtype_binary_20000,43,632,layer_0,83,c1: Wilderness_Area_2 IS present,0.31202465295791626
covtype_binary_20000,43,633,layer_0,32,c0: Wilderness_Area_2 IS present,0.31157052516937256
covtype_binary_20000,43,634,layer_0,119,c1: Wilderness_Area_2 IS present,0.31094369292259216
covtype_binary_20000,43,635,layer_1,28,c0: ka_concept_1.c9 IS MEDIUM,0.30196744203567505
covtype_binary_20000,43,636,projection_layer,17,"pursuit_5(Hillshade_9am, Wilderness_Area_1, Soil_Type_10, Soil_Type_32) IS HIGH",0.29974767565727234
covtype_binary_20000,43,637,layer_0,599,c9: Wilderness_Area_2 IS present,0.2913742661476135
covtype_binary_20000,43,638,layer_1,128,c2: ka_concept_1.c2 IS HIGH,0.28871023654937744
covtype_binary_20000,43,639,layer_1,278,c4: projection_0 IS HIGH,0.28863605856895447
covtype_binary_20000,43,640,layer_0,660,c11: Horizontal_Distance_To_Roadways IS LOW,0.28737351298332214
covtype_binary_20000,43,641,layer_1,276,c4: projection_0 IS LOW,0.27961528301239014
covtype_binary_20000,43,642,layer_1,131,c2: ka_concept_1.c3 IS HIGH,0.2761368751525879
covtype_binary_20000,43,643,layer_1,291,c4: projection_5 IS LOW,0.27267342805862427
covtype_binary_20000,43,644,layer_0,312,c5: Wilderness_Area_3 IS absent,0.2640698552131653
covtype_binary_20000,43,645,layer_0,275,c4: Soil_Type_4 IS present,0.2635277211666107
covtype_binary_20000,43,646,layer_1,34,c0: ka_concept_1.c11 IS MEDIUM,0.26005664467811584
covtype_binary_20000,43,647,layer_1,263,c4: ka_concept_1.c7 IS HIGH,0.25383710861206055
covtype_binary_20000,43,648,layer_1,1,c0: ka_concept_1.c0 IS MEDIUM,0.24816139042377472
covtype_binary_20000,43,649,layer_1,29,c0: ka_concept_1.c9 IS HIGH,0.2470645159482956
covtype_binary_20000,43,650,layer_1,10,c0: ka_concept_1.c3 IS MEDIUM,0.2441113144159317
covtype_binary_20000,43,651,layer_1,277,c4: projection_0 IS MEDIUM,0.24365046620368958
covtype_binary_20000,43,652,layer_1,52,c0: projection_5 IS MEDIUM,0.24107660353183746
covtype_binary_20000,43,653,layer_0,698,c11: Hillshade_Noon IS HIGH,0.24071840941905975
covtype_binary_20000,43,654,layer_0,363,c6: Wilderness_Area_3 IS absent,0.22851240634918213
covtype_binary_20000,43,655,layer_1,54,c0: projection_6 IS LOW,0.2258700132369995
covtype_binary_20000,43,656,layer_0,90,c1: Wilderness_Area_4 IS absent,0.22176428139209747
covtype_binary_20000,43,657,layer_1,258,c4: ka_concept_1.c6 IS LOW,0.21670353412628174
covtype_binary_20000,43,658,layer_0,563,c9: Wilderness_Area_2 IS present,0.21648013591766357
covtype_binary_20000,43,659,layer_1,177,c2: projection_7 IS LOW,0.2147442251443863
covtype_binary_20000,43,660,layer_0,497,c8: Soil_Type_2 IS present,0.21304243803024292
covtype_binary_20000,43,661,layer_1,50,c0: projection_4 IS HIGH,0.21192440390586853
covtype_binary_20000,43,662,layer_1,143,c2: ka_concept_1.c7 IS HIGH,0.21106921136379242
covtype_binary_20000,43,663,layer_1,292,c4: projection_5 IS MEDIUM,0.209818497300148
covtype_binary_20000,43,664,layer_1,44,c0: projection_2 IS HIGH,0.20266641676425934
covtype_binary_20000,43,665,layer_0,593,c9: Soil_Type_11 IS present,0.20188376307487488
covtype_binary_20000,43,666,layer_0,353,c5: Soil_Type_30 IS present,0.20080749690532684
covtype_binary_20000,43,667,layer_1,137,c2: ka_concept_1.c5 IS HIGH,0.19418807327747345
covtype_binary_20000,43,668,layer_1,289,c4: projection_4 IS MEDIUM,0.19363772869110107
covtype_binary_20000,43,669,layer_0,453,c7: Soil_Type_30 IS absent,0.1923365443944931
covtype_binary_20000,43,670,layer_0,719,c11: Wilderness_Area_1 IS present,0.17656183242797852
covtype_binary_20000,43,671,layer_0,488,c8: Soil_Type_13 IS present,0.17031724750995636
covtype_binary_20000,43,672,layer_0,117,c1: Wilderness_Area_2 IS absent,0.16587591171264648
covtype_binary_20000,43,673,layer_1,56,c0: projection_6 IS HIGH,0.1591462343931198
covtype_binary_20000,43,674,layer_1,283,c4: projection_2 IS MEDIUM,0.15325069427490234
covtype_binary_20000,43,675,layer_1,253,c4: ka_concept_1.c4 IS MEDIUM,0.14715921878814697
covtype_binary_20000,43,676,layer_0,683,c11: Wilderness_Area_1 IS present,0.14397062361240387
covtype_binary_20000,43,677,layer_0,8,c0: Soil_Type_12 IS present,0.1426248401403427
covtype_binary_20000,43,678,layer_1,59,c0: projection_7 IS HIGH,0.1415388137102127
covtype_binary_20000,43,679,layer_1,157,c2: projection_0 IS MEDIUM,0.13942204415798187
covtype_binary_20000,43,680,layer_0,317,c5: Soil_Type_40 IS present,0.13764914870262146
covtype_binary_20000,43,681,layer_1,296,c4: projection_6 IS HIGH,0.13748234510421753
covtype_binary_20000,43,682,layer_0,323,c5: Wilderness_Area_2 IS present,0.13497628271579742
covtype_binary_20000,43,683,layer_1,8,c0: ka_concept_1.c2 IS HIGH,0.13441632688045502
covtype_binary_20000,43,684,layer_1,250,c4: ka_concept_1.c3 IS MEDIUM,0.13199585676193237
covtype_binary_20000,43,685,layer_1,286,c4: projection_3 IS MEDIUM,0.13115346431732178
covtype_binary_20000,43,686,layer_1,153,c2: ka_concept_1.c11 IS LOW,0.12994886934757233
covtype_binary_20000,43,687,layer_1,295,c4: projection_6 IS MEDIUM,0.12944920361042023
covtype_binary_20000,43,688,layer_1,46,c0: projection_3 IS MEDIUM,0.12844379246234894
covtype_binary_20000,43,689,layer_0,335,c5: Soil_Type_13 IS present,0.12755048274993896
covtype_binary_20000,43,690,layer_1,297,c4: projection_7 IS LOW,0.12742610275745392
covtype_binary_20000,43,691,layer_0,548,c9: Soil_Type_2 IS present,0.12431001663208008
covtype_binary_20000,43,692,layer_1,294,c4: projection_6 IS LOW,0.12270517647266388
covtype_binary_20000,43,693,layer_1,16,c0: ka_concept_1.c5 IS MEDIUM,0.12246040999889374
covtype_binary_20000,43,694,layer_1,172,c2: projection_5 IS MEDIUM,0.1199173778295517
covtype_binary_20000,43,695,layer_0,257,c4: Soil_Type_29 IS present,0.11652445793151855
covtype_binary_20000,43,696,layer_0,572,c9: Wilderness_Area_4 IS present,0.11646462231874466
covtype_binary_20000,43,697,layer_1,148,c2: ka_concept_1.c9 IS MEDIUM,0.10979673266410828
covtype_binary_20000,43,698,layer_1,164,c2: projection_2 IS HIGH,0.10680566728115082
covtype_binary_20000,43,699,layer_0,362,c6: Vertical_Distance_To_Hydrology IS HIGH,0.10407651960849762
covtype_binary_20000,43,700,layer_1,160,c2: projection_1 IS MEDIUM,0.10395759344100952
covtype_binary_20000,43,701,layer_0,233,c3: Soil_Type_13 IS present,0.10335706919431686
covtype_binary_20000,43,702,layer_1,269,c4: ka_concept_1.c9 IS HIGH,0.10278328508138657
covtype_binary_20000,43,703,layer_1,251,c4: ka_concept_1.c3 IS HIGH,0.09580004960298538
covtype_binary_20000,43,704,layer_1,13,c0: ka_concept_1.c4 IS MEDIUM,0.0942610502243042
covtype_binary_20000,43,705,layer_1,284,c4: projection_2 IS HIGH,0.09127407521009445
covtype_binary_20000,43,706,layer_1,134,c2: ka_concept_1.c4 IS HIGH,0.08965222537517548
covtype_binary_20000,43,707,layer_1,31,c0: ka_concept_1.c10 IS MEDIUM,0.08472000062465668
covtype_binary_20000,43,708,layer_1,9,c0: ka_concept_1.c3 IS LOW,0.08263096213340759
covtype_binary_20000,43,709,layer_1,166,c2: projection_3 IS MEDIUM,0.07943477481603622
covtype_binary_20000,43,710,layer_1,246,c4: ka_concept_1.c2 IS LOW,0.07705110311508179
covtype_binary_20000,43,711,layer_1,272,c4: ka_concept_1.c10 IS HIGH,0.07622210681438446
covtype_binary_20000,43,712,layer_1,43,c0: projection_2 IS MEDIUM,0.07413055747747421
covtype_binary_20000,43,713,layer_1,14,c0: ka_concept_1.c4 IS HIGH,0.07106943428516388
covtype_binary_20000,43,714,layer_0,266,c4: Soil_Type_40 IS present,0.07001723349094391
covtype_binary_20000,43,715,layer_1,176,c2: projection_6 IS HIGH,0.06862884759902954
covtype_binary_20000,43,716,layer_0,439,c7: Slope IS MEDIUM,0.0666123479604721
covtype_binary_20000,43,717,layer_0,489,c8: Slope IS LOW,0.06567308306694031
covtype_binary_20000,43,718,layer_0,680,c11: Aspect IS HIGH,0.06492190808057785
covtype_binary_20000,43,719,layer_1,299,c4: projection_7 IS HIGH,0.06480565667152405
covtype_binary_20000,43,720,layer_0,432,c7: Wilderness_Area_4 IS absent,0.06259839236736298
covtype_binary_20000,43,721,layer_0,311,c5: Vertical_Distance_To_Hydrology IS HIGH,0.061361540108919144
covtype_binary_20000,43,722,layer_1,256,c4: ka_concept_1.c5 IS MEDIUM,0.06122097745537758
covtype_binary_20000,43,723,layer_1,262,c4: ka_concept_1.c7 IS MEDIUM,0.058627717196941376
covtype_binary_20000,43,724,layer_0,395,c6: Soil_Type_2 IS present,0.05819685012102127
covtype_binary_20000,43,725,layer_1,23,c0: ka_concept_1.c7 IS HIGH,0.05621285364031792
covtype_binary_20000,43,726,layer_0,128,c2: Soil_Type_38 IS present,0.05443980544805527
covtype_binary_20000,43,727,layer_1,252,c4: ka_concept_1.c4 IS LOW,0.05337539687752724
covtype_binary_20000,43,728,layer_1,25,c0: ka_concept_1.c8 IS MEDIUM,0.05311064049601555
covtype_binary_20000,43,729,layer_1,33,c0: ka_concept_1.c11 IS LOW,0.052453286945819855
covtype_binary_20000,43,730,layer_1,7,c0: ka_concept_1.c2 IS MEDIUM,0.04490512236952782
covtype_binary_20000,43,731,layer_0,284,c4: Soil_Type_13 IS present,0.04201570898294449
covtype_binary_20000,43,732,layer_0,143,c2: Wilderness_Area_4 IS present,0.03925525024533272
covtype_binary_20000,43,733,layer_0,179,c2: Wilderness_Area_4 IS present,0.03925525024533272
covtype_binary_20000,43,734,layer_0,332,c5: Wilderness_Area_4 IS present,0.03775573894381523
covtype_binary_20000,43,735,projection_layer,7,"pursuit_2(Hillshade_Noon, Wilderness_Area_4, Soil_Type_23, Soil_Type_11) IS MEDIUM",0.03459252789616585
covtype_binary_20000,43,736,layer_1,268,c4: ka_concept_1.c9 IS MEDIUM,0.028208289295434952
covtype_binary_20000,43,737,layer_1,139,c2: ka_concept_1.c6 IS MEDIUM,0.023686854168772697
covtype_binary_20000,43,738,layer_1,273,c4: ka_concept_1.c11 IS LOW,0.01611318625509739
covtype_binary_20000,43,739,layer_1,248,c4: ka_concept_1.c2 IS HIGH,0.013606422580778599
covtype_binary_20000,43,740,layer_1,2,c0: ka_concept_1.c0 IS HIGH,0.012064730748534203
covtype_binary_20000,43,741,layer_1,125,c2: ka_concept_1.c1 IS HIGH,0.009229753166437149
covtype_binary_20000,43,742,layer_1,280,c4: projection_1 IS MEDIUM,0.008659685961902142
covtype_binary_20000,43,743,layer_1,45,c0: projection_3 IS LOW,0.008367657661437988
covtype_binary_20000,43,744,layer_1,254,c4: ka_concept_1.c4 IS HIGH,0.007057757116854191
covtype_binary_20000,43,745,layer_1,165,c2: projection_3 IS LOW,0.005432519130408764
covtype_binary_20000,43,746,layer_1,285,c4: projection_3 IS LOW,0.005415933672338724
covtype_binary_20000,43,747,layer_1,293,c4: projection_5 IS HIGH,0.004292844329029322
covtype_binary_20000,43,748,layer_1,173,c2: projection_5 IS HIGH,0.0036307445261627436
covtype_binary_20000,43,749,layer_1,290,c4: projection_4 IS HIGH,0.0025421204045414925
covtype_binary_20000,43,750,layer_1,11,c0: ka_concept_1.c3 IS HIGH,0.0024470954667776823
covtype_binary_20000,43,751,layer_1,244,c4: ka_concept_1.c1 IS MEDIUM,0.002196001587435603
covtype_binary_20000,43,752,layer_1,219,c3: projection_1 IS LOW,0.00209996709600091
covtype_binary_20000,43,753,layer_1,339,c5: projection_1 IS LOW,0.002042219275608659
covtype_binary_20000,43,754,layer_1,99,c1: projection_1 IS LOW,0.0020325430668890476
covtype_binary_20000,43,755,projection_layer,8,"pursuit_2(Hillshade_Noon, Wilderness_Area_4, Soil_Type_23, Soil_Type_11) IS HIGH",0.001832184148952365
covtype_binary_20000,43,756,layer_1,231,c3: projection_5 IS LOW,0.0015170961851254106
covtype_binary_20000,43,757,layer_1,228,c3: projection_4 IS LOW,0.0014808025443926454
covtype_binary_20000,43,758,layer_1,351,c5: projection_5 IS LOW,0.001475015189498663
covtype_binary_20000,43,759,layer_1,111,c1: projection_5 IS LOW,0.0014680280582979321
covtype_binary_20000,43,760,layer_1,348,c5: projection_4 IS LOW,0.0014381030341610312
covtype_binary_20000,43,761,layer_1,108,c1: projection_4 IS LOW,0.001431664451956749
covtype_binary_20000,43,762,layer_1,227,c3: projection_3 IS HIGH,0.001348206540569663
covtype_binary_20000,43,763,layer_1,222,c3: projection_2 IS LOW,0.0013260194100439548
covtype_binary_20000,43,764,layer_1,347,c5: projection_3 IS HIGH,0.0013111670268699527
covtype_binary_20000,43,765,layer_1,107,c1: projection_3 IS HIGH,0.0013046383392065763
covtype_binary_20000,43,766,layer_1,342,c5: projection_2 IS LOW,0.0012883213348686695
covtype_binary_20000,43,767,layer_1,102,c1: projection_2 IS LOW,0.001282058539800346
covtype_binary_20000,43,768,layer_1,238,c3: projection_7 IS MEDIUM,0.0011043342528864741
covtype_binary_20000,43,769,layer_1,358,c5: projection_7 IS MEDIUM,0.0010744110913947225
covtype_binary_20000,43,770,layer_1,118,c1: projection_7 IS MEDIUM,0.001068660756573081
covtype_binary_20000,43,771,layer_1,215,c3: ka_concept_1.c11 IS HIGH,0.0009408993064425886
covtype_binary_20000,43,772,layer_1,216,c3: projection_0 IS LOW,0.0009153803694061935
covtype_binary_20000,43,773,layer_1,40,c0: projection_1 IS MEDIUM,0.0009151220438070595
covtype_binary_20000,43,774,layer_1,335,c5: ka_concept_1.c11 IS HIGH,0.0009145377553068101
covtype_binary_20000,43,775,layer_1,95,c1: ka_concept_1.c11 IS HIGH,0.0009099893504753709
covtype_binary_20000,43,776,layer_1,336,c5: projection_0 IS LOW,0.0008885948918759823
covtype_binary_20000,43,777,layer_1,96,c1: projection_0 IS LOW,0.0008839179645292461
covtype_binary_20000,43,778,layer_1,189,c3: ka_concept_1.c3 IS LOW,0.0008557846304029226
covtype_binary_20000,43,779,layer_1,309,c5: ka_concept_1.c3 IS LOW,0.0008328660042025149
covtype_binary_20000,43,780,layer_1,69,c1: ka_concept_1.c3 IS LOW,0.0008275160798802972
covtype_binary_20000,43,781,projection_layer,3,"pursuit_1(Elevation, Vertical_Distance_To_Hydrology, Soil_Type_40, Soil_Type_6) IS LOW",0.0007975464104674757
covtype_binary_20000,43,782,layer_1,183,c3: ka_concept_1.c1 IS LOW,0.0007925487589091063
covtype_binary_20000,43,783,layer_1,207,c3: ka_concept_1.c9 IS LOW,0.0007921463693492115
covtype_binary_20000,43,784,layer_1,303,c5: ka_concept_1.c1 IS LOW,0.0007714615785516798
covtype_binary_20000,43,785,layer_1,327,c5: ka_concept_1.c9 IS LOW,0.000769846432376653
covtype_binary_20000,43,786,layer_1,63,c1: ka_concept_1.c1 IS LOW,0.0007679563132114708
covtype_binary_20000,43,787,layer_1,87,c1: ka_concept_1.c9 IS LOW,0.0007658840622752905
covtype_binary_20000,43,788,layer_1,192,c3: ka_concept_1.c4 IS LOW,0.0007574650226160884
covtype_binary_20000,43,789,layer_1,186,c3: ka_concept_1.c2 IS LOW,0.0007498112390749156
covtype_binary_20000,43,790,layer_1,312,c5: ka_concept_1.c4 IS LOW,0.0007361905300058424
covtype_binary_20000,43,791,layer_1,72,c1: ka_concept_1.c4 IS LOW,0.0007318538264371455
covtype_binary_20000,43,792,layer_1,306,c5: ka_concept_1.c2 IS LOW,0.0007282014121301472
covtype_binary_20000,43,793,layer_1,66,c1: ka_concept_1.c2 IS LOW,0.0007245615124702454
covtype_binary_20000,43,794,layer_1,195,c3: ka_concept_1.c5 IS LOW,0.0007203884306363761
covtype_binary_20000,43,795,layer_1,41,c0: projection_1 IS HIGH,0.0007018253090791404
covtype_binary_20000,43,796,layer_1,315,c5: ka_concept_1.c5 IS LOW,0.000700511911418289
covtype_binary_20000,43,797,layer_1,75,c1: ka_concept_1.c5 IS LOW,0.0006971924449317157
covtype_binary_20000,43,798,layer_1,223,c3: projection_2 IS MEDIUM,0.0006793045322410762
covtype_binary_20000,43,799,layer_1,343,c5: projection_2 IS MEDIUM,0.0006604018271900713
covtype_binary_20000,43,800,layer_1,103,c1: projection_2 IS MEDIUM,0.0006568852113559842
covtype_binary_20000,43,801,layer_1,200,c3: ka_concept_1.c6 IS HIGH,0.0006342835258692503
covtype_binary_20000,43,802,layer_1,53,c0: projection_5 IS HIGH,0.0006221278454177082
covtype_binary_20000,43,803,layer_1,320,c5: ka_concept_1.c6 IS HIGH,0.0006160179036669433
covtype_binary_20000,43,804,layer_1,80,c1: ka_concept_1.c6 IS HIGH,0.0006131847039796412
covtype_binary_20000,43,805,layer_1,212,c3: ka_concept_1.c10 IS HIGH,0.0005814494797959924
covtype_binary_20000,43,806,layer_1,234,c3: projection_6 IS LOW,0.0005781036452390254
covtype_binary_20000,43,807,layer_1,201,c3: ka_concept_1.c7 IS LOW,0.0005750911077484488
covtype_binary_20000,43,808,layer_1,182,c3: ka_concept_1.c0 IS HIGH,0.000571980606764555
covtype_binary_20000,43,809,layer_1,332,c5: ka_concept_1.c10 IS HIGH,0.0005669847596436739
covtype_binary_20000,43,810,layer_1,92,c1: ka_concept_1.c10 IS HIGH,0.0005638753646053374
covtype_binary_20000,43,811,layer_1,354,c5: projection_6 IS LOW,0.000562972214538604
covtype_binary_20000,43,812,layer_1,114,c1: projection_6 IS LOW,0.0005597734707407653
covtype_binary_20000,43,813,layer_1,321,c5: ka_concept_1.c7 IS LOW,0.0005575073300860822
covtype_binary_20000,43,814,layer_1,302,c5: ka_concept_1.c0 IS HIGH,0.0005561152938753366
covtype_binary_20000,43,815,layer_1,81,c1: ka_concept_1.c7 IS LOW,0.0005552826914936304
covtype_binary_20000,43,816,layer_1,62,c1: ka_concept_1.c0 IS HIGH,0.0005529741174541414
covtype_binary_20000,43,817,layer_1,161,c2: projection_1 IS HIGH,0.000545087328646332
covtype_binary_20000,43,818,layer_1,235,c3: projection_6 IS MEDIUM,0.0004824957577511668
covtype_binary_20000,43,819,layer_1,355,c5: projection_6 IS MEDIUM,0.00046940369065850973
covtype_binary_20000,43,820,layer_1,115,c1: projection_6 IS MEDIUM,0.0004665204032789916
covtype_binary_20000,43,821,layer_1,217,c3: projection_0 IS MEDIUM,0.00037537256139330566
covtype_binary_20000,43,822,layer_1,206,c3: ka_concept_1.c8 IS HIGH,0.0003703497932292521
covtype_binary_20000,43,823,layer_1,337,c5: projection_0 IS MEDIUM,0.00036490528145805
covtype_binary_20000,43,824,layer_1,237,c3: projection_7 IS LOW,0.0003626365796662867
covtype_binary_20000,43,825,layer_1,97,c1: projection_0 IS MEDIUM,0.00036253102007322013
covtype_binary_20000,43,826,layer_1,326,c5: ka_concept_1.c8 IS HIGH,0.0003605235833674669
covtype_binary_20000,43,827,layer_1,86,c1: ka_concept_1.c8 IS HIGH,0.00035851713619194925
covtype_binary_20000,43,828,layer_1,357,c5: projection_7 IS LOW,0.000352738075889647
covtype_binary_20000,43,829,layer_1,117,c1: projection_7 IS LOW,0.00035032053710892797
covtype_binary_20000,43,830,projection_layer,11,"pursuit_3(Slope, Soil_Type_12, Soil_Type_13, Soil_Type_1) IS HIGH",0.0003339954128023237
covtype_binary_20000,43,831,layer_1,229,c3: projection_4 IS MEDIUM,0.0002715300943236798
covtype_binary_20000,43,832,layer_1,349,c5: projection_4 IS MEDIUM,0.0002646148204803467
covtype_binary_20000,43,833,layer_1,109,c1: projection_4 IS MEDIUM,0.00026287848595529795
covtype_binary_20000,43,834,layer_1,181,c3: ka_concept_1.c0 IS MEDIUM,0.00025192834436893463
covtype_binary_20000,43,835,layer_1,301,c5: ka_concept_1.c0 IS MEDIUM,0.00024514785036444664
covtype_binary_20000,43,836,layer_1,61,c1: ka_concept_1.c0 IS MEDIUM,0.0002436314825899899
covtype_binary_20000,43,837,layer_1,204,c3: ka_concept_1.c8 IS LOW,0.0002425116254016757
covtype_binary_20000,43,838,layer_1,205,c3: ka_concept_1.c8 IS MEDIUM,0.00023959926329553127
covtype_binary_20000,43,839,layer_1,239,c3: projection_7 IS HIGH,0.00023772362328600138
covtype_binary_20000,43,840,layer_1,324,c5: ka_concept_1.c8 IS LOW,0.00023520323156844825
covtype_binary_20000,43,841,layer_1,84,c1: ka_concept_1.c8 IS LOW,0.00023428868735209107
covtype_binary_20000,43,842,layer_1,325,c5: ka_concept_1.c8 IS MEDIUM,0.0002323856606381014
covtype_binary_20000,43,843,layer_1,85,c1: ka_concept_1.c8 IS MEDIUM,0.00023154760128818452
covtype_binary_20000,43,844,layer_1,359,c5: projection_7 IS HIGH,0.0002310342388227582
covtype_binary_20000,43,845,layer_1,119,c1: projection_7 IS HIGH,0.0002300088235642761
covtype_binary_20000,43,846,layer_1,220,c3: projection_1 IS MEDIUM,0.0002187154459534213
covtype_binary_20000,43,847,layer_1,340,c5: projection_1 IS MEDIUM,0.0002125559258274734
covtype_binary_20000,43,848,layer_1,100,c1: projection_1 IS MEDIUM,0.00021119981829542667
covtype_binary_20000,43,849,layer_1,203,c3: ka_concept_1.c7 IS HIGH,0.00018958779401145875
covtype_binary_20000,43,850,layer_1,323,c5: ka_concept_1.c7 IS HIGH,0.00018519230070523918
covtype_binary_20000,43,851,layer_1,83,c1: ka_concept_1.c7 IS HIGH,0.00018354934582021087
covtype_binary_20000,43,852,layer_1,184,c3: ka_concept_1.c1 IS MEDIUM,0.00018304881814401597
covtype_binary_20000,43,853,layer_1,236,c3: projection_6 IS HIGH,0.00018073902174364775
covtype_binary_20000,43,854,layer_1,304,c5: ka_concept_1.c1 IS MEDIUM,0.00017757320892997086
covtype_binary_20000,43,855,layer_1,218,c3: projection_0 IS HIGH,0.00017756172746885568
covtype_binary_20000,43,856,layer_1,64,c1: ka_concept_1.c1 IS MEDIUM,0.00017682331963442266
covtype_binary_20000,43,857,layer_1,356,c5: projection_6 IS HIGH,0.00017566999304108322
covtype_binary_20000,43,858,layer_1,116,c1: projection_6 IS HIGH,0.0001747102796798572
covtype_binary_20000,43,859,layer_1,338,c5: projection_0 IS HIGH,0.00017283121997024864
covtype_binary_20000,43,860,layer_1,98,c1: projection_0 IS HIGH,0.00017207326891366392
covtype_binary_20000,43,861,layer_1,232,c3: projection_5 IS MEDIUM,0.00017039827071130276
covtype_binary_20000,43,862,layer_1,352,c5: projection_5 IS MEDIUM,0.0001656485692365095
covtype_binary_20000,43,863,layer_1,112,c1: projection_5 IS MEDIUM,0.00016454292926937342
covtype_binary_20000,43,864,layer_1,198,c3: ka_concept_1.c6 IS LOW,0.00015354693459812552
covtype_binary_20000,43,865,layer_1,199,c3: ka_concept_1.c6 IS MEDIUM,0.00015271503070835024
covtype_binary_20000,43,866,layer_1,318,c5: ka_concept_1.c6 IS LOW,0.00015006096509750932
covtype_binary_20000,43,867,layer_1,319,c5: ka_concept_1.c6 IS MEDIUM,0.00014890356396790594
covtype_binary_20000,43,868,layer_1,78,c1: ka_concept_1.c6 IS LOW,0.00014876513159833848
covtype_binary_20000,43,869,layer_1,79,c1: ka_concept_1.c6 IS MEDIUM,0.00014763565559405833
covtype_binary_20000,43,870,layer_1,202,c3: ka_concept_1.c7 IS MEDIUM,0.00014551890490110964
covtype_binary_20000,43,871,layer_1,322,c5: ka_concept_1.c7 IS MEDIUM,0.00014168383495416492
covtype_binary_20000,43,872,layer_1,82,c1: ka_concept_1.c7 IS MEDIUM,0.00014055495557840914
covtype_binary_20000,43,873,layer_1,180,c3: ka_concept_1.c0 IS LOW,0.00013401021715253592
covtype_binary_20000,43,874,layer_1,300,c5: ka_concept_1.c0 IS LOW,0.00012998105376027524
covtype_binary_20000,43,875,layer_1,60,c1: ka_concept_1.c0 IS LOW,0.00012949483061674982
covtype_binary_20000,43,876,layer_1,211,c3: ka_concept_1.c10 IS MEDIUM,0.00011303507199045271
covtype_binary_20000,43,877,layer_1,331,c5: ka_concept_1.c10 IS MEDIUM,0.0001093994578695856
covtype_binary_20000,43,878,layer_1,91,c1: ka_concept_1.c10 IS MEDIUM,0.00010898154141614214
covtype_binary_20000,43,879,layer_1,281,c4: projection_1 IS HIGH,9.25530621316284e-05
covtype_binary_20000,43,880,layer_1,210,c3: ka_concept_1.c10 IS LOW,9.008119377540424e-05
covtype_binary_20000,43,881,layer_1,330,c5: ka_concept_1.c10 IS LOW,8.71704614837654e-05
covtype_binary_20000,43,882,layer_1,90,c1: ka_concept_1.c10 IS LOW,8.678421727381647e-05
covtype_binary_20000,43,883,layer_1,196,c3: ka_concept_1.c5 IS MEDIUM,7.050887506920844e-05
covtype_binary_20000,43,884,layer_1,214,c3: ka_concept_1.c11 IS MEDIUM,7.032229768810794e-05
covtype_binary_20000,43,885,layer_1,334,c5: ka_concept_1.c11 IS MEDIUM,6.835410749772564e-05
covtype_binary_20000,43,886,layer_1,316,c5: ka_concept_1.c5 IS MEDIUM,6.820011185482144e-05
covtype_binary_20000,43,887,layer_1,94,c1: ka_concept_1.c11 IS MEDIUM,6.804444274166599e-05
covtype_binary_20000,43,888,layer_1,76,c1: ka_concept_1.c5 IS MEDIUM,6.779893737984821e-05
covtype_binary_20000,43,889,layer_1,5,c0: ka_concept_1.c1 IS HIGH,6.70562221785076e-05
covtype_binary_20000,43,890,layer_1,185,c3: ka_concept_1.c1 IS HIGH,5.874714770470746e-05
covtype_binary_20000,43,891,layer_1,305,c5: ka_concept_1.c1 IS HIGH,5.6728473282419145e-05
covtype_binary_20000,43,892,layer_1,65,c1: ka_concept_1.c1 IS HIGH,5.614034307654947e-05
covtype_binary_20000,43,893,layer_1,208,c3: ka_concept_1.c9 IS MEDIUM,4.8736968892626464e-05
covtype_binary_20000,43,894,layer_1,328,c5: ka_concept_1.c9 IS MEDIUM,4.7508357965853065e-05
covtype_binary_20000,43,895,layer_1,88,c1: ka_concept_1.c9 IS MEDIUM,4.685617386712693e-05
covtype_binary_20000,43,896,layer_1,230,c3: projection_4 IS HIGH,2.8836471756221727e-05
covtype_binary_20000,43,897,layer_1,350,c5: projection_4 IS HIGH,2.818714165186975e-05
covtype_binary_20000,43,898,layer_1,110,c1: projection_4 IS HIGH,2.7832622436108068e-05
covtype_binary_20000,43,899,layer_1,226,c3: projection_3 IS MEDIUM,2.555048922658898e-05
covtype_binary_20000,43,900,layer_1,346,c5: projection_3 IS MEDIUM,2.4596991352154873e-05
covtype_binary_20000,43,901,layer_1,106,c1: projection_3 IS MEDIUM,2.4435554223600775e-05
covtype_binary_20000,43,902,layer_1,197,c3: ka_concept_1.c5 IS HIGH,2.408866748737637e-05
covtype_binary_20000,43,903,layer_1,190,c3: ka_concept_1.c3 IS MEDIUM,2.381842386967037e-05
covtype_binary_20000,43,904,layer_1,317,c5: ka_concept_1.c5 IS HIGH,2.336525903956499e-05
covtype_binary_20000,43,905,layer_1,310,c5: ka_concept_1.c3 IS MEDIUM,2.3209158825920895e-05
covtype_binary_20000,43,906,layer_1,77,c1: ka_concept_1.c5 IS HIGH,2.2931824787519872e-05
covtype_binary_20000,43,907,layer_1,70,c1: ka_concept_1.c3 IS MEDIUM,2.291258169861976e-05
covtype_binary_20000,43,908,layer_1,187,c3: ka_concept_1.c2 IS MEDIUM,2.1606969312415458e-05
covtype_binary_20000,43,909,layer_1,67,c1: ka_concept_1.c2 IS MEDIUM,2.0655359548982233e-05
covtype_binary_20000,43,910,layer_1,193,c3: ka_concept_1.c4 IS MEDIUM,1.9948894987464882e-05
covtype_binary_20000,43,911,layer_1,313,c5: ka_concept_1.c4 IS MEDIUM,1.9373004761291668e-05
covtype_binary_20000,43,912,layer_1,73,c1: ka_concept_1.c4 IS MEDIUM,1.9264582078903913e-05
covtype_binary_20000,43,913,layer_1,224,c3: projection_2 IS HIGH,1.8341128452448174e-05
covtype_binary_20000,43,914,layer_1,344,c5: projection_2 IS HIGH,1.7869280782178976e-05
covtype_binary_20000,43,915,layer_1,104,c1: projection_2 IS HIGH,1.7829594071372412e-05
covtype_binary_20000,43,916,layer_1,209,c3: ka_concept_1.c9 IS HIGH,1.1739055480575189e-05
covtype_binary_20000,43,917,layer_1,329,c5: ka_concept_1.c9 IS HIGH,1.1334307600918692e-05
covtype_binary_20000,43,918,layer_1,89,c1: ka_concept_1.c9 IS HIGH,1.1208879186597187e-05
covtype_binary_20000,43,919,layer_1,191,c3: ka_concept_1.c3 IS HIGH,8.88592785486253e-06
covtype_binary_20000,43,920,layer_1,311,c5: ka_concept_1.c3 IS HIGH,8.602399248047732e-06
covtype_binary_20000,43,921,layer_1,71,c1: ka_concept_1.c3 IS HIGH,8.59736064739991e-06
covtype_binary_20000,43,922,layer_1,194,c3: ka_concept_1.c4 IS HIGH,5.481757852976443e-06
covtype_binary_20000,43,923,layer_1,314,c5: ka_concept_1.c4 IS HIGH,5.3476469474844635e-06
covtype_binary_20000,43,924,layer_1,74,c1: ka_concept_1.c4 IS HIGH,5.333064564183587e-06
covtype_binary_20000,43,925,layer_1,213,c3: ka_concept_1.c11 IS LOW,2.173608891098411e-06
covtype_binary_20000,43,926,layer_1,333,c5: ka_concept_1.c11 IS LOW,2.054983497146168e-06
covtype_binary_20000,43,927,layer_1,93,c1: ka_concept_1.c11 IS LOW,2.0386271444294835e-06
covtype_binary_20000,43,928,layer_1,188,c3: ka_concept_1.c2 IS HIGH,1.7401150671503274e-06
covtype_binary_20000,43,929,layer_1,308,c5: ka_concept_1.c2 IS HIGH,1.6868676766534918e-06
covtype_binary_20000,43,930,layer_1,68,c1: ka_concept_1.c2 IS HIGH,1.6116763390527922e-06
covtype_binary_20000,43,931,layer_1,233,c3: projection_5 IS HIGH,1.0289171541444375e-06
covtype_binary_20000,43,932,layer_1,353,c5: projection_5 IS HIGH,1.003034981295059e-06
covtype_binary_20000,43,933,layer_1,113,c1: projection_5 IS HIGH,9.919215244735824e-07
covtype_binary_20000,43,934,projection_layer,4,"pursuit_1(Elevation, Vertical_Distance_To_Hydrology, Soil_Type_40, Soil_Type_6) IS MEDIUM",3.366701548657147e-07
covtype_binary_20000,43,935,layer_1,225,c3: projection_3 IS LOW,1.768510600186346e-07
covtype_binary_20000,43,936,layer_1,105,c1: projection_3 IS LOW,1.6443834738311125e-07
