dataset,seed,rank,source,rule_local_index,rule_name,importance
covtype_binary_20000,23,1,layer_0,87,c1: Elevation IS LOW,4.671732425689697
covtype_binary_20000,23,2,layer_0,241,c4: Elevation IS MEDIUM,3.645021438598633
covtype_binary_20000,23,3,layer_0,36,c0: Elevation IS LOW,3.1358721256256104
covtype_binary_20000,23,4,layer_0,88,c1: Elevation IS MEDIUM,2.876295566558838
covtype_binary_20000,23,5,layer_0,687,c11: Elevation IS LOW,2.817446708679199
covtype_binary_20000,23,6,layer_0,534,c8: Elevation IS LOW,2.7928709983825684
covtype_binary_20000,23,7,layer_0,240,c4: Elevation IS LOW,2.782339572906494
covtype_binary_20000,23,8,layer_0,139,c2: Elevation IS MEDIUM,2.174708366394043
covtype_binary_20000,23,9,layer_0,190,c3: Elevation IS MEDIUM,2.116899251937866
covtype_binary_20000,23,10,layer_0,189,c3: Elevation IS LOW,2.087761640548706
covtype_binary_20000,23,11,layer_0,66,c1: Soil_Type_22 IS absent,2.007993459701538
covtype_binary_20000,23,12,layer_0,69,c1: Horizontal_Distance_To_Hydrology IS LOW,1.9512934684753418
covtype_binary_20000,23,13,layer_0,62,c1: Hillshade_Noon IS HIGH,1.7177973985671997
covtype_binary_20000,23,14,layer_0,97,c1: Horizontal_Distance_To_Roadways IS MEDIUM,1.7004131078720093
covtype_binary_20000,23,15,layer_0,89,c1: Elevation IS HIGH,1.6166422367095947
covtype_binary_20000,23,16,layer_0,536,c8: Elevation IS HIGH,1.6099954843521118
covtype_binary_20000,23,17,projection_layer,15,"pursuit_5(Hillshade_9am, Wilderness_Area_1, Soil_Type_10, Soil_Type_32) IS LOW",1.54697847366333
covtype_binary_20000,23,18,layer_0,689,c11: Elevation IS HIGH,1.5209790468215942
covtype_binary_20000,23,19,layer_0,688,c11: Elevation IS MEDIUM,1.4919514656066895
covtype_binary_20000,23,20,layer_0,46,c0: Horizontal_Distance_To_Roadways IS MEDIUM,1.484174132347107
covtype_binary_20000,23,21,layer_0,250,c4: Horizontal_Distance_To_Roadways IS MEDIUM,1.479583978652954
covtype_binary_20000,23,22,layer_0,291,c4: Soil_Type_4 IS absent,1.4769741296768188
covtype_binary_20000,23,23,layer_0,138,c2: Elevation IS LOW,1.4631774425506592
covtype_binary_20000,23,24,layer_0,242,c4: Elevation IS HIGH,1.4015876054763794
covtype_binary_20000,23,25,layer_0,37,c0: Elevation IS MEDIUM,1.4014824628829956
covtype_binary_20000,23,26,layer_0,636,c10: Elevation IS LOW,1.3898593187332153
covtype_binary_20000,23,27,layer_0,115,c1: Aspect IS MEDIUM,1.364554524421692
covtype_binary_20000,23,28,layer_0,535,c8: Elevation IS MEDIUM,1.357296347618103
covtype_binary_20000,23,29,layer_0,669,c11: Horizontal_Distance_To_Hydrology IS LOW,1.3572520017623901
covtype_binary_20000,23,30,layer_0,480,c8: Vertical_Distance_To_Hydrology IS LOW,1.2780778408050537
covtype_binary_20000,23,31,layer_0,294,c4: Horizontal_Distance_To_Fire_Points IS LOW,1.2666137218475342
covtype_binary_20000,23,32,layer_0,637,c10: Elevation IS MEDIUM,1.2395495176315308
covtype_binary_20000,23,33,layer_0,516,c8: Horizontal_Distance_To_Hydrology IS LOW,1.2359466552734375
covtype_binary_20000,23,34,layer_0,106,c1: Slope IS MEDIUM,1.1794822216033936
covtype_binary_20000,23,35,layer_0,444,c7: Soil_Type_4 IS absent,1.163823127746582
covtype_binary_20000,23,36,layer_0,295,c4: Horizontal_Distance_To_Fire_Points IS MEDIUM,1.1632930040359497
covtype_binary_20000,23,37,layer_0,90,c1: Wilderness_Area_4 IS absent,1.1464065313339233
covtype_binary_20000,23,38,layer_0,18,c0: Horizontal_Distance_To_Hydrology IS LOW,1.1184501647949219
covtype_binary_20000,23,39,layer_0,268,c4: Aspect IS MEDIUM,1.0682519674301147
covtype_binary_20000,23,40,layer_0,715,c11: Aspect IS MEDIUM,1.055234670639038
covtype_binary_20000,23,41,layer_0,499,c8: Horizontal_Distance_To_Fire_Points IS MEDIUM,1.027900218963623
covtype_binary_20000,23,42,layer_0,191,c3: Elevation IS HIGH,0.9891946911811829
covtype_binary_20000,23,43,layer_0,38,c0: Elevation IS HIGH,0.9594376087188721
covtype_binary_20000,23,44,layer_0,148,c2: Horizontal_Distance_To_Roadways IS MEDIUM,0.9565828442573547
covtype_binary_20000,23,45,layer_0,98,c1: Horizontal_Distance_To_Roadways IS HIGH,0.9555911421775818
covtype_binary_20000,23,46,projection_layer,12,"pursuit_4(Horizontal_Distance_To_Hydrology, Soil_Type_22, Soil_Type_30, Soil_Type_35) IS LOW",0.8808366060256958
covtype_binary_20000,23,47,layer_0,1,c0: Horizontal_Distance_To_Fire_Points IS MEDIUM,0.8557195067405701
covtype_binary_20000,23,48,layer_0,48,c0: Wilderness_Area_2 IS absent,0.8525493741035461
covtype_binary_20000,23,49,layer_0,531,c8: Soil_Type_11 IS absent,0.8451411128044128
covtype_binary_20000,23,50,layer_0,102,c1: Soil_Type_13 IS absent,0.8339547514915466
covtype_binary_20000,23,51,layer_0,243,c4: Wilderness_Area_4 IS absent,0.8241831064224243
covtype_binary_20000,23,52,layer_0,11,c0: Hillshade_Noon IS HIGH,0.7829331755638123
covtype_binary_20000,23,53,layer_0,513,c8: Soil_Type_26 IS absent,0.7773270010948181
covtype_binary_20000,23,54,layer_0,47,c0: Horizontal_Distance_To_Roadways IS HIGH,0.7686049938201904
covtype_binary_20000,23,55,layer_0,260,c4: Slope IS HIGH,0.7684476971626282
covtype_binary_20000,23,56,layer_0,199,c3: Horizontal_Distance_To_Roadways IS MEDIUM,0.7662867903709412
covtype_binary_20000,23,57,layer_0,287,c4: Hillshade_3pm IS HIGH,0.7553732991218567
covtype_binary_20000,23,58,layer_0,277,c4: Vertical_Distance_To_Hydrology IS MEDIUM,0.7446534633636475
covtype_binary_20000,23,59,layer_0,662,c11: Hillshade_Noon IS HIGH,0.7328276634216309
covtype_binary_20000,23,60,layer_0,422,c7: Aspect IS HIGH,0.7099896669387817
covtype_binary_20000,23,61,layer_0,12,c0: Wilderness_Area_2 IS absent,0.7047315239906311
covtype_binary_20000,23,62,layer_0,585,c9: Elevation IS LOW,0.6996338963508606
covtype_binary_20000,23,63,layer_0,60,c1: Hillshade_Noon IS LOW,0.6994519233703613
covtype_binary_20000,23,64,layer_0,447,c7: Horizontal_Distance_To_Fire_Points IS LOW,0.6947841644287109
covtype_binary_20000,23,65,layer_0,99,c1: Wilderness_Area_2 IS absent,0.6922986507415771
covtype_binary_20000,23,66,layer_0,70,c1: Horizontal_Distance_To_Hydrology IS MEDIUM,0.685979962348938
covtype_binary_20000,23,67,layer_0,279,c4: Wilderness_Area_4 IS absent,0.6850723624229431
covtype_binary_20000,23,68,layer_0,361,c6: Slope IS MEDIUM,0.6742208003997803
covtype_binary_20000,23,69,layer_0,15,c0: Soil_Type_22 IS absent,0.6719792485237122
covtype_binary_20000,23,70,projection_layer,18,"pursuit_6(Horizontal_Distance_To_Roadways, Soil_Type_38, Wilderness_Area_2, Soil_Type_18) IS LOW",0.6611029505729675
covtype_binary_20000,23,71,layer_0,200,c3: Horizontal_Distance_To_Roadways IS HIGH,0.6582439541816711
covtype_binary_20000,23,72,layer_0,507,c8: Hillshade_Noon IS LOW,0.6490923762321472
covtype_binary_20000,23,73,projection_layer,3,"pursuit_1(Elevation, Vertical_Distance_To_Hydrology, Soil_Type_40, Soil_Type_6) IS LOW",0.6447933912277222
covtype_binary_20000,23,74,layer_0,63,c1: Wilderness_Area_2 IS absent,0.6426487565040588
covtype_binary_20000,23,75,layer_0,116,c1: Aspect IS HIGH,0.6424081921577454
covtype_binary_20000,23,76,layer_0,698,c11: Horizontal_Distance_To_Roadways IS HIGH,0.6397618651390076
covtype_binary_20000,23,77,layer_0,655,c10: Slope IS MEDIUM,0.6323976516723633
covtype_binary_20000,23,78,layer_0,618,c10: Horizontal_Distance_To_Hydrology IS LOW,0.6273692846298218
covtype_binary_20000,23,79,layer_0,483,c8: Wilderness_Area_4 IS absent,0.6220880746841431
covtype_binary_20000,23,80,layer_0,9,c0: Hillshade_Noon IS LOW,0.6039365530014038
covtype_binary_20000,23,81,layer_0,448,c7: Horizontal_Distance_To_Fire_Points IS MEDIUM,0.5963793992996216
covtype_binary_20000,23,82,layer_0,251,c4: Horizontal_Distance_To_Roadways IS HIGH,0.594515860080719
covtype_binary_20000,23,83,layer_0,252,c4: Wilderness_Area_2 IS absent,0.5944438576698303
covtype_binary_20000,23,84,layer_0,587,c9: Elevation IS HIGH,0.5889787077903748
covtype_binary_20000,23,85,layer_0,258,c4: Slope IS LOW,0.5888961553573608
covtype_binary_20000,23,86,layer_0,195,c3: Soil_Type_40 IS absent,0.5774716138839722
covtype_binary_20000,23,87,layer_0,492,c8: Wilderness_Area_2 IS absent,0.5707155466079712
covtype_binary_20000,23,88,layer_0,61,c1: Hillshade_Noon IS MEDIUM,0.5696161985397339
covtype_binary_20000,23,89,layer_0,435,c7: Soil_Type_2 IS absent,0.5515101552009583
covtype_binary_20000,23,90,layer_0,114,c1: Aspect IS LOW,0.5510175824165344
covtype_binary_20000,23,91,layer_0,201,c3: Wilderness_Area_2 IS absent,0.5433639883995056
covtype_binary_20000,23,92,layer_0,296,c4: Horizontal_Distance_To_Fire_Points IS HIGH,0.5430329442024231
covtype_binary_20000,23,93,layer_0,21,c0: Wilderness_Area_1 IS absent,0.5425283312797546
covtype_binary_20000,23,94,layer_0,646,c10: Horizontal_Distance_To_Roadways IS MEDIUM,0.538872241973877
covtype_binary_20000,23,95,layer_0,509,c8: Hillshade_Noon IS HIGH,0.5323163866996765
covtype_binary_20000,23,96,layer_0,186,c3: Soil_Type_39 IS absent,0.5294267535209656
covtype_binary_20000,23,97,layer_0,481,c8: Vertical_Distance_To_Hydrology IS MEDIUM,0.528121829032898
covtype_binary_20000,23,98,layer_0,6,c0: Soil_Type_12 IS absent,0.5238922238349915
covtype_binary_20000,23,99,layer_0,249,c4: Horizontal_Distance_To_Roadways IS LOW,0.5168663859367371
covtype_binary_20000,23,100,layer_0,567,c9: Horizontal_Distance_To_Hydrology IS LOW,0.5056191682815552
covtype_binary_20000,23,101,layer_0,697,c11: Horizontal_Distance_To_Roadways IS MEDIUM,0.505052387714386
covtype_binary_20000,23,102,layer_0,458,c7: Hillshade_Noon IS HIGH,0.5027681589126587
covtype_binary_20000,23,103,layer_0,397,c6: Horizontal_Distance_To_Fire_Points IS MEDIUM,0.5024425983428955
covtype_binary_20000,23,104,layer_0,120,c2: Horizontal_Distance_To_Hydrology IS LOW,0.499861478805542
covtype_binary_20000,23,105,layer_0,24,c0: Soil_Type_38 IS absent,0.4984162449836731
covtype_binary_20000,23,106,layer_0,522,c8: Soil_Type_30 IS absent,0.4972595274448395
covtype_binary_20000,23,107,layer_1,183,c3: ka_concept_1.c1 IS LOW,0.4966697096824646
covtype_binary_20000,23,108,layer_0,217,c3: Aspect IS MEDIUM,0.4939449727535248
covtype_binary_20000,23,109,layer_0,508,c8: Hillshade_Noon IS MEDIUM,0.4920099973678589
covtype_binary_20000,23,110,layer_0,55,c0: Slope IS MEDIUM,0.4910746216773987
covtype_binary_20000,23,111,layer_0,666,c11: Soil_Type_26 IS absent,0.4890647828578949
covtype_binary_20000,23,112,layer_0,273,c4: Soil_Type_35 IS absent,0.481546550989151
covtype_binary_20000,23,113,layer_0,165,c2: Aspect IS LOW,0.4801909625530243
covtype_binary_20000,23,114,layer_0,28,c0: Hillshade_9am IS MEDIUM,0.477723091840744
covtype_binary_20000,23,115,layer_0,457,c7: Hillshade_Noon IS MEDIUM,0.4768258333206177
covtype_binary_20000,23,116,projection_layer,9,"pursuit_3(Slope, Soil_Type_12, Soil_Type_13, Soil_Type_1) IS LOW",0.4690190553665161
covtype_binary_20000,23,117,layer_0,119,c1: Wilderness_Area_3 IS present,0.46237170696258545
covtype_binary_20000,23,118,layer_0,393,c6: Soil_Type_4 IS absent,0.46180030703544617
covtype_binary_20000,23,119,layer_0,491,c8: Hillshade_3pm IS HIGH,0.46086856722831726
covtype_binary_20000,23,120,layer_0,246,c4: Soil_Type_40 IS absent,0.45219889283180237
covtype_binary_20000,23,121,layer_0,168,c2: Wilderness_Area_3 IS absent,0.45184504985809326
covtype_binary_20000,23,122,layer_0,42,c0: Soil_Type_40 IS absent,0.44766712188720703
covtype_binary_20000,23,123,layer_0,117,c1: Wilderness_Area_3 IS absent,0.44190990924835205
covtype_binary_20000,23,124,layer_0,93,c1: Soil_Type_40 IS absent,0.44169336557388306
covtype_binary_20000,23,125,projection_layer,0,"pursuit_0(Horizontal_Distance_To_Fire_Points, Hillshade_3pm, Soil_Type_29, Soil_Type_4) IS LOW",0.4398786723613739
covtype_binary_20000,23,126,layer_0,266,c4: Soil_Type_29 IS present,0.43853628635406494
covtype_binary_20000,23,127,layer_0,560,c9: Hillshade_Noon IS HIGH,0.435772180557251
covtype_binary_20000,23,128,layer_0,675,c11: Soil_Type_30 IS absent,0.4279916286468506
covtype_binary_20000,23,129,projection_layer,21,"pursuit_7(Aspect, Soil_Type_39, Soil_Type_2, Soil_Type_5) IS LOW",0.4270312190055847
covtype_binary_20000,23,130,layer_0,440,c7: Hillshade_3pm IS HIGH,0.42589253187179565
covtype_binary_20000,23,131,layer_0,600,c10: Horizontal_Distance_To_Fire_Points IS LOW,0.42308080196380615
covtype_binary_20000,23,132,layer_1,303,c5: ka_concept_1.c1 IS LOW,0.4227408468723297
covtype_binary_20000,23,133,layer_0,701,c11: Wilderness_Area_3 IS present,0.4206891357898712
covtype_binary_20000,23,134,layer_0,537,c8: Wilderness_Area_1 IS absent,0.4204683005809784
covtype_binary_20000,23,135,layer_0,54,c0: Slope IS LOW,0.41575467586517334
covtype_binary_20000,23,136,layer_0,388,c6: Hillshade_3pm IS MEDIUM,0.41535913944244385
covtype_binary_20000,23,137,layer_0,467,c7: Horizontal_Distance_To_Hydrology IS HIGH,0.41214871406555176
covtype_binary_20000,23,138,layer_0,595,c9: Horizontal_Distance_To_Roadways IS MEDIUM,0.41147640347480774
covtype_binary_20000,23,139,layer_1,123,c2: ka_concept_1.c1 IS LOW,0.4066474139690399
covtype_binary_20000,23,140,layer_0,286,c4: Hillshade_3pm IS MEDIUM,0.4061864912509918
covtype_binary_20000,23,141,layer_0,174,c2: Vertical_Distance_To_Hydrology IS LOW,0.4046553671360016
covtype_binary_20000,23,142,layer_0,690,c11: Wilderness_Area_1 IS absent,0.4022352397441864
covtype_binary_20000,23,143,layer_0,68,c1: Soil_Type_22 IS present,0.40219441056251526
covtype_binary_20000,23,144,layer_0,586,c9: Elevation IS MEDIUM,0.4020140767097473
covtype_binary_20000,23,145,layer_1,3,c0: ka_concept_1.c1 IS LOW,0.40075749158859253
covtype_binary_20000,23,146,layer_0,716,c11: Aspect IS HIGH,0.39777711033821106
covtype_binary_20000,23,147,layer_0,105,c1: Slope IS LOW,0.394001305103302
covtype_binary_20000,23,148,layer_1,192,c3: ka_concept_1.c4 IS LOW,0.39390137791633606
covtype_binary_20000,23,149,layer_0,387,c6: Hillshade_3pm IS LOW,0.3922637403011322
covtype_binary_20000,23,150,layer_0,474,c7: Hillshade_9am IS LOW,0.391556978225708
covtype_binary_20000,23,151,layer_0,345,c5: Horizontal_Distance_To_Fire_Points IS LOW,0.3901883065700531
covtype_binary_20000,23,152,layer_0,407,c6: Hillshade_Noon IS HIGH,0.38328418135643005
covtype_binary_20000,23,153,layer_0,450,c7: Wilderness_Area_1 IS absent,0.3811292350292206
covtype_binary_20000,23,154,layer_0,680,c11: Hillshade_9am IS HIGH,0.37956714630126953
covtype_binary_20000,23,155,layer_0,705,c11: Slope IS LOW,0.37930357456207275
covtype_binary_20000,23,156,layer_0,526,c8: Hillshade_9am IS MEDIUM,0.37773826718330383
covtype_binary_20000,23,157,layer_0,213,c3: Soil_Type_29 IS absent,0.37375715374946594
covtype_binary_20000,23,158,layer_0,81,c1: Wilderness_Area_3 IS absent,0.37298473715782166
covtype_binary_20000,23,159,layer_0,263,c4: Wilderness_Area_1 IS present,0.3716506063938141
covtype_binary_20000,23,160,layer_0,378,c6: Vertical_Distance_To_Hydrology IS LOW,0.371577650308609
covtype_binary_20000,23,161,layer_0,29,c0: Hillshade_9am IS HIGH,0.3705054819583893
covtype_binary_20000,23,162,layer_0,370,c6: Aspect IS MEDIUM,0.3700951039791107
covtype_binary_20000,23,163,layer_0,158,c2: Slope IS HIGH,0.3686123788356781
covtype_binary_20000,23,164,layer_0,113,c1: Soil_Type_29 IS present,0.3676495850086212
covtype_binary_20000,23,165,layer_1,191,c3: ka_concept_1.c3 IS HIGH,0.36702990531921387
covtype_binary_20000,23,166,layer_0,180,c3: Hillshade_9am IS LOW,0.3669588267803192
covtype_binary_20000,23,167,layer_0,678,c11: Hillshade_9am IS LOW,0.36640459299087524
covtype_binary_20000,23,168,layer_0,452,c7: Wilderness_Area_1 IS present,0.36586904525756836
covtype_binary_20000,23,169,layer_0,96,c1: Horizontal_Distance_To_Roadways IS LOW,0.36487922072410583
covtype_binary_20000,23,170,layer_0,519,c8: Wilderness_Area_4 IS absent,0.36388617753982544
covtype_binary_20000,23,171,layer_0,301,c5: Horizontal_Distance_To_Roadways IS MEDIUM,0.35690099000930786
covtype_binary_20000,23,172,layer_0,420,c7: Aspect IS LOW,0.35168278217315674
covtype_binary_20000,23,173,projection_layer,8,"pursuit_2(Hillshade_Noon, Wilderness_Area_4, Soil_Type_23, Soil_Type_11) IS HIGH",0.35091039538383484
covtype_binary_20000,23,174,layer_0,166,c2: Aspect IS MEDIUM,0.34881070256233215
covtype_binary_20000,23,175,projection_layer,7,"pursuit_2(Hillshade_Noon, Wilderness_Area_4, Soil_Type_23, Soil_Type_11) IS MEDIUM",0.348033607006073
covtype_binary_20000,23,176,layer_0,549,c9: Horizontal_Distance_To_Fire_Points IS LOW,0.3472296893596649
covtype_binary_20000,23,177,layer_0,235,c3: Hillshade_3pm IS MEDIUM,0.343301385641098
covtype_binary_20000,23,178,layer_0,181,c3: Hillshade_9am IS MEDIUM,0.34137943387031555
covtype_binary_20000,23,179,layer_0,45,c0: Horizontal_Distance_To_Roadways IS LOW,0.33597835898399353
covtype_binary_20000,23,180,layer_0,132,c2: Wilderness_Area_3 IS absent,0.3331659734249115
covtype_binary_20000,23,181,layer_0,144,c2: Soil_Type_40 IS absent,0.33298540115356445
covtype_binary_20000,23,182,layer_0,366,c6: Soil_Type_29 IS absent,0.3318781852722168
covtype_binary_20000,23,183,layer_0,237,c3: Wilderness_Area_2 IS absent,0.331725150346756
covtype_binary_20000,23,184,layer_0,32,c0: Wilderness_Area_3 IS present,0.3312912881374359
covtype_binary_20000,23,185,layer_0,699,c11: Wilderness_Area_3 IS absent,0.3299829065799713
covtype_binary_20000,23,186,layer_0,8,c0: Soil_Type_12 IS present,0.3297232389450073
covtype_binary_20000,23,187,layer_0,226,c3: Vertical_Distance_To_Hydrology IS MEDIUM,0.32611408829689026
covtype_binary_20000,23,188,layer_0,272,c4: Wilderness_Area_3 IS present,0.3260452151298523
covtype_binary_20000,23,189,layer_0,126,c2: Soil_Type_38 IS absent,0.32586684823036194
covtype_binary_20000,23,190,layer_0,267,c4: Aspect IS LOW,0.3244771659374237
covtype_binary_20000,23,191,layer_0,264,c4: Soil_Type_29 IS absent,0.322029709815979
covtype_binary_20000,23,192,layer_0,441,c7: Wilderness_Area_2 IS absent,0.3219227194786072
covtype_binary_20000,23,193,layer_0,416,c6: Horizontal_Distance_To_Hydrology IS HIGH,0.32188260555267334
covtype_binary_20000,23,194,layer_0,371,c6: Aspect IS HIGH,0.32038894295692444
covtype_binary_20000,23,195,layer_0,372,c6: Wilderness_Area_3 IS absent,0.31992655992507935
covtype_binary_20000,23,196,layer_0,209,c3: Slope IS HIGH,0.31161096692085266
covtype_binary_20000,23,197,layer_0,500,c8: Horizontal_Distance_To_Fire_Points IS HIGH,0.30728110671043396
covtype_binary_20000,23,198,layer_0,610,c10: Hillshade_Noon IS MEDIUM,0.30649542808532715
covtype_binary_20000,23,199,layer_0,111,c1: Soil_Type_29 IS absent,0.30174311995506287
covtype_binary_20000,23,200,layer_0,147,c2: Horizontal_Distance_To_Roadways IS LOW,0.3004789650440216
covtype_binary_20000,23,201,layer_0,17,c0: Soil_Type_22 IS present,0.3002409338951111
covtype_binary_20000,23,202,layer_0,486,c8: Soil_Type_2 IS absent,0.299875408411026
covtype_binary_20000,23,203,layer_0,558,c9: Hillshade_Noon IS LOW,0.29918888211250305
covtype_binary_20000,23,204,layer_0,231,c3: Soil_Type_2 IS absent,0.2988230884075165
covtype_binary_20000,23,205,layer_0,429,c7: Vertical_Distance_To_Hydrology IS LOW,0.2983536422252655
covtype_binary_20000,23,206,layer_0,417,c6: Wilderness_Area_4 IS absent,0.296683669090271
covtype_binary_20000,23,207,layer_0,671,c11: Horizontal_Distance_To_Hydrology IS HIGH,0.2949892580509186
covtype_binary_20000,23,208,layer_0,430,c7: Vertical_Distance_To_Hydrology IS MEDIUM,0.29452478885650635
covtype_binary_20000,23,209,layer_0,615,c10: Soil_Type_26 IS absent,0.2933318316936493
covtype_binary_20000,23,210,layer_0,661,c11: Hillshade_Noon IS MEDIUM,0.2928134799003601
covtype_binary_20000,23,211,layer_0,601,c10: Horizontal_Distance_To_Fire_Points IS MEDIUM,0.29177600145339966
covtype_binary_20000,23,212,layer_0,465,c7: Horizontal_Distance_To_Hydrology IS LOW,0.29002031683921814
covtype_binary_20000,23,213,layer_0,642,c10: Soil_Type_21 IS absent,0.2889733612537384
covtype_binary_20000,23,214,layer_0,405,c6: Hillshade_Noon IS LOW,0.28888630867004395
covtype_binary_20000,23,215,layer_0,638,c10: Elevation IS HIGH,0.28837883472442627
covtype_binary_20000,23,216,layer_0,79,c1: Hillshade_9am IS MEDIUM,0.2883591949939728
covtype_binary_20000,23,217,layer_1,182,c3: ka_concept_1.c0 IS HIGH,0.288176566362381
covtype_binary_20000,23,218,layer_0,706,c11: Slope IS MEDIUM,0.286700040102005
covtype_binary_20000,23,219,layer_0,107,c1: Slope IS HIGH,0.28560736775398254
covtype_binary_20000,23,220,layer_0,121,c2: Horizontal_Distance_To_Hydrology IS MEDIUM,0.2844974100589752
covtype_binary_20000,23,221,projection_layer,10,"pursuit_3(Slope, Soil_Type_12, Soil_Type_13, Soil_Type_1) IS MEDIUM",0.2796841263771057
covtype_binary_20000,23,222,layer_1,11,c0: ka_concept_1.c3 IS HIGH,0.2780877649784088
covtype_binary_20000,23,223,layer_0,468,c7: Wilderness_Area_4 IS absent,0.27644625306129456
covtype_binary_20000,23,224,layer_0,351,c5: Soil_Type_18 IS absent,0.274277925491333
covtype_binary_20000,23,225,layer_0,702,c11: Soil_Type_34 IS absent,0.27130886912345886
covtype_binary_20000,23,226,layer_0,270,c4: Wilderness_Area_3 IS absent,0.2633410692214966
covtype_binary_20000,23,227,layer_0,619,c10: Horizontal_Distance_To_Hydrology IS MEDIUM,0.2620200514793396
covtype_binary_20000,23,228,layer_0,299,c4: Wilderness_Area_1 IS present,0.2611978352069855
covtype_binary_20000,23,229,layer_0,369,c6: Aspect IS LOW,0.25938478112220764
covtype_binary_20000,23,230,layer_0,679,c11: Hillshade_9am IS MEDIUM,0.2561608850955963
covtype_binary_20000,23,231,layer_0,23,c0: Wilderness_Area_1 IS present,0.25501659512519836
covtype_binary_20000,23,232,projection_layer,23,"pursuit_7(Aspect, Soil_Type_39, Soil_Type_2, Soil_Type_5) IS HIGH",0.2530073821544647
covtype_binary_20000,23,233,layer_0,681,c11: Wilderness_Area_2 IS absent,0.2525864243507385
covtype_binary_20000,23,234,layer_1,311,c5: ka_concept_1.c3 IS HIGH,0.25254756212234497
covtype_binary_20000,23,235,layer_0,684,c11: Soil_Type_11 IS absent,0.25141453742980957
covtype_binary_20000,23,236,layer_0,30,c0: Wilderness_Area_3 IS absent,0.25053125619888306
covtype_binary_20000,23,237,layer_0,459,c7: Wilderness_Area_3 IS absent,0.25005483627319336
covtype_binary_20000,23,238,layer_0,212,c3: Wilderness_Area_1 IS present,0.25000694394111633
covtype_binary_20000,23,239,layer_1,215,c3: ka_concept_1.c11 IS HIGH,0.24744950234889984
covtype_binary_20000,23,240,layer_0,657,c10: Wilderness_Area_4 IS absent,0.24739313125610352
covtype_binary_20000,23,241,layer_0,182,c3: Hillshade_9am IS HIGH,0.24529412388801575
covtype_binary_20000,23,242,layer_0,381,c6: Wilderness_Area_4 IS absent,0.24294976890087128
covtype_binary_20000,23,243,layer_0,319,c5: Aspect IS MEDIUM,0.2414885312318802
covtype_binary_20000,23,244,layer_0,456,c7: Hillshade_Noon IS LOW,0.23842276632785797
covtype_binary_20000,23,245,layer_1,35,c0: ka_concept_1.c11 IS HIGH,0.23523975908756256
covtype_binary_20000,23,246,layer_1,343,c5: projection_2 IS MEDIUM,0.23495113849639893
covtype_binary_20000,23,247,layer_1,335,c5: ka_concept_1.c11 IS HIGH,0.234264075756073
covtype_binary_20000,23,248,layer_0,208,c3: Slope IS MEDIUM,0.2307843565940857
covtype_binary_20000,23,249,layer_0,348,c5: Wilderness_Area_1 IS absent,0.23015983402729034
covtype_binary_20000,23,250,layer_0,153,c2: Soil_Type_13 IS absent,0.22961264848709106
covtype_binary_20000,23,251,layer_1,2,c0: ka_concept_1.c0 IS HIGH,0.22771157324314117
covtype_binary_20000,23,252,layer_0,656,c10: Slope IS HIGH,0.2273247092962265
covtype_binary_20000,23,253,layer_0,696,c11: Horizontal_Distance_To_Roadways IS LOW,0.22615088522434235
covtype_binary_20000,23,254,layer_0,423,c7: Wilderness_Area_3 IS absent,0.22601397335529327
covtype_binary_20000,23,255,layer_0,297,c4: Wilderness_Area_1 IS absent,0.22447127103805542
covtype_binary_20000,23,256,layer_0,539,c8: Wilderness_Area_1 IS present,0.22408427298069
covtype_binary_20000,23,257,layer_0,654,c10: Slope IS LOW,0.22386950254440308
covtype_binary_20000,23,258,layer_0,672,c11: Wilderness_Area_4 IS absent,0.22334957122802734
covtype_binary_20000,23,259,layer_0,216,c3: Aspect IS LOW,0.22333386540412903
covtype_binary_20000,23,260,layer_0,466,c7: Horizontal_Distance_To_Hydrology IS MEDIUM,0.21741224825382233
covtype_binary_20000,23,261,layer_1,201,c3: ka_concept_1.c7 IS LOW,0.21530403196811676
covtype_binary_20000,23,262,layer_0,167,c2: Aspect IS HIGH,0.21493056416511536
covtype_binary_20000,23,263,layer_1,312,c5: ka_concept_1.c4 IS LOW,0.21479801833629608
covtype_binary_20000,23,264,layer_0,140,c2: Elevation IS HIGH,0.21383404731750488
covtype_binary_20000,23,265,layer_0,461,c7: Wilderness_Area_3 IS present,0.2118687778711319
covtype_binary_20000,23,266,layer_1,188,c3: ka_concept_1.c2 IS HIGH,0.21176180243492126
covtype_binary_20000,23,267,layer_0,303,c5: Wilderness_Area_2 IS absent,0.21064430475234985
covtype_binary_20000,23,268,layer_0,219,c3: Wilderness_Area_3 IS absent,0.2095518410205841
covtype_binary_20000,23,269,layer_0,75,c1: Soil_Type_38 IS absent,0.20853771269321442
covtype_binary_20000,23,270,layer_0,411,c6: Soil_Type_26 IS absent,0.20528419315814972
covtype_binary_20000,23,271,layer_0,2,c0: Horizontal_Distance_To_Fire_Points IS HIGH,0.20426666736602783
covtype_binary_20000,23,272,layer_0,629,c10: Hillshade_9am IS HIGH,0.20243485271930695
covtype_binary_20000,23,273,layer_0,609,c10: Hillshade_Noon IS LOW,0.2011335790157318
covtype_binary_20000,23,274,layer_0,665,c11: Wilderness_Area_3 IS present,0.19774794578552246
covtype_binary_20000,23,275,layer_0,426,c7: Soil_Type_35 IS absent,0.1972777545452118
covtype_binary_20000,23,276,layer_0,210,c3: Wilderness_Area_1 IS absent,0.19684533774852753
covtype_binary_20000,23,277,layer_0,363,c6: Wilderness_Area_1 IS absent,0.19574174284934998
covtype_binary_20000,23,278,layer_1,206,c3: ka_concept_1.c8 IS HIGH,0.19197991490364075
covtype_binary_20000,23,279,layer_0,398,c6: Horizontal_Distance_To_Fire_Points IS HIGH,0.19190600514411926
covtype_binary_20000,23,280,layer_0,134,c2: Wilderness_Area_3 IS present,0.19152741134166718
covtype_binary_20000,23,281,layer_1,122,c2: ka_concept_1.c0 IS HIGH,0.18962731957435608
covtype_binary_20000,23,282,layer_1,346,c5: projection_3 IS MEDIUM,0.1896224021911621
covtype_binary_20000,23,283,layer_1,141,c2: ka_concept_1.c7 IS LOW,0.1892668604850769
covtype_binary_20000,23,284,layer_0,453,c7: Soil_Type_18 IS absent,0.18727678060531616
covtype_binary_20000,23,285,layer_0,384,c6: Soil_Type_2 IS absent,0.18447022140026093
covtype_binary_20000,23,286,layer_1,217,c3: projection_0 IS MEDIUM,0.18329496681690216
covtype_binary_20000,23,287,layer_0,157,c2: Slope IS MEDIUM,0.18181955814361572
covtype_binary_20000,23,288,layer_0,624,c10: Soil_Type_30 IS absent,0.18174219131469727
covtype_binary_20000,23,289,layer_0,336,c5: Hillshade_3pm IS LOW,0.1805216521024704
covtype_binary_20000,23,290,layer_0,517,c8: Horizontal_Distance_To_Hydrology IS MEDIUM,0.1802799552679062
covtype_binary_20000,23,291,layer_0,59,c0: Wilderness_Area_1 IS present,0.17998583614826202
covtype_binary_20000,23,292,layer_1,132,c2: ka_concept_1.c4 IS LOW,0.1790526956319809
covtype_binary_20000,23,293,layer_0,164,c2: Soil_Type_29 IS present,0.17882543802261353
covtype_binary_20000,23,294,layer_0,3,c0: Wilderness_Area_4 IS absent,0.17875683307647705
covtype_binary_20000,23,295,layer_1,181,c3: ka_concept_1.c0 IS MEDIUM,0.17737795412540436
covtype_binary_20000,23,296,layer_0,717,c11: Wilderness_Area_2 IS absent,0.17656874656677246
covtype_binary_20000,23,297,layer_0,170,c2: Wilderness_Area_3 IS present,0.17600968480110168
covtype_binary_20000,23,298,layer_1,325,c5: ka_concept_1.c8 IS MEDIUM,0.17490608990192413
covtype_binary_20000,23,299,layer_0,546,c9: Soil_Type_4 IS absent,0.17465069890022278
covtype_binary_20000,23,300,layer_0,310,c5: Slope IS MEDIUM,0.1743372231721878
covtype_binary_20000,23,301,layer_0,614,c10: Wilderness_Area_3 IS present,0.17227250337600708
covtype_binary_20000,23,302,layer_0,74,c1: Wilderness_Area_1 IS present,0.1720590889453888
covtype_binary_20000,23,303,layer_0,293,c4: Soil_Type_4 IS present,0.1717437356710434
covtype_binary_20000,23,304,layer_1,146,c2: ka_concept_1.c8 IS HIGH,0.17116865515708923
covtype_binary_20000,23,305,layer_0,306,c5: Soil_Type_13 IS absent,0.1700657308101654
covtype_binary_20000,23,306,layer_0,501,c8: Wilderness_Area_1 IS absent,0.1697070449590683
covtype_binary_20000,23,307,layer_0,177,c2: Wilderness_Area_4 IS absent,0.169620543718338
covtype_binary_20000,23,308,layer_1,353,c5: projection_5 IS HIGH,0.1692819595336914
covtype_binary_20000,23,309,layer_0,327,c5: Vertical_Distance_To_Hydrology IS LOW,0.16914185881614685
covtype_binary_20000,23,310,layer_0,714,c11: Aspect IS LOW,0.16814254224300385
covtype_binary_20000,23,311,layer_0,606,c10: Soil_Type_18 IS absent,0.16591604053974152
covtype_binary_20000,23,312,layer_0,627,c10: Hillshade_9am IS LOW,0.16355612874031067
covtype_binary_20000,23,313,layer_0,19,c0: Horizontal_Distance_To_Hydrology IS MEDIUM,0.16305065155029297
covtype_binary_20000,23,314,layer_0,415,c6: Horizontal_Distance_To_Hydrology IS MEDIUM,0.16263353824615479
covtype_binary_20000,23,315,projection_layer,13,"pursuit_4(Horizontal_Distance_To_Hydrology, Soil_Type_22, Soil_Type_30, Soil_Type_35) IS MEDIUM",0.1617165356874466
covtype_binary_20000,23,316,layer_0,77,c1: Soil_Type_38 IS present,0.1610434353351593
covtype_binary_20000,23,317,layer_0,10,c0: Hillshade_Noon IS MEDIUM,0.16074635088443756
covtype_binary_20000,23,318,layer_1,327,c5: ka_concept_1.c9 IS LOW,0.15978442132472992
covtype_binary_20000,23,319,layer_1,185,c3: ka_concept_1.c1 IS HIGH,0.15962770581245422
covtype_binary_20000,23,320,layer_1,28,c0: ka_concept_1.c9 IS MEDIUM,0.15885023772716522
covtype_binary_20000,23,321,layer_0,645,c10: Horizontal_Distance_To_Roadways IS LOW,0.1566416472196579
covtype_binary_20000,23,322,layer_1,12,c0: ka_concept_1.c4 IS LOW,0.15507861971855164
covtype_binary_20000,23,323,layer_0,215,c3: Soil_Type_29 IS present,0.1547822654247284
covtype_binary_20000,23,324,layer_0,573,c9: Soil_Type_30 IS absent,0.15431348979473114
covtype_binary_20000,23,325,layer_0,150,c2: Wilderness_Area_2 IS absent,0.1543077677488327
covtype_binary_20000,23,326,layer_0,603,c10: Wilderness_Area_1 IS absent,0.15393131971359253
covtype_binary_20000,23,327,layer_0,228,c3: Wilderness_Area_4 IS absent,0.15353216230869293
covtype_binary_20000,23,328,layer_0,27,c0: Hillshade_9am IS LOW,0.15329019725322723
covtype_binary_20000,23,329,layer_0,282,c4: Soil_Type_2 IS absent,0.15286622941493988
covtype_binary_20000,23,330,layer_0,123,c2: Wilderness_Area_1 IS absent,0.15157461166381836
covtype_binary_20000,23,331,layer_0,477,c7: Wilderness_Area_2 IS absent,0.1514023095369339
covtype_binary_20000,23,332,layer_1,55,c0: projection_6 IS MEDIUM,0.15119719505310059
covtype_binary_20000,23,333,layer_0,318,c5: Aspect IS LOW,0.14974543452262878
covtype_binary_20000,23,334,layer_0,362,c6: Slope IS HIGH,0.1494099348783493
covtype_binary_20000,23,335,layer_0,355,c5: Hillshade_Noon IS MEDIUM,0.14872469007968903
covtype_binary_20000,23,336,layer_0,554,c9: Wilderness_Area_1 IS present,0.1481231451034546
covtype_binary_20000,23,337,layer_1,324,c5: ka_concept_1.c8 IS LOW,0.14581815898418427
covtype_binary_20000,23,338,layer_0,259,c4: Slope IS MEDIUM,0.145436093211174
covtype_binary_20000,23,339,layer_0,611,c10: Hillshade_Noon IS HIGH,0.14466138184070587
covtype_binary_20000,23,340,layer_1,21,c0: ka_concept_1.c7 IS LOW,0.14407993853092194
covtype_binary_20000,23,341,projection_layer,16,"pursuit_5(Hillshade_9am, Wilderness_Area_1, Soil_Type_10, Soil_Type_32) IS MEDIUM",0.14313267171382904
covtype_binary_20000,23,342,layer_0,84,c1: Soil_Type_39 IS absent,0.1424126774072647
covtype_binary_20000,23,343,layer_0,57,c0: Wilderness_Area_1 IS absent,0.14226311445236206
covtype_binary_20000,23,344,layer_1,145,c2: ka_concept_1.c8 IS MEDIUM,0.14206893742084503
covtype_binary_20000,23,345,layer_0,130,c2: Hillshade_9am IS MEDIUM,0.14166495203971863
covtype_binary_20000,23,346,layer_0,432,c7: Wilderness_Area_4 IS absent,0.141639843583107
covtype_binary_20000,23,347,layer_1,339,c5: projection_1 IS LOW,0.1409910023212433
covtype_binary_20000,23,348,layer_0,149,c2: Horizontal_Distance_To_Roadways IS HIGH,0.14093855023384094
covtype_binary_20000,23,349,layer_0,439,c7: Hillshade_3pm IS MEDIUM,0.13966667652130127
covtype_binary_20000,23,350,projection_layer,11,"pursuit_3(Slope, Soil_Type_12, Soil_Type_13, Soil_Type_1) IS HIGH",0.13913168013095856
covtype_binary_20000,23,351,layer_0,159,c2: Wilderness_Area_1 IS absent,0.1366928219795227
covtype_binary_20000,23,352,layer_0,342,c5: Soil_Type_4 IS absent,0.1364244967699051
covtype_binary_20000,23,353,layer_0,406,c6: Hillshade_Noon IS MEDIUM,0.1360519826412201
covtype_binary_20000,23,354,layer_1,234,c3: projection_6 IS LOW,0.13560178875923157
covtype_binary_20000,23,355,layer_1,15,c0: ka_concept_1.c5 IS LOW,0.13549359142780304
covtype_binary_20000,23,356,layer_1,53,c0: projection_5 IS HIGH,0.13523292541503906
covtype_binary_20000,23,357,layer_0,401,c6: Wilderness_Area_1 IS present,0.13453692197799683
covtype_binary_20000,23,358,layer_1,354,c5: projection_6 IS LOW,0.13425664603710175
covtype_binary_20000,23,359,layer_1,26,c0: ka_concept_1.c8 IS HIGH,0.13423241674900055
covtype_binary_20000,23,360,layer_0,476,c7: Hillshade_9am IS HIGH,0.13415057957172394
covtype_binary_20000,23,361,layer_0,663,c11: Wilderness_Area_3 IS absent,0.13389380276203156
covtype_binary_20000,23,362,layer_0,449,c7: Horizontal_Distance_To_Fire_Points IS HIGH,0.13368569314479828
covtype_binary_20000,23,363,layer_0,26,c0: Soil_Type_38 IS present,0.1332353949546814
covtype_binary_20000,23,364,layer_0,540,c9: Hillshade_3pm IS LOW,0.1330370306968689
covtype_binary_20000,23,365,layer_1,180,c3: ka_concept_1.c0 IS LOW,0.13294143974781036
covtype_binary_20000,23,366,layer_1,226,c3: projection_3 IS MEDIUM,0.13282988965511322
covtype_binary_20000,23,367,layer_1,46,c0: projection_3 IS MEDIUM,0.13275960087776184
covtype_binary_20000,23,368,layer_0,497,c8: Soil_Type_4 IS present,0.13226667046546936
covtype_binary_20000,23,369,layer_0,408,c6: Wilderness_Area_3 IS absent,0.1317588835954666
covtype_binary_20000,23,370,layer_0,639,c10: Wilderness_Area_1 IS absent,0.13100159168243408
covtype_binary_20000,23,371,layer_0,92,c1: Wilderness_Area_4 IS present,0.13041508197784424
covtype_binary_20000,23,372,layer_0,80,c1: Hillshade_9am IS HIGH,0.13029958307743073
covtype_binary_20000,23,373,layer_1,326,c5: ka_concept_1.c8 IS HIGH,0.13005265593528748
covtype_binary_20000,23,374,layer_1,156,c2: projection_0 IS LOW,0.12999235093593597
covtype_binary_20000,23,375,layer_1,155,c2: ka_concept_1.c11 IS HIGH,0.12997983396053314
covtype_binary_20000,23,376,layer_0,660,c11: Hillshade_Noon IS LOW,0.1293751299381256
covtype_binary_20000,23,377,layer_1,204,c3: ka_concept_1.c8 IS LOW,0.12870435416698456
covtype_binary_20000,23,378,layer_0,498,c8: Horizontal_Distance_To_Fire_Points IS LOW,0.12855039536952972
covtype_binary_20000,23,379,layer_0,122,c2: Horizontal_Distance_To_Hydrology IS HIGH,0.12800365686416626
covtype_binary_20000,23,380,layer_0,86,c1: Soil_Type_39 IS present,0.12799257040023804
covtype_binary_20000,23,381,layer_1,173,c2: projection_5 IS HIGH,0.12793025374412537
covtype_binary_20000,23,382,layer_1,0,c0: ka_concept_1.c0 IS LOW,0.1270568072795868
covtype_binary_20000,23,383,layer_1,1,c0: ka_concept_1.c0 IS MEDIUM,0.12562109529972076
covtype_binary_20000,23,384,layer_1,39,c0: projection_1 IS LOW,0.12557880580425262
covtype_binary_20000,23,385,layer_0,20,c0: Horizontal_Distance_To_Hydrology IS HIGH,0.1250857263803482
covtype_binary_20000,23,386,layer_0,354,c5: Hillshade_Noon IS LOW,0.12476643919944763
covtype_binary_20000,23,387,layer_0,550,c9: Horizontal_Distance_To_Fire_Points IS MEDIUM,0.12399037927389145
covtype_binary_20000,23,388,layer_0,78,c1: Hillshade_9am IS LOW,0.12345636636018753
covtype_binary_20000,23,389,layer_0,314,c5: Wilderness_Area_1 IS present,0.12298666685819626
covtype_binary_20000,23,390,layer_1,120,c2: ka_concept_1.c0 IS LOW,0.1222057193517685
covtype_binary_20000,23,391,layer_1,336,c5: projection_0 IS LOW,0.12146775424480438
covtype_binary_20000,23,392,layer_0,312,c5: Wilderness_Area_1 IS absent,0.12145230174064636
covtype_binary_20000,23,393,layer_0,288,c4: Wilderness_Area_2 IS absent,0.1213928610086441
covtype_binary_20000,23,394,layer_1,24,c0: ka_concept_1.c8 IS LOW,0.12104655802249908
covtype_binary_20000,23,395,layer_1,302,c5: ka_concept_1.c0 IS HIGH,0.12102077901363373
covtype_binary_20000,23,396,layer_0,125,c2: Wilderness_Area_1 IS present,0.12020532041788101
covtype_binary_20000,23,397,layer_0,576,c9: Hillshade_9am IS LOW,0.11989940702915192
covtype_binary_20000,23,398,layer_0,51,c0: Soil_Type_13 IS absent,0.1183529868721962
covtype_binary_20000,23,399,layer_0,399,c6: Wilderness_Area_1 IS absent,0.11820667237043381
covtype_binary_20000,23,400,layer_0,647,c10: Horizontal_Distance_To_Roadways IS HIGH,0.11808990687131882
covtype_binary_20000,23,401,layer_0,269,c4: Aspect IS HIGH,0.11802829056978226
covtype_binary_20000,23,402,layer_0,612,c10: Wilderness_Area_3 IS absent,0.11773103475570679
covtype_binary_20000,23,403,layer_0,365,c6: Wilderness_Area_1 IS present,0.11756248027086258
covtype_binary_20000,23,404,layer_1,52,c0: projection_5 IS MEDIUM,0.11745471507310867
covtype_binary_20000,23,405,layer_0,389,c6: Hillshade_3pm IS HIGH,0.11668790876865387
covtype_binary_20000,23,406,layer_1,166,c2: projection_3 IS MEDIUM,0.11633632332086563
covtype_binary_20000,23,407,layer_0,35,c0: Soil_Type_39 IS present,0.11611804366111755
covtype_binary_20000,23,408,layer_0,542,c9: Hillshade_3pm IS HIGH,0.11606523394584656
covtype_binary_20000,23,409,layer_1,172,c2: projection_5 IS MEDIUM,0.11469444632530212
covtype_binary_20000,23,410,layer_0,141,c2: Wilderness_Area_4 IS absent,0.11460748314857483
covtype_binary_20000,23,411,layer_0,541,c9: Hillshade_3pm IS MEDIUM,0.11450570821762085
covtype_binary_20000,23,412,layer_1,186,c3: ka_concept_1.c2 IS LOW,0.11409960687160492
covtype_binary_20000,23,413,layer_0,39,c0: Wilderness_Area_4 IS absent,0.1134796142578125
covtype_binary_20000,23,414,layer_0,591,c9: Soil_Type_21 IS absent,0.11217228323221207
covtype_binary_20000,23,415,layer_0,285,c4: Hillshade_3pm IS LOW,0.11133933812379837
covtype_binary_20000,23,416,layer_0,564,c9: Soil_Type_26 IS absent,0.11082054674625397
covtype_binary_20000,23,417,projection_layer,22,"pursuit_7(Aspect, Soil_Type_39, Soil_Type_2, Soil_Type_5) IS MEDIUM",0.11003833264112473
covtype_binary_20000,23,418,layer_1,214,c3: ka_concept_1.c11 IS MEDIUM,0.1095411404967308
covtype_binary_20000,23,419,layer_0,518,c8: Horizontal_Distance_To_Hydrology IS HIGH,0.10922539979219437
covtype_binary_20000,23,420,layer_1,235,c3: projection_6 IS MEDIUM,0.10881878435611725
covtype_binary_20000,23,421,layer_0,162,c2: Soil_Type_29 IS absent,0.10792718827724457
covtype_binary_20000,23,422,projection_layer,19,"pursuit_6(Horizontal_Distance_To_Roadways, Soil_Type_38, Wilderness_Area_2, Soil_Type_18) IS MEDIUM",0.10723216086626053
covtype_binary_20000,23,423,layer_1,5,c0: ka_concept_1.c1 IS HIGH,0.10721172392368317
covtype_binary_20000,23,424,layer_1,318,c5: ka_concept_1.c6 IS LOW,0.10665612667798996
covtype_binary_20000,23,425,layer_0,375,c6: Soil_Type_35 IS absent,0.1065024733543396
covtype_binary_20000,23,426,layer_0,490,c8: Hillshade_3pm IS MEDIUM,0.10609269142150879
covtype_binary_20000,23,427,layer_0,356,c5: Hillshade_Noon IS HIGH,0.10602366179227829
covtype_binary_20000,23,428,layer_1,202,c3: ka_concept_1.c7 IS MEDIUM,0.10508455336093903
covtype_binary_20000,23,429,layer_1,233,c3: projection_5 IS HIGH,0.10485389083623886
covtype_binary_20000,23,430,layer_1,30,c0: ka_concept_1.c10 IS LOW,0.1048467680811882
covtype_binary_20000,23,431,layer_1,131,c2: ka_concept_1.c3 IS HIGH,0.10448931902647018
covtype_binary_20000,23,432,layer_0,559,c9: Hillshade_Noon IS MEDIUM,0.104466512799263
covtype_binary_20000,23,433,layer_1,238,c3: projection_7 IS MEDIUM,0.10364619642496109
covtype_binary_20000,23,434,layer_0,284,c4: Soil_Type_2 IS present,0.1034691259264946
covtype_binary_20000,23,435,layer_0,33,c0: Soil_Type_39 IS absent,0.10322031378746033
covtype_binary_20000,23,436,layer_1,358,c5: projection_7 IS MEDIUM,0.1031351238489151
covtype_binary_20000,23,437,layer_1,154,c2: ka_concept_1.c11 IS MEDIUM,0.10286694020032883
covtype_binary_20000,23,438,layer_0,315,c5: Soil_Type_29 IS absent,0.10163167119026184
covtype_binary_20000,23,439,layer_0,338,c5: Hillshade_3pm IS HIGH,0.1012137234210968
covtype_binary_20000,23,440,layer_0,324,c5: Soil_Type_35 IS absent,0.10027485340833664
covtype_binary_20000,23,441,layer_0,101,c1: Wilderness_Area_2 IS present,0.09975382685661316
covtype_binary_20000,23,442,layer_0,129,c2: Hillshade_9am IS LOW,0.09898338466882706
covtype_binary_20000,23,443,layer_1,352,c5: projection_5 IS MEDIUM,0.09829413890838623
covtype_binary_20000,23,444,layer_0,185,c3: Wilderness_Area_3 IS present,0.09789156168699265
covtype_binary_20000,23,445,layer_1,229,c3: projection_4 IS MEDIUM,0.09740225970745087
covtype_binary_20000,23,446,layer_0,446,c7: Soil_Type_4 IS present,0.09732142835855484
covtype_binary_20000,23,447,layer_1,337,c5: projection_0 IS MEDIUM,0.09676335006952286
covtype_binary_20000,23,448,layer_0,131,c2: Hillshade_9am IS HIGH,0.09551648795604706
covtype_binary_20000,23,449,layer_1,121,c2: ka_concept_1.c0 IS MEDIUM,0.09432186186313629
covtype_binary_20000,23,450,layer_1,194,c3: ka_concept_1.c4 IS HIGH,0.09400255233049393
covtype_binary_20000,23,451,layer_0,104,c1: Soil_Type_13 IS present,0.09394671767950058
covtype_binary_20000,23,452,layer_1,193,c3: ka_concept_1.c4 IS MEDIUM,0.09371678531169891
covtype_binary_20000,23,453,layer_1,128,c2: ka_concept_1.c2 IS HIGH,0.09339842945337296
covtype_binary_20000,23,454,layer_0,368,c6: Soil_Type_29 IS present,0.09301271289587021
covtype_binary_20000,23,455,layer_0,510,c8: Wilderness_Area_3 IS absent,0.09154076874256134
covtype_binary_20000,23,456,layer_0,524,c8: Soil_Type_30 IS present,0.09145846217870712
covtype_binary_20000,23,457,layer_0,128,c2: Soil_Type_38 IS present,0.09006616473197937
covtype_binary_20000,23,458,layer_0,495,c8: Soil_Type_4 IS absent,0.09005370736122131
covtype_binary_20000,23,459,layer_0,171,c2: Soil_Type_35 IS absent,0.08930934965610504
covtype_binary_20000,23,460,layer_1,159,c2: projection_1 IS LOW,0.08845068514347076
covtype_binary_20000,23,461,layer_1,344,c5: projection_2 IS HIGH,0.08775302022695541
covtype_binary_20000,23,462,layer_0,71,c1: Horizontal_Distance_To_Hydrology IS HIGH,0.08767449855804443
covtype_binary_20000,23,463,layer_1,174,c2: projection_6 IS LOW,0.08722984045743942
covtype_binary_20000,23,464,layer_0,421,c7: Aspect IS MEDIUM,0.08684144914150238
covtype_binary_20000,23,465,projection_layer,1,"pursuit_0(Horizontal_Distance_To_Fire_Points, Hillshade_3pm, Soil_Type_29, Soil_Type_4) IS MEDIUM",0.08590692281723022
covtype_binary_20000,23,466,layer_1,342,c5: projection_2 IS LOW,0.085199736058712
covtype_binary_20000,23,467,layer_0,410,c6: Wilderness_Area_3 IS present,0.08513785153627396
covtype_binary_20000,23,468,layer_0,711,c11: Soil_Type_9 IS absent,0.0851227343082428
covtype_binary_20000,23,469,layer_0,41,c0: Wilderness_Area_4 IS present,0.08508509397506714
covtype_binary_20000,23,470,layer_0,350,c5: Wilderness_Area_1 IS present,0.08507934957742691
covtype_binary_20000,23,471,layer_1,211,c3: ka_concept_1.c10 IS MEDIUM,0.08478084206581116
covtype_binary_20000,23,472,layer_1,305,c5: ka_concept_1.c1 IS HIGH,0.08428645879030228
covtype_binary_20000,23,473,layer_0,50,c0: Wilderness_Area_2 IS present,0.08345510065555573
covtype_binary_20000,23,474,layer_0,628,c10: Hillshade_9am IS MEDIUM,0.08229424804449081
covtype_binary_20000,23,475,layer_1,22,c0: ka_concept_1.c7 IS MEDIUM,0.082114577293396
covtype_binary_20000,23,476,layer_0,648,c10: Wilderness_Area_3 IS absent,0.0815606489777565
covtype_binary_20000,23,477,layer_1,300,c5: ka_concept_1.c0 IS LOW,0.08099673688411713
covtype_binary_20000,23,478,layer_0,14,c0: Wilderness_Area_2 IS present,0.08049982786178589
covtype_binary_20000,23,479,layer_1,355,c5: projection_6 IS MEDIUM,0.0804777443408966
covtype_binary_20000,23,480,layer_0,53,c0: Soil_Type_13 IS present,0.08019556850194931
covtype_binary_20000,23,481,layer_0,257,c4: Soil_Type_13 IS present,0.07831303775310516
covtype_binary_20000,23,482,layer_0,692,c11: Wilderness_Area_1 IS present,0.07731464505195618
covtype_binary_20000,23,483,layer_0,471,c7: Soil_Type_30 IS absent,0.0759863406419754
covtype_binary_20000,23,484,layer_1,210,c3: ka_concept_1.c10 IS LOW,0.07591710239648819
covtype_binary_20000,23,485,layer_0,135,c2: Soil_Type_39 IS absent,0.07554458826780319
covtype_binary_20000,23,486,layer_0,337,c5: Hillshade_3pm IS MEDIUM,0.07454141974449158
covtype_binary_20000,23,487,layer_0,543,c9: Wilderness_Area_2 IS absent,0.07440996170043945
covtype_binary_20000,23,488,layer_0,521,c8: Wilderness_Area_4 IS present,0.07437526434659958
covtype_binary_20000,23,489,layer_1,225,c3: projection_3 IS LOW,0.07402873784303665
covtype_binary_20000,23,490,layer_1,198,c3: ka_concept_1.c6 IS LOW,0.07366723567247391
covtype_binary_20000,23,491,layer_0,596,c9: Horizontal_Distance_To_Roadways IS HIGH,0.0735006183385849
covtype_binary_20000,23,492,layer_0,236,c3: Hillshade_3pm IS HIGH,0.0731729045510292
covtype_binary_20000,23,493,layer_1,199,c3: ka_concept_1.c6 IS MEDIUM,0.07264690101146698
covtype_binary_20000,23,494,layer_1,160,c2: projection_1 IS MEDIUM,0.07259441912174225
covtype_binary_20000,23,495,layer_0,137,c2: Soil_Type_39 IS present,0.07258541136980057
covtype_binary_20000,23,496,layer_1,136,c2: ka_concept_1.c5 IS MEDIUM,0.07142487168312073
covtype_binary_20000,23,497,layer_1,134,c2: ka_concept_1.c4 IS HIGH,0.07136674225330353
covtype_binary_20000,23,498,layer_0,183,c3: Wilderness_Area_3 IS absent,0.07116451114416122
covtype_binary_20000,23,499,layer_0,95,c1: Soil_Type_40 IS present,0.07061019539833069
covtype_binary_20000,23,500,layer_1,228,c3: projection_4 IS LOW,0.07020014524459839
covtype_binary_20000,23,501,layer_1,216,c3: projection_0 IS LOW,0.07019686698913574
covtype_binary_20000,23,502,layer_0,309,c5: Slope IS LOW,0.06987082213163376
covtype_binary_20000,23,503,layer_0,470,c7: Wilderness_Area_4 IS present,0.06966035813093185
covtype_binary_20000,23,504,layer_0,402,c6: Soil_Type_18 IS absent,0.06950787454843521
covtype_binary_20000,23,505,layer_0,488,c8: Soil_Type_2 IS present,0.0691453069448471
covtype_binary_20000,23,506,layer_0,605,c10: Wilderness_Area_1 IS present,0.06911318749189377
covtype_binary_20000,23,507,layer_0,248,c4: Soil_Type_40 IS present,0.06882818043231964
covtype_binary_20000,23,508,layer_1,163,c2: projection_2 IS MEDIUM,0.06871943920850754
covtype_binary_20000,23,509,layer_0,188,c3: Soil_Type_39 IS present,0.0686221718788147
covtype_binary_20000,23,510,layer_0,218,c3: Aspect IS HIGH,0.06846292316913605
covtype_binary_20000,23,511,layer_0,597,c9: Wilderness_Area_3 IS absent,0.06841786950826645
covtype_binary_20000,23,512,layer_0,323,c5: Wilderness_Area_3 IS present,0.06832721084356308
covtype_binary_20000,23,513,layer_1,212,c3: ka_concept_1.c10 IS HIGH,0.0682944655418396
covtype_binary_20000,23,514,layer_0,233,c3: Soil_Type_2 IS present,0.06828800588846207
covtype_binary_20000,23,515,layer_1,125,c2: ka_concept_1.c1 IS HIGH,0.0677516907453537
covtype_binary_20000,23,516,layer_1,203,c3: ka_concept_1.c7 IS HIGH,0.06768309324979782
covtype_binary_20000,23,517,layer_1,58,c0: projection_7 IS MEDIUM,0.06737582385540009
covtype_binary_20000,23,518,layer_0,527,c8: Hillshade_9am IS HIGH,0.06725912541151047
covtype_binary_20000,23,519,layer_0,161,c2: Wilderness_Area_1 IS present,0.06716559827327728
covtype_binary_20000,23,520,layer_0,434,c7: Wilderness_Area_4 IS present,0.06708548218011856
covtype_binary_20000,23,521,layer_0,485,c8: Wilderness_Area_4 IS present,0.06698770821094513
covtype_binary_20000,23,522,layer_0,651,c10: Soil_Type_34 IS absent,0.06657851487398148
covtype_binary_20000,23,523,layer_0,281,c4: Wilderness_Area_4 IS present,0.06500081717967987
covtype_binary_20000,23,524,layer_0,175,c2: Vertical_Distance_To_Hydrology IS MEDIUM,0.0649489164352417
covtype_binary_20000,23,525,layer_1,7,c0: ka_concept_1.c2 IS MEDIUM,0.06490463018417358
covtype_binary_20000,23,526,layer_0,206,c3: Soil_Type_13 IS present,0.06489381939172745
covtype_binary_20000,23,527,layer_1,138,c2: ka_concept_1.c6 IS LOW,0.0648336261510849
covtype_binary_20000,23,528,layer_0,414,c6: Horizontal_Distance_To_Hydrology IS LOW,0.06462812423706055
covtype_binary_20000,23,529,layer_1,10,c0: ka_concept_1.c3 IS MEDIUM,0.06435470283031464
covtype_binary_20000,23,530,layer_1,6,c0: ka_concept_1.c2 IS LOW,0.06413398683071136
covtype_binary_20000,23,531,layer_1,239,c3: projection_7 IS HIGH,0.06378339976072311
covtype_binary_20000,23,532,layer_1,144,c2: ka_concept_1.c8 IS LOW,0.06298648566007614
covtype_binary_20000,23,533,layer_0,395,c6: Soil_Type_4 IS present,0.06295886635780334
covtype_binary_20000,23,534,layer_1,314,c5: ka_concept_1.c4 IS HIGH,0.06277573853731155
covtype_binary_20000,23,535,layer_0,261,c4: Wilderness_Area_1 IS absent,0.062457505613565445
covtype_binary_20000,23,536,layer_1,14,c0: ka_concept_1.c4 IS HIGH,0.06235552579164505
covtype_binary_20000,23,537,layer_0,225,c3: Vertical_Distance_To_Hydrology IS LOW,0.06224784255027771
covtype_binary_20000,23,538,layer_0,0,c0: Horizontal_Distance_To_Fire_Points IS LOW,0.06207449734210968
covtype_binary_20000,23,539,layer_1,357,c5: projection_7 IS LOW,0.06176816299557686
covtype_binary_20000,23,540,layer_0,719,c11: Wilderness_Area_2 IS present,0.06102985516190529
covtype_binary_20000,23,541,layer_1,301,c5: ka_concept_1.c0 IS MEDIUM,0.060991205275058746
covtype_binary_20000,23,542,layer_0,5,c0: Wilderness_Area_4 IS present,0.06081994250416756
covtype_binary_20000,23,543,layer_0,290,c4: Wilderness_Area_2 IS present,0.05948609486222267
covtype_binary_20000,23,544,layer_0,708,c11: Wilderness_Area_4 IS absent,0.059455957263708115
covtype_binary_20000,23,545,layer_0,83,c1: Wilderness_Area_3 IS present,0.059149011969566345
covtype_binary_20000,23,546,layer_1,169,c2: projection_4 IS MEDIUM,0.05897483229637146
covtype_binary_20000,23,547,layer_1,345,c5: projection_3 IS LOW,0.058748554438352585
covtype_binary_20000,23,548,layer_1,348,c5: projection_4 IS LOW,0.05822305381298065
covtype_binary_20000,23,549,layer_1,57,c0: projection_7 IS LOW,0.05806112289428711
covtype_binary_20000,23,550,layer_0,641,c10: Wilderness_Area_1 IS present,0.0579751655459404
covtype_binary_20000,23,551,layer_1,319,c5: ka_concept_1.c6 IS MEDIUM,0.05780523642897606
covtype_binary_20000,23,552,layer_0,230,c3: Wilderness_Area_4 IS present,0.057525284588336945
covtype_binary_20000,23,553,layer_1,189,c3: ka_concept_1.c3 IS LOW,0.056920312345027924
covtype_binary_20000,23,554,layer_0,552,c9: Wilderness_Area_1 IS absent,0.05689571052789688
covtype_binary_20000,23,555,layer_0,330,c5: Wilderness_Area_4 IS absent,0.05654700845479965
covtype_binary_20000,23,556,layer_1,293,c4: projection_5 IS HIGH,0.05623006075620651
covtype_binary_20000,23,557,layer_1,44,c0: projection_2 IS HIGH,0.055614717304706573
covtype_binary_20000,23,558,layer_0,551,c9: Horizontal_Distance_To_Fire_Points IS HIGH,0.05548593029379845
covtype_binary_20000,23,559,layer_0,670,c11: Horizontal_Distance_To_Hydrology IS MEDIUM,0.05532249063253403
covtype_binary_20000,23,560,layer_1,177,c2: projection_7 IS LOW,0.05519812926650047
covtype_binary_20000,23,561,layer_1,187,c3: ka_concept_1.c2 IS MEDIUM,0.055158503353595734
covtype_binary_20000,23,562,layer_1,333,c5: ka_concept_1.c11 IS LOW,0.05497879162430763
covtype_binary_20000,23,563,layer_0,110,c1: Wilderness_Area_1 IS present,0.05497226491570473
covtype_binary_20000,23,564,layer_1,45,c0: projection_3 IS LOW,0.054406896233558655
covtype_binary_20000,23,565,layer_0,569,c9: Horizontal_Distance_To_Hydrology IS HIGH,0.05418994277715683
covtype_binary_20000,23,566,layer_1,168,c2: projection_4 IS LOW,0.054111141711473465
covtype_binary_20000,23,567,layer_1,36,c0: projection_0 IS LOW,0.054097309708595276
covtype_binary_20000,23,568,layer_1,135,c2: ka_concept_1.c5 IS LOW,0.05409669876098633
covtype_binary_20000,23,569,layer_0,44,c0: Soil_Type_40 IS present,0.05399898812174797
covtype_binary_20000,23,570,layer_1,243,c4: ka_concept_1.c1 IS LOW,0.05395914614200592
covtype_binary_20000,23,571,layer_1,190,c3: ka_concept_1.c3 IS MEDIUM,0.053705643862485886
covtype_binary_20000,23,572,layer_0,346,c5: Horizontal_Distance_To_Fire_Points IS MEDIUM,0.05355342477560043
covtype_binary_20000,23,573,layer_1,19,c0: ka_concept_1.c6 IS MEDIUM,0.0533725880086422
covtype_binary_20000,23,574,layer_0,317,c5: Soil_Type_29 IS present,0.053280360996723175
covtype_binary_20000,23,575,layer_0,683,c11: Wilderness_Area_2 IS present,0.05313468351960182
covtype_binary_20000,23,576,layer_0,320,c5: Aspect IS HIGH,0.05251999571919441
covtype_binary_20000,23,577,projection_layer,4,"pursuit_1(Elevation, Vertical_Distance_To_Hydrology, Soil_Type_40, Soil_Type_6) IS MEDIUM",0.05241429805755615
covtype_binary_20000,23,578,layer_1,23,c0: ka_concept_1.c7 IS HIGH,0.052322134375572205
covtype_binary_20000,23,579,layer_1,59,c0: projection_7 IS HIGH,0.0522262379527092
covtype_binary_20000,23,580,layer_1,33,c0: ka_concept_1.c11 IS LOW,0.052120134234428406
covtype_binary_20000,23,581,layer_0,710,c11: Wilderness_Area_4 IS present,0.05149386078119278
covtype_binary_20000,23,582,layer_0,568,c9: Horizontal_Distance_To_Hydrology IS MEDIUM,0.051120609045028687
covtype_binary_20000,23,583,layer_0,582,c9: Soil_Type_11 IS absent,0.050414569675922394
covtype_binary_20000,23,584,layer_0,504,c8: Soil_Type_18 IS absent,0.050149913877248764
covtype_binary_20000,23,585,layer_1,219,c3: projection_1 IS LOW,0.0500410757958889
covtype_binary_20000,23,586,layer_1,184,c3: ka_concept_1.c1 IS MEDIUM,0.04985490068793297
covtype_binary_20000,23,587,layer_1,48,c0: projection_4 IS LOW,0.0498034730553627
covtype_binary_20000,23,588,layer_0,674,c11: Wilderness_Area_4 IS present,0.04980093240737915
covtype_binary_20000,23,589,layer_1,139,c2: ka_concept_1.c6 IS MEDIUM,0.0497334785759449
covtype_binary_20000,23,590,layer_0,588,c9: Wilderness_Area_1 IS absent,0.04945087805390358
covtype_binary_20000,23,591,layer_0,152,c2: Wilderness_Area_2 IS present,0.04917352274060249
covtype_binary_20000,23,592,layer_1,124,c2: ka_concept_1.c1 IS MEDIUM,0.049062579870224
covtype_binary_20000,23,593,layer_0,482,c8: Vertical_Distance_To_Hydrology IS HIGH,0.049045003950595856
covtype_binary_20000,23,594,layer_0,525,c8: Hillshade_9am IS LOW,0.04745740815997124
covtype_binary_20000,23,595,layer_0,198,c3: Horizontal_Distance_To_Roadways IS LOW,0.047066763043403625
covtype_binary_20000,23,596,layer_1,164,c2: projection_2 IS HIGH,0.047009434551000595
covtype_binary_20000,23,597,layer_0,437,c7: Soil_Type_2 IS present,0.0469125360250473
covtype_binary_20000,23,598,layer_0,548,c9: Soil_Type_4 IS present,0.04660362750291824
covtype_binary_20000,23,599,layer_0,479,c7: Wilderness_Area_2 IS present,0.04569728672504425
covtype_binary_20000,23,600,layer_1,157,c2: projection_0 IS MEDIUM,0.04563836753368378
covtype_binary_20000,23,601,layer_0,563,c9: Wilderness_Area_3 IS present,0.04501544311642647
covtype_binary_20000,23,602,layer_0,473,c7: Soil_Type_30 IS present,0.044554829597473145
covtype_binary_20000,23,603,layer_0,194,c3: Wilderness_Area_4 IS present,0.044452037662267685
covtype_binary_20000,23,604,layer_0,561,c9: Wilderness_Area_3 IS absent,0.04434870928525925
covtype_binary_20000,23,605,layer_0,530,c8: Wilderness_Area_2 IS present,0.044069141149520874
covtype_binary_20000,23,606,layer_0,108,c1: Wilderness_Area_1 IS absent,0.043724559247493744
covtype_binary_20000,23,607,layer_0,339,c5: Wilderness_Area_2 IS absent,0.04369676858186722
covtype_binary_20000,23,608,layer_1,232,c3: projection_5 IS MEDIUM,0.04366718977689743
covtype_binary_20000,23,609,layer_1,148,c2: ka_concept_1.c9 IS MEDIUM,0.04360872507095337
covtype_binary_20000,23,610,layer_1,223,c3: projection_2 IS MEDIUM,0.043480366468429565
covtype_binary_20000,23,611,layer_0,620,c10: Horizontal_Distance_To_Hydrology IS HIGH,0.04322602227330208
covtype_binary_20000,23,612,layer_1,142,c2: ka_concept_1.c7 IS MEDIUM,0.0428648442029953
covtype_binary_20000,23,613,layer_1,49,c0: projection_4 IS MEDIUM,0.042831383645534515
covtype_binary_20000,23,614,layer_0,512,c8: Wilderness_Area_3 IS present,0.04270260035991669
covtype_binary_20000,23,615,layer_0,374,c6: Wilderness_Area_3 IS present,0.04227495938539505
covtype_binary_20000,23,616,layer_0,155,c2: Soil_Type_13 IS present,0.042228616774082184
covtype_binary_20000,23,617,layer_1,126,c2: ka_concept_1.c2 IS LOW,0.04203559085726738
covtype_binary_20000,23,618,layer_1,13,c0: ka_concept_1.c4 IS MEDIUM,0.04106113687157631
covtype_binary_20000,23,619,layer_0,572,c9: Wilderness_Area_4 IS present,0.040735770016908646
covtype_binary_20000,23,620,layer_1,27,c0: ka_concept_1.c9 IS LOW,0.040443409234285355
covtype_binary_20000,23,621,layer_1,54,c0: projection_6 IS LOW,0.04031921923160553
covtype_binary_20000,23,622,layer_1,133,c2: ka_concept_1.c4 IS MEDIUM,0.04029083251953125
covtype_binary_20000,23,623,layer_0,443,c7: Wilderness_Area_2 IS present,0.04022564738988876
covtype_binary_20000,23,624,layer_1,332,c5: ka_concept_1.c10 IS HIGH,0.04021131992340088
covtype_binary_20000,23,625,layer_1,315,c5: ka_concept_1.c5 IS LOW,0.03999042138457298
covtype_binary_20000,23,626,layer_1,307,c5: ka_concept_1.c2 IS MEDIUM,0.03945999965071678
covtype_binary_20000,23,627,layer_1,32,c0: ka_concept_1.c10 IS HIGH,0.039218537509441376
covtype_binary_20000,23,628,layer_0,528,c8: Wilderness_Area_2 IS absent,0.03918970376253128
covtype_binary_20000,23,629,layer_1,162,c2: projection_2 IS LOW,0.038951326161623
covtype_binary_20000,23,630,layer_1,153,c2: ka_concept_1.c11 IS LOW,0.03871086239814758
covtype_binary_20000,23,631,layer_0,533,c8: Soil_Type_11 IS present,0.03827840834856033
covtype_binary_20000,23,632,layer_0,632,c10: Wilderness_Area_2 IS present,0.03812103345990181
covtype_binary_20000,23,633,layer_1,322,c5: ka_concept_1.c7 IS MEDIUM,0.03789099305868149
covtype_binary_20000,23,634,layer_0,245,c4: Wilderness_Area_4 IS present,0.037868816405534744
covtype_binary_20000,23,635,layer_0,555,c9: Soil_Type_18 IS absent,0.037340495735406876
covtype_binary_20000,23,636,layer_0,197,c3: Soil_Type_40 IS present,0.03716006129980087
covtype_binary_20000,23,637,layer_0,146,c2: Soil_Type_40 IS present,0.03672129660844803
covtype_binary_20000,23,638,layer_0,332,c5: Wilderness_Area_4 IS present,0.03637178614735603
covtype_binary_20000,23,639,layer_1,313,c5: ka_concept_1.c4 IS MEDIUM,0.035971108824014664
covtype_binary_20000,23,640,layer_0,633,c10: Soil_Type_11 IS absent,0.035940878093242645
covtype_binary_20000,23,641,layer_0,386,c6: Soil_Type_2 IS present,0.03581022471189499
covtype_binary_20000,23,642,layer_0,577,c9: Hillshade_9am IS MEDIUM,0.03555693104863167
covtype_binary_20000,23,643,layer_1,178,c2: projection_7 IS MEDIUM,0.035360291600227356
covtype_binary_20000,23,644,layer_0,383,c6: Wilderness_Area_4 IS present,0.03491164743900299
covtype_binary_20000,23,645,layer_1,205,c3: ka_concept_1.c8 IS MEDIUM,0.03447045385837555
covtype_binary_20000,23,646,layer_0,357,c5: Wilderness_Area_3 IS absent,0.03406459465622902
covtype_binary_20000,23,647,layer_1,213,c3: ka_concept_1.c11 IS LOW,0.034013569355010986
covtype_binary_20000,23,648,layer_0,239,c3: Wilderness_Area_2 IS present,0.0338071845471859
covtype_binary_20000,23,649,layer_1,283,c4: projection_2 IS MEDIUM,0.033424776047468185
covtype_binary_20000,23,650,layer_1,359,c5: projection_7 IS HIGH,0.03275220841169357
covtype_binary_20000,23,651,layer_1,179,c2: projection_7 IS HIGH,0.03266831859946251
covtype_binary_20000,23,652,layer_0,489,c8: Hillshade_3pm IS LOW,0.032666243612766266
covtype_binary_20000,23,653,layer_1,306,c5: ka_concept_1.c2 IS LOW,0.0322454534471035
covtype_binary_20000,23,654,layer_0,677,c11: Soil_Type_30 IS present,0.03140571340918541
covtype_binary_20000,23,655,layer_1,308,c5: ka_concept_1.c2 IS HIGH,0.031337060034275055
covtype_binary_20000,23,656,layer_1,196,c3: ka_concept_1.c5 IS MEDIUM,0.03130101412534714
covtype_binary_20000,23,657,layer_0,396,c6: Horizontal_Distance_To_Fire_Points IS LOW,0.03105306066572666
covtype_binary_20000,23,658,layer_1,31,c0: ka_concept_1.c10 IS MEDIUM,0.030988797545433044
covtype_binary_20000,23,659,layer_1,143,c2: ka_concept_1.c7 IS HIGH,0.0306547824293375
covtype_binary_20000,23,660,layer_1,277,c4: projection_0 IS MEDIUM,0.0305924154818058
covtype_binary_20000,23,661,layer_1,347,c5: projection_3 IS HIGH,0.030549870803952217
covtype_binary_20000,23,662,layer_0,192,c3: Wilderness_Area_4 IS absent,0.030382100492715836
covtype_binary_20000,23,663,layer_1,152,c2: ka_concept_1.c10 IS HIGH,0.030053889378905296
covtype_binary_20000,23,664,layer_0,278,c4: Vertical_Distance_To_Hydrology IS HIGH,0.029381947591900826
covtype_binary_20000,23,665,layer_0,578,c9: Hillshade_9am IS HIGH,0.029360666871070862
covtype_binary_20000,23,666,layer_1,340,c5: projection_1 IS MEDIUM,0.02907785214483738
covtype_binary_20000,23,667,layer_1,264,c4: ka_concept_1.c8 IS LOW,0.028560269623994827
covtype_binary_20000,23,668,layer_0,207,c3: Slope IS LOW,0.028307871893048286
covtype_binary_20000,23,669,layer_0,594,c9: Horizontal_Distance_To_Roadways IS LOW,0.028287649154663086
covtype_binary_20000,23,670,layer_1,248,c4: ka_concept_1.c2 IS HIGH,0.02800861932337284
covtype_binary_20000,23,671,layer_1,241,c4: ka_concept_1.c0 IS MEDIUM,0.027697637677192688
covtype_binary_20000,23,672,layer_0,419,c6: Wilderness_Area_4 IS present,0.02734333835542202
covtype_binary_20000,23,673,layer_1,34,c0: ka_concept_1.c11 IS MEDIUM,0.027326205745339394
covtype_binary_20000,23,674,layer_1,262,c4: ka_concept_1.c7 IS MEDIUM,0.02633025124669075
covtype_binary_20000,23,675,layer_1,309,c5: ka_concept_1.c3 IS LOW,0.02626813016831875
covtype_binary_20000,23,676,layer_1,218,c3: projection_0 IS HIGH,0.026104126125574112
covtype_binary_20000,23,677,layer_0,321,c5: Wilderness_Area_3 IS absent,0.02594272792339325
covtype_binary_20000,23,678,layer_1,220,c3: projection_1 IS MEDIUM,0.025667672976851463
covtype_binary_20000,23,679,layer_1,330,c5: ka_concept_1.c10 IS LOW,0.025133173912763596
covtype_binary_20000,23,680,layer_0,204,c3: Soil_Type_13 IS absent,0.024968963116407394
covtype_binary_20000,23,681,layer_1,289,c4: projection_4 IS MEDIUM,0.024694066494703293
covtype_binary_20000,23,682,layer_0,221,c3: Wilderness_Area_3 IS present,0.02469361200928688
covtype_binary_20000,23,683,layer_0,650,c10: Wilderness_Area_3 IS present,0.02468320168554783
covtype_binary_20000,23,684,layer_1,9,c0: ka_concept_1.c3 IS LOW,0.024676525965332985
covtype_binary_20000,23,685,layer_0,344,c5: Soil_Type_4 IS present,0.02452227845788002
covtype_binary_20000,23,686,layer_0,575,c9: Soil_Type_30 IS present,0.02400040626525879
covtype_binary_20000,23,687,layer_0,379,c6: Vertical_Distance_To_Hydrology IS MEDIUM,0.023899368941783905
covtype_binary_20000,23,688,layer_0,328,c5: Vertical_Distance_To_Hydrology IS MEDIUM,0.023411685600876808
covtype_binary_20000,23,689,layer_1,150,c2: ka_concept_1.c10 IS LOW,0.023404307663440704
covtype_binary_20000,23,690,layer_1,129,c2: ka_concept_1.c3 IS LOW,0.023120874539017677
covtype_binary_20000,23,691,layer_0,686,c11: Soil_Type_11 IS present,0.022729499265551567
covtype_binary_20000,23,692,layer_1,256,c4: ka_concept_1.c5 IS MEDIUM,0.022538110613822937
covtype_binary_20000,23,693,layer_0,630,c10: Wilderness_Area_2 IS absent,0.022517748177051544
covtype_binary_20000,23,694,layer_1,323,c5: ka_concept_1.c7 IS HIGH,0.02222995087504387
covtype_binary_20000,23,695,layer_1,310,c5: ka_concept_1.c3 IS MEDIUM,0.021821558475494385
covtype_binary_20000,23,696,layer_1,147,c2: ka_concept_1.c9 IS LOW,0.021462975069880486
covtype_binary_20000,23,697,layer_1,328,c5: ka_concept_1.c9 IS MEDIUM,0.021459834650158882
covtype_binary_20000,23,698,layer_1,209,c3: ka_concept_1.c9 IS HIGH,0.021402673795819283
covtype_binary_20000,23,699,layer_1,18,c0: ka_concept_1.c6 IS LOW,0.02138928696513176
covtype_binary_20000,23,700,projection_layer,6,"pursuit_2(Hillshade_Noon, Wilderness_Area_4, Soil_Type_23, Soil_Type_11) IS LOW",0.02064601331949234
covtype_binary_20000,23,701,layer_0,222,c3: Soil_Type_35 IS absent,0.020414156839251518
covtype_binary_20000,23,702,layer_1,316,c5: ka_concept_1.c5 IS MEDIUM,0.02009964920580387
covtype_binary_20000,23,703,layer_0,143,c2: Wilderness_Area_4 IS present,0.019734155386686325
covtype_binary_20000,23,704,layer_1,242,c4: ka_concept_1.c0 IS HIGH,0.01963924430310726
covtype_binary_20000,23,705,layer_0,621,c10: Wilderness_Area_4 IS absent,0.019572652876377106
covtype_binary_20000,23,706,layer_1,175,c2: projection_6 IS MEDIUM,0.01955651119351387
covtype_binary_20000,23,707,layer_0,360,c6: Slope IS LOW,0.01889878511428833
covtype_binary_20000,23,708,layer_0,503,c8: Wilderness_Area_1 IS present,0.018529100343585014
covtype_binary_20000,23,709,layer_0,156,c2: Slope IS LOW,0.018449008464813232
covtype_binary_20000,23,710,layer_1,42,c0: projection_2 IS LOW,0.018408676609396935
covtype_binary_20000,23,711,layer_1,25,c0: ka_concept_1.c8 IS MEDIUM,0.018281206488609314
covtype_binary_20000,23,712,layer_1,16,c0: ka_concept_1.c5 IS MEDIUM,0.018164271488785744
covtype_binary_20000,23,713,layer_0,311,c5: Slope IS HIGH,0.017296001315116882
covtype_binary_20000,23,714,layer_1,165,c2: projection_3 IS LOW,0.017237670719623566
covtype_binary_20000,23,715,layer_1,130,c2: ka_concept_1.c3 IS MEDIUM,0.017194846644997597
covtype_binary_20000,23,716,layer_1,171,c2: projection_5 IS LOW,0.01696116477251053
covtype_binary_20000,23,717,layer_0,602,c10: Horizontal_Distance_To_Fire_Points IS HIGH,0.016761623322963715
covtype_binary_20000,23,718,layer_1,4,c0: ka_concept_1.c1 IS MEDIUM,0.016580749303102493
covtype_binary_20000,23,719,layer_1,351,c5: projection_5 IS LOW,0.016273977234959602
covtype_binary_20000,23,720,layer_1,274,c4: ka_concept_1.c11 IS MEDIUM,0.016059406101703644
covtype_binary_20000,23,721,layer_1,286,c4: projection_3 IS MEDIUM,0.015892835333943367
covtype_binary_20000,23,722,layer_0,570,c9: Wilderness_Area_4 IS absent,0.0158134363591671
covtype_binary_20000,23,723,layer_1,321,c5: ka_concept_1.c7 IS LOW,0.015587158501148224
covtype_binary_20000,23,724,layer_1,43,c0: projection_2 IS MEDIUM,0.015201421454548836
covtype_binary_20000,23,725,layer_1,240,c4: ka_concept_1.c0 IS LOW,0.014989928342401981
covtype_binary_20000,23,726,layer_0,255,c4: Soil_Type_13 IS absent,0.01485565397888422
covtype_binary_20000,23,727,layer_1,267,c4: ka_concept_1.c9 IS LOW,0.014819277450442314
covtype_binary_20000,23,728,layer_1,207,c3: ka_concept_1.c9 IS LOW,0.014736092649400234
covtype_binary_20000,23,729,layer_1,270,c4: ka_concept_1.c10 IS LOW,0.014583111740648746
covtype_binary_20000,23,730,layer_1,285,c4: projection_3 IS LOW,0.014359983615577221
covtype_binary_20000,23,731,layer_1,276,c4: projection_0 IS LOW,0.014285977929830551
covtype_binary_20000,23,732,layer_0,234,c3: Hillshade_3pm IS LOW,0.01417071744799614
covtype_binary_20000,23,733,layer_1,349,c5: projection_4 IS MEDIUM,0.014132324606180191
covtype_binary_20000,23,734,layer_0,254,c4: Wilderness_Area_2 IS present,0.014046610333025455
covtype_binary_20000,23,735,layer_0,431,c7: Vertical_Distance_To_Hydrology IS HIGH,0.013785582035779953
covtype_binary_20000,23,736,layer_1,195,c3: ka_concept_1.c5 IS LOW,0.013773943297564983
covtype_binary_20000,23,737,layer_0,275,c4: Soil_Type_35 IS present,0.013718592002987862
covtype_binary_20000,23,738,layer_0,623,c10: Wilderness_Area_4 IS present,0.013474937528371811
covtype_binary_20000,23,739,layer_1,292,c4: projection_5 IS MEDIUM,0.013408813625574112
covtype_binary_20000,23,740,layer_1,37,c0: projection_0 IS MEDIUM,0.013200080022215843
covtype_binary_20000,23,741,layer_1,158,c2: projection_0 IS HIGH,0.0131333377212286
covtype_binary_20000,23,742,layer_1,250,c4: ka_concept_1.c3 IS MEDIUM,0.013097015209496021
covtype_binary_20000,23,743,layer_0,626,c10: Soil_Type_30 IS present,0.01284669991582632
covtype_binary_20000,23,744,layer_1,254,c4: ka_concept_1.c4 IS HIGH,0.012641332112252712
covtype_binary_20000,23,745,layer_0,506,c8: Soil_Type_18 IS present,0.012457760982215405
covtype_binary_20000,23,746,layer_1,298,c4: projection_7 IS MEDIUM,0.01238128449767828
covtype_binary_20000,23,747,layer_1,259,c4: ka_concept_1.c6 IS MEDIUM,0.012221956625580788
covtype_binary_20000,23,748,layer_1,224,c3: projection_2 IS HIGH,0.01214267872273922
covtype_binary_20000,23,749,layer_0,335,c5: Soil_Type_2 IS present,0.012070871889591217
covtype_binary_20000,23,750,layer_0,659,c10: Wilderness_Area_4 IS present,0.011725260876119137
covtype_binary_20000,23,751,layer_0,390,c6: Wilderness_Area_2 IS absent,0.011720714159309864
covtype_binary_20000,23,752,layer_1,149,c2: ka_concept_1.c9 IS HIGH,0.011522425338625908
covtype_binary_20000,23,753,layer_0,179,c2: Wilderness_Area_4 IS present,0.011407691054046154
covtype_binary_20000,23,754,layer_1,255,c4: ka_concept_1.c5 IS LOW,0.011188906617462635
covtype_binary_20000,23,755,layer_1,279,c4: projection_1 IS LOW,0.01112316269427538
covtype_binary_20000,23,756,layer_0,392,c6: Wilderness_Area_2 IS present,0.010992828756570816
covtype_binary_20000,23,757,layer_0,599,c9: Wilderness_Area_3 IS present,0.010846910998225212
covtype_binary_20000,23,758,layer_1,294,c4: projection_6 IS LOW,0.010838638059794903
covtype_binary_20000,23,759,layer_1,231,c3: projection_5 IS LOW,0.010613362304866314
covtype_binary_20000,23,760,layer_1,8,c0: ka_concept_1.c2 IS HIGH,0.010532636195421219
covtype_binary_20000,23,761,layer_1,288,c4: projection_4 IS LOW,0.010479447431862354
covtype_binary_20000,23,762,layer_0,380,c6: Vertical_Distance_To_Hydrology IS HIGH,0.009984654374420643
covtype_binary_20000,23,763,layer_0,590,c9: Wilderness_Area_1 IS present,0.009930439293384552
covtype_binary_20000,23,764,layer_1,227,c3: projection_3 IS HIGH,0.009847679175436497
covtype_binary_20000,23,765,layer_1,40,c0: projection_1 IS MEDIUM,0.009743494912981987
covtype_binary_20000,23,766,layer_0,438,c7: Hillshade_3pm IS LOW,0.009656853973865509
covtype_binary_20000,23,767,layer_0,224,c3: Soil_Type_35 IS present,0.009522674605250359
covtype_binary_20000,23,768,layer_0,227,c3: Vertical_Distance_To_Hydrology IS HIGH,0.009477497078478336
covtype_binary_20000,23,769,layer_1,338,c5: projection_0 IS HIGH,0.00927033368498087
covtype_binary_20000,23,770,projection_layer,2,"pursuit_0(Horizontal_Distance_To_Fire_Points, Hillshade_3pm, Soil_Type_29, Soil_Type_4) IS HIGH",0.009261858649551868
covtype_binary_20000,23,771,layer_1,151,c2: ka_concept_1.c10 IS MEDIUM,0.009229421615600586
covtype_binary_20000,23,772,layer_0,308,c5: Soil_Type_13 IS present,0.009190444834530354
covtype_binary_20000,23,773,layer_1,56,c0: projection_6 IS HIGH,0.009061588905751705
covtype_binary_20000,23,774,layer_0,704,c11: Soil_Type_34 IS present,0.008918126113712788
covtype_binary_20000,23,775,layer_1,273,c4: ka_concept_1.c11 IS LOW,0.008909226395189762
covtype_binary_20000,23,776,layer_1,230,c3: projection_4 IS HIGH,0.008730783127248287
covtype_binary_20000,23,777,layer_0,494,c8: Wilderness_Area_2 IS present,0.008544882759451866
covtype_binary_20000,23,778,layer_1,271,c4: ka_concept_1.c10 IS MEDIUM,0.008464908227324486
covtype_binary_20000,23,779,layer_1,287,c4: projection_3 IS HIGH,0.008296574465930462
covtype_binary_20000,23,780,layer_0,584,c9: Soil_Type_11 IS present,0.0082371411845088
covtype_binary_20000,23,781,layer_1,284,c4: projection_2 IS HIGH,0.008212987333536148
covtype_binary_20000,23,782,layer_1,167,c2: projection_3 IS HIGH,0.008166728541254997
covtype_binary_20000,23,783,layer_1,38,c0: projection_0 IS HIGH,0.008107992820441723
covtype_binary_20000,23,784,layer_1,350,c5: projection_4 IS HIGH,0.00802648440003395
covtype_binary_20000,23,785,layer_1,244,c4: ka_concept_1.c1 IS MEDIUM,0.007771992590278387
covtype_binary_20000,23,786,layer_0,173,c2: Soil_Type_35 IS present,0.007753397803753614
covtype_binary_20000,23,787,layer_0,462,c7: Soil_Type_26 IS absent,0.007633727975189686
covtype_binary_20000,23,788,layer_1,266,c4: ka_concept_1.c8 IS HIGH,0.007605396211147308
covtype_binary_20000,23,789,layer_1,20,c0: ka_concept_1.c6 IS HIGH,0.007495288271456957
covtype_binary_20000,23,790,layer_1,299,c4: projection_7 IS HIGH,0.00746398139744997
covtype_binary_20000,23,791,layer_0,545,c9: Wilderness_Area_2 IS present,0.007409173529595137
covtype_binary_20000,23,792,layer_1,253,c4: ka_concept_1.c4 IS MEDIUM,0.0073957666754722595
covtype_binary_20000,23,793,layer_1,263,c4: ka_concept_1.c7 IS HIGH,0.007235408294945955
covtype_binary_20000,23,794,layer_0,579,c9: Wilderness_Area_2 IS absent,0.007117812987416983
covtype_binary_20000,23,795,layer_0,347,c5: Horizontal_Distance_To_Fire_Points IS HIGH,0.007097226567566395
covtype_binary_20000,23,796,layer_1,317,c5: ka_concept_1.c5 IS HIGH,0.006904605310410261
covtype_binary_20000,23,797,layer_1,29,c0: ka_concept_1.c9 IS HIGH,0.0068037244491279125
covtype_binary_20000,23,798,layer_1,329,c5: ka_concept_1.c9 IS HIGH,0.006780466064810753
covtype_binary_20000,23,799,layer_0,693,c11: Soil_Type_21 IS absent,0.006780358497053385
covtype_binary_20000,23,800,layer_0,302,c5: Horizontal_Distance_To_Roadways IS HIGH,0.006741611286997795
covtype_binary_20000,23,801,layer_1,245,c4: ka_concept_1.c1 IS HIGH,0.006656731478869915
covtype_binary_20000,23,802,layer_1,331,c5: ka_concept_1.c10 IS MEDIUM,0.006494180765002966
covtype_binary_20000,23,803,layer_1,282,c4: projection_2 IS LOW,0.006484136451035738
covtype_binary_20000,23,804,layer_1,247,c4: ka_concept_1.c2 IS MEDIUM,0.006467229686677456
covtype_binary_20000,23,805,layer_1,334,c5: ka_concept_1.c11 IS MEDIUM,0.006409819237887859
covtype_binary_20000,23,806,layer_0,515,c8: Soil_Type_26 IS present,0.006409314461052418
covtype_binary_20000,23,807,layer_1,50,c0: projection_4 IS HIGH,0.006199842318892479
covtype_binary_20000,23,808,layer_1,237,c3: projection_7 IS LOW,0.005972079001367092
covtype_binary_20000,23,809,layer_1,252,c4: ka_concept_1.c4 IS LOW,0.005951453000307083
covtype_binary_20000,23,810,layer_1,304,c5: ka_concept_1.c1 IS MEDIUM,0.005648005288094282
covtype_binary_20000,23,811,layer_0,707,c11: Slope IS HIGH,0.005556025076657534
covtype_binary_20000,23,812,projection_layer,5,"pursuit_1(Elevation, Vertical_Distance_To_Hydrology, Soil_Type_40, Soil_Type_6) IS HIGH",0.0051910001784563065
covtype_binary_20000,23,813,layer_1,246,c4: ka_concept_1.c2 IS LOW,0.005090176127851009
covtype_binary_20000,23,814,layer_0,608,c10: Soil_Type_18 IS present,0.004955037962645292
covtype_binary_20000,23,815,layer_0,695,c11: Soil_Type_21 IS present,0.004949009511619806
covtype_binary_20000,23,816,layer_1,261,c4: ka_concept_1.c7 IS LOW,0.004919725004583597
covtype_binary_20000,23,817,layer_1,200,c3: ka_concept_1.c6 IS HIGH,0.004604985471814871
covtype_binary_20000,23,818,layer_0,203,c3: Wilderness_Area_2 IS present,0.004601879045367241
covtype_binary_20000,23,819,layer_0,653,c10: Soil_Type_34 IS present,0.0045982287265360355
covtype_binary_20000,23,820,layer_1,51,c0: projection_5 IS LOW,0.004557323642075062
covtype_binary_20000,23,821,layer_1,222,c3: projection_2 IS LOW,0.004264541435986757
covtype_binary_20000,23,822,layer_0,72,c1: Wilderness_Area_1 IS absent,0.003918198868632317
covtype_binary_20000,23,823,layer_0,455,c7: Soil_Type_18 IS present,0.0038623532745987177
covtype_binary_20000,23,824,layer_1,268,c4: ka_concept_1.c9 IS MEDIUM,0.0037874977570027113
covtype_binary_20000,23,825,layer_0,428,c7: Soil_Type_35 IS present,0.0037636400666087866
covtype_binary_20000,23,826,layer_0,713,c11: Soil_Type_9 IS present,0.003693338017910719
covtype_binary_20000,23,827,layer_1,356,c5: projection_6 IS HIGH,0.0035136439837515354
covtype_binary_20000,23,828,layer_1,249,c4: ka_concept_1.c3 IS LOW,0.0034495703876018524
covtype_binary_20000,23,829,layer_1,236,c3: projection_6 IS HIGH,0.0034011523239314556
covtype_binary_20000,23,830,layer_0,464,c7: Soil_Type_26 IS present,0.0033909447956830263
covtype_binary_20000,23,831,layer_0,557,c9: Soil_Type_18 IS present,0.0033891163766384125
covtype_binary_20000,23,832,layer_0,581,c9: Wilderness_Area_2 IS present,0.0032820948399603367
covtype_binary_20000,23,833,layer_0,404,c6: Soil_Type_18 IS present,0.0032787080854177475
covtype_binary_20000,23,834,layer_1,47,c0: projection_3 IS HIGH,0.003244724590331316
covtype_binary_20000,23,835,layer_1,297,c4: projection_7 IS LOW,0.003219071077182889
covtype_binary_20000,23,836,layer_1,295,c4: projection_6 IS MEDIUM,0.0031442781910300255
covtype_binary_20000,23,837,layer_0,377,c6: Soil_Type_35 IS present,0.003007406834512949
covtype_binary_20000,23,838,layer_0,475,c7: Hillshade_9am IS MEDIUM,0.0029204015154391527
covtype_binary_20000,23,839,layer_1,197,c3: ka_concept_1.c5 IS HIGH,0.002831490943208337
covtype_binary_20000,23,840,layer_0,644,c10: Soil_Type_21 IS present,0.00280420808121562
covtype_binary_20000,23,841,layer_1,208,c3: ka_concept_1.c9 IS MEDIUM,0.0027969160582870245
covtype_binary_20000,23,842,layer_1,170,c2: projection_4 IS HIGH,0.002757224952802062
covtype_binary_20000,23,843,layer_1,278,c4: projection_0 IS HIGH,0.0026006214320659637
covtype_binary_20000,23,844,layer_0,566,c9: Soil_Type_26 IS present,0.002498670481145382
covtype_binary_20000,23,845,layer_0,668,c11: Soil_Type_26 IS present,0.0024978662841022015
covtype_binary_20000,23,846,layer_0,329,c5: Vertical_Distance_To_Hydrology IS HIGH,0.0024942795280367136
covtype_binary_20000,23,847,layer_1,41,c0: projection_1 IS HIGH,0.002493601758033037
covtype_binary_20000,23,848,projection_layer,14,"pursuit_4(Horizontal_Distance_To_Hydrology, Soil_Type_22, Soil_Type_30, Soil_Type_35) IS HIGH",0.0024728949647396803
covtype_binary_20000,23,849,layer_0,176,c2: Vertical_Distance_To_Hydrology IS HIGH,0.002468508668243885
covtype_binary_20000,23,850,layer_0,305,c5: Wilderness_Area_2 IS present,0.002453833818435669
covtype_binary_20000,23,851,layer_0,617,c10: Soil_Type_26 IS present,0.0022918570321053267
covtype_binary_20000,23,852,layer_1,320,c5: ka_concept_1.c6 IS HIGH,0.0022271752823144197
covtype_binary_20000,23,853,layer_0,425,c7: Wilderness_Area_3 IS present,0.0022248534951359034
covtype_binary_20000,23,854,layer_1,291,c4: projection_5 IS LOW,0.0021675138268619776
covtype_binary_20000,23,855,layer_1,176,c2: projection_6 IS HIGH,0.002071845345199108
covtype_binary_20000,23,856,layer_1,290,c4: projection_4 IS HIGH,0.002024246146902442
covtype_binary_20000,23,857,layer_1,258,c4: ka_concept_1.c6 IS LOW,0.0019423309713602066
covtype_binary_20000,23,858,layer_0,635,c10: Soil_Type_11 IS present,0.0017709588864818215
covtype_binary_20000,23,859,layer_1,272,c4: ka_concept_1.c10 IS HIGH,0.0017337045865133405
covtype_binary_20000,23,860,layer_1,78,c1: ka_concept_1.c6 IS LOW,0.0017137654358521104
covtype_binary_20000,23,861,layer_0,593,c9: Soil_Type_21 IS present,0.0016691741766408086
covtype_binary_20000,23,862,layer_1,251,c4: ka_concept_1.c3 IS HIGH,0.0016396624268963933
covtype_binary_20000,23,863,layer_1,140,c2: ka_concept_1.c6 IS HIGH,0.001517614466138184
covtype_binary_20000,23,864,layer_1,137,c2: ka_concept_1.c5 IS HIGH,0.0014973218785598874
covtype_binary_20000,23,865,layer_1,17,c0: ka_concept_1.c5 IS HIGH,0.0014942280249670148
covtype_binary_20000,23,866,layer_1,127,c2: ka_concept_1.c2 IS MEDIUM,0.0014877268113195896
covtype_binary_20000,23,867,layer_1,114,c1: projection_6 IS LOW,0.001414390397258103
covtype_binary_20000,23,868,layer_1,118,c1: projection_7 IS MEDIUM,0.0014050242025405169
covtype_binary_20000,23,869,layer_1,85,c1: ka_concept_1.c8 IS MEDIUM,0.001352052902802825
covtype_binary_20000,23,870,layer_1,341,c5: projection_1 IS HIGH,0.0013172016479074955
covtype_binary_20000,23,871,layer_0,333,c5: Soil_Type_2 IS absent,0.0012038779677823186
covtype_binary_20000,23,872,layer_1,221,c3: projection_1 IS HIGH,0.0011894307099282742
covtype_binary_20000,23,873,layer_0,300,c5: Horizontal_Distance_To_Roadways IS LOW,0.0011893401388078928
covtype_binary_20000,23,874,layer_1,68,c1: ka_concept_1.c2 IS HIGH,0.0011698199668899179
covtype_binary_20000,23,875,layer_0,353,c5: Soil_Type_18 IS present,0.0011666553327813745
covtype_binary_20000,23,876,layer_1,260,c4: ka_concept_1.c6 IS HIGH,0.0010795502457767725
covtype_binary_20000,23,877,layer_0,341,c5: Wilderness_Area_2 IS present,0.00107647106051445
covtype_binary_20000,23,878,layer_1,161,c2: projection_1 IS HIGH,0.0010144244879484177
covtype_binary_20000,23,879,layer_1,112,c1: projection_5 IS MEDIUM,0.0009679039940237999
covtype_binary_20000,23,880,layer_1,113,c1: projection_5 IS HIGH,0.0009352292981930077
covtype_binary_20000,23,881,layer_1,115,c1: projection_6 IS MEDIUM,0.0008710261899977922
covtype_binary_20000,23,882,layer_1,108,c1: projection_4 IS LOW,0.0008652106043882668
covtype_binary_20000,23,883,layer_1,103,c1: projection_2 IS MEDIUM,0.0008503502467647195
covtype_binary_20000,23,884,layer_1,94,c1: ka_concept_1.c11 IS MEDIUM,0.0008232567342929542
covtype_binary_20000,23,885,layer_1,71,c1: ka_concept_1.c3 IS HIGH,0.0008018321241252124
covtype_binary_20000,23,886,layer_1,99,c1: projection_1 IS LOW,0.0007986687123775482
covtype_binary_20000,23,887,layer_1,87,c1: ka_concept_1.c9 IS LOW,0.0007895309827290475
covtype_binary_20000,23,888,layer_1,257,c4: ka_concept_1.c5 IS HIGH,0.0007420827751047909
covtype_binary_20000,23,889,layer_1,67,c1: ka_concept_1.c2 IS MEDIUM,0.0006858675624243915
covtype_binary_20000,23,890,projection_layer,20,"pursuit_6(Horizontal_Distance_To_Roadways, Soil_Type_38, Wilderness_Area_2, Soil_Type_18) IS HIGH",0.0006620620843023062
covtype_binary_20000,23,891,layer_1,73,c1: ka_concept_1.c4 IS MEDIUM,0.0006610824493691325
covtype_binary_20000,23,892,layer_1,88,c1: ka_concept_1.c9 IS MEDIUM,0.0006607385003007948
covtype_binary_20000,23,893,layer_1,97,c1: projection_0 IS MEDIUM,0.0006580540211871266
covtype_binary_20000,23,894,layer_1,61,c1: ka_concept_1.c0 IS MEDIUM,0.000624326930847019
covtype_binary_20000,23,895,layer_1,70,c1: ka_concept_1.c3 IS MEDIUM,0.0005812229937873781
covtype_binary_20000,23,896,layer_1,106,c1: projection_3 IS MEDIUM,0.0005698506720364094
covtype_binary_20000,23,897,layer_1,95,c1: ka_concept_1.c11 IS HIGH,0.0005679652094841003
covtype_binary_20000,23,898,layer_1,62,c1: ka_concept_1.c0 IS HIGH,0.0005528866313397884
covtype_binary_20000,23,899,layer_1,84,c1: ka_concept_1.c8 IS LOW,0.0005414391634985805
covtype_binary_20000,23,900,layer_1,265,c4: ka_concept_1.c8 IS MEDIUM,0.0005257045268081129
covtype_binary_20000,23,901,layer_1,63,c1: ka_concept_1.c1 IS LOW,0.0005089475307613611
covtype_binary_20000,23,902,layer_1,81,c1: ka_concept_1.c7 IS LOW,0.0004860975604970008
covtype_binary_20000,23,903,layer_1,91,c1: ka_concept_1.c10 IS MEDIUM,0.000415556802181527
covtype_binary_20000,23,904,layer_1,109,c1: projection_4 IS MEDIUM,0.0003725389251485467
covtype_binary_20000,23,905,layer_1,90,c1: ka_concept_1.c10 IS LOW,0.0003652708837762475
covtype_binary_20000,23,906,layer_1,82,c1: ka_concept_1.c7 IS MEDIUM,0.0003523704071994871
covtype_binary_20000,23,907,layer_1,96,c1: projection_0 IS LOW,0.0003452637465670705
covtype_binary_20000,23,908,layer_1,102,c1: projection_2 IS LOW,0.00033531125518493354
covtype_binary_20000,23,909,layer_1,75,c1: ka_concept_1.c5 IS LOW,0.00031217627110891044
covtype_binary_20000,23,910,layer_1,72,c1: ka_concept_1.c4 IS LOW,0.0003000513825099915
covtype_binary_20000,23,911,layer_1,100,c1: projection_1 IS MEDIUM,0.00027753275935538113
covtype_binary_20000,23,912,layer_1,105,c1: projection_3 IS LOW,0.00025719281984493136
covtype_binary_20000,23,913,layer_1,76,c1: ka_concept_1.c5 IS MEDIUM,0.00024062483862508088
covtype_binary_20000,23,914,layer_1,64,c1: ka_concept_1.c1 IS MEDIUM,0.00024040314019657671
covtype_binary_20000,23,915,layer_1,119,c1: projection_7 IS HIGH,0.00023368555412162095
covtype_binary_20000,23,916,layer_1,86,c1: ka_concept_1.c8 IS HIGH,0.00015848111070226878
covtype_binary_20000,23,917,layer_1,79,c1: ka_concept_1.c6 IS MEDIUM,0.0001253249211004004
covtype_binary_20000,23,918,layer_1,117,c1: projection_7 IS LOW,9.708434663480148e-05
covtype_binary_20000,23,919,layer_1,104,c1: projection_2 IS HIGH,9.540035534882918e-05
covtype_binary_20000,23,920,layer_1,60,c1: ka_concept_1.c0 IS LOW,7.494156307075173e-05
covtype_binary_20000,23,921,layer_1,296,c4: projection_6 IS HIGH,7.457456376869231e-05
covtype_binary_20000,23,922,layer_1,65,c1: ka_concept_1.c1 IS HIGH,6.447702617151663e-05
covtype_binary_20000,23,923,layer_1,269,c4: ka_concept_1.c9 IS HIGH,5.087756289867684e-05
covtype_binary_20000,23,924,layer_1,92,c1: ka_concept_1.c10 IS HIGH,4.674851879826747e-05
covtype_binary_20000,23,925,layer_1,107,c1: projection_3 IS HIGH,4.052371878060512e-05
covtype_binary_20000,23,926,layer_1,66,c1: ka_concept_1.c2 IS LOW,3.945417847717181e-05
covtype_binary_20000,23,927,layer_1,89,c1: ka_concept_1.c9 IS HIGH,3.168903276673518e-05
covtype_binary_20000,23,928,layer_1,69,c1: ka_concept_1.c3 IS LOW,2.245405994472094e-05
covtype_binary_20000,23,929,layer_1,98,c1: projection_0 IS HIGH,2.20526762859663e-05
covtype_binary_20000,23,930,layer_1,74,c1: ka_concept_1.c4 IS HIGH,1.9588329450925812e-05
covtype_binary_20000,23,931,layer_1,93,c1: ka_concept_1.c11 IS LOW,1.743591383274179e-05
covtype_binary_20000,23,932,layer_1,280,c4: projection_1 IS MEDIUM,9.340941687696613e-06
covtype_binary_20000,23,933,layer_1,281,c4: projection_1 IS HIGH,4.653435098589398e-06
covtype_binary_20000,23,934,layer_1,83,c1: ka_concept_1.c7 IS HIGH,4.345470642874716e-06
covtype_binary_20000,23,935,layer_1,116,c1: projection_6 IS HIGH,2.3193970264401287e-06
covtype_binary_20000,23,936,layer_1,101,c1: projection_1 IS HIGH,6.067800768505549e-07
covtype_binary_20000,19,1,layer_0,636,c10: Elevation IS LOW,5.024966239929199
covtype_binary_20000,19,2,layer_0,87,c1: Elevation IS LOW,3.7721309661865234
covtype_binary_20000,19,3,layer_0,88,c1: Elevation IS MEDIUM,3.585073232650757
covtype_binary_20000,19,4,layer_0,637,c10: Elevation IS MEDIUM,3.4860448837280273
covtype_binary_20000,19,5,layer_0,585,c9: Elevation IS LOW,3.394106864929199
covtype_binary_20000,19,6,layer_0,638,c10: Elevation IS HIGH,2.877673864364624
covtype_binary_20000,19,7,layer_0,655,c10: Horizontal_Distance_To_Roadways IS MEDIUM,2.652735710144043
covtype_binary_20000,19,8,layer_0,189,c3: Elevation IS LOW,2.621117353439331
covtype_binary_20000,19,9,projection_layer,12,"pursuit_4(Horizontal_Distance_To_Hydrology, Soil_Type_22, Soil_Type_30, Soil_Type_35) IS LOW",2.6074013710021973
covtype_binary_20000,19,10,layer_0,190,c3: Elevation IS MEDIUM,2.51566219329834
covtype_binary_20000,19,11,layer_0,618,c10: Horizontal_Distance_To_Hydrology IS LOW,2.394282102584839
covtype_binary_20000,19,12,layer_0,586,c9: Elevation IS MEDIUM,2.3576714992523193
covtype_binary_20000,19,13,layer_0,106,c1: Horizontal_Distance_To_Roadways IS MEDIUM,2.18393611907959
covtype_binary_20000,19,14,projection_layer,22,"pursuit_7(Aspect, Soil_Type_39, Soil_Type_2, Soil_Type_5) IS MEDIUM",2.0475332736968994
covtype_binary_20000,19,15,layer_0,587,c9: Elevation IS HIGH,2.0068352222442627
covtype_binary_20000,19,16,layer_0,611,c10: Hillshade_Noon IS HIGH,1.8779518604278564
covtype_binary_20000,19,17,layer_0,138,c2: Elevation IS LOW,1.8326109647750854
covtype_binary_20000,19,18,layer_0,208,c3: Horizontal_Distance_To_Roadways IS MEDIUM,1.8102716207504272
covtype_binary_20000,19,19,layer_0,89,c1: Elevation IS HIGH,1.737078309059143
covtype_binary_20000,19,20,layer_0,62,c1: Hillshade_Noon IS HIGH,1.6672290563583374
covtype_binary_20000,19,21,projection_layer,7,"pursuit_2(Hillshade_Noon, Wilderness_Area_4, Soil_Type_23, Soil_Type_11) IS MEDIUM",1.6266357898712158
covtype_binary_20000,19,22,layer_0,601,c10: Horizontal_Distance_To_Fire_Points IS MEDIUM,1.5968918800354004
covtype_binary_20000,19,23,layer_0,36,c0: Elevation IS LOW,1.4985719919204712
covtype_binary_20000,19,24,layer_0,534,c8: Elevation IS LOW,1.4251850843429565
covtype_binary_20000,19,25,projection_layer,23,"pursuit_7(Aspect, Soil_Type_39, Soil_Type_2, Soil_Type_5) IS HIGH",1.391697883605957
covtype_binary_20000,19,26,layer_0,37,c0: Elevation IS MEDIUM,1.3870093822479248
covtype_binary_20000,19,27,layer_0,69,c1: Horizontal_Distance_To_Hydrology IS LOW,1.3260583877563477
covtype_binary_20000,19,28,layer_0,646,c10: Slope IS MEDIUM,1.2766591310501099
covtype_binary_20000,19,29,layer_0,97,c1: Slope IS MEDIUM,1.2192853689193726
covtype_binary_20000,19,30,layer_0,550,c9: Horizontal_Distance_To_Fire_Points IS MEDIUM,1.1369129419326782
covtype_binary_20000,19,31,layer_0,687,c11: Elevation IS LOW,1.1038963794708252
covtype_binary_20000,19,32,layer_0,115,c1: Aspect IS MEDIUM,1.0312334299087524
covtype_binary_20000,19,33,layer_0,107,c1: Horizontal_Distance_To_Roadways IS HIGH,1.0238369703292847
covtype_binary_20000,19,34,layer_0,480,c8: Vertical_Distance_To_Hydrology IS LOW,0.9854878783226013
covtype_binary_20000,19,35,layer_0,157,c2: Horizontal_Distance_To_Roadways IS MEDIUM,0.9776427149772644
covtype_binary_20000,19,36,layer_0,516,c8: Horizontal_Distance_To_Hydrology IS LOW,0.9310982823371887
covtype_binary_20000,19,37,layer_0,204,c3: Soil_Type_29 IS absent,0.9261577129364014
covtype_binary_20000,19,38,layer_0,567,c9: Horizontal_Distance_To_Hydrology IS LOW,0.9212945699691772
covtype_binary_20000,19,39,layer_0,648,c10: Wilderness_Area_3 IS absent,0.9068186283111572
covtype_binary_20000,19,40,layer_0,18,c0: Horizontal_Distance_To_Hydrology IS LOW,0.9066325426101685
covtype_binary_20000,19,41,projection_layer,6,"pursuit_2(Hillshade_Noon, Wilderness_Area_4, Soil_Type_23, Soil_Type_11) IS LOW",0.8969635963439941
covtype_binary_20000,19,42,layer_0,535,c8: Elevation IS MEDIUM,0.8947163224220276
covtype_binary_20000,19,43,layer_0,75,c1: Soil_Type_22 IS absent,0.8782547116279602
covtype_binary_20000,19,44,layer_0,6,c0: Soil_Type_12 IS absent,0.8772836923599243
covtype_binary_20000,19,45,projection_layer,16,"pursuit_5(Hillshade_9am, Wilderness_Area_1, Soil_Type_10, Soil_Type_32) IS MEDIUM",0.8662737607955933
covtype_binary_20000,19,46,layer_0,217,c3: Aspect IS MEDIUM,0.8660708665847778
covtype_binary_20000,19,47,layer_0,99,c1: Wilderness_Area_2 IS absent,0.8378893136978149
covtype_binary_20000,19,48,layer_0,60,c1: Hillshade_Noon IS LOW,0.8298140168190002
covtype_binary_20000,19,49,layer_0,561,c9: Wilderness_Area_3 IS absent,0.8219254612922668
covtype_binary_20000,19,50,layer_0,199,c3: Slope IS MEDIUM,0.7985101938247681
covtype_binary_20000,19,51,layer_0,139,c2: Elevation IS MEDIUM,0.7945725917816162
covtype_binary_20000,19,52,layer_0,237,c3: Wilderness_Area_2 IS absent,0.7885740399360657
covtype_binary_20000,19,53,layer_0,114,c1: Aspect IS LOW,0.774736225605011
covtype_binary_20000,19,54,layer_0,411,c6: Soil_Type_4 IS absent,0.767995297908783
covtype_binary_20000,19,55,layer_0,536,c8: Elevation IS HIGH,0.7657480239868164
covtype_binary_20000,19,56,layer_0,594,c9: Slope IS LOW,0.7603933215141296
covtype_binary_20000,19,57,layer_0,629,c10: Hillshade_9am IS HIGH,0.7551289200782776
covtype_binary_20000,19,58,layer_0,656,c10: Horizontal_Distance_To_Roadways IS HIGH,0.730577290058136
covtype_binary_20000,19,59,layer_0,84,c1: Soil_Type_38 IS absent,0.704897403717041
covtype_binary_20000,19,60,layer_0,55,c0: Horizontal_Distance_To_Roadways IS MEDIUM,0.6996923089027405
covtype_binary_20000,19,61,layer_0,93,c1: Soil_Type_40 IS absent,0.6817266345024109
covtype_binary_20000,19,62,layer_0,111,c1: Soil_Type_2 IS absent,0.6787462830543518
covtype_binary_20000,19,63,layer_0,80,c1: Hillshade_9am IS HIGH,0.6746667623519897
covtype_binary_20000,19,64,layer_0,228,c3: Wilderness_Area_4 IS absent,0.6696670651435852
covtype_binary_20000,19,65,projection_layer,21,"pursuit_7(Aspect, Soil_Type_39, Soil_Type_2, Soil_Type_5) IS LOW",0.6582207083702087
covtype_binary_20000,19,66,layer_0,628,c10: Hillshade_9am IS MEDIUM,0.6379196643829346
covtype_binary_20000,19,67,projection_layer,15,"pursuit_5(Hillshade_9am, Wilderness_Area_1, Soil_Type_10, Soil_Type_32) IS LOW",0.6114182472229004
covtype_binary_20000,19,68,layer_0,10,c0: Hillshade_Noon IS MEDIUM,0.6094620823860168
covtype_binary_20000,19,69,layer_0,46,c0: Slope IS MEDIUM,0.6080897450447083
covtype_binary_20000,19,70,layer_0,657,c10: Wilderness_Area_4 IS absent,0.5936704277992249
covtype_binary_20000,19,71,layer_0,216,c3: Aspect IS LOW,0.572735607624054
covtype_binary_20000,19,72,layer_0,549,c9: Horizontal_Distance_To_Fire_Points IS LOW,0.5711356401443481
covtype_binary_20000,19,73,layer_0,688,c11: Elevation IS MEDIUM,0.570402979850769
covtype_binary_20000,19,74,layer_0,51,c0: Soil_Type_29 IS absent,0.5533614754676819
covtype_binary_20000,19,75,layer_0,120,c2: Horizontal_Distance_To_Hydrology IS LOW,0.5524654388427734
covtype_binary_20000,19,76,layer_0,558,c9: Hillshade_Noon IS LOW,0.548535943031311
covtype_binary_20000,19,77,layer_0,615,c10: Soil_Type_4 IS absent,0.5482884645462036
covtype_binary_20000,19,78,layer_0,66,c1: Soil_Type_39 IS absent,0.5468018651008606
covtype_binary_20000,19,79,layer_0,90,c1: Wilderness_Area_4 IS absent,0.5342311263084412
covtype_binary_20000,19,80,layer_0,597,c9: Wilderness_Area_3 IS absent,0.5340166687965393
covtype_binary_20000,19,81,layer_0,1,c0: Horizontal_Distance_To_Fire_Points IS MEDIUM,0.5206342935562134
covtype_binary_20000,19,82,layer_0,560,c9: Hillshade_Noon IS HIGH,0.5188060998916626
covtype_binary_20000,19,83,layer_0,45,c0: Slope IS LOW,0.513063907623291
covtype_binary_20000,19,84,layer_0,612,c10: Wilderness_Area_3 IS absent,0.5130151510238647
covtype_binary_20000,19,85,layer_0,621,c10: Wilderness_Area_4 IS absent,0.5099780559539795
covtype_binary_20000,19,86,layer_0,140,c2: Elevation IS HIGH,0.5082031488418579
covtype_binary_20000,19,87,layer_0,104,c1: Soil_Type_29 IS present,0.5015499591827393
covtype_binary_20000,19,88,layer_0,619,c10: Horizontal_Distance_To_Hydrology IS MEDIUM,0.49989184737205505
covtype_binary_20000,19,89,layer_0,24,c0: Soil_Type_22 IS absent,0.4906933605670929
covtype_binary_20000,19,90,layer_0,579,c9: Wilderness_Area_2 IS absent,0.48575854301452637
covtype_binary_20000,19,91,layer_0,624,c10: Soil_Type_26 IS absent,0.48434266448020935
covtype_binary_20000,19,92,layer_0,192,c3: Wilderness_Area_4 IS absent,0.48129168152809143
covtype_binary_20000,19,93,layer_0,0,c0: Horizontal_Distance_To_Fire_Points IS LOW,0.48093241453170776
covtype_binary_20000,19,94,layer_0,633,c10: Soil_Type_18 IS absent,0.4800667464733124
covtype_binary_20000,19,95,projection_layer,9,"pursuit_3(Slope, Soil_Type_12, Soil_Type_13, Soil_Type_1) IS LOW",0.4794497787952423
covtype_binary_20000,19,96,layer_0,102,c1: Soil_Type_29 IS absent,0.4767531454563141
covtype_binary_20000,19,97,layer_0,174,c2: Vertical_Distance_To_Hydrology IS LOW,0.46874096989631653
covtype_binary_20000,19,98,layer_0,662,c11: Hillshade_Noon IS HIGH,0.46175163984298706
covtype_binary_20000,19,99,layer_0,528,c8: Wilderness_Area_2 IS absent,0.4602314829826355
covtype_binary_20000,19,100,layer_0,543,c9: Wilderness_Area_2 IS absent,0.4561736583709717
covtype_binary_20000,19,101,layer_0,370,c6: Aspect IS MEDIUM,0.45581358671188354
covtype_binary_20000,19,102,layer_0,582,c9: Soil_Type_18 IS absent,0.45554012060165405
covtype_binary_20000,19,103,layer_0,162,c2: Soil_Type_2 IS absent,0.4490987956523895
covtype_binary_20000,19,104,layer_0,610,c10: Hillshade_Noon IS MEDIUM,0.44337162375450134
covtype_binary_20000,19,105,layer_0,209,c3: Horizontal_Distance_To_Roadways IS HIGH,0.4374356269836426
covtype_binary_20000,19,106,layer_1,183,c3: ka_concept_1.c1 IS LOW,0.4371846616268158
covtype_binary_20000,19,107,projection_layer,13,"pursuit_4(Horizontal_Distance_To_Hydrology, Soil_Type_22, Soil_Type_30, Soil_Type_35) IS MEDIUM",0.43558862805366516
covtype_binary_20000,19,108,layer_0,407,c6: Hillshade_Noon IS HIGH,0.4321264624595642
covtype_binary_20000,19,109,layer_0,366,c6: Soil_Type_2 IS absent,0.4287503957748413
covtype_binary_20000,19,110,layer_0,153,c2: Soil_Type_29 IS absent,0.4265693426132202
covtype_binary_20000,19,111,layer_0,28,c0: Hillshade_9am IS MEDIUM,0.42297855019569397
covtype_binary_20000,19,112,layer_0,559,c9: Hillshade_Noon IS MEDIUM,0.4216318726539612
covtype_binary_20000,19,113,layer_0,599,c9: Wilderness_Area_3 IS present,0.4192032814025879
covtype_binary_20000,19,114,layer_0,183,c3: Wilderness_Area_3 IS absent,0.41824600100517273
covtype_binary_20000,19,115,layer_0,63,c1: Wilderness_Area_2 IS absent,0.4166410267353058
covtype_binary_20000,19,116,layer_0,641,c10: Wilderness_Area_1 IS present,0.41599035263061523
covtype_binary_20000,19,117,layer_0,19,c0: Horizontal_Distance_To_Hydrology IS MEDIUM,0.4157814681529999
covtype_binary_20000,19,118,layer_0,509,c8: Hillshade_Noon IS HIGH,0.4140646457672119
covtype_binary_20000,19,119,projection_layer,17,"pursuit_5(Hillshade_9am, Wilderness_Area_1, Soil_Type_10, Soil_Type_32) IS HIGH",0.41302430629730225
covtype_binary_20000,19,120,layer_1,210,c3: ka_concept_1.c10 IS LOW,0.40911048650741577
covtype_binary_20000,19,121,layer_0,537,c8: Wilderness_Area_1 IS absent,0.40804973244667053
covtype_binary_20000,19,122,layer_0,697,c11: Slope IS MEDIUM,0.40788817405700684
covtype_binary_20000,19,123,layer_0,225,c3: Vertical_Distance_To_Hydrology IS LOW,0.4068414568901062
covtype_binary_20000,19,124,layer_0,38,c0: Elevation IS HIGH,0.40395602583885193
covtype_binary_20000,19,125,layer_0,639,c10: Wilderness_Area_1 IS absent,0.4018828272819519
covtype_binary_20000,19,126,layer_1,243,c4: ka_concept_1.c1 IS LOW,0.4013163149356842
covtype_binary_20000,19,127,layer_0,345,c5: Horizontal_Distance_To_Fire_Points IS LOW,0.4010887145996094
covtype_binary_20000,19,128,layer_0,508,c8: Hillshade_Noon IS MEDIUM,0.3996792137622833
covtype_binary_20000,19,129,layer_1,209,c3: ka_concept_1.c9 IS HIGH,0.3973640203475952
covtype_binary_20000,19,130,layer_0,48,c0: Wilderness_Area_2 IS absent,0.39641353487968445
covtype_binary_20000,19,131,layer_0,70,c1: Horizontal_Distance_To_Hydrology IS MEDIUM,0.3952346742153168
covtype_binary_20000,19,132,layer_0,397,c6: Horizontal_Distance_To_Fire_Points IS MEDIUM,0.39456701278686523
covtype_binary_20000,19,133,projection_layer,2,"pursuit_0(Horizontal_Distance_To_Fire_Points, Hillshade_3pm, Soil_Type_29, Soil_Type_4) IS HIGH",0.38858887553215027
covtype_binary_20000,19,134,layer_1,123,c2: ka_concept_1.c1 IS LOW,0.37910687923431396
covtype_binary_20000,19,135,layer_0,396,c6: Horizontal_Distance_To_Fire_Points IS LOW,0.37877345085144043
covtype_binary_20000,19,136,layer_0,98,c1: Slope IS HIGH,0.37779703736305237
covtype_binary_20000,19,137,layer_0,415,c6: Horizontal_Distance_To_Hydrology IS MEDIUM,0.37593793869018555
covtype_binary_20000,19,138,layer_1,303,c5: ka_concept_1.c1 IS LOW,0.3749138116836548
covtype_binary_20000,19,139,layer_0,498,c8: Horizontal_Distance_To_Fire_Points IS LOW,0.37471622228622437
covtype_binary_20000,19,140,layer_0,159,c2: Wilderness_Area_1 IS absent,0.37383735179901123
covtype_binary_20000,19,141,layer_0,116,c1: Aspect IS HIGH,0.3719758689403534
covtype_binary_20000,19,142,layer_0,706,c11: Horizontal_Distance_To_Roadways IS MEDIUM,0.37088465690612793
covtype_binary_20000,19,143,layer_0,210,c3: Wilderness_Area_1 IS absent,0.36963707208633423
covtype_binary_20000,19,144,layer_0,96,c1: Slope IS LOW,0.36084455251693726
covtype_binary_20000,19,145,layer_0,518,c8: Horizontal_Distance_To_Hydrology IS HIGH,0.36030086874961853
covtype_binary_20000,19,146,layer_0,29,c0: Hillshade_9am IS HIGH,0.35835254192352295
covtype_binary_20000,19,147,layer_0,191,c3: Elevation IS HIGH,0.35667654871940613
covtype_binary_20000,19,148,layer_0,72,c1: Wilderness_Area_1 IS absent,0.3566126823425293
covtype_binary_20000,19,149,layer_0,12,c0: Wilderness_Area_2 IS absent,0.3546220660209656
covtype_binary_20000,19,150,layer_0,161,c2: Wilderness_Area_1 IS present,0.3479183316230774
covtype_binary_20000,19,151,layer_0,327,c5: Vertical_Distance_To_Hydrology IS LOW,0.34694719314575195
covtype_binary_20000,19,152,layer_0,609,c10: Hillshade_Noon IS LOW,0.34613037109375
covtype_binary_20000,19,153,layer_0,705,c11: Horizontal_Distance_To_Roadways IS LOW,0.3450196385383606
covtype_binary_20000,19,154,layer_0,642,c10: Soil_Type_21 IS absent,0.34339964389801025
covtype_binary_20000,19,155,layer_0,447,c7: Horizontal_Distance_To_Fire_Points IS LOW,0.3431456387042999
covtype_binary_20000,19,156,layer_0,595,c9: Slope IS MEDIUM,0.34222379326820374
covtype_binary_20000,19,157,layer_0,527,c8: Hillshade_9am IS HIGH,0.33978357911109924
covtype_binary_20000,19,158,layer_0,651,c10: Soil_Type_34 IS absent,0.3392198383808136
covtype_binary_20000,19,159,layer_0,126,c2: Soil_Type_22 IS absent,0.3377917408943176
covtype_binary_20000,19,160,layer_0,405,c6: Hillshade_Noon IS LOW,0.3322421908378601
covtype_binary_20000,19,161,layer_0,117,c1: Wilderness_Area_3 IS absent,0.33058199286460876
covtype_binary_20000,19,162,layer_0,438,c7: Hillshade_3pm IS LOW,0.3275180160999298
covtype_binary_20000,19,163,layer_0,171,c2: Soil_Type_13 IS absent,0.3273809552192688
covtype_binary_20000,19,164,layer_0,654,c10: Horizontal_Distance_To_Roadways IS LOW,0.3223996162414551
covtype_binary_20000,19,165,layer_0,666,c11: Soil_Type_4 IS absent,0.32209551334381104
covtype_binary_20000,19,166,layer_0,158,c2: Horizontal_Distance_To_Roadways IS HIGH,0.32112976908683777
covtype_binary_20000,19,167,layer_0,689,c11: Elevation IS HIGH,0.32023778557777405
covtype_binary_20000,19,168,layer_0,149,c2: Slope IS HIGH,0.31897276639938354
covtype_binary_20000,19,169,layer_0,384,c6: Soil_Type_35 IS absent,0.3182380795478821
covtype_binary_20000,19,170,layer_0,390,c6: Wilderness_Area_2 IS absent,0.3180370628833771
covtype_binary_20000,19,171,layer_0,715,c11: Aspect IS MEDIUM,0.3159610331058502
covtype_binary_20000,19,172,layer_0,306,c5: Soil_Type_29 IS absent,0.3108309805393219
covtype_binary_20000,19,173,layer_0,30,c0: Wilderness_Area_3 IS absent,0.30958834290504456
covtype_binary_20000,19,174,layer_0,180,c3: Hillshade_9am IS LOW,0.30945077538490295
covtype_binary_20000,19,175,layer_0,231,c3: Soil_Type_35 IS absent,0.3019788861274719
covtype_binary_20000,19,176,layer_0,708,c11: Wilderness_Area_4 IS absent,0.3003585636615753
covtype_binary_20000,19,177,layer_0,81,c1: Wilderness_Area_3 IS absent,0.29988744854927063
covtype_binary_20000,19,178,layer_0,78,c1: Hillshade_9am IS LOW,0.2986260950565338
covtype_binary_20000,19,179,layer_0,627,c10: Hillshade_9am IS LOW,0.2976864278316498
covtype_binary_20000,19,180,layer_0,77,c1: Soil_Type_22 IS present,0.29734334349632263
covtype_binary_20000,19,181,layer_0,83,c1: Wilderness_Area_3 IS present,0.2929924428462982
covtype_binary_20000,19,182,layer_0,150,c2: Wilderness_Area_2 IS absent,0.291208416223526
covtype_binary_20000,19,183,layer_0,8,c0: Soil_Type_12 IS present,0.28999096155166626
covtype_binary_20000,19,184,layer_0,181,c3: Hillshade_9am IS MEDIUM,0.2895754277706146
covtype_binary_20000,19,185,layer_0,324,c5: Soil_Type_13 IS absent,0.2856604754924774
covtype_binary_20000,19,186,layer_0,499,c8: Horizontal_Distance_To_Fire_Points IS MEDIUM,0.2851462960243225
covtype_binary_20000,19,187,layer_0,669,c11: Horizontal_Distance_To_Hydrology IS LOW,0.28387609124183655
covtype_binary_20000,19,188,layer_0,399,c6: Wilderness_Area_1 IS absent,0.28320518136024475
covtype_binary_20000,19,189,layer_0,360,c6: Horizontal_Distance_To_Roadways IS LOW,0.2824862599372864
covtype_binary_20000,19,190,layer_0,47,c0: Slope IS HIGH,0.28104260563850403
covtype_binary_20000,19,191,layer_0,11,c0: Hillshade_Noon IS HIGH,0.2747035622596741
covtype_binary_20000,19,192,layer_0,226,c3: Vertical_Distance_To_Hydrology IS MEDIUM,0.2745828330516815
covtype_binary_20000,19,193,layer_0,374,c6: Wilderness_Area_3 IS present,0.2714102864265442
covtype_binary_20000,19,194,layer_0,147,c2: Slope IS LOW,0.27110186219215393
covtype_binary_20000,19,195,layer_0,141,c2: Wilderness_Area_4 IS absent,0.2704382836818695
covtype_binary_20000,19,196,layer_0,56,c0: Horizontal_Distance_To_Roadways IS HIGH,0.26816725730895996
covtype_binary_20000,19,197,layer_0,222,c3: Soil_Type_13 IS absent,0.26540663838386536
covtype_binary_20000,19,198,layer_0,212,c3: Wilderness_Area_1 IS present,0.263774037361145
covtype_binary_20000,19,199,layer_0,200,c3: Slope IS HIGH,0.26174432039260864
covtype_binary_20000,19,200,layer_1,144,c2: ka_concept_1.c8 IS LOW,0.2603055536746979
covtype_binary_20000,19,201,layer_0,363,c6: Wilderness_Area_1 IS absent,0.25677603483200073
covtype_binary_20000,19,202,layer_0,310,c5: Horizontal_Distance_To_Roadways IS MEDIUM,0.2566637396812439
covtype_binary_20000,19,203,layer_0,182,c3: Hillshade_9am IS HIGH,0.25458258390426636
covtype_binary_20000,19,204,layer_0,555,c9: Soil_Type_30 IS absent,0.2538491189479828
covtype_binary_20000,19,205,layer_0,372,c6: Wilderness_Area_3 IS absent,0.2532239854335785
covtype_binary_20000,19,206,layer_0,9,c0: Hillshade_Noon IS LOW,0.2530653178691864
covtype_binary_20000,19,207,layer_0,552,c9: Wilderness_Area_1 IS absent,0.25291624665260315
covtype_binary_20000,19,208,layer_0,79,c1: Hillshade_9am IS MEDIUM,0.2525840997695923
covtype_binary_20000,19,209,layer_0,602,c10: Horizontal_Distance_To_Fire_Points IS HIGH,0.25181442499160767
covtype_binary_20000,19,210,layer_0,175,c2: Vertical_Distance_To_Hydrology IS MEDIUM,0.2513470947742462
covtype_binary_20000,19,211,layer_0,510,c8: Wilderness_Area_3 IS absent,0.25107231736183167
covtype_binary_20000,19,212,layer_0,166,c2: Aspect IS MEDIUM,0.2510000467300415
covtype_binary_20000,19,213,layer_0,600,c10: Horizontal_Distance_To_Fire_Points IS LOW,0.2507648169994354
covtype_binary_20000,19,214,layer_1,204,c3: ka_concept_1.c8 IS LOW,0.2491210550069809
covtype_binary_20000,19,215,layer_1,63,c1: ka_concept_1.c1 IS LOW,0.24646776914596558
covtype_binary_20000,19,216,layer_0,303,c5: Wilderness_Area_2 IS absent,0.24335932731628418
covtype_binary_20000,19,217,layer_0,491,c8: Hillshade_3pm IS HIGH,0.23992179334163666
covtype_binary_20000,19,218,layer_0,177,c2: Wilderness_Area_4 IS absent,0.23910412192344666
covtype_binary_20000,19,219,layer_0,387,c6: Hillshade_3pm IS LOW,0.2369421422481537
covtype_binary_20000,19,220,layer_0,620,c10: Horizontal_Distance_To_Hydrology IS HIGH,0.23672522604465485
covtype_binary_20000,19,221,layer_0,365,c6: Wilderness_Area_1 IS present,0.23618477582931519
covtype_binary_20000,19,222,layer_0,130,c2: Hillshade_9am IS MEDIUM,0.23606009781360626
covtype_binary_20000,19,223,layer_0,554,c9: Wilderness_Area_1 IS present,0.23395662009716034
covtype_binary_20000,19,224,layer_0,389,c6: Hillshade_3pm IS HIGH,0.23329445719718933
covtype_binary_20000,19,225,layer_0,458,c7: Hillshade_Noon IS HIGH,0.23031586408615112
covtype_binary_20000,19,226,layer_0,717,c11: Wilderness_Area_2 IS absent,0.22538936138153076
covtype_binary_20000,19,227,layer_0,206,c3: Soil_Type_29 IS present,0.22520218789577484
covtype_binary_20000,19,228,layer_0,500,c8: Horizontal_Distance_To_Fire_Points IS HIGH,0.22424490749835968
covtype_binary_20000,19,229,layer_1,211,c3: ka_concept_1.c10 IS MEDIUM,0.22406335175037384
covtype_binary_20000,19,230,layer_0,122,c2: Horizontal_Distance_To_Hydrology IS HIGH,0.22380924224853516
covtype_binary_20000,19,231,layer_0,410,c6: Wilderness_Area_3 IS present,0.22332780063152313
covtype_binary_20000,19,232,layer_1,229,c3: projection_4 IS MEDIUM,0.22220478951931
covtype_binary_20000,19,233,layer_0,378,c6: Vertical_Distance_To_Hydrology IS LOW,0.22180838882923126
covtype_binary_20000,19,234,layer_0,131,c2: Hillshade_9am IS HIGH,0.22155790030956268
covtype_binary_20000,19,235,layer_0,617,c10: Soil_Type_4 IS present,0.22111912071704865
covtype_binary_20000,19,236,layer_0,235,c3: Hillshade_3pm IS MEDIUM,0.2188265174627304
covtype_binary_20000,19,237,layer_0,213,c3: Soil_Type_2 IS absent,0.21834857761859894
covtype_binary_20000,19,238,layer_0,398,c6: Horizontal_Distance_To_Fire_Points IS HIGH,0.21329709887504578
covtype_binary_20000,19,239,layer_0,379,c6: Vertical_Distance_To_Hydrology IS MEDIUM,0.21002186834812164
covtype_binary_20000,19,240,layer_1,150,c2: ka_concept_1.c10 IS LOW,0.20634765923023224
covtype_binary_20000,19,241,layer_0,3,c0: Wilderness_Area_4 IS absent,0.2033575028181076
covtype_binary_20000,19,242,layer_0,606,c10: Soil_Type_30 IS absent,0.203128382563591
covtype_binary_20000,19,243,layer_1,238,c3: projection_7 IS MEDIUM,0.20296289026737213
covtype_binary_20000,19,244,layer_0,198,c3: Slope IS LOW,0.20258986949920654
covtype_binary_20000,19,245,layer_1,207,c3: ka_concept_1.c9 IS LOW,0.2014068216085434
covtype_binary_20000,19,246,layer_0,422,c7: Aspect IS HIGH,0.20000919699668884
covtype_binary_20000,19,247,layer_0,401,c6: Wilderness_Area_1 IS present,0.1997053623199463
covtype_binary_20000,19,248,layer_0,477,c7: Wilderness_Area_2 IS absent,0.1996096968650818
covtype_binary_20000,19,249,layer_0,465,c7: Horizontal_Distance_To_Hydrology IS LOW,0.19928698241710663
covtype_binary_20000,19,250,layer_0,15,c0: Soil_Type_39 IS absent,0.19843332469463348
covtype_binary_20000,19,251,layer_0,614,c10: Wilderness_Area_3 IS present,0.19832506775856018
covtype_binary_20000,19,252,layer_0,218,c3: Aspect IS HIGH,0.1980605125427246
covtype_binary_20000,19,253,layer_0,576,c9: Hillshade_9am IS LOW,0.19705279171466827
covtype_binary_20000,19,254,layer_0,457,c7: Hillshade_Noon IS MEDIUM,0.1970088630914688
covtype_binary_20000,19,255,layer_0,68,c1: Soil_Type_39 IS present,0.19672612845897675
covtype_binary_20000,19,256,layer_0,408,c6: Wilderness_Area_3 IS absent,0.19646087288856506
covtype_binary_20000,19,257,layer_0,661,c11: Hillshade_Noon IS MEDIUM,0.1961914300918579
covtype_binary_20000,19,258,layer_1,149,c2: ka_concept_1.c9 IS HIGH,0.1951136440038681
covtype_binary_20000,19,259,layer_0,696,c11: Slope IS LOW,0.1945638358592987
covtype_binary_20000,19,260,layer_0,351,c5: Soil_Type_30 IS absent,0.19373993575572968
covtype_binary_20000,19,261,layer_0,699,c11: Wilderness_Area_3 IS absent,0.19180984795093536
covtype_binary_20000,19,262,layer_0,441,c7: Wilderness_Area_2 IS absent,0.18574416637420654
covtype_binary_20000,19,263,layer_0,221,c3: Wilderness_Area_3 IS present,0.185355544090271
covtype_binary_20000,19,264,layer_0,675,c11: Soil_Type_26 IS absent,0.18351487815380096
covtype_binary_20000,19,265,layer_0,26,c0: Soil_Type_22 IS present,0.18329018354415894
covtype_binary_20000,19,266,layer_0,517,c8: Horizontal_Distance_To_Hydrology IS MEDIUM,0.1824522763490677
covtype_binary_20000,19,267,layer_0,513,c8: Soil_Type_4 IS absent,0.18141664564609528
covtype_binary_20000,19,268,layer_0,156,c2: Horizontal_Distance_To_Roadways IS LOW,0.17925268411636353
covtype_binary_20000,19,269,layer_0,61,c1: Hillshade_Noon IS MEDIUM,0.17902790009975433
covtype_binary_20000,19,270,layer_0,195,c3: Soil_Type_40 IS absent,0.17740881443023682
covtype_binary_20000,19,271,layer_0,155,c2: Soil_Type_29 IS present,0.17569692432880402
covtype_binary_20000,19,272,layer_0,207,c3: Horizontal_Distance_To_Roadways IS LOW,0.17260803282260895
covtype_binary_20000,19,273,layer_0,318,c5: Aspect IS LOW,0.17116129398345947
covtype_binary_20000,19,274,layer_1,231,c3: projection_5 IS LOW,0.17066937685012817
covtype_binary_20000,19,275,layer_0,542,c9: Hillshade_3pm IS HIGH,0.17065851390361786
covtype_binary_20000,19,276,layer_0,128,c2: Soil_Type_22 IS present,0.17022962868213654
covtype_binary_20000,19,277,layer_1,214,c3: ka_concept_1.c11 IS MEDIUM,0.17022652924060822
covtype_binary_20000,19,278,layer_0,20,c0: Horizontal_Distance_To_Hydrology IS HIGH,0.16990557312965393
covtype_binary_20000,19,279,layer_0,421,c7: Aspect IS MEDIUM,0.16946181654930115
covtype_binary_20000,19,280,layer_0,591,c9: Soil_Type_21 IS absent,0.16927775740623474
covtype_binary_20000,19,281,layer_1,217,c3: projection_0 IS MEDIUM,0.16800491511821747
covtype_binary_20000,19,282,layer_0,54,c0: Horizontal_Distance_To_Roadways IS LOW,0.16739949584007263
covtype_binary_20000,19,283,layer_0,714,c11: Aspect IS LOW,0.1668085753917694
covtype_binary_20000,19,284,layer_0,242,c4: Elevation IS HIGH,0.16375789046287537
covtype_binary_20000,19,285,layer_0,440,c7: Hillshade_3pm IS HIGH,0.1628083735704422
covtype_binary_20000,19,286,layer_0,426,c7: Soil_Type_13 IS absent,0.16224633157253265
covtype_binary_20000,19,287,layer_1,212,c3: ka_concept_1.c10 IS HIGH,0.16174058616161346
covtype_binary_20000,19,288,layer_0,168,c2: Wilderness_Area_3 IS absent,0.16112670302391052
covtype_binary_20000,19,289,layer_0,504,c8: Soil_Type_30 IS absent,0.16101790964603424
covtype_binary_20000,19,290,layer_1,249,c4: ka_concept_1.c3 IS LOW,0.16035421192646027
covtype_binary_20000,19,291,layer_1,269,c4: ka_concept_1.c9 IS HIGH,0.160283625125885
covtype_binary_20000,19,292,layer_0,362,c6: Horizontal_Distance_To_Roadways IS HIGH,0.15949444472789764
covtype_binary_20000,19,293,layer_0,241,c4: Elevation IS MEDIUM,0.15879692137241364
covtype_binary_20000,19,294,layer_0,144,c2: Soil_Type_40 IS absent,0.15780360996723175
covtype_binary_20000,19,295,layer_0,295,c4: Horizontal_Distance_To_Fire_Points IS MEDIUM,0.15764866769313812
covtype_binary_20000,19,296,layer_0,53,c0: Soil_Type_29 IS present,0.15704868733882904
covtype_binary_20000,19,297,layer_0,707,c11: Horizontal_Distance_To_Roadways IS HIGH,0.15669351816177368
covtype_binary_20000,19,298,layer_0,201,c3: Wilderness_Area_2 IS absent,0.15648743510246277
covtype_binary_20000,19,299,layer_0,132,c2: Wilderness_Area_3 IS absent,0.15478931367397308
covtype_binary_20000,19,300,layer_0,663,c11: Wilderness_Area_3 IS absent,0.15335005521774292
covtype_binary_20000,19,301,layer_0,319,c5: Aspect IS MEDIUM,0.1524750143289566
covtype_binary_20000,19,302,layer_0,361,c6: Horizontal_Distance_To_Roadways IS MEDIUM,0.15122312307357788
covtype_binary_20000,19,303,layer_0,456,c7: Hillshade_Noon IS LOW,0.14942167699337006
covtype_binary_20000,19,304,layer_0,148,c2: Slope IS MEDIUM,0.14907224476337433
covtype_binary_20000,19,305,layer_0,39,c0: Wilderness_Area_4 IS absent,0.148177832365036
covtype_binary_20000,19,306,layer_0,121,c2: Horizontal_Distance_To_Hydrology IS MEDIUM,0.14782847464084625
covtype_binary_20000,19,307,layer_0,466,c7: Horizontal_Distance_To_Hydrology IS MEDIUM,0.14760395884513855
covtype_binary_20000,19,308,layer_1,264,c4: ka_concept_1.c8 IS LOW,0.14733873307704926
covtype_binary_20000,19,309,layer_1,329,c5: ka_concept_1.c9 IS HIGH,0.14694125950336456
covtype_binary_20000,19,310,layer_1,188,c3: ka_concept_1.c2 IS HIGH,0.14665096998214722
covtype_binary_20000,19,311,layer_0,526,c8: Hillshade_9am IS MEDIUM,0.1462312787771225
covtype_binary_20000,19,312,layer_0,596,c9: Slope IS HIGH,0.14371556043624878
covtype_binary_20000,19,313,layer_0,312,c5: Wilderness_Area_1 IS absent,0.14320990443229675
covtype_binary_20000,19,314,layer_0,86,c1: Soil_Type_38 IS present,0.14183059334754944
covtype_binary_20000,19,315,layer_1,224,c3: projection_2 IS HIGH,0.1412704885005951
covtype_binary_20000,19,316,layer_0,672,c11: Wilderness_Area_4 IS absent,0.1409948170185089
covtype_binary_20000,19,317,layer_0,462,c7: Soil_Type_4 IS absent,0.14091090857982635
covtype_binary_20000,19,318,layer_0,417,c6: Wilderness_Area_4 IS absent,0.14064644277095795
covtype_binary_20000,19,319,layer_1,128,c2: ka_concept_1.c2 IS HIGH,0.14044755697250366
covtype_binary_20000,19,320,layer_0,670,c11: Horizontal_Distance_To_Hydrology IS MEDIUM,0.13983272016048431
covtype_binary_20000,19,321,layer_0,42,c0: Soil_Type_40 IS absent,0.13943009078502655
covtype_binary_20000,19,322,layer_0,309,c5: Horizontal_Distance_To_Roadways IS LOW,0.13828390836715698
covtype_binary_20000,19,323,layer_1,324,c5: ka_concept_1.c8 IS LOW,0.13589178025722504
covtype_binary_20000,19,324,layer_1,151,c2: ka_concept_1.c10 IS MEDIUM,0.13571049273014069
covtype_binary_20000,19,325,layer_0,569,c9: Horizontal_Distance_To_Hydrology IS HIGH,0.13562501966953278
covtype_binary_20000,19,326,layer_0,603,c10: Wilderness_Area_1 IS absent,0.13547489047050476
covtype_binary_20000,19,327,layer_1,277,c4: projection_0 IS MEDIUM,0.13518527150154114
covtype_binary_20000,19,328,layer_0,294,c4: Horizontal_Distance_To_Fire_Points IS LOW,0.13398106396198273
covtype_binary_20000,19,329,layer_0,566,c9: Soil_Type_4 IS present,0.1317799687385559
covtype_binary_20000,19,330,layer_0,503,c8: Wilderness_Area_1 IS present,0.13114413619041443
covtype_binary_20000,19,331,layer_0,105,c1: Horizontal_Distance_To_Roadways IS LOW,0.1299329549074173
covtype_binary_20000,19,332,layer_0,27,c0: Hillshade_9am IS LOW,0.1287490874528885
covtype_binary_20000,19,333,layer_0,113,c1: Soil_Type_2 IS present,0.12763899564743042
covtype_binary_20000,19,334,layer_0,315,c5: Soil_Type_2 IS absent,0.12610502541065216
covtype_binary_20000,19,335,layer_1,273,c4: ka_concept_1.c11 IS LOW,0.12605534493923187
covtype_binary_20000,19,336,layer_0,425,c7: Wilderness_Area_3 IS present,0.12523140013217926
covtype_binary_20000,19,337,layer_1,182,c3: ka_concept_1.c0 IS HIGH,0.1250613033771515
covtype_binary_20000,19,338,layer_0,716,c11: Aspect IS HIGH,0.12426896393299103
covtype_binary_20000,19,339,layer_0,92,c1: Wilderness_Area_4 IS present,0.1241355761885643
covtype_binary_20000,19,340,layer_0,501,c8: Wilderness_Area_1 IS absent,0.1240139901638031
covtype_binary_20000,19,341,layer_1,186,c3: ka_concept_1.c2 IS LOW,0.12300607562065125
covtype_binary_20000,19,342,layer_0,450,c7: Wilderness_Area_1 IS absent,0.12030703574419022
covtype_binary_20000,19,343,layer_0,393,c6: Soil_Type_11 IS absent,0.11884848028421402
covtype_binary_20000,19,344,layer_0,573,c9: Soil_Type_26 IS absent,0.11878591030836105
covtype_binary_20000,19,345,layer_0,125,c2: Wilderness_Area_1 IS present,0.118515245616436
covtype_binary_20000,19,346,layer_1,270,c4: ka_concept_1.c10 IS LOW,0.11820493638515472
covtype_binary_20000,19,347,layer_0,474,c7: Hillshade_9am IS LOW,0.1171402707695961
covtype_binary_20000,19,348,layer_1,330,c5: ka_concept_1.c10 IS LOW,0.11709580570459366
covtype_binary_20000,19,349,layer_0,259,c4: Horizontal_Distance_To_Roadways IS MEDIUM,0.11661415547132492
covtype_binary_20000,19,350,layer_0,468,c7: Wilderness_Area_4 IS absent,0.11658002436161041
covtype_binary_20000,19,351,layer_0,357,c5: Wilderness_Area_3 IS absent,0.11582469940185547
covtype_binary_20000,19,352,layer_1,122,c2: ka_concept_1.c0 IS HIGH,0.11570119112730026
covtype_binary_20000,19,353,layer_0,350,c5: Wilderness_Area_1 IS present,0.11395835131406784
covtype_binary_20000,19,354,layer_0,452,c7: Wilderness_Area_1 IS present,0.1136043593287468
covtype_binary_20000,19,355,layer_0,681,c11: Wilderness_Area_2 IS absent,0.11306124925613403
covtype_binary_20000,19,356,layer_0,692,c11: Wilderness_Area_1 IS present,0.11235389113426208
covtype_binary_20000,19,357,layer_0,339,c5: Wilderness_Area_2 IS absent,0.11077427119016647
covtype_binary_20000,19,358,layer_0,236,c3: Hillshade_3pm IS HIGH,0.11071434617042542
covtype_binary_20000,19,359,layer_1,232,c3: projection_5 IS MEDIUM,0.1102692186832428
covtype_binary_20000,19,360,layer_0,288,c4: Wilderness_Area_2 IS absent,0.10993044078350067
covtype_binary_20000,19,361,layer_0,522,c8: Soil_Type_26 IS absent,0.10988783091306686
covtype_binary_20000,19,362,layer_0,110,c1: Wilderness_Area_1 IS present,0.10868563503026962
covtype_binary_20000,19,363,layer_1,308,c5: ka_concept_1.c2 IS HIGH,0.10867095738649368
covtype_binary_20000,19,364,layer_0,252,c4: Wilderness_Area_2 IS absent,0.10840392857789993
covtype_binary_20000,19,365,layer_0,461,c7: Wilderness_Area_3 IS present,0.10828021913766861
covtype_binary_20000,19,366,layer_1,191,c3: ka_concept_1.c3 IS HIGH,0.10825608670711517
covtype_binary_20000,19,367,layer_0,308,c5: Soil_Type_29 IS present,0.10822371393442154
covtype_binary_20000,19,368,layer_1,348,c5: projection_4 IS LOW,0.10759759694337845
covtype_binary_20000,19,369,layer_0,698,c11: Slope IS HIGH,0.10723824054002762
covtype_binary_20000,19,370,layer_0,338,c5: Hillshade_3pm IS HIGH,0.10645358264446259
covtype_binary_20000,19,371,layer_0,414,c6: Horizontal_Distance_To_Hydrology IS LOW,0.10624916851520538
covtype_binary_20000,19,372,layer_1,301,c5: ka_concept_1.c0 IS MEDIUM,0.1044524759054184
covtype_binary_20000,19,373,layer_0,507,c8: Hillshade_Noon IS LOW,0.10445109009742737
covtype_binary_20000,19,374,layer_0,578,c9: Hillshade_9am IS HIGH,0.10439389944076538
covtype_binary_20000,19,375,layer_1,235,c3: projection_6 IS MEDIUM,0.10422003269195557
covtype_binary_20000,19,376,layer_1,152,c2: ka_concept_1.c10 IS HIGH,0.10310040414333344
covtype_binary_20000,19,377,layer_0,492,c8: Wilderness_Area_2 IS absent,0.10301508754491806
covtype_binary_20000,19,378,layer_0,541,c9: Hillshade_3pm IS MEDIUM,0.10217992961406708
covtype_binary_20000,19,379,layer_0,525,c8: Hillshade_9am IS LOW,0.10178527981042862
covtype_binary_20000,19,380,layer_0,645,c10: Slope IS LOW,0.10130669921636581
covtype_binary_20000,19,381,layer_0,32,c0: Wilderness_Area_3 IS present,0.10110726207494736
covtype_binary_20000,19,382,layer_0,531,c8: Soil_Type_18 IS absent,0.10077112168073654
covtype_binary_20000,19,383,layer_0,678,c11: Hillshade_9am IS LOW,0.09954112023115158
covtype_binary_20000,19,384,layer_0,486,c8: Soil_Type_35 IS absent,0.09942017495632172
covtype_binary_20000,19,385,layer_0,282,c4: Soil_Type_35 IS absent,0.09919018298387527
covtype_binary_20000,19,386,layer_0,337,c5: Hillshade_3pm IS MEDIUM,0.09896131604909897
covtype_binary_20000,19,387,layer_0,2,c0: Horizontal_Distance_To_Fire_Points IS HIGH,0.09876056015491486
covtype_binary_20000,19,388,layer_0,101,c1: Wilderness_Area_2 IS present,0.0984160453081131
covtype_binary_20000,19,389,layer_0,459,c7: Wilderness_Area_3 IS absent,0.09778452664613724
covtype_binary_20000,19,390,layer_0,5,c0: Wilderness_Area_4 IS present,0.09775242954492569
covtype_binary_20000,19,391,layer_0,647,c10: Slope IS HIGH,0.09664849191904068
covtype_binary_20000,19,392,layer_0,23,c0: Wilderness_Area_1 IS present,0.09612532705068588
covtype_binary_20000,19,393,projection_layer,1,"pursuit_0(Horizontal_Distance_To_Fire_Points, Hillshade_3pm, Soil_Type_29, Soil_Type_4) IS MEDIUM",0.09564299881458282
covtype_binary_20000,19,394,layer_0,590,c9: Wilderness_Area_1 IS present,0.09443636238574982
covtype_binary_20000,19,395,layer_0,659,c10: Wilderness_Area_4 IS present,0.09394314885139465
covtype_binary_20000,19,396,layer_1,213,c3: ka_concept_1.c11 IS LOW,0.09368125349283218
covtype_binary_20000,19,397,layer_0,188,c3: Soil_Type_38 IS present,0.09323500841856003
covtype_binary_20000,19,398,layer_0,17,c0: Soil_Type_39 IS present,0.09317004680633545
covtype_binary_20000,19,399,layer_0,41,c0: Wilderness_Area_4 IS present,0.09296414256095886
covtype_binary_20000,19,400,layer_1,131,c2: ka_concept_1.c3 IS HIGH,0.09295520186424255
covtype_binary_20000,19,401,layer_0,95,c1: Soil_Type_40 IS present,0.09243135899305344
covtype_binary_20000,19,402,layer_0,348,c5: Wilderness_Area_1 IS absent,0.09196776151657104
covtype_binary_20000,19,403,layer_1,169,c2: projection_4 IS MEDIUM,0.09139639139175415
covtype_binary_20000,19,404,layer_0,435,c7: Soil_Type_35 IS absent,0.09088877588510513
covtype_binary_20000,19,405,layer_0,170,c2: Wilderness_Area_3 IS present,0.09065032005310059
covtype_binary_20000,19,406,layer_0,71,c1: Horizontal_Distance_To_Hydrology IS HIGH,0.09024379402399063
covtype_binary_20000,19,407,layer_0,608,c10: Soil_Type_30 IS present,0.08963104337453842
covtype_binary_20000,19,408,layer_0,246,c4: Soil_Type_40 IS absent,0.08913972973823547
covtype_binary_20000,19,409,layer_0,328,c5: Vertical_Distance_To_Hydrology IS MEDIUM,0.08870051801204681
covtype_binary_20000,19,410,layer_0,702,c11: Soil_Type_34 IS absent,0.08863954991102219
covtype_binary_20000,19,411,layer_1,259,c4: ka_concept_1.c6 IS MEDIUM,0.08859957009553909
covtype_binary_20000,19,412,layer_1,248,c4: ka_concept_1.c2 IS HIGH,0.08767722547054291
covtype_binary_20000,19,413,layer_0,279,c4: Wilderness_Area_4 IS absent,0.08755426108837128
covtype_binary_20000,19,414,layer_0,449,c7: Horizontal_Distance_To_Fire_Points IS HIGH,0.08753262460231781
covtype_binary_20000,19,415,layer_0,239,c3: Wilderness_Area_2 IS present,0.0869249776005745
covtype_binary_20000,19,416,layer_1,271,c4: ka_concept_1.c10 IS MEDIUM,0.08673537522554398
covtype_binary_20000,19,417,layer_1,121,c2: ka_concept_1.c0 IS MEDIUM,0.08573747426271439
covtype_binary_20000,19,418,layer_0,413,c6: Soil_Type_4 IS present,0.08572910726070404
covtype_binary_20000,19,419,layer_0,219,c3: Wilderness_Area_3 IS absent,0.08534998446702957
covtype_binary_20000,19,420,layer_1,242,c4: ka_concept_1.c0 IS HIGH,0.08529683202505112
covtype_binary_20000,19,421,layer_0,215,c3: Soil_Type_2 IS present,0.08515451848506927
covtype_binary_20000,19,422,layer_1,201,c3: ka_concept_1.c7 IS LOW,0.08499260246753693
covtype_binary_20000,19,423,layer_1,187,c3: ka_concept_1.c2 IS MEDIUM,0.0848032683134079
covtype_binary_20000,19,424,layer_1,90,c1: ka_concept_1.c10 IS LOW,0.08426545560359955
covtype_binary_20000,19,425,layer_1,358,c5: projection_7 IS MEDIUM,0.0840880274772644
covtype_binary_20000,19,426,layer_0,679,c11: Hillshade_9am IS MEDIUM,0.08403854072093964
covtype_binary_20000,19,427,layer_0,311,c5: Horizontal_Distance_To_Roadways IS HIGH,0.08359252661466599
covtype_binary_20000,19,428,layer_1,255,c4: ka_concept_1.c5 IS LOW,0.08298781514167786
covtype_binary_20000,19,429,layer_1,272,c4: ka_concept_1.c10 IS HIGH,0.08294259756803513
covtype_binary_20000,19,430,layer_1,220,c3: projection_1 IS MEDIUM,0.08246354758739471
covtype_binary_20000,19,431,layer_0,108,c1: Wilderness_Area_1 IS absent,0.08243970572948456
covtype_binary_20000,19,432,layer_0,250,c4: Slope IS MEDIUM,0.0824107676744461
covtype_binary_20000,19,433,layer_0,481,c8: Vertical_Distance_To_Hydrology IS MEDIUM,0.08157580345869064
covtype_binary_20000,19,434,layer_0,287,c4: Hillshade_3pm IS HIGH,0.08148761838674545
covtype_binary_20000,19,435,layer_0,277,c4: Vertical_Distance_To_Hydrology IS MEDIUM,0.08132005482912064
covtype_binary_20000,19,436,layer_0,406,c6: Hillshade_Noon IS MEDIUM,0.08118260651826859
covtype_binary_20000,19,437,layer_0,267,c4: Aspect IS LOW,0.08084014058113098
covtype_binary_20000,19,438,layer_0,693,c11: Soil_Type_21 IS absent,0.07963021099567413
covtype_binary_20000,19,439,layer_0,568,c9: Horizontal_Distance_To_Hydrology IS MEDIUM,0.07962141185998917
covtype_binary_20000,19,440,layer_1,332,c5: ka_concept_1.c10 IS HIGH,0.07953538000583649
covtype_binary_20000,19,441,layer_0,701,c11: Wilderness_Area_3 IS present,0.07947762310504913
covtype_binary_20000,19,442,layer_1,218,c3: projection_0 IS HIGH,0.07910265773534775
covtype_binary_20000,19,443,layer_0,296,c4: Horizontal_Distance_To_Fire_Points IS HIGH,0.07829412072896957
covtype_binary_20000,19,444,layer_0,203,c3: Wilderness_Area_2 IS present,0.078129842877388
covtype_binary_20000,19,445,layer_0,711,c11: Soil_Type_28 IS absent,0.07745108008384705
covtype_binary_20000,19,446,layer_1,172,c2: projection_5 IS MEDIUM,0.07714197039604187
covtype_binary_20000,19,447,layer_0,495,c8: Soil_Type_11 IS absent,0.07669981569051743
covtype_binary_20000,19,448,layer_0,557,c9: Soil_Type_30 IS present,0.07659510523080826
covtype_binary_20000,19,449,layer_0,33,c0: Soil_Type_38 IS absent,0.07621113210916519
covtype_binary_20000,19,450,layer_1,115,c1: projection_6 IS MEDIUM,0.075293630361557
covtype_binary_20000,19,451,layer_1,158,c2: projection_0 IS HIGH,0.07497498393058777
covtype_binary_20000,19,452,layer_0,35,c0: Soil_Type_38 IS present,0.07359666377305984
covtype_binary_20000,19,453,layer_0,551,c9: Horizontal_Distance_To_Fire_Points IS HIGH,0.07313479483127594
covtype_binary_20000,19,454,layer_0,680,c11: Hillshade_9am IS HIGH,0.07303839176893234
covtype_binary_20000,19,455,layer_1,349,c5: projection_4 IS MEDIUM,0.07295200973749161
covtype_binary_20000,19,456,layer_0,197,c3: Soil_Type_40 IS present,0.07273496687412262
covtype_binary_20000,19,457,layer_0,297,c4: Wilderness_Area_1 IS absent,0.07269060611724854
covtype_binary_20000,19,458,layer_1,331,c5: ka_concept_1.c10 IS MEDIUM,0.07230480015277863
covtype_binary_20000,19,459,layer_1,251,c4: ka_concept_1.c3 IS HIGH,0.071602001786232
covtype_binary_20000,19,460,layer_1,157,c2: projection_0 IS MEDIUM,0.07147183269262314
covtype_binary_20000,19,461,layer_1,302,c5: ka_concept_1.c0 IS HIGH,0.07103881984949112
covtype_binary_20000,19,462,layer_0,261,c4: Wilderness_Area_1 IS absent,0.07092355191707611
covtype_binary_20000,19,463,layer_1,352,c5: projection_5 IS MEDIUM,0.07081224769353867
covtype_binary_20000,19,464,layer_0,243,c4: Wilderness_Area_4 IS absent,0.070401132106781
covtype_binary_20000,19,465,layer_1,268,c4: ka_concept_1.c9 IS MEDIUM,0.07029211521148682
covtype_binary_20000,19,466,layer_0,588,c9: Wilderness_Area_1 IS absent,0.07010270655155182
covtype_binary_20000,19,467,layer_1,345,c5: projection_3 IS LOW,0.06970656663179398
covtype_binary_20000,19,468,layer_1,118,c1: projection_7 IS MEDIUM,0.06955402344465256
covtype_binary_20000,19,469,layer_1,343,c5: projection_2 IS MEDIUM,0.06940614432096481
covtype_binary_20000,19,470,layer_1,311,c5: ka_concept_1.c3 IS HIGH,0.06932739913463593
covtype_binary_20000,19,471,layer_1,166,c2: projection_3 IS MEDIUM,0.0691232681274414
covtype_binary_20000,19,472,layer_1,327,c5: ka_concept_1.c9 IS LOW,0.06893789023160934
covtype_binary_20000,19,473,layer_0,135,c2: Soil_Type_38 IS absent,0.06891841441392899
covtype_binary_20000,19,474,layer_0,540,c9: Hillshade_3pm IS LOW,0.06870117038488388
covtype_binary_20000,19,475,layer_0,224,c3: Soil_Type_13 IS present,0.06860645860433578
covtype_binary_20000,19,476,layer_1,62,c1: ka_concept_1.c0 IS HIGH,0.06855279207229614
covtype_binary_20000,19,477,layer_0,371,c6: Aspect IS HIGH,0.06849812716245651
covtype_binary_20000,19,478,layer_0,65,c1: Wilderness_Area_2 IS present,0.06833668798208237
covtype_binary_20000,19,479,layer_1,168,c2: projection_4 IS LOW,0.06798174232244492
covtype_binary_20000,19,480,layer_1,130,c2: ka_concept_1.c3 IS MEDIUM,0.06788226217031479
covtype_binary_20000,19,481,layer_0,251,c4: Slope IS HIGH,0.06741303205490112
covtype_binary_20000,19,482,layer_1,142,c2: ka_concept_1.c7 IS MEDIUM,0.06732288748025894
covtype_binary_20000,19,483,layer_1,307,c5: ka_concept_1.c2 IS MEDIUM,0.06726600229740143
covtype_binary_20000,19,484,layer_0,230,c3: Wilderness_Area_4 IS present,0.06678471714258194
covtype_binary_20000,19,485,layer_0,419,c6: Wilderness_Area_4 IS present,0.06668660789728165
covtype_binary_20000,19,486,layer_1,200,c3: ka_concept_1.c6 IS HIGH,0.06655105203390121
covtype_binary_20000,19,487,layer_0,285,c4: Hillshade_3pm IS LOW,0.06616748124361038
covtype_binary_20000,19,488,layer_0,369,c6: Aspect IS LOW,0.0660826712846756
covtype_binary_20000,19,489,layer_0,650,c10: Wilderness_Area_3 IS present,0.06548377871513367
covtype_binary_20000,19,490,layer_1,233,c3: projection_5 IS HIGH,0.0648765042424202
covtype_binary_20000,19,491,layer_1,237,c3: projection_7 IS LOW,0.06433447450399399
covtype_binary_20000,19,492,layer_1,342,c5: projection_2 IS LOW,0.06408777832984924
covtype_binary_20000,19,493,layer_0,485,c8: Wilderness_Area_4 IS present,0.064040906727314
covtype_binary_20000,19,494,layer_0,173,c2: Soil_Type_13 IS present,0.06368014216423035
covtype_binary_20000,19,495,layer_1,68,c1: ka_concept_1.c2 IS HIGH,0.06328205019235611
covtype_binary_20000,19,496,layer_0,563,c9: Wilderness_Area_3 IS present,0.06306413561105728
covtype_binary_20000,19,497,layer_0,260,c4: Horizontal_Distance_To_Roadways IS HIGH,0.06300409883260727
covtype_binary_20000,19,498,layer_0,383,c6: Wilderness_Area_4 IS present,0.06233185902237892
covtype_binary_20000,19,499,layer_0,515,c8: Soil_Type_4 IS present,0.06231185048818588
covtype_binary_20000,19,500,layer_0,668,c11: Soil_Type_4 IS present,0.06181202083826065
covtype_binary_20000,19,501,layer_1,222,c3: projection_2 IS LOW,0.061677441000938416
covtype_binary_20000,19,502,layer_1,315,c5: ka_concept_1.c5 IS LOW,0.06137470528483391
covtype_binary_20000,19,503,layer_0,420,c7: Aspect IS LOW,0.0600539967417717
covtype_binary_20000,19,504,layer_1,162,c2: projection_2 IS LOW,0.05984870344400406
covtype_binary_20000,19,505,projection_layer,0,"pursuit_0(Horizontal_Distance_To_Fire_Points, Hillshade_3pm, Soil_Type_29, Soil_Type_4) IS LOW",0.05950135365128517
covtype_binary_20000,19,506,layer_1,78,c1: ka_concept_1.c6 IS LOW,0.05917155370116234
covtype_binary_20000,19,507,layer_0,186,c3: Soil_Type_38 IS absent,0.058356113731861115
covtype_binary_20000,19,508,layer_1,93,c1: ka_concept_1.c11 IS LOW,0.057210683822631836
covtype_binary_20000,19,509,layer_1,180,c3: ka_concept_1.c0 IS LOW,0.05704687908291817
covtype_binary_20000,19,510,layer_1,185,c3: ka_concept_1.c1 IS HIGH,0.05698085576295853
covtype_binary_20000,19,511,layer_0,476,c7: Hillshade_9am IS HIGH,0.05669865384697914
covtype_binary_20000,19,512,layer_1,289,c4: projection_4 IS MEDIUM,0.05640814080834389
covtype_binary_20000,19,513,projection_layer,20,"pursuit_6(Horizontal_Distance_To_Roadways, Soil_Type_38, Wilderness_Area_2, Soil_Type_18) IS HIGH",0.05632451921701431
covtype_binary_20000,19,514,layer_0,506,c8: Soil_Type_30 IS present,0.05625705048441887
covtype_binary_20000,19,515,layer_0,137,c2: Soil_Type_38 IS present,0.05616661533713341
covtype_binary_20000,19,516,layer_1,171,c2: projection_5 IS LOW,0.05599605664610863
covtype_binary_20000,19,517,layer_1,333,c5: ka_concept_1.c11 IS LOW,0.05573069304227829
covtype_binary_20000,19,518,layer_1,127,c2: ka_concept_1.c2 IS MEDIUM,0.055488333106040955
covtype_binary_20000,19,519,layer_1,125,c2: ka_concept_1.c1 IS HIGH,0.05511488765478134
covtype_binary_20000,19,520,layer_1,267,c4: ka_concept_1.c9 IS LOW,0.05486121028661728
covtype_binary_20000,19,521,layer_1,138,c2: ka_concept_1.c6 IS LOW,0.05425833538174629
covtype_binary_20000,19,522,layer_0,164,c2: Soil_Type_2 IS present,0.053818024694919586
covtype_binary_20000,19,523,layer_0,354,c5: Hillshade_Noon IS LOW,0.05351807549595833
covtype_binary_20000,19,524,layer_0,512,c8: Wilderness_Area_3 IS present,0.05338510125875473
covtype_binary_20000,19,525,layer_0,320,c5: Aspect IS HIGH,0.05337289348244667
covtype_binary_20000,19,526,layer_1,234,c3: projection_6 IS LOW,0.05268842726945877
covtype_binary_20000,19,527,layer_0,467,c7: Horizontal_Distance_To_Hydrology IS HIGH,0.05263420194387436
covtype_binary_20000,19,528,layer_1,309,c5: ka_concept_1.c3 IS LOW,0.05232607200741768
covtype_binary_20000,19,529,layer_1,148,c2: ka_concept_1.c9 IS MEDIUM,0.05226464942097664
covtype_binary_20000,19,530,layer_1,117,c1: projection_7 IS LOW,0.05222716182470322
covtype_binary_20000,19,531,layer_0,404,c6: Soil_Type_30 IS present,0.05192086100578308
covtype_binary_20000,19,532,layer_1,245,c4: ka_concept_1.c1 IS HIGH,0.051612962037324905
covtype_binary_20000,19,533,layer_1,9,c0: ka_concept_1.c3 IS LOW,0.05148298665881157
covtype_binary_20000,19,534,layer_1,285,c4: projection_3 IS LOW,0.05124061182141304
covtype_binary_20000,19,535,layer_1,105,c1: projection_3 IS LOW,0.050333090126514435
covtype_binary_20000,19,536,layer_0,356,c5: Hillshade_Noon IS HIGH,0.05032188445329666
covtype_binary_20000,19,537,layer_1,89,c1: ka_concept_1.c9 IS HIGH,0.05012030154466629
covtype_binary_20000,19,538,layer_1,304,c5: ka_concept_1.c1 IS MEDIUM,0.049925871193408966
covtype_binary_20000,19,539,layer_1,286,c4: projection_3 IS MEDIUM,0.049755606800317764
covtype_binary_20000,19,540,layer_0,269,c4: Aspect IS HIGH,0.04953927546739578
covtype_binary_20000,19,541,layer_1,225,c3: projection_3 IS LOW,0.04952060803771019
covtype_binary_20000,19,542,layer_1,288,c4: projection_4 IS LOW,0.04932088032364845
covtype_binary_20000,19,543,layer_1,357,c5: projection_7 IS LOW,0.04918694496154785
covtype_binary_20000,19,544,layer_0,388,c6: Hillshade_3pm IS MEDIUM,0.04917479306459427
covtype_binary_20000,19,545,layer_1,305,c5: ka_concept_1.c1 IS HIGH,0.04905522242188454
covtype_binary_20000,19,546,layer_1,126,c2: ka_concept_1.c2 IS LOW,0.048880305141210556
covtype_binary_20000,19,547,layer_1,199,c3: ka_concept_1.c6 IS MEDIUM,0.04887162148952484
covtype_binary_20000,19,548,layer_0,519,c8: Wilderness_Area_4 IS absent,0.04884393885731697
covtype_binary_20000,19,549,layer_1,295,c4: projection_6 IS MEDIUM,0.04880803823471069
covtype_binary_20000,19,550,layer_1,258,c4: ka_concept_1.c6 IS LOW,0.04877398535609245
covtype_binary_20000,19,551,layer_0,368,c6: Soil_Type_2 IS present,0.04859228432178497
covtype_binary_20000,19,552,layer_0,581,c9: Wilderness_Area_2 IS present,0.04838597774505615
covtype_binary_20000,19,553,layer_1,109,c1: projection_4 IS MEDIUM,0.04758547618985176
covtype_binary_20000,19,554,layer_0,684,c11: Soil_Type_18 IS absent,0.04738973081111908
covtype_binary_20000,19,555,layer_1,260,c4: ka_concept_1.c6 IS HIGH,0.04729001969099045
covtype_binary_20000,19,556,layer_1,192,c3: ka_concept_1.c4 IS LOW,0.04713950678706169
covtype_binary_20000,19,557,layer_0,577,c9: Hillshade_9am IS MEDIUM,0.047026678919792175
covtype_binary_20000,19,558,layer_0,176,c2: Vertical_Distance_To_Hydrology IS HIGH,0.04700697958469391
covtype_binary_20000,19,559,layer_0,44,c0: Soil_Type_40 IS present,0.046619996428489685
covtype_binary_20000,19,560,layer_1,198,c3: ka_concept_1.c6 IS LOW,0.04633374512195587
covtype_binary_20000,19,561,layer_0,572,c9: Wilderness_Area_4 IS present,0.045831695199012756
covtype_binary_20000,19,562,layer_1,129,c2: ka_concept_1.c3 IS LOW,0.04575476050376892
covtype_binary_20000,19,563,layer_0,632,c10: Wilderness_Area_2 IS present,0.04573360085487366
covtype_binary_20000,19,564,layer_1,106,c1: projection_3 IS MEDIUM,0.045704010874032974
covtype_binary_20000,19,565,layer_1,202,c3: ka_concept_1.c7 IS MEDIUM,0.04569743946194649
covtype_binary_20000,19,566,layer_1,274,c4: ka_concept_1.c11 IS MEDIUM,0.045540984719991684
covtype_binary_20000,19,567,layer_0,490,c8: Hillshade_3pm IS MEDIUM,0.04537751153111458
covtype_binary_20000,19,568,layer_0,286,c4: Hillshade_3pm IS MEDIUM,0.04537374898791313
covtype_binary_20000,19,569,layer_1,292,c4: projection_5 IS MEDIUM,0.04530944675207138
covtype_binary_20000,19,570,layer_1,165,c2: projection_3 IS LOW,0.04520254582166672
covtype_binary_20000,19,571,layer_0,423,c7: Wilderness_Area_3 IS absent,0.045091185718774796
covtype_binary_20000,19,572,layer_0,255,c4: Soil_Type_29 IS absent,0.045030299574136734
covtype_binary_20000,19,573,layer_0,165,c2: Aspect IS LOW,0.04424799233675003
covtype_binary_20000,19,574,layer_0,665,c11: Wilderness_Area_3 IS present,0.04407358914613724
covtype_binary_20000,19,575,layer_0,342,c5: Soil_Type_11 IS absent,0.043890491127967834
covtype_binary_20000,19,576,layer_0,146,c2: Soil_Type_40 IS present,0.04349566996097565
covtype_binary_20000,19,577,layer_1,57,c0: projection_7 IS LOW,0.04330998286604881
covtype_binary_20000,19,578,layer_0,123,c2: Wilderness_Area_1 IS absent,0.04287153482437134
covtype_binary_20000,19,579,layer_1,164,c2: projection_2 IS HIGH,0.04199539124965668
covtype_binary_20000,19,580,layer_1,30,c0: ka_concept_1.c10 IS LOW,0.041311778128147125
covtype_binary_20000,19,581,layer_0,548,c9: Soil_Type_11 IS present,0.04107746481895447
covtype_binary_20000,19,582,layer_0,453,c7: Soil_Type_30 IS absent,0.04057539626955986
covtype_binary_20000,19,583,layer_1,174,c2: projection_6 IS LOW,0.04050641879439354
covtype_binary_20000,19,584,layer_0,272,c4: Wilderness_Area_3 IS present,0.0405006967484951
covtype_binary_20000,19,585,layer_1,140,c2: ka_concept_1.c6 IS HIGH,0.04034224525094032
covtype_binary_20000,19,586,layer_0,291,c4: Soil_Type_11 IS absent,0.040341008454561234
covtype_binary_20000,19,587,layer_1,351,c5: projection_5 IS LOW,0.03988597169518471
covtype_binary_20000,19,588,layer_1,75,c1: ka_concept_1.c5 IS LOW,0.03985881060361862
covtype_binary_20000,19,589,layer_1,336,c5: projection_0 IS LOW,0.03983062133193016
covtype_binary_20000,19,590,layer_1,15,c0: ka_concept_1.c5 IS LOW,0.039698246866464615
covtype_binary_20000,19,591,layer_1,79,c1: ka_concept_1.c6 IS MEDIUM,0.03966151922941208
covtype_binary_20000,19,592,layer_1,132,c2: ka_concept_1.c4 IS LOW,0.03954419866204262
covtype_binary_20000,19,593,layer_0,276,c4: Vertical_Distance_To_Hydrology IS LOW,0.0391487292945385
covtype_binary_20000,19,594,layer_0,273,c4: Soil_Type_13 IS absent,0.03911443427205086
covtype_binary_20000,19,595,layer_0,475,c7: Hillshade_9am IS MEDIUM,0.0389082133769989
covtype_binary_20000,19,596,layer_0,240,c4: Elevation IS LOW,0.03890254721045494
covtype_binary_20000,19,597,projection_layer,18,"pursuit_6(Horizontal_Distance_To_Roadways, Soil_Type_38, Wilderness_Area_2, Soil_Type_18) IS LOW",0.03834801912307739
covtype_binary_20000,19,598,layer_0,439,c7: Hillshade_3pm IS MEDIUM,0.038311176002025604
covtype_binary_20000,19,599,layer_1,205,c3: ka_concept_1.c8 IS MEDIUM,0.03801606595516205
covtype_binary_20000,19,600,layer_1,71,c1: ka_concept_1.c3 IS HIGH,0.03751783072948456
covtype_binary_20000,19,601,layer_1,262,c4: ka_concept_1.c7 IS MEDIUM,0.03704841434955597
covtype_binary_20000,19,602,layer_0,300,c5: Slope IS LOW,0.03695152699947357
covtype_binary_20000,19,603,layer_1,223,c3: projection_2 IS MEDIUM,0.03677596151828766
covtype_binary_20000,19,604,layer_0,521,c8: Wilderness_Area_4 IS present,0.03671406954526901
covtype_binary_20000,19,605,layer_1,120,c2: ka_concept_1.c0 IS LOW,0.03664014860987663
covtype_binary_20000,19,606,layer_1,135,c2: ka_concept_1.c5 IS LOW,0.03623306378722191
covtype_binary_20000,19,607,layer_0,546,c9: Soil_Type_11 IS absent,0.03596014529466629
covtype_binary_20000,19,608,layer_1,3,c0: ka_concept_1.c1 IS LOW,0.035576045513153076
covtype_binary_20000,19,609,layer_0,143,c2: Wilderness_Area_4 IS present,0.035565100610256195
covtype_binary_20000,19,610,layer_1,247,c4: ka_concept_1.c2 IS MEDIUM,0.035345301032066345
covtype_binary_20000,19,611,layer_0,545,c9: Wilderness_Area_2 IS present,0.03480038046836853
covtype_binary_20000,19,612,layer_0,333,c5: Soil_Type_35 IS absent,0.03463054448366165
covtype_binary_20000,19,613,layer_0,539,c8: Wilderness_Area_1 IS present,0.03458753973245621
covtype_binary_20000,19,614,layer_1,181,c3: ka_concept_1.c0 IS MEDIUM,0.03410862013697624
covtype_binary_20000,19,615,layer_1,244,c4: ka_concept_1.c1 IS MEDIUM,0.033845577389001846
covtype_binary_20000,19,616,layer_0,630,c10: Wilderness_Area_2 IS absent,0.03368865326046944
covtype_binary_20000,19,617,layer_1,147,c2: ka_concept_1.c9 IS LOW,0.033667150884866714
covtype_binary_20000,19,618,layer_1,246,c4: ka_concept_1.c2 IS LOW,0.03333308920264244
covtype_binary_20000,19,619,layer_0,489,c8: Hillshade_3pm IS LOW,0.033259715884923935
covtype_binary_20000,19,620,layer_1,92,c1: ka_concept_1.c10 IS HIGH,0.03322525694966316
covtype_binary_20000,19,621,layer_0,482,c8: Vertical_Distance_To_Hydrology IS HIGH,0.033101897686719894
covtype_binary_20000,19,622,layer_0,377,c6: Soil_Type_13 IS present,0.03308981657028198
covtype_binary_20000,19,623,layer_1,153,c2: ka_concept_1.c11 IS LOW,0.033059436827898026
covtype_binary_20000,19,624,layer_0,395,c6: Soil_Type_11 IS present,0.03287672996520996
covtype_binary_20000,19,625,layer_1,226,c3: projection_3 IS MEDIUM,0.03287049010396004
covtype_binary_20000,19,626,layer_1,88,c1: ka_concept_1.c9 IS MEDIUM,0.03259739652276039
covtype_binary_20000,19,627,layer_1,104,c1: projection_2 IS HIGH,0.03254329785704613
covtype_binary_20000,19,628,layer_1,46,c0: projection_3 IS MEDIUM,0.032453715801239014
covtype_binary_20000,19,629,layer_0,497,c8: Soil_Type_11 IS present,0.032428160309791565
covtype_binary_20000,19,630,layer_1,320,c5: ka_concept_1.c6 IS HIGH,0.03234844282269478
covtype_binary_20000,19,631,layer_1,282,c4: projection_2 IS LOW,0.03205122798681259
covtype_binary_20000,19,632,layer_1,216,c3: projection_0 IS LOW,0.03205021470785141
covtype_binary_20000,19,633,layer_1,69,c1: ka_concept_1.c3 IS LOW,0.03181128203868866
covtype_binary_20000,19,634,layer_0,483,c8: Wilderness_Area_4 IS absent,0.03142080083489418
covtype_binary_20000,19,635,layer_1,108,c1: projection_4 IS LOW,0.031406648457050323
covtype_binary_20000,19,636,layer_1,52,c0: projection_5 IS MEDIUM,0.031355712562799454
covtype_binary_20000,19,637,layer_1,103,c1: projection_2 IS MEDIUM,0.03132092207670212
covtype_binary_20000,19,638,layer_1,178,c2: projection_7 IS MEDIUM,0.03130854666233063
covtype_binary_20000,19,639,projection_layer,10,"pursuit_3(Slope, Soil_Type_12, Soil_Type_13, Soil_Type_1) IS MEDIUM",0.030980702489614487
covtype_binary_20000,19,640,layer_0,719,c11: Wilderness_Area_2 IS present,0.030506528913974762
covtype_binary_20000,19,641,layer_0,249,c4: Slope IS LOW,0.030407924205064774
covtype_binary_20000,19,642,layer_0,264,c4: Soil_Type_2 IS absent,0.030369387939572334
covtype_binary_20000,19,643,layer_1,355,c5: projection_6 IS MEDIUM,0.03014471009373665
covtype_binary_20000,19,644,layer_0,129,c2: Hillshade_9am IS LOW,0.02985370345413685
covtype_binary_20000,19,645,layer_1,173,c2: projection_5 IS HIGH,0.029822509735822678
covtype_binary_20000,19,646,layer_1,334,c5: ka_concept_1.c11 IS MEDIUM,0.029820099472999573
covtype_binary_20000,19,647,layer_0,59,c0: Wilderness_Area_1 IS present,0.02967504970729351
covtype_binary_20000,19,648,layer_0,660,c11: Hillshade_Noon IS LOW,0.0296162236481905
covtype_binary_20000,19,649,layer_0,355,c5: Hillshade_Noon IS MEDIUM,0.02958766743540764
covtype_binary_20000,19,650,layer_1,300,c5: ka_concept_1.c0 IS LOW,0.029218368232250214
covtype_binary_20000,19,651,layer_0,434,c7: Wilderness_Area_4 IS present,0.029186520725488663
covtype_binary_20000,19,652,layer_0,683,c11: Wilderness_Area_2 IS present,0.029123174026608467
covtype_binary_20000,19,653,layer_1,322,c5: ka_concept_1.c7 IS MEDIUM,0.029110906645655632
covtype_binary_20000,19,654,layer_1,48,c0: projection_4 IS LOW,0.028844701126217842
covtype_binary_20000,19,655,layer_1,239,c3: projection_7 IS HIGH,0.028439179062843323
covtype_binary_20000,19,656,layer_1,341,c5: projection_1 IS HIGH,0.02803172543644905
covtype_binary_20000,19,657,layer_0,429,c7: Vertical_Distance_To_Hydrology IS LOW,0.027956120669841766
covtype_binary_20000,19,658,layer_0,470,c7: Wilderness_Area_4 IS present,0.027782579883933067
covtype_binary_20000,19,659,layer_0,258,c4: Horizontal_Distance_To_Roadways IS LOW,0.02737547643482685
covtype_binary_20000,19,660,layer_1,276,c4: projection_0 IS LOW,0.027373172342777252
covtype_binary_20000,19,661,layer_0,623,c10: Wilderness_Area_4 IS present,0.027172213420271873
covtype_binary_20000,19,662,layer_1,306,c5: ka_concept_1.c2 IS LOW,0.02706102468073368
covtype_binary_20000,19,663,layer_1,236,c3: projection_6 IS HIGH,0.026721026748418808
covtype_binary_20000,19,664,layer_1,284,c4: projection_2 IS HIGH,0.025545630604028702
covtype_binary_20000,19,665,layer_1,206,c3: ka_concept_1.c8 IS HIGH,0.025456568226218224
covtype_binary_20000,19,666,layer_1,102,c1: projection_2 IS LOW,0.02535928785800934
covtype_binary_20000,19,667,layer_0,464,c7: Soil_Type_4 IS present,0.025350920855998993
covtype_binary_20000,19,668,layer_1,112,c1: projection_5 IS MEDIUM,0.025144947692751884
covtype_binary_20000,19,669,layer_1,240,c4: ka_concept_1.c0 IS LOW,0.025037813931703568
covtype_binary_20000,19,670,layer_1,219,c3: projection_1 IS LOW,0.02498648129403591
covtype_binary_20000,19,671,layer_0,119,c1: Wilderness_Area_3 IS present,0.024470223113894463
covtype_binary_20000,19,672,layer_1,339,c5: projection_1 IS LOW,0.02427554316818714
covtype_binary_20000,19,673,layer_1,241,c4: ka_concept_1.c0 IS MEDIUM,0.024090703576803207
covtype_binary_20000,19,674,layer_0,346,c5: Horizontal_Distance_To_Fire_Points IS MEDIUM,0.023797782137989998
covtype_binary_20000,19,675,layer_1,31,c0: ka_concept_1.c10 IS MEDIUM,0.023731069639325142
covtype_binary_20000,19,676,layer_0,380,c6: Vertical_Distance_To_Hydrology IS HIGH,0.023171348497271538
covtype_binary_20000,19,677,layer_0,570,c9: Wilderness_Area_4 IS absent,0.023042581975460052
covtype_binary_20000,19,678,layer_0,179,c2: Wilderness_Area_4 IS present,0.022679153829813004
covtype_binary_20000,19,679,layer_1,293,c4: projection_5 IS HIGH,0.022636322304606438
covtype_binary_20000,19,680,layer_0,14,c0: Wilderness_Area_2 IS present,0.02255159430205822
covtype_binary_20000,19,681,layer_1,60,c1: ka_concept_1.c0 IS LOW,0.022369835525751114
covtype_binary_20000,19,682,layer_0,301,c5: Slope IS MEDIUM,0.02232426404953003
covtype_binary_20000,19,683,layer_0,432,c7: Wilderness_Area_4 IS absent,0.022295556962490082
covtype_binary_20000,19,684,layer_1,195,c3: ka_concept_1.c5 IS LOW,0.022248782217502594
covtype_binary_20000,19,685,layer_1,340,c5: projection_1 IS MEDIUM,0.022238820791244507
covtype_binary_20000,19,686,layer_1,189,c3: ka_concept_1.c3 IS LOW,0.02218053489923477
covtype_binary_20000,19,687,layer_0,330,c5: Wilderness_Area_4 IS absent,0.022055944427847862
covtype_binary_20000,19,688,projection_layer,8,"pursuit_2(Hillshade_Noon, Wilderness_Area_4, Soil_Type_23, Soil_Type_11) IS HIGH",0.022054120898246765
covtype_binary_20000,19,689,layer_1,145,c2: ka_concept_1.c8 IS MEDIUM,0.021728621795773506
covtype_binary_20000,19,690,layer_1,265,c4: ka_concept_1.c8 IS MEDIUM,0.02144480310380459
covtype_binary_20000,19,691,layer_0,234,c3: Hillshade_3pm IS LOW,0.02139289863407612
covtype_binary_20000,19,692,layer_0,332,c5: Wilderness_Area_4 IS present,0.02134668454527855
covtype_binary_20000,19,693,layer_0,710,c11: Wilderness_Area_4 IS present,0.021042589098215103
covtype_binary_20000,19,694,layer_1,337,c5: projection_0 IS MEDIUM,0.020877253264188766
covtype_binary_20000,19,695,layer_1,96,c1: projection_0 IS LOW,0.020633812993764877
covtype_binary_20000,19,696,layer_0,471,c7: Soil_Type_26 IS absent,0.020581962540745735
covtype_binary_20000,19,697,layer_1,11,c0: ka_concept_1.c3 IS HIGH,0.02051425725221634
covtype_binary_20000,19,698,layer_1,97,c1: projection_0 IS MEDIUM,0.020360484719276428
covtype_binary_20000,19,699,layer_1,354,c5: projection_6 IS LOW,0.020132455974817276
covtype_binary_20000,19,700,layer_1,91,c1: ka_concept_1.c10 IS MEDIUM,0.019830990582704544
covtype_binary_20000,19,701,layer_1,170,c2: projection_4 IS HIGH,0.019373873248696327
covtype_binary_20000,19,702,layer_0,479,c7: Wilderness_Area_2 IS present,0.01895112171769142
covtype_binary_20000,19,703,layer_1,159,c2: projection_1 IS LOW,0.01873587816953659
covtype_binary_20000,19,704,layer_1,67,c1: ka_concept_1.c2 IS MEDIUM,0.018712077289819717
covtype_binary_20000,19,705,layer_1,80,c1: ka_concept_1.c6 IS HIGH,0.018665151670575142
covtype_binary_20000,19,706,layer_1,196,c3: ka_concept_1.c5 IS MEDIUM,0.018483370542526245
covtype_binary_20000,19,707,layer_1,316,c5: ka_concept_1.c5 IS MEDIUM,0.018196608871221542
covtype_binary_20000,19,708,layer_1,65,c1: ka_concept_1.c1 IS HIGH,0.01800762116909027
covtype_binary_20000,19,709,layer_1,261,c4: ka_concept_1.c7 IS LOW,0.0179818756878376
covtype_binary_20000,19,710,layer_1,279,c4: projection_1 IS LOW,0.01772276498377323
covtype_binary_20000,19,711,layer_0,347,c5: Horizontal_Distance_To_Fire_Points IS HIGH,0.01768946275115013
covtype_binary_20000,19,712,layer_1,298,c4: projection_7 IS MEDIUM,0.01766883209347725
covtype_binary_20000,19,713,layer_1,82,c1: ka_concept_1.c7 IS MEDIUM,0.017545878887176514
covtype_binary_20000,19,714,layer_1,83,c1: ka_concept_1.c7 IS HIGH,0.017393339425325394
covtype_binary_20000,19,715,layer_0,359,c5: Wilderness_Area_3 IS present,0.017282836139202118
covtype_binary_20000,19,716,layer_1,64,c1: ka_concept_1.c1 IS MEDIUM,0.017223503440618515
covtype_binary_20000,19,717,layer_0,353,c5: Soil_Type_30 IS present,0.017216484993696213
covtype_binary_20000,19,718,layer_0,194,c3: Wilderness_Area_4 IS present,0.017033202573657036
covtype_binary_20000,19,719,layer_1,230,c3: projection_4 IS HIGH,0.017023738473653793
covtype_binary_20000,19,720,layer_1,256,c4: ka_concept_1.c5 IS MEDIUM,0.016863439232110977
covtype_binary_20000,19,721,layer_0,302,c5: Slope IS HIGH,0.016668204218149185
covtype_binary_20000,19,722,layer_0,57,c0: Wilderness_Area_1 IS absent,0.01653113029897213
covtype_binary_20000,19,723,layer_1,263,c4: ka_concept_1.c7 IS HIGH,0.016494637355208397
covtype_binary_20000,19,724,layer_1,328,c5: ka_concept_1.c9 IS MEDIUM,0.01635162904858589
covtype_binary_20000,19,725,layer_1,283,c4: projection_2 IS MEDIUM,0.016299491748213768
covtype_binary_20000,19,726,layer_1,154,c2: ka_concept_1.c11 IS MEDIUM,0.01628803089261055
covtype_binary_20000,19,727,layer_1,275,c4: ka_concept_1.c11 IS HIGH,0.01608755625784397
covtype_binary_20000,19,728,layer_0,314,c5: Wilderness_Area_1 IS present,0.015966925770044327
covtype_binary_20000,19,729,projection_layer,3,"pursuit_1(Elevation, Vertical_Distance_To_Hydrology, Soil_Type_40, Soil_Type_6) IS LOW",0.015600789338350296
covtype_binary_20000,19,730,layer_1,184,c3: ka_concept_1.c1 IS MEDIUM,0.015539681538939476
covtype_binary_20000,19,731,layer_1,156,c2: projection_0 IS LOW,0.015396717004477978
covtype_binary_20000,19,732,layer_1,33,c0: ka_concept_1.c11 IS LOW,0.014850102365016937
covtype_binary_20000,19,733,layer_1,61,c1: ka_concept_1.c0 IS MEDIUM,0.014798296615481377
covtype_binary_20000,19,734,layer_1,344,c5: projection_2 IS HIGH,0.014747923240065575
covtype_binary_20000,19,735,layer_1,99,c1: projection_1 IS LOW,0.014659418724477291
covtype_binary_20000,19,736,layer_1,58,c0: projection_7 IS MEDIUM,0.014573163352906704
covtype_binary_20000,19,737,layer_1,175,c2: projection_6 IS MEDIUM,0.014398518018424511
covtype_binary_20000,19,738,layer_0,635,c10: Soil_Type_18 IS present,0.014162040315568447
covtype_binary_20000,19,739,layer_0,326,c5: Soil_Type_13 IS present,0.014146738685667515
covtype_binary_20000,19,740,layer_1,278,c4: projection_0 IS HIGH,0.014068285934627056
covtype_binary_20000,19,741,layer_0,185,c3: Wilderness_Area_3 IS present,0.013954738155007362
covtype_binary_20000,19,742,layer_1,113,c1: projection_5 IS HIGH,0.013868384063243866
covtype_binary_20000,19,743,layer_1,45,c0: projection_3 IS LOW,0.013853560201823711
covtype_binary_20000,19,744,layer_1,34,c0: ka_concept_1.c11 IS MEDIUM,0.013825653120875359
covtype_binary_20000,19,745,layer_0,336,c5: Hillshade_3pm IS LOW,0.013762855902314186
covtype_binary_20000,19,746,layer_1,179,c2: projection_7 IS HIGH,0.01376090757548809
covtype_binary_20000,19,747,layer_1,2,c0: ka_concept_1.c0 IS HIGH,0.013450865633785725
covtype_binary_20000,19,748,layer_0,443,c7: Wilderness_Area_2 IS present,0.013338470831513405
covtype_binary_20000,19,749,layer_1,350,c5: projection_4 IS HIGH,0.012919558212161064
covtype_binary_20000,19,750,layer_1,66,c1: ka_concept_1.c2 IS LOW,0.012706151232123375
covtype_binary_20000,19,751,layer_1,7,c0: ka_concept_1.c2 IS MEDIUM,0.012690297327935696
covtype_binary_20000,19,752,layer_1,84,c1: ka_concept_1.c8 IS LOW,0.012596645392477512
covtype_binary_20000,19,753,layer_1,359,c5: projection_7 IS HIGH,0.012594581581652164
covtype_binary_20000,19,754,layer_0,317,c5: Soil_Type_2 IS present,0.012367063201963902
covtype_binary_20000,19,755,layer_0,233,c3: Soil_Type_35 IS present,0.012277409434318542
covtype_binary_20000,19,756,layer_1,291,c4: projection_5 IS LOW,0.012256821617484093
covtype_binary_20000,19,757,layer_1,297,c4: projection_7 IS LOW,0.011987829580903053
covtype_binary_20000,19,758,layer_1,310,c5: ka_concept_1.c3 IS MEDIUM,0.011645233258605003
covtype_binary_20000,19,759,layer_0,50,c0: Wilderness_Area_2 IS present,0.01151236705482006
covtype_binary_20000,19,760,layer_0,431,c7: Vertical_Distance_To_Hydrology IS HIGH,0.011498858220875263
covtype_binary_20000,19,761,layer_1,143,c2: ka_concept_1.c7 IS HIGH,0.011358474381268024
covtype_binary_20000,19,762,layer_0,674,c11: Wilderness_Area_4 IS present,0.01129389088600874
covtype_binary_20000,19,763,layer_1,29,c0: ka_concept_1.c9 IS HIGH,0.011247892864048481
covtype_binary_20000,19,764,layer_1,114,c1: projection_6 IS LOW,0.011074543930590153
covtype_binary_20000,19,765,layer_1,335,c5: ka_concept_1.c11 IS HIGH,0.01105688326060772
covtype_binary_20000,19,766,layer_1,155,c2: ka_concept_1.c11 IS HIGH,0.011038150638341904
covtype_binary_20000,19,767,layer_1,37,c0: projection_0 IS MEDIUM,0.010968063026666641
covtype_binary_20000,19,768,layer_0,21,c0: Wilderness_Area_1 IS absent,0.010963046923279762
covtype_binary_20000,19,769,layer_1,32,c0: ka_concept_1.c10 IS HIGH,0.010957028716802597
covtype_binary_20000,19,770,layer_1,139,c2: ka_concept_1.c6 IS MEDIUM,0.010875045321881771
covtype_binary_20000,19,771,layer_1,55,c0: projection_6 IS MEDIUM,0.010727586224675179
covtype_binary_20000,19,772,layer_1,18,c0: ka_concept_1.c6 IS LOW,0.01072617992758751
covtype_binary_20000,19,773,layer_1,318,c5: ka_concept_1.c6 IS LOW,0.010412143543362617
covtype_binary_20000,19,774,layer_0,494,c8: Wilderness_Area_2 IS present,0.010383866727352142
covtype_binary_20000,19,775,layer_0,653,c10: Soil_Type_34 IS present,0.010171035304665565
covtype_binary_20000,19,776,layer_1,353,c5: projection_5 IS HIGH,0.010047021321952343
covtype_binary_20000,19,777,layer_0,428,c7: Soil_Type_13 IS present,0.010024755261838436
covtype_binary_20000,19,778,layer_0,268,c4: Aspect IS MEDIUM,0.010012298822402954
covtype_binary_20000,19,779,layer_1,161,c2: projection_1 IS HIGH,0.009991465136408806
covtype_binary_20000,19,780,layer_0,644,c10: Soil_Type_21 IS present,0.009763410314917564
covtype_binary_20000,19,781,layer_1,325,c5: ka_concept_1.c8 IS MEDIUM,0.009514561854302883
covtype_binary_20000,19,782,layer_0,167,c2: Aspect IS HIGH,0.00943467952311039
covtype_binary_20000,19,783,layer_1,81,c1: ka_concept_1.c7 IS LOW,0.009300676174461842
covtype_binary_20000,19,784,layer_1,312,c5: ka_concept_1.c4 IS LOW,0.009241313673555851
covtype_binary_20000,19,785,layer_1,85,c1: ka_concept_1.c8 IS MEDIUM,0.009066876955330372
covtype_binary_20000,19,786,layer_1,116,c1: projection_6 IS HIGH,0.009053886868059635
covtype_binary_20000,19,787,layer_0,584,c9: Soil_Type_18 IS present,0.00898892991244793
covtype_binary_20000,19,788,layer_1,323,c5: ka_concept_1.c7 IS HIGH,0.008884080685675144
covtype_binary_20000,19,789,layer_0,446,c7: Soil_Type_11 IS present,0.008874346502125263
covtype_binary_20000,19,790,layer_0,430,c7: Vertical_Distance_To_Hydrology IS MEDIUM,0.008809090591967106
covtype_binary_20000,19,791,layer_1,321,c5: ka_concept_1.c7 IS LOW,0.008782441727817059
covtype_binary_20000,19,792,layer_1,6,c0: ka_concept_1.c2 IS LOW,0.008677511475980282
covtype_binary_20000,19,793,layer_0,344,c5: Soil_Type_11 IS present,0.008541041053831577
covtype_binary_20000,19,794,layer_1,176,c2: projection_6 IS HIGH,0.008468206971883774
covtype_binary_20000,19,795,layer_0,74,c1: Wilderness_Area_1 IS present,0.008339137770235538
covtype_binary_20000,19,796,layer_1,70,c1: ka_concept_1.c3 IS MEDIUM,0.008333808742463589
covtype_binary_20000,19,797,layer_1,98,c1: projection_0 IS HIGH,0.008302582427859306
covtype_binary_20000,19,798,layer_1,38,c0: projection_0 IS HIGH,0.008292954415082932
covtype_binary_20000,19,799,layer_0,416,c6: Horizontal_Distance_To_Hydrology IS HIGH,0.008180314674973488
covtype_binary_20000,19,800,layer_1,136,c2: ka_concept_1.c5 IS MEDIUM,0.008083854801952839
covtype_binary_20000,19,801,layer_1,190,c3: ka_concept_1.c3 IS MEDIUM,0.008065162226557732
covtype_binary_20000,19,802,layer_1,299,c4: projection_7 IS HIGH,0.008055025711655617
covtype_binary_20000,19,803,layer_0,152,c2: Wilderness_Area_2 IS present,0.00801093876361847
covtype_binary_20000,19,804,layer_1,252,c4: ka_concept_1.c4 IS LOW,0.007928017526865005
covtype_binary_20000,19,805,projection_layer,14,"pursuit_4(Horizontal_Distance_To_Hydrology, Soil_Type_22, Soil_Type_30, Soil_Type_35) IS HIGH",0.007806871552020311
covtype_binary_20000,19,806,layer_1,21,c0: ka_concept_1.c7 IS LOW,0.007737333420664072
covtype_binary_20000,19,807,layer_1,23,c0: ka_concept_1.c7 IS HIGH,0.007650868501514196
covtype_binary_20000,19,808,layer_1,8,c0: ka_concept_1.c2 IS HIGH,0.007598246447741985
covtype_binary_20000,19,809,layer_1,208,c3: ka_concept_1.c9 IS MEDIUM,0.007535406854003668
covtype_binary_20000,19,810,layer_1,1,c0: ka_concept_1.c0 IS MEDIUM,0.007403732277452946
covtype_binary_20000,19,811,layer_1,5,c0: ka_concept_1.c1 IS HIGH,0.007374691776931286
covtype_binary_20000,19,812,layer_1,95,c1: ka_concept_1.c11 IS HIGH,0.007062155287712812
covtype_binary_20000,19,813,layer_1,228,c3: projection_4 IS LOW,0.00703183189034462
covtype_binary_20000,19,814,layer_1,319,c5: ka_concept_1.c6 IS MEDIUM,0.006908377166837454
covtype_binary_20000,19,815,layer_1,119,c1: projection_7 IS HIGH,0.006640036124736071
covtype_binary_20000,19,816,layer_0,263,c4: Wilderness_Area_1 IS present,0.0065888576209545135
covtype_binary_20000,19,817,layer_1,141,c2: ka_concept_1.c7 IS LOW,0.0065544587559998035
covtype_binary_20000,19,818,projection_layer,19,"pursuit_6(Horizontal_Distance_To_Roadways, Soil_Type_38, Wilderness_Area_2, Soil_Type_18) IS MEDIUM",0.0065202307887375355
covtype_binary_20000,19,819,layer_0,323,c5: Wilderness_Area_3 IS present,0.006510364357382059
covtype_binary_20000,19,820,layer_1,72,c1: ka_concept_1.c4 IS LOW,0.006446882151067257
covtype_binary_20000,19,821,layer_0,392,c6: Wilderness_Area_2 IS present,0.006372567266225815
covtype_binary_20000,19,822,layer_1,87,c1: ka_concept_1.c9 IS LOW,0.006312032695859671
covtype_binary_20000,19,823,layer_1,163,c2: projection_2 IS MEDIUM,0.006296445149928331
covtype_binary_20000,19,824,layer_0,455,c7: Soil_Type_30 IS present,0.006270601414144039
covtype_binary_20000,19,825,layer_0,533,c8: Soil_Type_18 IS present,0.006256096065044403
covtype_binary_20000,19,826,layer_1,20,c0: ka_concept_1.c6 IS HIGH,0.006232896354049444
covtype_binary_20000,19,827,layer_0,530,c8: Wilderness_Area_2 IS present,0.0062222410924732685
covtype_binary_20000,19,828,layer_1,49,c0: projection_4 IS MEDIUM,0.006221577990800142
covtype_binary_20000,19,829,layer_1,203,c3: ka_concept_1.c7 IS HIGH,0.00599747896194458
covtype_binary_20000,19,830,layer_0,341,c5: Wilderness_Area_2 IS present,0.005918992217630148
covtype_binary_20000,19,831,layer_0,386,c6: Soil_Type_35 IS present,0.005787835456430912
covtype_binary_20000,19,832,layer_0,593,c9: Soil_Type_21 IS present,0.005687955301254988
covtype_binary_20000,19,833,layer_1,40,c0: projection_1 IS MEDIUM,0.005498833954334259
covtype_binary_20000,19,834,layer_1,76,c1: ka_concept_1.c5 IS MEDIUM,0.005419459659606218
covtype_binary_20000,19,835,layer_0,448,c7: Horizontal_Distance_To_Fire_Points IS MEDIUM,0.005417704116553068
covtype_binary_20000,19,836,layer_1,110,c1: projection_4 IS HIGH,0.005401745438575745
covtype_binary_20000,19,837,layer_1,250,c4: ka_concept_1.c3 IS MEDIUM,0.005286745261400938
covtype_binary_20000,19,838,layer_0,524,c8: Soil_Type_26 IS present,0.005226119887083769
covtype_binary_20000,19,839,layer_0,605,c10: Wilderness_Area_1 IS present,0.005155556835234165
covtype_binary_20000,19,840,layer_1,28,c0: ka_concept_1.c9 IS MEDIUM,0.005143721122294664
covtype_binary_20000,19,841,layer_1,326,c5: ka_concept_1.c8 IS HIGH,0.005122520960867405
covtype_binary_20000,19,842,layer_1,39,c0: projection_1 IS LOW,0.005096155684441328
covtype_binary_20000,19,843,layer_1,124,c2: ka_concept_1.c1 IS MEDIUM,0.004875115118920803
covtype_binary_20000,19,844,layer_0,444,c7: Soil_Type_11 IS absent,0.004789996426552534
covtype_binary_20000,19,845,layer_1,193,c3: ka_concept_1.c4 IS MEDIUM,0.004755768459290266
covtype_binary_20000,19,846,layer_1,56,c0: projection_6 IS HIGH,0.0047070058062672615
covtype_binary_20000,19,847,layer_0,257,c4: Soil_Type_29 IS present,0.004683714359998703
covtype_binary_20000,19,848,layer_1,100,c1: projection_1 IS MEDIUM,0.004473516251891851
covtype_binary_20000,19,849,layer_1,356,c5: projection_6 IS HIGH,0.004447220358997583
covtype_binary_20000,19,850,layer_1,280,c4: projection_1 IS MEDIUM,0.004363850690424442
covtype_binary_20000,19,851,layer_1,346,c5: projection_3 IS MEDIUM,0.0042725359089672565
covtype_binary_20000,19,852,layer_0,375,c6: Soil_Type_13 IS absent,0.00422277906909585
covtype_binary_20000,19,853,layer_0,626,c10: Soil_Type_26 IS present,0.004071740433573723
covtype_binary_20000,19,854,layer_1,338,c5: projection_0 IS HIGH,0.004030265845358372
covtype_binary_20000,19,855,layer_0,686,c11: Soil_Type_18 IS present,0.003778287908062339
covtype_binary_20000,19,856,layer_0,270,c4: Wilderness_Area_3 IS absent,0.0036462994758039713
covtype_binary_20000,19,857,layer_1,287,c4: projection_3 IS HIGH,0.0035471131559461355
covtype_binary_20000,19,858,layer_0,690,c11: Wilderness_Area_1 IS absent,0.0035107790026813745
covtype_binary_20000,19,859,layer_1,4,c0: ka_concept_1.c1 IS MEDIUM,0.003506737295538187
covtype_binary_20000,19,860,layer_0,704,c11: Soil_Type_34 IS present,0.0033844569697976112
covtype_binary_20000,19,861,layer_0,671,c11: Horizontal_Distance_To_Hydrology IS HIGH,0.003372891340404749
covtype_binary_20000,19,862,layer_0,488,c8: Soil_Type_35 IS present,0.0032596387900412083
covtype_binary_20000,19,863,layer_1,290,c4: projection_4 IS HIGH,0.003009993815794587
covtype_binary_20000,19,864,layer_1,227,c3: projection_3 IS HIGH,0.0029243500903248787
covtype_binary_20000,19,865,layer_1,53,c0: projection_5 IS HIGH,0.0028390989173203707
covtype_binary_20000,19,866,layer_0,245,c4: Wilderness_Area_4 IS present,0.0028051671106368303
covtype_binary_20000,19,867,layer_1,101,c1: projection_1 IS HIGH,0.002756259171292186
covtype_binary_20000,19,868,layer_0,281,c4: Wilderness_Area_4 IS present,0.002748428611084819
covtype_binary_20000,19,869,layer_1,0,c0: ka_concept_1.c0 IS LOW,0.0027190858963876963
covtype_binary_20000,19,870,layer_1,167,c2: projection_3 IS HIGH,0.0026340363547205925
covtype_binary_20000,19,871,layer_1,35,c0: ka_concept_1.c11 IS HIGH,0.0026163686998188496
covtype_binary_20000,19,872,layer_0,695,c11: Soil_Type_21 IS present,0.002503985306248069
covtype_binary_20000,19,873,layer_0,677,c11: Soil_Type_26 IS present,0.0024283085949718952
covtype_binary_20000,19,874,layer_1,19,c0: ka_concept_1.c6 IS MEDIUM,0.0024090074002742767
covtype_binary_20000,19,875,layer_1,221,c3: projection_1 IS HIGH,0.0024057154078036547
covtype_binary_20000,19,876,layer_1,43,c0: projection_2 IS MEDIUM,0.002386918291449547
covtype_binary_20000,19,877,layer_0,305,c5: Wilderness_Area_2 IS present,0.002356873592361808
covtype_binary_20000,19,878,layer_1,94,c1: ka_concept_1.c11 IS MEDIUM,0.0023331930860877037
covtype_binary_20000,19,879,layer_1,24,c0: ka_concept_1.c8 IS LOW,0.0023082648403942585
covtype_binary_20000,19,880,layer_1,22,c0: ka_concept_1.c7 IS MEDIUM,0.0019517457112669945
covtype_binary_20000,19,881,layer_1,160,c2: projection_1 IS MEDIUM,0.0019107222324237227
covtype_binary_20000,19,882,layer_1,44,c0: projection_2 IS HIGH,0.0017279591411352158
covtype_binary_20000,19,883,layer_1,133,c2: ka_concept_1.c4 IS MEDIUM,0.0017259365413337946
covtype_binary_20000,19,884,layer_1,266,c4: ka_concept_1.c8 IS HIGH,0.0017219363944604993
covtype_binary_20000,19,885,layer_1,215,c3: ka_concept_1.c11 IS HIGH,0.001661007758229971
covtype_binary_20000,19,886,layer_1,313,c5: ka_concept_1.c4 IS MEDIUM,0.001627484685741365
covtype_binary_20000,19,887,layer_0,437,c7: Soil_Type_35 IS present,0.0016228026943281293
covtype_binary_20000,19,888,layer_0,473,c7: Soil_Type_26 IS present,0.0016086067771539092
covtype_binary_20000,19,889,layer_1,16,c0: ka_concept_1.c5 IS MEDIUM,0.0015822998248040676
covtype_binary_20000,19,890,layer_1,51,c0: projection_5 IS LOW,0.0015503682661801577
covtype_binary_20000,19,891,layer_0,299,c4: Wilderness_Area_1 IS present,0.0014716516016051173
covtype_binary_20000,19,892,layer_0,227,c3: Vertical_Distance_To_Hydrology IS HIGH,0.0013639723183587193
covtype_binary_20000,19,893,layer_0,329,c5: Vertical_Distance_To_Hydrology IS HIGH,0.0013285588938742876
covtype_binary_20000,19,894,layer_1,12,c0: ka_concept_1.c4 IS LOW,0.0013252991484478116
covtype_binary_20000,19,895,layer_0,575,c9: Soil_Type_26 IS present,0.001308034872636199
covtype_binary_20000,19,896,layer_1,253,c4: ka_concept_1.c4 IS MEDIUM,0.0012787055457010865
covtype_binary_20000,19,897,layer_1,111,c1: projection_5 IS LOW,0.0011290425900369883
covtype_binary_20000,19,898,layer_1,59,c0: projection_7 IS HIGH,0.0010216684313490987
covtype_binary_20000,19,899,layer_1,86,c1: ka_concept_1.c8 IS HIGH,0.0010150073794648051
covtype_binary_20000,19,900,layer_0,335,c5: Soil_Type_35 IS present,0.0010074303718283772
covtype_binary_20000,19,901,layer_0,381,c6: Wilderness_Area_4 IS absent,0.000854529207572341
covtype_binary_20000,19,902,layer_1,54,c0: projection_6 IS LOW,0.0008227736107073724
covtype_binary_20000,19,903,layer_1,27,c0: ka_concept_1.c9 IS LOW,0.0008131378563120961
covtype_binary_20000,19,904,layer_1,50,c0: projection_4 IS HIGH,0.0007782498723827302
covtype_binary_20000,19,905,layer_1,347,c5: projection_3 IS HIGH,0.0007064755773171782
covtype_binary_20000,19,906,layer_1,25,c0: ka_concept_1.c8 IS MEDIUM,0.0006533843115903437
covtype_binary_20000,19,907,layer_0,278,c4: Vertical_Distance_To_Hydrology IS HIGH,0.0006235550390556455
covtype_binary_20000,19,908,layer_1,294,c4: projection_6 IS LOW,0.0006193979643285275
covtype_binary_20000,19,909,layer_1,281,c4: projection_1 IS HIGH,0.0005594270187430084
covtype_binary_20000,19,910,layer_0,266,c4: Soil_Type_2 IS present,0.0004964732797816396
covtype_binary_20000,19,911,layer_1,177,c2: projection_7 IS LOW,0.0004904003581032157
covtype_binary_20000,19,912,layer_0,134,c2: Wilderness_Area_3 IS present,0.000468654150608927
covtype_binary_20000,19,913,layer_1,107,c1: projection_3 IS HIGH,0.00043850450310856104
covtype_binary_20000,19,914,layer_1,137,c2: ka_concept_1.c5 IS HIGH,0.00039795521297492087
covtype_binary_20000,19,915,layer_1,296,c4: projection_6 IS HIGH,0.00037559843622148037
covtype_binary_20000,19,916,layer_1,317,c5: ka_concept_1.c5 IS HIGH,0.0003652373852673918
covtype_binary_20000,19,917,layer_1,36,c0: projection_0 IS LOW,0.00032362472848035395
covtype_binary_20000,19,918,layer_1,13,c0: ka_concept_1.c4 IS MEDIUM,0.0002909101312980056
covtype_binary_20000,19,919,layer_1,73,c1: ka_concept_1.c4 IS MEDIUM,0.00028427920187823474
covtype_binary_20000,19,920,layer_1,42,c0: projection_2 IS LOW,0.00028135027969256043
covtype_binary_20000,19,921,layer_0,248,c4: Soil_Type_40 IS present,0.0002661708276718855
covtype_binary_20000,19,922,layer_0,321,c5: Wilderness_Area_3 IS absent,0.00025890168035402894
covtype_binary_20000,19,923,layer_0,254,c4: Wilderness_Area_2 IS present,0.00025059524341486394
covtype_binary_20000,19,924,layer_1,10,c0: ka_concept_1.c3 IS MEDIUM,0.00024834522628225386
covtype_binary_20000,19,925,layer_1,146,c2: ka_concept_1.c8 IS HIGH,0.00017164790187962353
covtype_binary_20000,19,926,layer_1,77,c1: ka_concept_1.c5 IS HIGH,0.00012323938426561654
covtype_binary_20000,19,927,layer_1,26,c0: ka_concept_1.c8 IS HIGH,9.057331044459715e-05
covtype_binary_20000,19,928,layer_0,275,c4: Soil_Type_13 IS present,7.02313773217611e-05
covtype_binary_20000,19,929,layer_1,257,c4: ka_concept_1.c5 IS HIGH,4.239581903675571e-05
covtype_binary_20000,19,930,layer_1,41,c0: projection_1 IS HIGH,3.8449295971076936e-05
covtype_binary_20000,19,931,layer_1,47,c0: projection_3 IS HIGH,3.0358287403942086e-05
covtype_binary_20000,19,932,projection_layer,4,"pursuit_1(Elevation, Vertical_Distance_To_Hydrology, Soil_Type_40, Soil_Type_6) IS MEDIUM",1.1807881492131855e-05
covtype_binary_20000,19,933,projection_layer,11,"pursuit_3(Slope, Soil_Type_12, Soil_Type_13, Soil_Type_1) IS HIGH",5.361482635635184e-06
covtype_binary_20000,19,934,layer_1,134,c2: ka_concept_1.c4 IS HIGH,3.034955398106831e-07
covtype_binary_20000,19,935,layer_1,194,c3: ka_concept_1.c4 IS HIGH,2.9395880574156763e-07
covtype_binary_20000,19,936,layer_1,197,c3: ka_concept_1.c5 IS HIGH,1.8990526484685688e-07
covtype_binary_20000,29,1,projection_layer,6,"pursuit_2(Hillshade_Noon, Wilderness_Area_4, Soil_Type_23, Soil_Type_11) IS LOW",3.7846128940582275
covtype_binary_20000,29,2,layer_0,250,c4: Elevation IS MEDIUM,3.360764265060425
covtype_binary_20000,29,3,layer_0,249,c4: Elevation IS LOW,3.207977294921875
covtype_binary_20000,29,4,layer_0,96,c1: Elevation IS LOW,3.052614688873291
covtype_binary_20000,29,5,layer_0,147,c2: Elevation IS LOW,2.720996856689453
covtype_binary_20000,29,6,layer_0,300,c5: Elevation IS LOW,2.174713611602783
covtype_binary_20000,29,7,layer_0,199,c3: Elevation IS MEDIUM,2.095951557159424
covtype_binary_20000,29,8,layer_0,251,c4: Elevation IS HIGH,2.0733001232147217
covtype_binary_20000,29,9,layer_0,594,c9: Elevation IS LOW,2.005955696105957
covtype_binary_20000,29,10,layer_0,148,c2: Elevation IS MEDIUM,1.9248870611190796
covtype_binary_20000,29,11,layer_0,301,c5: Elevation IS MEDIUM,1.8995393514633179
covtype_binary_20000,29,12,layer_0,97,c1: Elevation IS MEDIUM,1.6419055461883545
covtype_binary_20000,29,13,layer_0,62,c1: Hillshade_Noon IS HIGH,1.6199064254760742
covtype_binary_20000,29,14,layer_0,46,c0: Elevation IS MEDIUM,1.6193561553955078
covtype_binary_20000,29,15,layer_0,198,c3: Elevation IS LOW,1.5584700107574463
covtype_binary_20000,29,16,layer_0,259,c4: Horizontal_Distance_To_Roadways IS MEDIUM,1.4575423002243042
covtype_binary_20000,29,17,layer_0,346,c5: Horizontal_Distance_To_Fire_Points IS MEDIUM,1.3803706169128418
covtype_binary_20000,29,18,layer_0,98,c1: Elevation IS HIGH,1.3471746444702148
covtype_binary_20000,29,19,layer_0,157,c2: Horizontal_Distance_To_Roadways IS MEDIUM,1.3294132947921753
covtype_binary_20000,29,20,layer_0,45,c0: Elevation IS LOW,1.2813055515289307
covtype_binary_20000,29,21,layer_0,595,c9: Elevation IS MEDIUM,1.2172824144363403
covtype_binary_20000,29,22,layer_0,567,c9: Horizontal_Distance_To_Hydrology IS LOW,1.1931105852127075
covtype_binary_20000,29,23,layer_0,310,c5: Horizontal_Distance_To_Roadways IS MEDIUM,1.1625044345855713
covtype_binary_20000,29,24,layer_0,302,c5: Elevation IS HIGH,1.1381404399871826
covtype_binary_20000,29,25,layer_0,120,c2: Horizontal_Distance_To_Hydrology IS LOW,1.065158486366272
covtype_binary_20000,29,26,layer_0,18,c0: Horizontal_Distance_To_Hydrology IS LOW,1.0646575689315796
covtype_binary_20000,29,27,layer_0,69,c1: Horizontal_Distance_To_Hydrology IS LOW,1.0588130950927734
covtype_binary_20000,29,28,layer_0,115,c1: Aspect IS MEDIUM,1.0386340618133545
covtype_binary_20000,29,29,layer_0,282,c4: Soil_Type_4 IS absent,0.9610397815704346
covtype_binary_20000,29,30,layer_0,88,c1: Slope IS MEDIUM,0.9181933403015137
covtype_binary_20000,29,31,layer_0,645,c10: Elevation IS LOW,0.904607892036438
covtype_binary_20000,29,32,layer_0,295,c4: Horizontal_Distance_To_Fire_Points IS MEDIUM,0.9041717648506165
covtype_binary_20000,29,33,layer_0,84,c1: Soil_Type_22 IS absent,0.8764328360557556
covtype_binary_20000,29,34,layer_0,267,c4: Aspect IS LOW,0.8423978090286255
covtype_binary_20000,29,35,layer_0,149,c2: Elevation IS HIGH,0.8284801244735718
covtype_binary_20000,29,36,projection_layer,15,"pursuit_5(Hillshade_9am, Wilderness_Area_1, Soil_Type_10, Soil_Type_32) IS LOW",0.8181339502334595
covtype_binary_20000,29,37,layer_0,75,c1: Soil_Type_38 IS absent,0.8091793060302734
covtype_binary_20000,29,38,layer_0,361,c6: Horizontal_Distance_To_Roadways IS MEDIUM,0.7875170707702637
covtype_binary_20000,29,39,layer_0,287,c4: Hillshade_3pm IS HIGH,0.7807756066322327
covtype_binary_20000,29,40,layer_0,131,c2: Hillshade_9am IS HIGH,0.7672063708305359
covtype_binary_20000,29,41,layer_0,166,c2: Aspect IS MEDIUM,0.7657452821731567
covtype_binary_20000,29,42,layer_0,260,c4: Horizontal_Distance_To_Roadways IS HIGH,0.7490867376327515
covtype_binary_20000,29,43,layer_0,306,c5: Soil_Type_13 IS absent,0.741191565990448
covtype_binary_20000,29,44,layer_0,696,c11: Elevation IS LOW,0.7327014803886414
covtype_binary_20000,29,45,layer_0,333,c5: Soil_Type_4 IS absent,0.7316519618034363
covtype_binary_20000,29,46,layer_0,646,c10: Elevation IS MEDIUM,0.7199684977531433
covtype_binary_20000,29,47,layer_0,158,c2: Horizontal_Distance_To_Roadways IS HIGH,0.7132841944694519
covtype_binary_20000,29,48,layer_0,351,c5: Soil_Type_11 IS absent,0.6939113140106201
covtype_binary_20000,29,49,layer_0,6,c0: Soil_Type_12 IS absent,0.6894673705101013
covtype_binary_20000,29,50,layer_0,582,c9: Soil_Type_30 IS absent,0.6893984079360962
covtype_binary_20000,29,51,layer_0,106,c1: Horizontal_Distance_To_Roadways IS MEDIUM,0.6808906197547913
covtype_binary_20000,29,52,layer_0,362,c6: Horizontal_Distance_To_Roadways IS HIGH,0.6706556081771851
covtype_binary_20000,29,53,layer_0,286,c4: Hillshade_3pm IS MEDIUM,0.667822003364563
covtype_binary_20000,29,54,layer_0,318,c5: Aspect IS LOW,0.6617221832275391
covtype_binary_20000,29,55,layer_0,241,c4: Slope IS MEDIUM,0.6613720059394836
covtype_binary_20000,29,56,layer_0,560,c9: Hillshade_Noon IS HIGH,0.6610044240951538
covtype_binary_20000,29,57,layer_0,596,c9: Elevation IS HIGH,0.6593126058578491
covtype_binary_20000,29,58,layer_0,294,c4: Horizontal_Distance_To_Fire_Points IS LOW,0.6509909629821777
covtype_binary_20000,29,59,layer_0,273,c4: Soil_Type_35 IS absent,0.6459883451461792
covtype_binary_20000,29,60,layer_0,414,c6: Horizontal_Distance_To_Hydrology IS LOW,0.6332830786705017
covtype_binary_20000,29,61,layer_0,324,c5: Soil_Type_35 IS absent,0.6232476830482483
covtype_binary_20000,29,62,layer_0,47,c0: Elevation IS HIGH,0.6090644598007202
covtype_binary_20000,29,63,layer_0,255,c4: Soil_Type_13 IS absent,0.6024590730667114
covtype_binary_20000,29,64,layer_0,66,c1: Soil_Type_39 IS absent,0.5985167026519775
covtype_binary_20000,29,65,layer_0,236,c3: Hillshade_3pm IS HIGH,0.5918722152709961
covtype_binary_20000,29,66,layer_0,396,c6: Horizontal_Distance_To_Fire_Points IS LOW,0.5804822444915771
covtype_binary_20000,29,67,layer_0,140,c2: Slope IS HIGH,0.5784953832626343
covtype_binary_20000,29,68,layer_0,126,c2: Soil_Type_38 IS absent,0.573559582233429
covtype_binary_20000,29,69,layer_0,55,c0: Horizontal_Distance_To_Roadways IS MEDIUM,0.5699220299720764
covtype_binary_20000,29,70,layer_0,447,c7: Horizontal_Distance_To_Fire_Points IS LOW,0.5667413473129272
covtype_binary_20000,29,71,layer_0,213,c3: Soil_Type_29 IS absent,0.5655323266983032
covtype_binary_20000,29,72,layer_0,345,c5: Horizontal_Distance_To_Fire_Points IS LOW,0.5642990469932556
covtype_binary_20000,29,73,layer_0,162,c2: Soil_Type_29 IS absent,0.5619996786117554
covtype_binary_20000,29,74,layer_0,217,c3: Aspect IS MEDIUM,0.5608712434768677
covtype_binary_20000,29,75,layer_0,1,c0: Horizontal_Distance_To_Fire_Points IS MEDIUM,0.5572634339332581
covtype_binary_20000,29,76,layer_0,279,c4: Wilderness_Area_4 IS absent,0.5538784861564636
covtype_binary_20000,29,77,layer_0,421,c7: Aspect IS MEDIUM,0.5532780885696411
covtype_binary_20000,29,78,layer_0,80,c1: Hillshade_9am IS HIGH,0.5530902743339539
covtype_binary_20000,29,79,layer_0,144,c2: Soil_Type_40 IS absent,0.5459892749786377
covtype_binary_20000,29,80,layer_0,102,c1: Soil_Type_13 IS absent,0.5454025864601135
covtype_binary_20000,29,81,layer_0,0,c0: Horizontal_Distance_To_Fire_Points IS LOW,0.5444834232330322
covtype_binary_20000,29,82,layer_0,550,c9: Horizontal_Distance_To_Fire_Points IS MEDIUM,0.5432640910148621
covtype_binary_20000,29,83,layer_0,342,c5: Soil_Type_2 IS absent,0.5419842004776001
covtype_binary_20000,29,84,layer_0,277,c4: Vertical_Distance_To_Hydrology IS MEDIUM,0.5290595293045044
covtype_binary_20000,29,85,layer_0,435,c7: Soil_Type_4 IS absent,0.5277510285377502
covtype_binary_20000,29,86,layer_0,601,c10: Horizontal_Distance_To_Fire_Points IS MEDIUM,0.5222235321998596
covtype_binary_20000,29,87,projection_layer,23,"pursuit_7(Aspect, Soil_Type_39, Soil_Type_2, Soil_Type_5) IS HIGH",0.5187242031097412
covtype_binary_20000,29,88,layer_0,568,c9: Horizontal_Distance_To_Hydrology IS MEDIUM,0.5170367956161499
covtype_binary_20000,29,89,projection_layer,16,"pursuit_5(Hillshade_9am, Wilderness_Area_1, Soil_Type_10, Soil_Type_32) IS MEDIUM",0.5150029063224792
covtype_binary_20000,29,90,layer_0,498,c8: Horizontal_Distance_To_Fire_Points IS LOW,0.5124881863594055
covtype_binary_20000,29,91,projection_layer,0,"pursuit_0(Horizontal_Distance_To_Fire_Points, Hillshade_3pm, Soil_Type_29, Soil_Type_4) IS LOW",0.5114030838012695
covtype_binary_20000,29,92,layer_0,378,c6: Vertical_Distance_To_Hydrology IS LOW,0.5113797783851624
covtype_binary_20000,29,93,layer_0,231,c3: Soil_Type_4 IS absent,0.5056315660476685
covtype_binary_20000,29,94,projection_layer,8,"pursuit_2(Hillshade_Noon, Wilderness_Area_4, Soil_Type_23, Soil_Type_11) IS HIGH",0.5030414462089539
covtype_binary_20000,29,95,layer_0,697,c11: Elevation IS MEDIUM,0.4971610903739929
covtype_binary_20000,29,96,layer_0,573,c9: Soil_Type_18 IS absent,0.4930233061313629
covtype_binary_20000,29,97,layer_0,60,c1: Hillshade_Noon IS LOW,0.48839429020881653
covtype_binary_20000,29,98,projection_layer,22,"pursuit_7(Aspect, Soil_Type_39, Soil_Type_2, Soil_Type_5) IS MEDIUM",0.4745863378047943
covtype_binary_20000,29,99,layer_0,174,c2: Vertical_Distance_To_Hydrology IS LOW,0.4691489338874817
covtype_binary_20000,29,100,layer_0,9,c0: Hillshade_Noon IS LOW,0.4632119834423065
covtype_binary_20000,29,101,layer_0,182,c3: Hillshade_9am IS HIGH,0.4551578760147095
covtype_binary_20000,29,102,layer_0,200,c3: Elevation IS HIGH,0.4478580057621002
covtype_binary_20000,29,103,layer_0,209,c3: Horizontal_Distance_To_Roadways IS HIGH,0.44304159283638
covtype_binary_20000,29,104,layer_0,458,c7: Hillshade_Noon IS HIGH,0.4406869411468506
covtype_binary_20000,29,105,layer_0,669,c11: Horizontal_Distance_To_Hydrology IS LOW,0.4403420388698578
covtype_binary_20000,29,106,layer_0,139,c2: Slope IS MEDIUM,0.4355117082595825
covtype_binary_20000,29,107,layer_0,171,c2: Soil_Type_35 IS absent,0.43473535776138306
covtype_binary_20000,29,108,layer_0,309,c5: Horizontal_Distance_To_Roadways IS LOW,0.42491471767425537
covtype_binary_20000,29,109,layer_0,107,c1: Horizontal_Distance_To_Roadways IS HIGH,0.4167437255382538
covtype_binary_20000,29,110,layer_0,186,c3: Soil_Type_22 IS absent,0.41618192195892334
covtype_binary_20000,29,111,layer_0,315,c5: Soil_Type_29 IS absent,0.4153824746608734
covtype_binary_20000,29,112,layer_0,303,c5: Wilderness_Area_2 IS absent,0.4108963906764984
covtype_binary_20000,29,113,layer_0,611,c10: Hillshade_Noon IS HIGH,0.4088270664215088
covtype_binary_20000,29,114,layer_0,516,c8: Horizontal_Distance_To_Hydrology IS LOW,0.4085156321525574
covtype_binary_20000,29,115,projection_layer,12,"pursuit_4(Horizontal_Distance_To_Hydrology, Soil_Type_22, Soil_Type_30, Soil_Type_35) IS LOW",0.4082094728946686
covtype_binary_20000,29,116,layer_0,591,c9: Soil_Type_21 IS absent,0.4044484794139862
covtype_binary_20000,29,117,layer_1,314,c5: ka_concept_1.c4 IS HIGH,0.40405309200286865
covtype_binary_20000,29,118,layer_0,390,c6: Wilderness_Area_2 IS absent,0.40352824330329895
covtype_binary_20000,29,119,layer_0,444,c7: Soil_Type_2 IS absent,0.40150776505470276
covtype_binary_20000,29,120,layer_0,465,c7: Horizontal_Distance_To_Hydrology IS LOW,0.4012565612792969
covtype_binary_20000,29,121,layer_0,543,c9: Wilderness_Area_2 IS absent,0.39935818314552307
covtype_binary_20000,29,122,layer_0,558,c9: Hillshade_Noon IS LOW,0.398872971534729
covtype_binary_20000,29,123,layer_0,252,c4: Wilderness_Area_2 IS absent,0.39824625849723816
covtype_binary_20000,29,124,layer_0,586,c9: Slope IS MEDIUM,0.3904796242713928
covtype_binary_20000,29,125,layer_0,181,c3: Hillshade_9am IS MEDIUM,0.3898685574531555
covtype_binary_20000,29,126,layer_0,61,c1: Hillshade_Noon IS MEDIUM,0.38874563574790955
covtype_binary_20000,29,127,layer_0,208,c3: Horizontal_Distance_To_Roadways IS MEDIUM,0.3885459005832672
covtype_binary_20000,29,128,layer_0,330,c5: Wilderness_Area_4 IS absent,0.38718441128730774
covtype_binary_20000,29,129,projection_layer,20,"pursuit_6(Horizontal_Distance_To_Roadways, Soil_Type_38, Wilderness_Area_2, Soil_Type_18) IS HIGH",0.3841937780380249
covtype_binary_20000,29,130,layer_1,303,c5: ka_concept_1.c1 IS LOW,0.3833099901676178
covtype_binary_20000,29,131,layer_0,357,c5: Wilderness_Area_3 IS absent,0.3817267119884491
covtype_binary_20000,29,132,layer_0,235,c3: Hillshade_3pm IS MEDIUM,0.3808347284793854
covtype_binary_20000,29,133,layer_0,453,c7: Soil_Type_11 IS absent,0.3709867298603058
covtype_binary_20000,29,134,layer_0,79,c1: Hillshade_9am IS MEDIUM,0.36814746260643005
covtype_binary_20000,29,135,layer_0,258,c4: Horizontal_Distance_To_Roadways IS LOW,0.3654461205005646
covtype_binary_20000,29,136,layer_0,706,c11: Horizontal_Distance_To_Roadways IS MEDIUM,0.3641764223575592
covtype_binary_20000,29,137,layer_0,348,c5: Wilderness_Area_1 IS absent,0.36375537514686584
covtype_binary_20000,29,138,layer_0,397,c6: Horizontal_Distance_To_Fire_Points IS MEDIUM,0.3623661696910858
covtype_binary_20000,29,139,layer_0,587,c9: Slope IS HIGH,0.3618421256542206
covtype_binary_20000,29,140,layer_0,618,c10: Horizontal_Distance_To_Hydrology IS LOW,0.3604198694229126
covtype_binary_20000,29,141,layer_0,432,c7: Wilderness_Area_4 IS absent,0.3598214387893677
covtype_binary_20000,29,142,layer_0,647,c10: Elevation IS HIGH,0.35522913932800293
covtype_binary_20000,29,143,layer_1,194,c3: ka_concept_1.c4 IS HIGH,0.35472360253334045
covtype_binary_20000,29,144,layer_0,63,c1: Wilderness_Area_2 IS absent,0.35284727811813354
covtype_binary_20000,29,145,layer_0,190,c3: Slope IS MEDIUM,0.3515227138996124
covtype_binary_20000,29,146,layer_0,108,c1: Wilderness_Area_1 IS absent,0.35144874453544617
covtype_binary_20000,29,147,layer_0,268,c4: Aspect IS MEDIUM,0.3507334887981415
covtype_binary_20000,29,148,layer_0,531,c8: Soil_Type_30 IS absent,0.3452218770980835
covtype_binary_20000,29,149,layer_0,393,c6: Soil_Type_2 IS absent,0.34463033080101013
covtype_binary_20000,29,150,layer_0,93,c1: Soil_Type_40 IS absent,0.3433367609977722
covtype_binary_20000,29,151,layer_0,579,c9: Wilderness_Area_2 IS absent,0.3429621160030365
covtype_binary_20000,29,152,layer_1,188,c3: ka_concept_1.c2 IS HIGH,0.34274160861968994
covtype_binary_20000,29,153,layer_0,81,c1: Wilderness_Area_3 IS absent,0.3412500321865082
covtype_binary_20000,29,154,layer_1,183,c3: ka_concept_1.c1 IS LOW,0.3406502604484558
covtype_binary_20000,29,155,layer_0,381,c6: Wilderness_Area_4 IS absent,0.3403722047805786
covtype_binary_20000,29,156,layer_0,448,c7: Horizontal_Distance_To_Fire_Points IS MEDIUM,0.33992013335227966
covtype_binary_20000,29,157,layer_0,546,c9: Soil_Type_2 IS absent,0.33875772356987
covtype_binary_20000,29,158,layer_0,542,c9: Hillshade_3pm IS HIGH,0.33665481209754944
covtype_binary_20000,29,159,layer_0,243,c4: Wilderness_Area_4 IS absent,0.33652830123901367
covtype_binary_20000,29,160,layer_0,246,c4: Soil_Type_40 IS absent,0.33557599782943726
covtype_binary_20000,29,161,layer_0,359,c5: Wilderness_Area_3 IS present,0.33089369535446167
covtype_binary_20000,29,162,layer_1,14,c0: ka_concept_1.c4 IS HIGH,0.3306857943534851
covtype_binary_20000,29,163,layer_0,207,c3: Horizontal_Distance_To_Roadways IS LOW,0.33032724261283875
covtype_binary_20000,29,164,layer_0,327,c5: Vertical_Distance_To_Hydrology IS LOW,0.327435702085495
covtype_binary_20000,29,165,layer_0,321,c5: Wilderness_Area_3 IS absent,0.3268081545829773
covtype_binary_20000,29,166,layer_0,285,c4: Hillshade_3pm IS LOW,0.32359200716018677
covtype_binary_20000,29,167,layer_0,441,c7: Wilderness_Area_2 IS absent,0.3228099048137665
covtype_binary_20000,29,168,layer_0,134,c2: Wilderness_Area_3 IS present,0.3218137323856354
covtype_binary_20000,29,169,layer_0,360,c6: Horizontal_Distance_To_Roadways IS LOW,0.3190794587135315
covtype_binary_20000,29,170,projection_layer,11,"pursuit_3(Slope, Soil_Type_12, Soil_Type_13, Soil_Type_1) IS HIGH",0.318722128868103
covtype_binary_20000,29,171,layer_0,450,c7: Wilderness_Area_1 IS absent,0.3187194764614105
covtype_binary_20000,29,172,layer_0,56,c0: Horizontal_Distance_To_Roadways IS HIGH,0.31815746426582336
covtype_binary_20000,29,173,layer_0,296,c4: Horizontal_Distance_To_Fire_Points IS HIGH,0.31484681367874146
covtype_binary_20000,29,174,layer_0,462,c7: Soil_Type_26 IS absent,0.31253528594970703
covtype_binary_20000,29,175,layer_0,323,c5: Wilderness_Area_3 IS present,0.30809831619262695
covtype_binary_20000,29,176,layer_0,311,c5: Horizontal_Distance_To_Roadways IS HIGH,0.3072030544281006
covtype_binary_20000,29,177,layer_0,38,c0: Slope IS HIGH,0.3020874559879303
covtype_binary_20000,29,178,layer_0,105,c1: Horizontal_Distance_To_Roadways IS LOW,0.2952668070793152
covtype_binary_20000,29,179,layer_0,366,c6: Soil_Type_29 IS absent,0.2870047986507416
covtype_binary_20000,29,180,layer_0,170,c2: Wilderness_Area_3 IS present,0.2865358591079712
covtype_binary_20000,29,181,layer_0,57,c0: Wilderness_Area_1 IS absent,0.28375184535980225
covtype_binary_20000,29,182,layer_0,83,c1: Wilderness_Area_3 IS present,0.28337332606315613
covtype_binary_20000,29,183,layer_0,225,c3: Vertical_Distance_To_Hydrology IS LOW,0.2816772162914276
covtype_binary_20000,29,184,projection_layer,19,"pursuit_6(Horizontal_Distance_To_Roadways, Soil_Type_38, Wilderness_Area_2, Soil_Type_18) IS MEDIUM",0.2786591649055481
covtype_binary_20000,29,185,layer_0,204,c3: Soil_Type_13 IS absent,0.27745959162712097
covtype_binary_20000,29,186,layer_0,11,c0: Hillshade_Noon IS HIGH,0.2743719518184662
covtype_binary_20000,29,187,layer_0,30,c0: Wilderness_Area_3 IS absent,0.2742692232131958
covtype_binary_20000,29,188,layer_0,535,c8: Slope IS MEDIUM,0.27198290824890137
covtype_binary_20000,29,189,layer_0,12,c0: Wilderness_Area_2 IS absent,0.26789674162864685
covtype_binary_20000,29,190,layer_0,715,c11: Aspect IS MEDIUM,0.2677960991859436
covtype_binary_20000,29,191,layer_1,316,c5: ka_concept_1.c5 IS MEDIUM,0.26597702503204346
covtype_binary_20000,29,192,layer_0,452,c7: Wilderness_Area_1 IS present,0.2649458348751068
covtype_binary_20000,29,193,layer_0,698,c11: Elevation IS HIGH,0.26208969950675964
covtype_binary_20000,29,194,layer_1,15,c0: ka_concept_1.c5 IS LOW,0.26095008850097656
covtype_binary_20000,29,195,layer_0,129,c2: Hillshade_9am IS LOW,0.259024053812027
covtype_binary_20000,29,196,layer_0,688,c11: Slope IS MEDIUM,0.25707247853279114
covtype_binary_20000,29,197,layer_0,384,c6: Soil_Type_4 IS absent,0.2563472390174866
covtype_binary_20000,29,198,layer_0,242,c4: Slope IS HIGH,0.2548745572566986
covtype_binary_20000,29,199,layer_0,15,c0: Soil_Type_39 IS absent,0.25397342443466187
covtype_binary_20000,29,200,layer_0,33,c0: Soil_Type_22 IS absent,0.25341182947158813
covtype_binary_20000,29,201,layer_0,415,c6: Horizontal_Distance_To_Hydrology IS MEDIUM,0.2528608739376068
covtype_binary_20000,29,202,layer_0,51,c0: Soil_Type_13 IS absent,0.2473493218421936
covtype_binary_20000,29,203,layer_0,389,c6: Hillshade_3pm IS HIGH,0.24671578407287598
covtype_binary_20000,29,204,projection_layer,9,"pursuit_3(Slope, Soil_Type_12, Soil_Type_13, Soil_Type_1) IS LOW",0.2465747892856598
covtype_binary_20000,29,205,layer_0,549,c9: Horizontal_Distance_To_Fire_Points IS LOW,0.24654342234134674
covtype_binary_20000,29,206,layer_0,456,c7: Hillshade_Noon IS LOW,0.24496909976005554
covtype_binary_20000,29,207,layer_1,3,c0: ka_concept_1.c1 IS LOW,0.24441415071487427
covtype_binary_20000,29,208,layer_0,117,c1: Wilderness_Area_3 IS absent,0.24379171431064606
covtype_binary_20000,29,209,layer_0,477,c7: Wilderness_Area_2 IS absent,0.24337394535541534
covtype_binary_20000,29,210,layer_1,8,c0: ka_concept_1.c2 IS HIGH,0.23999027907848358
covtype_binary_20000,29,211,layer_0,212,c3: Wilderness_Area_1 IS present,0.2395649403333664
covtype_binary_20000,29,212,layer_0,576,c9: Hillshade_9am IS LOW,0.23940850794315338
covtype_binary_20000,29,213,layer_0,110,c1: Wilderness_Area_1 IS present,0.2369225025177002
covtype_binary_20000,29,214,projection_layer,7,"pursuit_2(Hillshade_Noon, Wilderness_Area_4, Soil_Type_23, Soil_Type_11) IS MEDIUM",0.23503462970256805
covtype_binary_20000,29,215,layer_0,89,c1: Slope IS HIGH,0.2330867052078247
covtype_binary_20000,29,216,layer_0,717,c11: Wilderness_Area_2 IS absent,0.2324964851140976
covtype_binary_20000,29,217,layer_1,351,c5: projection_5 IS LOW,0.22944645583629608
covtype_binary_20000,29,218,projection_layer,1,"pursuit_0(Horizontal_Distance_To_Fire_Points, Hillshade_3pm, Soil_Type_29, Soil_Type_4) IS MEDIUM",0.2294350415468216
covtype_binary_20000,29,219,layer_1,196,c3: ka_concept_1.c5 IS MEDIUM,0.2279687076807022
covtype_binary_20000,29,220,layer_0,111,c1: Soil_Type_29 IS absent,0.22767116129398346
covtype_binary_20000,29,221,layer_0,210,c3: Wilderness_Area_1 IS absent,0.22665320336818695
covtype_binary_20000,29,222,layer_0,475,c7: Hillshade_9am IS MEDIUM,0.22373053431510925
covtype_binary_20000,29,223,layer_1,198,c3: ka_concept_1.c6 IS LOW,0.2235497236251831
covtype_binary_20000,29,224,layer_0,218,c3: Aspect IS HIGH,0.2234193980693817
covtype_binary_20000,29,225,layer_0,564,c9: Soil_Type_26 IS absent,0.22088265419006348
covtype_binary_20000,29,226,layer_0,177,c2: Wilderness_Area_4 IS absent,0.21963606774806976
covtype_binary_20000,29,227,layer_0,37,c0: Slope IS MEDIUM,0.21883752942085266
covtype_binary_20000,29,228,layer_0,561,c9: Wilderness_Area_3 IS absent,0.21787817776203156
covtype_binary_20000,29,229,layer_0,680,c11: Hillshade_9am IS HIGH,0.21704407036304474
covtype_binary_20000,29,230,layer_0,440,c7: Hillshade_3pm IS HIGH,0.2165396362543106
covtype_binary_20000,29,231,layer_0,263,c4: Wilderness_Area_1 IS present,0.2159339189529419
covtype_binary_20000,29,232,layer_0,681,c11: Wilderness_Area_2 IS absent,0.21519532799720764
covtype_binary_20000,29,233,layer_0,288,c4: Wilderness_Area_2 IS absent,0.2147027552127838
covtype_binary_20000,29,234,layer_0,339,c5: Wilderness_Area_2 IS absent,0.21440693736076355
covtype_binary_20000,29,235,layer_0,156,c2: Horizontal_Distance_To_Roadways IS LOW,0.21436750888824463
covtype_binary_20000,29,236,layer_0,407,c6: Hillshade_Noon IS HIGH,0.21362923085689545
covtype_binary_20000,29,237,layer_0,423,c7: Wilderness_Area_3 IS absent,0.21220800280570984
covtype_binary_20000,29,238,layer_0,527,c8: Hillshade_9am IS HIGH,0.21105818450450897
covtype_binary_20000,29,239,layer_0,153,c2: Soil_Type_13 IS absent,0.21100236475467682
covtype_binary_20000,29,240,layer_0,314,c5: Wilderness_Area_1 IS present,0.20953136682510376
covtype_binary_20000,29,241,layer_0,336,c5: Hillshade_3pm IS LOW,0.20923426747322083
covtype_binary_20000,29,242,layer_0,161,c2: Wilderness_Area_1 IS present,0.20895695686340332
covtype_binary_20000,29,243,layer_0,113,c1: Soil_Type_29 IS present,0.20869921147823334
covtype_binary_20000,29,244,layer_0,609,c10: Hillshade_Noon IS LOW,0.20798295736312866
covtype_binary_20000,29,245,layer_1,51,c0: projection_5 IS LOW,0.2079220414161682
covtype_binary_20000,29,246,layer_0,642,c10: Soil_Type_21 IS absent,0.20737724006175995
covtype_binary_20000,29,247,layer_0,269,c4: Aspect IS HIGH,0.2064540833234787
covtype_binary_20000,29,248,layer_0,662,c11: Hillshade_Noon IS HIGH,0.2055252343416214
covtype_binary_20000,29,249,layer_0,180,c3: Hillshade_9am IS LOW,0.20478253066539764
covtype_binary_20000,29,250,layer_1,9,c0: ka_concept_1.c3 IS LOW,0.2040039449930191
covtype_binary_20000,29,251,layer_1,309,c5: ka_concept_1.c3 IS LOW,0.20336687564849854
covtype_binary_20000,29,252,layer_0,420,c7: Aspect IS LOW,0.2030377984046936
covtype_binary_20000,29,253,layer_0,370,c6: Aspect IS MEDIUM,0.20299039781093597
covtype_binary_20000,29,254,layer_0,264,c4: Soil_Type_29 IS absent,0.2022935152053833
covtype_binary_20000,29,255,layer_0,654,c10: Horizontal_Distance_To_Roadways IS LOW,0.20182226598262787
covtype_binary_20000,29,256,layer_1,195,c3: ka_concept_1.c5 IS LOW,0.201634019613266
covtype_binary_20000,29,257,layer_0,559,c9: Hillshade_Noon IS MEDIUM,0.2008741796016693
covtype_binary_20000,29,258,layer_0,534,c8: Slope IS LOW,0.20065803825855255
covtype_binary_20000,29,259,layer_0,222,c3: Soil_Type_35 IS absent,0.20011065900325775
covtype_binary_20000,29,260,layer_0,619,c10: Horizontal_Distance_To_Hydrology IS MEDIUM,0.19957171380519867
covtype_binary_20000,29,261,layer_0,371,c6: Aspect IS HIGH,0.1993502676486969
covtype_binary_20000,29,262,layer_0,2,c0: Horizontal_Distance_To_Fire_Points IS HIGH,0.1984986513853073
covtype_binary_20000,29,263,layer_1,42,c0: projection_2 IS LOW,0.1964210569858551
covtype_binary_20000,29,264,layer_0,8,c0: Soil_Type_12 IS present,0.19636745750904083
covtype_binary_20000,29,265,layer_1,37,c0: projection_0 IS MEDIUM,0.1950661689043045
covtype_binary_20000,29,266,layer_1,45,c0: projection_3 IS LOW,0.19438397884368896
covtype_binary_20000,29,267,layer_0,130,c2: Hillshade_9am IS MEDIUM,0.19363480806350708
covtype_binary_20000,29,268,layer_0,192,c3: Wilderness_Area_4 IS absent,0.19283398985862732
covtype_binary_20000,29,269,layer_0,637,c10: Slope IS MEDIUM,0.19194535911083221
covtype_binary_20000,29,270,layer_1,202,c3: ka_concept_1.c7 IS MEDIUM,0.1911243051290512
covtype_binary_20000,29,271,layer_0,87,c1: Slope IS LOW,0.18947628140449524
covtype_binary_20000,29,272,layer_0,459,c7: Wilderness_Area_3 IS absent,0.18735085427761078
covtype_binary_20000,29,273,layer_0,651,c10: Soil_Type_28 IS absent,0.18477356433868408
covtype_binary_20000,29,274,layer_1,28,c0: ka_concept_1.c9 IS MEDIUM,0.18411824107170105
covtype_binary_20000,29,275,layer_0,461,c7: Wilderness_Area_3 IS present,0.18369650840759277
covtype_binary_20000,29,276,layer_0,86,c1: Soil_Type_22 IS present,0.18340741097927094
covtype_binary_20000,29,277,layer_0,355,c5: Hillshade_Noon IS MEDIUM,0.18330256640911102
covtype_binary_20000,29,278,layer_1,208,c3: ka_concept_1.c9 IS MEDIUM,0.18202684819698334
covtype_binary_20000,29,279,layer_0,78,c1: Hillshade_9am IS LOW,0.18185357749462128
covtype_binary_20000,29,280,layer_0,29,c0: Hillshade_9am IS HIGH,0.1792740523815155
covtype_binary_20000,29,281,layer_0,10,c0: Hillshade_Noon IS MEDIUM,0.17900775372982025
covtype_binary_20000,29,282,layer_1,193,c3: ka_concept_1.c4 IS MEDIUM,0.1781027466058731
covtype_binary_20000,29,283,layer_0,387,c6: Hillshade_3pm IS LOW,0.17698253691196442
covtype_binary_20000,29,284,layer_0,356,c5: Hillshade_Noon IS HIGH,0.17655253410339355
covtype_binary_20000,29,285,layer_0,679,c11: Hillshade_9am IS MEDIUM,0.17460736632347107
covtype_binary_20000,29,286,layer_0,670,c11: Horizontal_Distance_To_Hydrology IS MEDIUM,0.17447733879089355
covtype_binary_20000,29,287,layer_0,638,c10: Slope IS HIGH,0.1735915094614029
covtype_binary_20000,29,288,layer_1,180,c3: ka_concept_1.c0 IS LOW,0.17045976221561432
covtype_binary_20000,29,289,layer_1,328,c5: ka_concept_1.c9 IS MEDIUM,0.17023004591464996
covtype_binary_20000,29,290,layer_0,135,c2: Soil_Type_22 IS absent,0.16948531568050385
covtype_binary_20000,29,291,layer_0,189,c3: Slope IS LOW,0.1667446345090866
covtype_binary_20000,29,292,layer_0,398,c6: Horizontal_Distance_To_Fire_Points IS HIGH,0.166097030043602
covtype_binary_20000,29,293,layer_0,537,c8: Wilderness_Area_1 IS absent,0.1656523048877716
covtype_binary_20000,29,294,layer_0,119,c1: Wilderness_Area_3 IS present,0.16541022062301636
covtype_binary_20000,29,295,layer_0,388,c6: Hillshade_3pm IS MEDIUM,0.16275231540203094
covtype_binary_20000,29,296,layer_0,185,c3: Wilderness_Area_3 IS present,0.16255097091197968
covtype_binary_20000,29,297,layer_1,321,c5: ka_concept_1.c7 IS LOW,0.16223357617855072
covtype_binary_20000,29,298,layer_0,417,c6: Wilderness_Area_4 IS absent,0.16045363247394562
covtype_binary_20000,29,299,projection_layer,10,"pursuit_3(Slope, Soil_Type_12, Soil_Type_13, Soil_Type_1) IS MEDIUM",0.1601114273071289
covtype_binary_20000,29,300,layer_0,175,c2: Vertical_Distance_To_Hydrology IS MEDIUM,0.15949086844921112
covtype_binary_20000,29,301,layer_1,308,c5: ka_concept_1.c2 IS HIGH,0.15925487875938416
covtype_binary_20000,29,302,layer_1,315,c5: ka_concept_1.c5 IS LOW,0.1588781327009201
covtype_binary_20000,29,303,layer_0,449,c7: Horizontal_Distance_To_Fire_Points IS HIGH,0.1586998850107193
covtype_binary_20000,29,304,layer_0,272,c4: Wilderness_Area_3 IS present,0.1583852916955948
covtype_binary_20000,29,305,layer_0,430,c7: Vertical_Distance_To_Hydrology IS MEDIUM,0.15731103718280792
covtype_binary_20000,29,306,layer_0,116,c1: Aspect IS HIGH,0.15679259598255157
covtype_binary_20000,29,307,layer_0,240,c4: Slope IS LOW,0.1561368852853775
covtype_binary_20000,29,308,layer_0,661,c11: Hillshade_Noon IS MEDIUM,0.1557932198047638
covtype_binary_20000,29,309,layer_1,313,c5: ka_concept_1.c4 IS MEDIUM,0.1557893007993698
covtype_binary_20000,29,310,layer_0,467,c7: Horizontal_Distance_To_Hydrology IS HIGH,0.15474270284175873
covtype_binary_20000,29,311,layer_0,711,c11: Soil_Type_34 IS absent,0.15415117144584656
covtype_binary_20000,29,312,layer_0,375,c6: Soil_Type_35 IS absent,0.15395064651966095
covtype_binary_20000,29,313,layer_0,684,c11: Soil_Type_30 IS absent,0.15355898439884186
covtype_binary_20000,29,314,layer_0,693,c11: Soil_Type_21 IS absent,0.15339335799217224
covtype_binary_20000,29,315,layer_0,39,c0: Wilderness_Area_4 IS absent,0.1533014327287674
covtype_binary_20000,29,316,layer_0,122,c2: Horizontal_Distance_To_Hydrology IS HIGH,0.1532226949930191
covtype_binary_20000,29,317,layer_0,660,c11: Hillshade_Noon IS LOW,0.15285524725914001
covtype_binary_20000,29,318,layer_0,655,c10: Horizontal_Distance_To_Roadways IS MEDIUM,0.15210485458374023
covtype_binary_20000,29,319,layer_1,43,c0: projection_2 IS MEDIUM,0.15185542404651642
covtype_binary_20000,29,320,layer_0,372,c6: Wilderness_Area_3 IS absent,0.15151318907737732
covtype_binary_20000,29,321,layer_0,123,c2: Wilderness_Area_1 IS absent,0.1510801762342453
covtype_binary_20000,29,322,layer_0,338,c5: Hillshade_3pm IS HIGH,0.14964255690574646
covtype_binary_20000,29,323,layer_0,628,c10: Hillshade_9am IS MEDIUM,0.1486649513244629
covtype_binary_20000,29,324,layer_0,422,c7: Aspect IS HIGH,0.1480531543493271
covtype_binary_20000,29,325,layer_0,68,c1: Soil_Type_39 IS present,0.1473095864057541
covtype_binary_20000,29,326,layer_0,167,c2: Aspect IS HIGH,0.14705196022987366
covtype_binary_20000,29,327,layer_0,504,c8: Soil_Type_11 IS absent,0.14686104655265808
covtype_binary_20000,29,328,layer_0,284,c4: Soil_Type_4 IS present,0.14685365557670593
covtype_binary_20000,29,329,layer_0,270,c4: Wilderness_Area_3 IS absent,0.14399407804012299
covtype_binary_20000,29,330,layer_1,189,c3: ka_concept_1.c3 IS LOW,0.14365583658218384
covtype_binary_20000,29,331,layer_0,471,c7: Soil_Type_18 IS absent,0.14331872761249542
covtype_binary_20000,29,332,layer_0,597,c9: Wilderness_Area_3 IS absent,0.14301247894763947
covtype_binary_20000,29,333,layer_0,276,c4: Vertical_Distance_To_Hydrology IS LOW,0.14232361316680908
covtype_binary_20000,29,334,layer_1,355,c5: projection_6 IS MEDIUM,0.1420852094888687
covtype_binary_20000,29,335,layer_0,77,c1: Soil_Type_38 IS present,0.14047157764434814
covtype_binary_20000,29,336,layer_0,522,c8: Soil_Type_18 IS absent,0.14044733345508575
covtype_binary_20000,29,337,layer_0,438,c7: Hillshade_3pm IS LOW,0.13931170105934143
covtype_binary_20000,29,338,layer_0,551,c9: Horizontal_Distance_To_Fire_Points IS HIGH,0.13900510966777802
covtype_binary_20000,29,339,layer_1,318,c5: ka_concept_1.c6 IS LOW,0.1381434053182602
covtype_binary_20000,29,340,layer_0,474,c7: Hillshade_9am IS LOW,0.13789594173431396
covtype_binary_20000,29,341,layer_0,363,c6: Wilderness_Area_1 IS absent,0.13774636387825012
covtype_binary_20000,29,342,layer_0,490,c8: Hillshade_3pm IS MEDIUM,0.136977881193161
covtype_binary_20000,29,343,layer_1,16,c0: ka_concept_1.c5 IS MEDIUM,0.13689813017845154
covtype_binary_20000,29,344,layer_1,204,c3: ka_concept_1.c8 IS LOW,0.1367642879486084
covtype_binary_20000,29,345,layer_0,237,c3: Wilderness_Area_2 IS absent,0.13578441739082336
covtype_binary_20000,29,346,layer_0,481,c8: Vertical_Distance_To_Hydrology IS MEDIUM,0.13570061326026917
covtype_binary_20000,29,347,layer_0,656,c10: Horizontal_Distance_To_Roadways IS HIGH,0.13495150208473206
covtype_binary_20000,29,348,layer_0,42,c0: Soil_Type_40 IS absent,0.13443180918693542
covtype_binary_20000,29,349,layer_1,21,c0: ka_concept_1.c7 IS LOW,0.13226719200611115
covtype_binary_20000,29,350,layer_0,552,c9: Wilderness_Area_1 IS absent,0.13224153220653534
covtype_binary_20000,29,351,layer_0,526,c8: Hillshade_9am IS MEDIUM,0.13115298748016357
covtype_binary_20000,29,352,layer_0,221,c3: Wilderness_Area_3 IS present,0.1311519742012024
covtype_binary_20000,29,353,layer_0,426,c7: Soil_Type_35 IS absent,0.13096392154693604
covtype_binary_20000,29,354,layer_0,320,c5: Aspect IS HIGH,0.12894034385681152
covtype_binary_20000,29,355,layer_1,222,c3: projection_2 IS LOW,0.12893041968345642
covtype_binary_20000,29,356,layer_1,346,c5: projection_3 IS MEDIUM,0.12852200865745544
covtype_binary_20000,29,357,layer_0,689,c11: Slope IS HIGH,0.12777601182460785
covtype_binary_20000,29,358,layer_0,137,c2: Soil_Type_22 IS present,0.12701834738254547
covtype_binary_20000,29,359,layer_0,347,c5: Horizontal_Distance_To_Fire_Points IS HIGH,0.12664440274238586
covtype_binary_20000,29,360,layer_1,220,c3: projection_1 IS MEDIUM,0.1263822764158249
covtype_binary_20000,29,361,layer_0,675,c11: Soil_Type_18 IS absent,0.12530244886875153
covtype_binary_20000,29,362,layer_0,439,c7: Hillshade_3pm IS MEDIUM,0.12526489794254303
covtype_binary_20000,29,363,layer_1,235,c3: projection_6 IS MEDIUM,0.12515832483768463
covtype_binary_20000,29,364,layer_1,19,c0: ka_concept_1.c6 IS MEDIUM,0.12337758392095566
covtype_binary_20000,29,365,layer_1,327,c5: ka_concept_1.c9 IS LOW,0.123096764087677
covtype_binary_20000,29,366,layer_1,214,c3: ka_concept_1.c11 IS MEDIUM,0.12251663208007812
covtype_binary_20000,29,367,layer_1,231,c3: projection_5 IS LOW,0.12183953076601028
covtype_binary_20000,29,368,layer_1,4,c0: ka_concept_1.c1 IS MEDIUM,0.12168756127357483
covtype_binary_20000,29,369,layer_1,223,c3: projection_2 IS MEDIUM,0.12100472301244736
covtype_binary_20000,29,370,layer_1,357,c5: projection_7 IS LOW,0.11750880628824234
covtype_binary_20000,29,371,layer_1,312,c5: ka_concept_1.c4 IS LOW,0.11693970859050751
covtype_binary_20000,29,372,layer_0,708,c11: Wilderness_Area_4 IS absent,0.11566371470689774
covtype_binary_20000,29,373,layer_1,34,c0: ka_concept_1.c11 IS MEDIUM,0.11499153822660446
covtype_binary_20000,29,374,layer_1,57,c0: projection_7 IS LOW,0.1137254536151886
covtype_binary_20000,29,375,layer_0,266,c4: Soil_Type_29 IS present,0.11351673305034637
covtype_binary_20000,29,376,layer_0,374,c6: Wilderness_Area_3 IS present,0.1111297681927681
covtype_binary_20000,29,377,layer_0,128,c2: Soil_Type_38 IS present,0.11100292950868607
covtype_binary_20000,29,378,layer_0,150,c2: Wilderness_Area_2 IS absent,0.11059041321277618
covtype_binary_20000,29,379,layer_0,365,c6: Wilderness_Area_1 IS present,0.11047525703907013
covtype_binary_20000,29,380,layer_0,702,c11: Soil_Type_28 IS absent,0.10937772691249847
covtype_binary_20000,29,381,layer_1,182,c3: ka_concept_1.c0 IS HIGH,0.10877923667430878
covtype_binary_20000,29,382,layer_0,491,c8: Hillshade_3pm IS HIGH,0.10774080455303192
covtype_binary_20000,29,383,layer_0,507,c8: Hillshade_Noon IS LOW,0.1075073629617691
covtype_binary_20000,29,384,projection_layer,14,"pursuit_4(Horizontal_Distance_To_Hydrology, Soil_Type_22, Soil_Type_30, Soil_Type_35) IS HIGH",0.1066271960735321
covtype_binary_20000,29,385,layer_0,20,c0: Horizontal_Distance_To_Hydrology IS HIGH,0.10658448934555054
covtype_binary_20000,29,386,layer_0,555,c9: Soil_Type_11 IS absent,0.10572193562984467
covtype_binary_20000,29,387,layer_1,207,c3: ka_concept_1.c9 IS LOW,0.10568655282258987
covtype_binary_20000,29,388,layer_0,468,c7: Wilderness_Area_4 IS absent,0.10535063594579697
covtype_binary_20000,29,389,layer_0,368,c6: Soil_Type_29 IS present,0.1053454577922821
covtype_binary_20000,29,390,layer_0,188,c3: Soil_Type_22 IS present,0.10388687998056412
covtype_binary_20000,29,391,layer_0,132,c2: Wilderness_Area_3 IS absent,0.1036558449268341
covtype_binary_20000,29,392,layer_0,216,c3: Aspect IS LOW,0.10339079797267914
covtype_binary_20000,29,393,layer_0,317,c5: Soil_Type_29 IS present,0.10241314768791199
covtype_binary_20000,29,394,layer_0,35,c0: Soil_Type_22 IS present,0.10017038881778717
covtype_binary_20000,29,395,layer_1,44,c0: projection_2 IS HIGH,0.0998692736029625
covtype_binary_20000,29,396,layer_1,12,c0: ka_concept_1.c4 IS LOW,0.09910494834184647
covtype_binary_20000,29,397,layer_0,291,c4: Soil_Type_2 IS absent,0.09907049685716629
covtype_binary_20000,29,398,layer_0,512,c8: Wilderness_Area_3 IS present,0.09872797876596451
covtype_binary_20000,29,399,layer_0,226,c3: Vertical_Distance_To_Hydrology IS MEDIUM,0.09861061722040176
covtype_binary_20000,29,400,layer_0,92,c1: Wilderness_Area_4 IS present,0.09851249307394028
covtype_binary_20000,29,401,layer_1,229,c3: projection_4 IS MEDIUM,0.09843740612268448
covtype_binary_20000,29,402,layer_0,335,c5: Soil_Type_4 IS present,0.09790258854627609
covtype_binary_20000,29,403,layer_0,606,c10: Soil_Type_11 IS absent,0.09754347801208496
covtype_binary_20000,29,404,layer_1,201,c3: ka_concept_1.c7 IS LOW,0.09729938954114914
covtype_binary_20000,29,405,layer_0,233,c3: Soil_Type_4 IS present,0.09684983640909195
covtype_binary_20000,29,406,layer_0,540,c9: Hillshade_3pm IS LOW,0.09663422405719757
covtype_binary_20000,29,407,layer_1,46,c0: projection_3 IS MEDIUM,0.09467881172895432
covtype_binary_20000,29,408,layer_0,350,c5: Wilderness_Area_1 IS present,0.09419378638267517
covtype_binary_20000,29,409,layer_1,262,c4: ka_concept_1.c7 IS MEDIUM,0.09415294229984283
covtype_binary_20000,29,410,layer_0,588,c9: Wilderness_Area_1 IS absent,0.09365154802799225
covtype_binary_20000,29,411,layer_0,191,c3: Slope IS HIGH,0.09356764703989029
covtype_binary_20000,29,412,layer_0,293,c4: Soil_Type_2 IS present,0.09356120973825455
covtype_binary_20000,29,413,layer_1,181,c3: ka_concept_1.c0 IS MEDIUM,0.09338615089654922
covtype_binary_20000,29,414,layer_0,419,c6: Wilderness_Area_4 IS present,0.09322936832904816
covtype_binary_20000,29,415,layer_1,10,c0: ka_concept_1.c3 IS MEDIUM,0.09263097494840622
covtype_binary_20000,29,416,layer_1,354,c5: projection_6 IS LOW,0.09252258390188217
covtype_binary_20000,29,417,layer_1,238,c3: projection_7 IS MEDIUM,0.09157870709896088
covtype_binary_20000,29,418,layer_0,74,c1: Wilderness_Area_1 IS present,0.09051276743412018
covtype_binary_20000,29,419,layer_0,257,c4: Soil_Type_13 IS present,0.0904708281159401
covtype_binary_20000,29,420,layer_0,168,c2: Wilderness_Area_3 IS absent,0.09036219120025635
covtype_binary_20000,29,421,layer_1,224,c3: projection_2 IS HIGH,0.09035353362560272
covtype_binary_20000,29,422,layer_0,383,c6: Wilderness_Area_4 IS present,0.08992171287536621
covtype_binary_20000,29,423,layer_0,518,c8: Horizontal_Distance_To_Hydrology IS HIGH,0.08912041038274765
covtype_binary_20000,29,424,layer_0,577,c9: Hillshade_9am IS MEDIUM,0.0890876054763794
covtype_binary_20000,29,425,layer_0,627,c10: Hillshade_9am IS LOW,0.08822507411241531
covtype_binary_20000,29,426,layer_1,319,c5: ka_concept_1.c6 IS MEDIUM,0.0881505161523819
covtype_binary_20000,29,427,layer_0,70,c1: Horizontal_Distance_To_Hydrology IS MEDIUM,0.08804003894329071
covtype_binary_20000,29,428,layer_0,379,c6: Vertical_Distance_To_Hydrology IS MEDIUM,0.08777215331792831
covtype_binary_20000,29,429,layer_1,36,c0: projection_0 IS LOW,0.087278351187706
covtype_binary_20000,29,430,layer_0,528,c8: Wilderness_Area_2 IS absent,0.08670272678136826
covtype_binary_20000,29,431,layer_1,18,c0: ka_concept_1.c6 IS LOW,0.0866178348660469
covtype_binary_20000,29,432,projection_layer,13,"pursuit_4(Horizontal_Distance_To_Hydrology, Soil_Type_22, Soil_Type_30, Soil_Type_35) IS MEDIUM",0.08644130080938339
covtype_binary_20000,29,433,layer_0,554,c9: Wilderness_Area_1 IS present,0.08566007763147354
covtype_binary_20000,29,434,layer_1,267,c4: ka_concept_1.c9 IS LOW,0.08540885150432587
covtype_binary_20000,29,435,layer_0,41,c0: Wilderness_Area_4 IS present,0.08434442430734634
covtype_binary_20000,29,436,layer_0,509,c8: Hillshade_Noon IS HIGH,0.08370879292488098
covtype_binary_20000,29,437,layer_1,49,c0: projection_4 IS MEDIUM,0.0835728645324707
covtype_binary_20000,29,438,layer_1,248,c4: ka_concept_1.c2 IS HIGH,0.08317089080810547
covtype_binary_20000,29,439,layer_1,166,c2: projection_3 IS MEDIUM,0.0828433632850647
covtype_binary_20000,29,440,layer_0,121,c2: Horizontal_Distance_To_Hydrology IS MEDIUM,0.08215116709470749
covtype_binary_20000,29,441,layer_0,312,c5: Wilderness_Area_1 IS absent,0.08166729658842087
covtype_binary_20000,29,442,layer_1,135,c2: ka_concept_1.c5 IS LOW,0.08099284023046494
covtype_binary_20000,29,443,layer_1,286,c4: projection_3 IS MEDIUM,0.08085360378026962
covtype_binary_20000,29,444,layer_1,123,c2: ka_concept_1.c1 IS LOW,0.08054240792989731
covtype_binary_20000,29,445,layer_0,584,c9: Soil_Type_30 IS present,0.0797562301158905
covtype_binary_20000,29,446,layer_0,17,c0: Soil_Type_39 IS present,0.07970064133405685
covtype_binary_20000,29,447,projection_layer,18,"pursuit_6(Horizontal_Distance_To_Roadways, Soil_Type_38, Wilderness_Area_2, Soil_Type_18) IS LOW",0.079490527510643
covtype_binary_20000,29,448,layer_0,90,c1: Wilderness_Area_4 IS absent,0.07927754521369934
covtype_binary_20000,29,449,layer_1,192,c3: ka_concept_1.c4 IS LOW,0.07878805696964264
covtype_binary_20000,29,450,layer_0,114,c1: Aspect IS LOW,0.07758234441280365
covtype_binary_20000,29,451,layer_0,28,c0: Hillshade_9am IS MEDIUM,0.07706619054079056
covtype_binary_20000,29,452,layer_0,665,c11: Wilderness_Area_3 IS present,0.07701833546161652
covtype_binary_20000,29,453,layer_0,705,c11: Horizontal_Distance_To_Roadways IS LOW,0.07647226750850677
covtype_binary_20000,29,454,layer_0,612,c10: Wilderness_Area_3 IS absent,0.07637255638837814
covtype_binary_20000,29,455,layer_0,26,c0: Soil_Type_38 IS present,0.07595961540937424
covtype_binary_20000,29,456,layer_0,678,c11: Hillshade_9am IS LOW,0.07540411502122879
covtype_binary_20000,29,457,layer_1,345,c5: projection_3 IS LOW,0.07485666126012802
covtype_binary_20000,29,458,layer_0,72,c1: Wilderness_Area_1 IS absent,0.07480574399232864
covtype_binary_20000,29,459,layer_0,425,c7: Wilderness_Area_3 IS present,0.07452380657196045
covtype_binary_20000,29,460,layer_0,183,c3: Wilderness_Area_3 IS absent,0.07449343800544739
covtype_binary_20000,29,461,layer_1,134,c2: ka_concept_1.c4 IS HIGH,0.0742098018527031
covtype_binary_20000,29,462,layer_0,354,c5: Hillshade_Noon IS LOW,0.07392895221710205
covtype_binary_20000,29,463,layer_1,24,c0: ka_concept_1.c8 IS LOW,0.07355806976556778
covtype_binary_20000,29,464,layer_1,336,c5: projection_0 IS LOW,0.073458231985569
covtype_binary_20000,29,465,layer_1,317,c5: ka_concept_1.c5 IS HIGH,0.0730464905500412
covtype_binary_20000,29,466,layer_1,199,c3: ka_concept_1.c6 IS MEDIUM,0.07269369810819626
covtype_binary_20000,29,467,layer_1,344,c5: projection_2 IS HIGH,0.07259408384561539
covtype_binary_20000,29,468,layer_1,210,c3: ka_concept_1.c10 IS LOW,0.07210711389780045
covtype_binary_20000,29,469,layer_0,610,c10: Hillshade_Noon IS MEDIUM,0.07174069434404373
covtype_binary_20000,29,470,layer_0,570,c9: Wilderness_Area_4 IS absent,0.07095649093389511
covtype_binary_20000,29,471,layer_1,258,c4: ka_concept_1.c6 IS LOW,0.07055377960205078
covtype_binary_20000,29,472,layer_0,510,c8: Wilderness_Area_3 IS absent,0.07035192847251892
covtype_binary_20000,29,473,layer_0,714,c11: Aspect IS LOW,0.07027415931224823
covtype_binary_20000,29,474,layer_1,232,c3: projection_5 IS MEDIUM,0.07021637260913849
covtype_binary_20000,29,475,layer_0,104,c1: Soil_Type_13 IS present,0.07017921656370163
covtype_binary_20000,29,476,layer_0,305,c5: Wilderness_Area_2 IS present,0.07009857147932053
covtype_binary_20000,29,477,layer_0,32,c0: Wilderness_Area_3 IS present,0.06955847889184952
covtype_binary_20000,29,478,layer_1,190,c3: ka_concept_1.c3 IS MEDIUM,0.06921450048685074
covtype_binary_20000,29,479,layer_1,259,c4: ka_concept_1.c6 IS MEDIUM,0.06907203793525696
covtype_binary_20000,29,480,layer_1,254,c4: ka_concept_1.c4 IS HIGH,0.06896090507507324
covtype_binary_20000,29,481,layer_0,437,c7: Soil_Type_4 IS present,0.06881077587604523
covtype_binary_20000,29,482,layer_1,243,c4: ka_concept_1.c1 IS LOW,0.0687440037727356
covtype_binary_20000,29,483,layer_0,230,c3: Wilderness_Area_4 IS present,0.06846293061971664
covtype_binary_20000,29,484,layer_0,416,c6: Horizontal_Distance_To_Hydrology IS HIGH,0.06807821989059448
covtype_binary_20000,29,485,layer_0,281,c4: Wilderness_Area_4 IS present,0.06759669631719589
covtype_binary_20000,29,486,layer_0,337,c5: Hillshade_3pm IS MEDIUM,0.06685445457696915
covtype_binary_20000,29,487,layer_0,228,c3: Wilderness_Area_4 IS absent,0.06672423332929611
covtype_binary_20000,29,488,layer_0,630,c10: Wilderness_Area_2 IS absent,0.06649968773126602
covtype_binary_20000,29,489,layer_1,339,c5: projection_1 IS LOW,0.064849853515625
covtype_binary_20000,29,490,layer_1,334,c5: ka_concept_1.c11 IS MEDIUM,0.06470192968845367
covtype_binary_20000,29,491,layer_1,304,c5: ka_concept_1.c1 IS MEDIUM,0.06442546099424362
covtype_binary_20000,29,492,layer_0,297,c4: Wilderness_Area_1 IS absent,0.06374403089284897
covtype_binary_20000,29,493,layer_0,508,c8: Hillshade_Noon IS MEDIUM,0.06357841193675995
covtype_binary_20000,29,494,layer_1,25,c0: ka_concept_1.c8 IS MEDIUM,0.06356451660394669
covtype_binary_20000,29,495,layer_1,253,c4: ka_concept_1.c4 IS MEDIUM,0.06352803111076355
covtype_binary_20000,29,496,layer_1,160,c2: projection_1 IS MEDIUM,0.06326237320899963
covtype_binary_20000,29,497,layer_1,197,c3: ka_concept_1.c5 IS HIGH,0.06323754042387009
covtype_binary_20000,29,498,layer_1,187,c3: ka_concept_1.c2 IS MEDIUM,0.0631406381726265
covtype_binary_20000,29,499,layer_0,194,c3: Wilderness_Area_4 IS present,0.06296881288290024
covtype_binary_20000,29,500,layer_1,261,c4: ka_concept_1.c7 IS LOW,0.06268569082021713
covtype_binary_20000,29,501,layer_1,47,c0: projection_3 IS HIGH,0.0625840276479721
covtype_binary_20000,29,502,layer_1,337,c5: projection_0 IS MEDIUM,0.06178170442581177
covtype_binary_20000,29,503,layer_0,344,c5: Soil_Type_2 IS present,0.06156514585018158
covtype_binary_20000,29,504,layer_1,298,c4: projection_7 IS MEDIUM,0.06152508407831192
covtype_binary_20000,29,505,projection_layer,3,"pursuit_1(Elevation, Vertical_Distance_To_Hydrology, Soil_Type_40, Soil_Type_6) IS LOW",0.06129024177789688
covtype_binary_20000,29,506,layer_1,22,c0: ka_concept_1.c7 IS MEDIUM,0.06125219911336899
covtype_binary_20000,29,507,layer_1,165,c2: projection_3 IS LOW,0.061217330396175385
covtype_binary_20000,29,508,layer_1,322,c5: ka_concept_1.c7 IS MEDIUM,0.06102099269628525
covtype_binary_20000,29,509,projection_layer,2,"pursuit_0(Horizontal_Distance_To_Fire_Points, Hillshade_3pm, Soil_Type_29, Soil_Type_4) IS HIGH",0.060704849660396576
covtype_binary_20000,29,510,layer_0,143,c2: Wilderness_Area_4 IS present,0.05951694771647453
covtype_binary_20000,29,511,layer_1,237,c3: projection_7 IS LOW,0.05939507111907005
covtype_binary_20000,29,512,layer_1,0,c0: ka_concept_1.c0 IS LOW,0.05928035080432892
covtype_binary_20000,29,513,layer_1,241,c4: ka_concept_1.c0 IS MEDIUM,0.05909275263547897
covtype_binary_20000,29,514,layer_1,169,c2: projection_4 IS MEDIUM,0.05905884876847267
covtype_binary_20000,29,515,layer_0,308,c5: Soil_Type_13 IS present,0.05891956016421318
covtype_binary_20000,29,516,layer_0,666,c11: Soil_Type_26 IS absent,0.058831095695495605
covtype_binary_20000,29,517,layer_0,410,c6: Wilderness_Area_3 IS present,0.05862192437052727
covtype_binary_20000,29,518,layer_0,401,c6: Wilderness_Area_1 IS present,0.0583021305501461
covtype_binary_20000,29,519,layer_1,302,c5: ka_concept_1.c0 IS HIGH,0.05760762467980385
covtype_binary_20000,29,520,layer_0,248,c4: Soil_Type_40 IS present,0.05755480378866196
covtype_binary_20000,29,521,layer_0,572,c9: Wilderness_Area_4 IS present,0.057536523789167404
covtype_binary_20000,29,522,layer_0,219,c3: Wilderness_Area_3 IS absent,0.05748571828007698
covtype_binary_20000,29,523,layer_0,716,c11: Aspect IS HIGH,0.057255152612924576
covtype_binary_20000,29,524,layer_0,699,c11: Wilderness_Area_3 IS absent,0.05720559507608414
covtype_binary_20000,29,525,layer_0,215,c3: Soil_Type_29 IS present,0.0567987784743309
covtype_binary_20000,29,526,layer_0,101,c1: Wilderness_Area_2 IS present,0.05648159608244896
covtype_binary_20000,29,527,layer_1,270,c4: ka_concept_1.c10 IS LOW,0.056166309863328934
covtype_binary_20000,29,528,layer_0,278,c4: Vertical_Distance_To_Hydrology IS HIGH,0.055752791464328766
covtype_binary_20000,29,529,layer_0,386,c6: Soil_Type_4 IS present,0.05574461817741394
covtype_binary_20000,29,530,layer_1,285,c4: projection_3 IS LOW,0.05574110895395279
covtype_binary_20000,29,531,layer_1,1,c0: ka_concept_1.c0 IS MEDIUM,0.05461639538407326
covtype_binary_20000,29,532,layer_1,27,c0: ka_concept_1.c9 IS LOW,0.05429019033908844
covtype_binary_20000,29,533,layer_0,548,c9: Soil_Type_2 IS present,0.054227203130722046
covtype_binary_20000,29,534,layer_0,624,c10: Soil_Type_18 IS absent,0.05420182645320892
covtype_binary_20000,29,535,layer_0,485,c8: Wilderness_Area_4 IS present,0.053428083658218384
covtype_binary_20000,29,536,layer_0,261,c4: Wilderness_Area_1 IS absent,0.05321555584669113
covtype_binary_20000,29,537,layer_0,23,c0: Wilderness_Area_1 IS present,0.053149983286857605
covtype_binary_20000,29,538,layer_0,155,c2: Soil_Type_13 IS present,0.05281326174736023
covtype_binary_20000,29,539,layer_1,268,c4: ka_concept_1.c9 IS MEDIUM,0.05255211517214775
covtype_binary_20000,29,540,layer_1,295,c4: projection_6 IS MEDIUM,0.05169612541794777
covtype_binary_20000,29,541,layer_1,330,c5: ka_concept_1.c10 IS LOW,0.05167749151587486
covtype_binary_20000,29,542,layer_0,164,c2: Soil_Type_29 IS present,0.051668234169483185
covtype_binary_20000,29,543,layer_1,162,c2: projection_2 IS LOW,0.05138413608074188
covtype_binary_20000,29,544,layer_0,36,c0: Slope IS LOW,0.05054774880409241
covtype_binary_20000,29,545,layer_0,179,c2: Wilderness_Area_4 IS present,0.050178781151771545
covtype_binary_20000,29,546,layer_0,581,c9: Wilderness_Area_2 IS present,0.05004807561635971
covtype_binary_20000,29,547,layer_0,245,c4: Wilderness_Area_4 IS present,0.04958450794219971
covtype_binary_20000,29,548,layer_1,2,c0: ka_concept_1.c0 IS HIGH,0.04947194084525108
covtype_binary_20000,29,549,layer_1,250,c4: ka_concept_1.c3 IS MEDIUM,0.049426786601543427
covtype_binary_20000,29,550,layer_1,139,c2: ka_concept_1.c6 IS MEDIUM,0.04918099567294121
covtype_binary_20000,29,551,layer_0,470,c7: Wilderness_Area_4 IS present,0.04916582256555557
covtype_binary_20000,29,552,layer_0,434,c7: Wilderness_Area_4 IS present,0.048613615334033966
covtype_binary_20000,29,553,layer_0,95,c1: Soil_Type_40 IS present,0.04838686063885689
covtype_binary_20000,29,554,layer_0,341,c5: Wilderness_Area_2 IS present,0.04809623584151268
covtype_binary_20000,29,555,layer_1,264,c4: ka_concept_1.c8 IS LOW,0.047319673001766205
covtype_binary_20000,29,556,layer_0,521,c8: Wilderness_Area_4 IS present,0.04709582403302193
covtype_binary_20000,29,557,layer_1,55,c0: projection_6 IS MEDIUM,0.046636175364255905
covtype_binary_20000,29,558,layer_1,213,c3: ka_concept_1.c11 IS LOW,0.04641256853938103
covtype_binary_20000,29,559,layer_0,5,c0: Wilderness_Area_4 IS present,0.04599761590361595
covtype_binary_20000,29,560,layer_1,142,c2: ka_concept_1.c7 IS MEDIUM,0.045136693865060806
covtype_binary_20000,29,561,layer_0,125,c2: Wilderness_Area_1 IS present,0.04496614634990692
covtype_binary_20000,29,562,layer_0,489,c8: Hillshade_3pm IS LOW,0.04440481960773468
covtype_binary_20000,29,563,layer_1,50,c0: projection_4 IS HIGH,0.04429323971271515
covtype_binary_20000,29,564,layer_0,486,c8: Soil_Type_4 IS absent,0.044256262481212616
covtype_binary_20000,29,565,layer_1,306,c5: ka_concept_1.c2 IS LOW,0.04406416416168213
covtype_binary_20000,29,566,layer_1,56,c0: projection_6 IS HIGH,0.04332315921783447
covtype_binary_20000,29,567,layer_0,578,c9: Hillshade_9am IS HIGH,0.04299413040280342
covtype_binary_20000,29,568,layer_0,206,c3: Soil_Type_13 IS present,0.04285120591521263
covtype_binary_20000,29,569,layer_1,106,c1: projection_3 IS MEDIUM,0.042716048657894135
covtype_binary_20000,29,570,layer_1,226,c3: projection_3 IS MEDIUM,0.04255492612719536
covtype_binary_20000,29,571,layer_0,146,c2: Soil_Type_40 IS present,0.04252204671502113
covtype_binary_20000,29,572,layer_0,499,c8: Horizontal_Distance_To_Fire_Points IS MEDIUM,0.04229554906487465
covtype_binary_20000,29,573,layer_0,563,c9: Wilderness_Area_3 IS present,0.042207617312669754
covtype_binary_20000,29,574,layer_1,236,c3: projection_6 IS HIGH,0.04204074665904045
covtype_binary_20000,29,575,layer_1,13,c0: ka_concept_1.c4 IS MEDIUM,0.04195008426904678
covtype_binary_20000,29,576,layer_0,603,c10: Wilderness_Area_1 IS absent,0.04189843684434891
covtype_binary_20000,29,577,layer_1,311,c5: ka_concept_1.c3 IS HIGH,0.04170149937272072
covtype_binary_20000,29,578,layer_0,71,c1: Horizontal_Distance_To_Hydrology IS HIGH,0.041362009942531586
covtype_binary_20000,29,579,layer_1,247,c4: ka_concept_1.c2 IS MEDIUM,0.04128929227590561
covtype_binary_20000,29,580,layer_0,48,c0: Wilderness_Area_2 IS absent,0.0410214439034462
covtype_binary_20000,29,581,layer_1,185,c3: ka_concept_1.c1 IS HIGH,0.04084726423025131
covtype_binary_20000,29,582,layer_0,329,c5: Vertical_Distance_To_Hydrology IS HIGH,0.040077775716781616
covtype_binary_20000,29,583,layer_1,58,c0: projection_7 IS MEDIUM,0.03993472829461098
covtype_binary_20000,29,584,layer_1,105,c1: projection_3 IS LOW,0.0398959182202816
covtype_binary_20000,29,585,layer_1,340,c5: projection_1 IS MEDIUM,0.0398373007774353
covtype_binary_20000,29,586,layer_1,217,c3: projection_0 IS MEDIUM,0.03978811204433441
covtype_binary_20000,29,587,layer_0,446,c7: Soil_Type_2 IS present,0.03960694000124931
covtype_binary_20000,29,588,layer_0,557,c9: Soil_Type_11 IS present,0.039470188319683075
covtype_binary_20000,29,589,layer_0,141,c2: Wilderness_Area_4 IS absent,0.03944162651896477
covtype_binary_20000,29,590,layer_0,14,c0: Wilderness_Area_2 IS present,0.03942052274942398
covtype_binary_20000,29,591,layer_1,35,c0: ka_concept_1.c11 IS HIGH,0.03867194056510925
covtype_binary_20000,29,592,layer_0,457,c7: Hillshade_Noon IS MEDIUM,0.03860236704349518
covtype_binary_20000,29,593,layer_1,341,c5: projection_1 IS HIGH,0.03856742009520531
covtype_binary_20000,29,594,layer_1,297,c4: projection_7 IS LOW,0.03816993907094002
covtype_binary_20000,29,595,layer_1,171,c2: projection_5 IS LOW,0.03797828033566475
covtype_binary_20000,29,596,layer_1,121,c2: ka_concept_1.c0 IS MEDIUM,0.0378662571310997
covtype_binary_20000,29,597,layer_0,159,c2: Wilderness_Area_1 IS absent,0.037865396589040756
covtype_binary_20000,29,598,layer_0,176,c2: Vertical_Distance_To_Hydrology IS HIGH,0.037686821073293686
covtype_binary_20000,29,599,layer_0,533,c8: Soil_Type_30 IS present,0.03742660954594612
covtype_binary_20000,29,600,layer_1,61,c1: ka_concept_1.c0 IS MEDIUM,0.03690362349152565
covtype_binary_20000,29,601,layer_1,335,c5: ka_concept_1.c11 IS HIGH,0.036653850227594376
covtype_binary_20000,29,602,layer_1,358,c5: projection_7 IS MEDIUM,0.03652327135205269
covtype_binary_20000,29,603,layer_0,525,c8: Hillshade_9am IS LOW,0.036281976848840714
covtype_binary_20000,29,604,layer_0,635,c10: Soil_Type_30 IS present,0.03608494624495506
covtype_binary_20000,29,605,layer_0,99,c1: Wilderness_Area_2 IS absent,0.03608444333076477
covtype_binary_20000,29,606,layer_0,195,c3: Soil_Type_40 IS absent,0.03605147823691368
covtype_binary_20000,29,607,layer_0,290,c4: Wilderness_Area_2 IS present,0.03598974645137787
covtype_binary_20000,29,608,layer_0,254,c4: Wilderness_Area_2 IS present,0.03592865914106369
covtype_binary_20000,29,609,layer_1,211,c3: ka_concept_1.c10 IS MEDIUM,0.03544184938073158
covtype_binary_20000,29,610,layer_1,48,c0: projection_4 IS LOW,0.03543385490775108
covtype_binary_20000,29,611,layer_0,299,c4: Wilderness_Area_1 IS present,0.03543011099100113
covtype_binary_20000,29,612,layer_1,221,c3: projection_1 IS HIGH,0.03516807407140732
covtype_binary_20000,29,613,layer_1,11,c0: ka_concept_1.c3 IS HIGH,0.034989289939403534
covtype_binary_20000,29,614,layer_0,21,c0: Wilderness_Area_1 IS absent,0.03493830934166908
covtype_binary_20000,29,615,layer_0,615,c10: Soil_Type_26 IS absent,0.034809187054634094
covtype_binary_20000,29,616,layer_0,59,c0: Wilderness_Area_1 IS present,0.03461313992738724
covtype_binary_20000,29,617,layer_0,659,c10: Wilderness_Area_4 IS present,0.0343627892434597
covtype_binary_20000,29,618,layer_0,657,c10: Wilderness_Area_4 IS absent,0.03417803347110748
covtype_binary_20000,29,619,layer_0,197,c3: Soil_Type_40 IS present,0.03413394093513489
covtype_binary_20000,29,620,layer_1,277,c4: projection_0 IS MEDIUM,0.034090057015419006
covtype_binary_20000,29,621,layer_1,230,c3: projection_4 IS HIGH,0.03404267132282257
covtype_binary_20000,29,622,layer_1,301,c5: ka_concept_1.c0 IS MEDIUM,0.03399744629859924
covtype_binary_20000,29,623,layer_1,331,c5: ka_concept_1.c10 IS MEDIUM,0.0337008573114872
covtype_binary_20000,29,624,layer_0,710,c11: Wilderness_Area_4 IS present,0.03368311747908592
covtype_binary_20000,29,625,layer_1,343,c5: projection_2 IS MEDIUM,0.03364410996437073
covtype_binary_20000,29,626,layer_0,671,c11: Horizontal_Distance_To_Hydrology IS HIGH,0.033639661967754364
covtype_binary_20000,29,627,layer_1,186,c3: ka_concept_1.c2 IS LOW,0.03341146931052208
covtype_binary_20000,29,628,layer_1,118,c1: projection_7 IS MEDIUM,0.03322100266814232
covtype_binary_20000,29,629,layer_1,349,c5: projection_4 IS MEDIUM,0.03296786919236183
covtype_binary_20000,29,630,layer_0,369,c6: Aspect IS LOW,0.03284652158617973
covtype_binary_20000,29,631,layer_0,632,c10: Wilderness_Area_2 IS present,0.03238535672426224
covtype_binary_20000,29,632,layer_0,605,c10: Wilderness_Area_1 IS present,0.03228781744837761
covtype_binary_20000,29,633,layer_1,97,c1: projection_0 IS MEDIUM,0.031925324350595474
covtype_binary_20000,29,634,layer_1,269,c4: ka_concept_1.c9 IS HIGH,0.03189077973365784
covtype_binary_20000,29,635,layer_1,172,c2: projection_5 IS MEDIUM,0.03186606243252754
covtype_binary_20000,29,636,layer_1,6,c0: ka_concept_1.c2 IS LOW,0.03170638158917427
covtype_binary_20000,29,637,layer_1,100,c1: projection_1 IS MEDIUM,0.031697019934654236
covtype_binary_20000,29,638,layer_1,233,c3: projection_5 IS HIGH,0.03164944797754288
covtype_binary_20000,29,639,layer_1,33,c0: ka_concept_1.c11 IS LOW,0.03146778792142868
covtype_binary_20000,29,640,layer_1,348,c5: projection_4 IS LOW,0.03146205097436905
covtype_binary_20000,29,641,layer_0,480,c8: Vertical_Distance_To_Hydrology IS LOW,0.031270403414964676
covtype_binary_20000,29,642,layer_1,353,c5: projection_5 IS HIGH,0.031012985855340958
covtype_binary_20000,29,643,layer_0,44,c0: Soil_Type_40 IS present,0.03099939040839672
covtype_binary_20000,29,644,layer_0,536,c8: Slope IS HIGH,0.030900700017809868
covtype_binary_20000,29,645,layer_0,429,c7: Vertical_Distance_To_Hydrology IS LOW,0.03087553381919861
covtype_binary_20000,29,646,layer_1,40,c0: projection_1 IS MEDIUM,0.030806049704551697
covtype_binary_20000,29,647,layer_0,648,c10: Wilderness_Area_3 IS absent,0.03080480918288231
covtype_binary_20000,29,648,layer_1,184,c3: ka_concept_1.c1 IS MEDIUM,0.03065056912600994
covtype_binary_20000,29,649,layer_0,53,c0: Soil_Type_13 IS present,0.0306391678750515
covtype_binary_20000,29,650,layer_1,350,c5: projection_4 IS HIGH,0.030551599338650703
covtype_binary_20000,29,651,layer_0,405,c6: Hillshade_Noon IS LOW,0.030434004962444305
covtype_binary_20000,29,652,layer_1,141,c2: ka_concept_1.c7 IS LOW,0.030195623636245728
covtype_binary_20000,29,653,layer_1,347,c5: projection_3 IS HIGH,0.0301764365285635
covtype_binary_20000,29,654,layer_1,256,c4: ka_concept_1.c5 IS MEDIUM,0.030051572248339653
covtype_binary_20000,29,655,layer_0,686,c11: Soil_Type_30 IS present,0.029862234368920326
covtype_binary_20000,29,656,layer_0,65,c1: Wilderness_Area_2 IS present,0.029853209853172302
covtype_binary_20000,29,657,layer_0,636,c10: Slope IS LOW,0.02984771691262722
covtype_binary_20000,29,658,layer_0,488,c8: Soil_Type_4 IS present,0.029759906232357025
covtype_binary_20000,29,659,layer_0,633,c10: Soil_Type_30 IS absent,0.02975953184068203
covtype_binary_20000,29,660,layer_1,352,c5: projection_5 IS MEDIUM,0.02969854697585106
covtype_binary_20000,29,661,layer_1,175,c2: projection_6 IS MEDIUM,0.02966689132153988
covtype_binary_20000,29,662,layer_0,328,c5: Vertical_Distance_To_Hydrology IS MEDIUM,0.02960413135588169
covtype_binary_20000,29,663,projection_layer,17,"pursuit_5(Hillshade_9am, Wilderness_Area_1, Soil_Type_10, Soil_Type_32) IS HIGH",0.029596343636512756
covtype_binary_20000,29,664,layer_1,163,c2: projection_2 IS MEDIUM,0.029515031725168228
covtype_binary_20000,29,665,layer_1,338,c5: projection_0 IS HIGH,0.029363352805376053
covtype_binary_20000,29,666,layer_0,406,c6: Hillshade_Noon IS MEDIUM,0.029305841773748398
covtype_binary_20000,29,667,layer_0,395,c6: Soil_Type_2 IS present,0.029271291568875313
covtype_binary_20000,29,668,layer_0,623,c10: Wilderness_Area_4 IS present,0.029238687828183174
covtype_binary_20000,29,669,layer_1,84,c1: ka_concept_1.c8 IS LOW,0.02893390879034996
covtype_binary_20000,29,670,layer_0,203,c3: Wilderness_Area_2 IS present,0.02886977419257164
covtype_binary_20000,29,671,layer_0,503,c8: Wilderness_Area_1 IS present,0.028788993135094643
covtype_binary_20000,29,672,layer_0,239,c3: Wilderness_Area_2 IS present,0.028702661395072937
covtype_binary_20000,29,673,layer_0,332,c5: Wilderness_Area_4 IS present,0.028697842732071877
covtype_binary_20000,29,674,layer_0,585,c9: Slope IS LOW,0.028415873646736145
covtype_binary_20000,29,675,layer_0,455,c7: Soil_Type_11 IS present,0.028404787182807922
covtype_binary_20000,29,676,layer_1,29,c0: ka_concept_1.c9 IS HIGH,0.028310541063547134
covtype_binary_20000,29,677,layer_1,255,c4: ka_concept_1.c5 IS LOW,0.028303854167461395
covtype_binary_20000,29,678,layer_0,602,c10: Horizontal_Distance_To_Fire_Points IS HIGH,0.02826567366719246
covtype_binary_20000,29,679,layer_1,249,c4: ka_concept_1.c3 IS LOW,0.028054138645529747
covtype_binary_20000,29,680,layer_1,143,c2: ka_concept_1.c7 IS HIGH,0.028020992875099182
covtype_binary_20000,29,681,layer_1,280,c4: projection_1 IS MEDIUM,0.027676308527588844
covtype_binary_20000,29,682,layer_0,513,c8: Soil_Type_26 IS absent,0.027449116110801697
covtype_binary_20000,29,683,layer_1,342,c5: projection_2 IS LOW,0.02729562297463417
covtype_binary_20000,29,684,layer_1,244,c4: ka_concept_1.c1 IS MEDIUM,0.026998963207006454
covtype_binary_20000,29,685,layer_0,600,c10: Horizontal_Distance_To_Fire_Points IS LOW,0.026950515806674957
covtype_binary_20000,29,686,layer_0,234,c3: Hillshade_3pm IS LOW,0.026586662977933884
covtype_binary_20000,29,687,layer_0,501,c8: Wilderness_Area_1 IS absent,0.02640698291361332
covtype_binary_20000,29,688,layer_0,500,c8: Horizontal_Distance_To_Fire_Points IS HIGH,0.0263826921582222
covtype_binary_20000,29,689,layer_1,82,c1: ka_concept_1.c7 IS MEDIUM,0.026311706751585007
covtype_binary_20000,29,690,layer_0,24,c0: Soil_Type_38 IS absent,0.026296529918909073
covtype_binary_20000,29,691,layer_0,411,c6: Soil_Type_26 IS absent,0.02626986615359783
covtype_binary_20000,29,692,layer_1,74,c1: ka_concept_1.c4 IS HIGH,0.025974899530410767
covtype_binary_20000,29,693,layer_1,227,c3: projection_3 IS HIGH,0.02576487697660923
covtype_binary_20000,29,694,layer_1,167,c2: projection_3 IS HIGH,0.025463487952947617
covtype_binary_20000,29,695,layer_1,252,c4: ka_concept_1.c4 IS LOW,0.02502814680337906
covtype_binary_20000,29,696,projection_layer,21,"pursuit_7(Aspect, Soil_Type_39, Soil_Type_2, Soil_Type_5) IS LOW",0.025004373863339424
covtype_binary_20000,29,697,layer_0,353,c5: Soil_Type_11 IS present,0.024915216490626335
covtype_binary_20000,29,698,layer_1,103,c1: projection_2 IS MEDIUM,0.024821560829877853
covtype_binary_20000,29,699,layer_0,408,c6: Wilderness_Area_3 IS absent,0.02469394914805889
covtype_binary_20000,29,700,layer_0,674,c11: Wilderness_Area_4 IS present,0.024285446852445602
covtype_binary_20000,29,701,layer_0,620,c10: Horizontal_Distance_To_Hydrology IS HIGH,0.023903993889689445
covtype_binary_20000,29,702,layer_0,402,c6: Soil_Type_11 IS absent,0.023795288056135178
covtype_binary_20000,29,703,layer_1,75,c1: ka_concept_1.c5 IS LOW,0.023756621405482292
covtype_binary_20000,29,704,layer_0,431,c7: Vertical_Distance_To_Hydrology IS HIGH,0.023274516686797142
covtype_binary_20000,29,705,layer_0,650,c10: Wilderness_Area_3 IS present,0.023245545104146004
covtype_binary_20000,29,706,layer_1,60,c1: ka_concept_1.c0 IS LOW,0.023119740188121796
covtype_binary_20000,29,707,layer_0,639,c10: Wilderness_Area_1 IS absent,0.023107726126909256
covtype_binary_20000,29,708,layer_1,81,c1: ka_concept_1.c7 IS LOW,0.023072265088558197
covtype_binary_20000,29,709,layer_0,663,c11: Wilderness_Area_3 IS absent,0.023047035560011864
covtype_binary_20000,29,710,layer_0,701,c11: Wilderness_Area_3 IS present,0.02297808602452278
covtype_binary_20000,29,711,layer_1,245,c4: ka_concept_1.c1 IS HIGH,0.022944504395127296
covtype_binary_20000,29,712,layer_1,219,c3: projection_1 IS LOW,0.022821709513664246
covtype_binary_20000,29,713,layer_1,164,c2: projection_2 IS HIGH,0.02278365008533001
covtype_binary_20000,29,714,layer_1,282,c4: projection_2 IS LOW,0.022773854434490204
covtype_binary_20000,29,715,layer_0,629,c10: Hillshade_9am IS HIGH,0.022753020748496056
covtype_binary_20000,29,716,layer_1,41,c0: projection_1 IS HIGH,0.022387130185961723
covtype_binary_20000,29,717,layer_0,707,c11: Horizontal_Distance_To_Roadways IS HIGH,0.022267842665314674
covtype_binary_20000,29,718,layer_1,128,c2: ka_concept_1.c2 IS HIGH,0.02157963626086712
covtype_binary_20000,29,719,layer_1,130,c2: ka_concept_1.c3 IS MEDIUM,0.021491901949048042
covtype_binary_20000,29,720,layer_1,153,c2: ka_concept_1.c11 IS LOW,0.021373435854911804
covtype_binary_20000,29,721,layer_0,719,c11: Wilderness_Area_2 IS present,0.02130308747291565
covtype_binary_20000,29,722,layer_1,5,c0: ka_concept_1.c1 IS HIGH,0.021206902340054512
covtype_binary_20000,29,723,layer_1,218,c3: projection_0 IS HIGH,0.021104872226715088
covtype_binary_20000,29,724,layer_0,201,c3: Wilderness_Area_2 IS absent,0.020979072898626328
covtype_binary_20000,29,725,layer_1,122,c2: ka_concept_1.c0 IS HIGH,0.02094782330095768
covtype_binary_20000,29,726,layer_1,109,c1: projection_4 IS MEDIUM,0.020780904218554497
covtype_binary_20000,29,727,layer_0,138,c2: Slope IS LOW,0.020695818588137627
covtype_binary_20000,29,728,layer_0,165,c2: Aspect IS LOW,0.020600177347660065
covtype_binary_20000,29,729,layer_0,690,c11: Wilderness_Area_1 IS absent,0.02041873149573803
covtype_binary_20000,29,730,layer_1,157,c2: projection_0 IS MEDIUM,0.02039187401533127
covtype_binary_20000,29,731,layer_1,39,c0: projection_1 IS LOW,0.02037557028234005
covtype_binary_20000,29,732,layer_1,76,c1: ka_concept_1.c5 IS MEDIUM,0.020125366747379303
covtype_binary_20000,29,733,layer_1,156,c2: projection_0 IS LOW,0.020001176744699478
covtype_binary_20000,29,734,layer_1,300,c5: ka_concept_1.c0 IS LOW,0.019822031259536743
covtype_binary_20000,29,735,layer_0,494,c8: Wilderness_Area_2 IS present,0.019777735695242882
covtype_binary_20000,29,736,layer_1,251,c4: ka_concept_1.c3 IS HIGH,0.019209014251828194
covtype_binary_20000,29,737,layer_0,227,c3: Vertical_Distance_To_Hydrology IS HIGH,0.019009025767445564
covtype_binary_20000,29,738,layer_1,111,c1: projection_5 IS LOW,0.01866978034377098
covtype_binary_20000,29,739,layer_1,356,c5: projection_6 IS HIGH,0.018573759123682976
covtype_binary_20000,29,740,layer_1,225,c3: projection_3 IS LOW,0.018528958782553673
covtype_binary_20000,29,741,layer_0,497,c8: Soil_Type_2 IS present,0.018006475642323494
covtype_binary_20000,29,742,layer_0,392,c6: Wilderness_Area_2 IS present,0.01800040528178215
covtype_binary_20000,29,743,layer_1,53,c0: projection_5 IS HIGH,0.0178628321737051
covtype_binary_20000,29,744,layer_1,274,c4: ka_concept_1.c11 IS MEDIUM,0.017378641292452812
covtype_binary_20000,29,745,layer_1,329,c5: ka_concept_1.c9 IS HIGH,0.017345858737826347
covtype_binary_20000,29,746,layer_1,191,c3: ka_concept_1.c3 IS HIGH,0.01732141710817814
covtype_binary_20000,29,747,layer_1,205,c3: ka_concept_1.c8 IS MEDIUM,0.017248427495360374
covtype_binary_20000,29,748,layer_0,530,c8: Wilderness_Area_2 IS present,0.017112616449594498
covtype_binary_20000,29,749,layer_1,215,c3: ka_concept_1.c11 IS HIGH,0.01699455827474594
covtype_binary_20000,29,750,layer_1,149,c2: ka_concept_1.c9 IS HIGH,0.01669607125222683
covtype_binary_20000,29,751,layer_0,517,c8: Horizontal_Distance_To_Hydrology IS MEDIUM,0.016556084156036377
covtype_binary_20000,29,752,layer_1,69,c1: ka_concept_1.c3 IS LOW,0.016463233157992363
covtype_binary_20000,29,753,layer_1,133,c2: ka_concept_1.c4 IS MEDIUM,0.016313577070832253
covtype_binary_20000,29,754,layer_1,17,c0: ka_concept_1.c5 IS HIGH,0.016273071989417076
covtype_binary_20000,29,755,layer_1,7,c0: ka_concept_1.c2 IS MEDIUM,0.016079604625701904
covtype_binary_20000,29,756,layer_1,72,c1: ka_concept_1.c4 IS LOW,0.015994612127542496
covtype_binary_20000,29,757,layer_1,31,c0: ka_concept_1.c10 IS MEDIUM,0.01575051061809063
covtype_binary_20000,29,758,layer_0,539,c8: Wilderness_Area_1 IS present,0.015703843906521797
covtype_binary_20000,29,759,layer_0,476,c7: Hillshade_9am IS HIGH,0.015566670335829258
covtype_binary_20000,29,760,layer_1,23,c0: ka_concept_1.c7 IS HIGH,0.01517537422478199
covtype_binary_20000,29,761,layer_1,287,c4: projection_3 IS HIGH,0.015091219916939735
covtype_binary_20000,29,762,layer_0,27,c0: Hillshade_9am IS LOW,0.01490453165024519
covtype_binary_20000,29,763,layer_1,359,c5: projection_7 IS HIGH,0.014790461398661137
covtype_binary_20000,29,764,layer_1,107,c1: projection_3 IS HIGH,0.0145431412383914
covtype_binary_20000,29,765,layer_1,54,c0: projection_6 IS LOW,0.014091690070927143
covtype_binary_20000,29,766,layer_0,50,c0: Wilderness_Area_2 IS present,0.013971347361803055
covtype_binary_20000,29,767,layer_1,168,c2: projection_4 IS LOW,0.013959518633782864
covtype_binary_20000,29,768,layer_0,54,c0: Horizontal_Distance_To_Roadways IS LOW,0.0139336958527565
covtype_binary_20000,29,769,layer_1,79,c1: ka_concept_1.c6 IS MEDIUM,0.013896648772060871
covtype_binary_20000,29,770,layer_0,19,c0: Horizontal_Distance_To_Hydrology IS MEDIUM,0.013776197098195553
covtype_binary_20000,29,771,layer_1,323,c5: ka_concept_1.c7 IS HIGH,0.01369163766503334
covtype_binary_20000,29,772,layer_0,275,c4: Soil_Type_35 IS present,0.013378841802477837
covtype_binary_20000,29,773,layer_1,114,c1: projection_6 IS LOW,0.013368134386837482
covtype_binary_20000,29,774,layer_1,276,c4: projection_0 IS LOW,0.013218194246292114
covtype_binary_20000,29,775,layer_1,115,c1: projection_6 IS MEDIUM,0.013194268569350243
covtype_binary_20000,29,776,layer_1,305,c5: ka_concept_1.c1 IS HIGH,0.0131203169003129
covtype_binary_20000,29,777,layer_1,292,c4: projection_5 IS MEDIUM,0.012953974306583405
covtype_binary_20000,29,778,layer_1,246,c4: ka_concept_1.c2 IS LOW,0.012860285118222237
covtype_binary_20000,29,779,layer_1,296,c4: projection_6 IS HIGH,0.012797340750694275
covtype_binary_20000,29,780,layer_0,404,c6: Soil_Type_11 IS present,0.01269329059869051
covtype_binary_20000,29,781,layer_1,131,c2: ka_concept_1.c3 IS HIGH,0.012644588015973568
covtype_binary_20000,29,782,layer_1,132,c2: ka_concept_1.c4 IS LOW,0.012617220170795918
covtype_binary_20000,29,783,layer_1,234,c3: projection_6 IS LOW,0.012614339590072632
covtype_binary_20000,29,784,layer_0,672,c11: Wilderness_Area_4 IS absent,0.012526181526482105
covtype_binary_20000,29,785,layer_1,158,c2: projection_0 IS HIGH,0.012475385330617428
covtype_binary_20000,29,786,layer_1,108,c1: projection_4 IS LOW,0.012444968335330486
covtype_binary_20000,29,787,layer_1,176,c2: projection_6 IS HIGH,0.01217406801879406
covtype_binary_20000,29,788,layer_1,94,c1: ka_concept_1.c11 IS MEDIUM,0.012170238420367241
covtype_binary_20000,29,789,layer_0,569,c9: Horizontal_Distance_To_Hydrology IS HIGH,0.012074626982212067
covtype_binary_20000,29,790,layer_1,151,c2: ka_concept_1.c10 IS MEDIUM,0.012035571038722992
covtype_binary_20000,29,791,layer_1,200,c3: ka_concept_1.c6 IS HIGH,0.011987515725195408
covtype_binary_20000,29,792,layer_1,78,c1: ka_concept_1.c6 IS LOW,0.011971923522651196
covtype_binary_20000,29,793,layer_0,608,c10: Soil_Type_11 IS present,0.011931040324270725
covtype_binary_20000,29,794,layer_0,173,c2: Soil_Type_35 IS present,0.011880968697369099
covtype_binary_20000,29,795,layer_1,52,c0: projection_5 IS MEDIUM,0.011851704679429531
covtype_binary_20000,29,796,layer_1,240,c4: ka_concept_1.c0 IS LOW,0.011687698774039745
covtype_binary_20000,29,797,layer_1,68,c1: ka_concept_1.c2 IS HIGH,0.011576579883694649
covtype_binary_20000,29,798,layer_1,177,c2: projection_7 IS LOW,0.011402467265725136
covtype_binary_20000,29,799,layer_1,263,c4: ka_concept_1.c7 IS HIGH,0.011388041079044342
covtype_binary_20000,29,800,layer_1,320,c5: ka_concept_1.c6 IS HIGH,0.01138562522828579
covtype_binary_20000,29,801,layer_0,399,c6: Wilderness_Area_1 IS absent,0.011178490705788136
covtype_binary_20000,29,802,layer_0,492,c8: Wilderness_Area_2 IS absent,0.01105109415948391
covtype_binary_20000,29,803,layer_1,73,c1: ka_concept_1.c4 IS MEDIUM,0.011009852401912212
covtype_binary_20000,29,804,layer_1,138,c2: ka_concept_1.c6 IS LOW,0.010746065527200699
covtype_binary_20000,29,805,layer_1,284,c4: projection_2 IS HIGH,0.010488657280802727
covtype_binary_20000,29,806,layer_0,224,c3: Soil_Type_35 IS present,0.010418586432933807
covtype_binary_20000,29,807,layer_1,104,c1: projection_2 IS HIGH,0.010338479653000832
covtype_binary_20000,29,808,layer_0,466,c7: Horizontal_Distance_To_Hydrology IS MEDIUM,0.010197620838880539
covtype_binary_20000,29,809,layer_1,178,c2: projection_7 IS MEDIUM,0.010195423848927021
covtype_binary_20000,29,810,layer_0,495,c8: Soil_Type_2 IS absent,0.010124866850674152
covtype_binary_20000,29,811,layer_1,155,c2: ka_concept_1.c11 IS HIGH,0.010093476623296738
covtype_binary_20000,29,812,layer_1,87,c1: ka_concept_1.c9 IS LOW,0.009992728941142559
covtype_binary_20000,29,813,layer_0,483,c8: Wilderness_Area_4 IS absent,0.00992149580270052
covtype_binary_20000,29,814,layer_1,148,c2: ka_concept_1.c9 IS MEDIUM,0.009765377268195152
covtype_binary_20000,29,815,layer_1,95,c1: ka_concept_1.c11 IS HIGH,0.00975086446851492
covtype_binary_20000,29,816,layer_1,62,c1: ka_concept_1.c0 IS HIGH,0.009472071193158627
covtype_binary_20000,29,817,layer_1,326,c5: ka_concept_1.c8 IS HIGH,0.009325225837528706
covtype_binary_20000,29,818,layer_1,291,c4: projection_5 IS LOW,0.009223105385899544
covtype_binary_20000,29,819,layer_0,683,c11: Wilderness_Area_2 IS present,0.009204835630953312
covtype_binary_20000,29,820,layer_1,283,c4: projection_2 IS MEDIUM,0.009126742370426655
covtype_binary_20000,29,821,layer_1,174,c2: projection_6 IS LOW,0.009120515547692776
covtype_binary_20000,29,822,layer_1,83,c1: ka_concept_1.c7 IS HIGH,0.009091394953429699
covtype_binary_20000,29,823,layer_1,136,c2: ka_concept_1.c5 IS MEDIUM,0.009001330472528934
covtype_binary_20000,29,824,layer_1,161,c2: projection_1 IS HIGH,0.008970029652118683
covtype_binary_20000,29,825,layer_0,152,c2: Wilderness_Area_2 IS present,0.008757863193750381
covtype_binary_20000,29,826,layer_1,170,c2: projection_4 IS HIGH,0.008747167885303497
covtype_binary_20000,29,827,layer_1,242,c4: ka_concept_1.c0 IS HIGH,0.008740831166505814
covtype_binary_20000,29,828,layer_0,614,c10: Wilderness_Area_3 IS present,0.00871659629046917
covtype_binary_20000,29,829,layer_1,126,c2: ka_concept_1.c2 IS LOW,0.008657057769596577
covtype_binary_20000,29,830,layer_1,59,c0: projection_7 IS HIGH,0.008624967187643051
covtype_binary_20000,29,831,layer_0,590,c9: Wilderness_Area_1 IS present,0.008541310206055641
covtype_binary_20000,29,832,layer_1,70,c1: ka_concept_1.c3 IS MEDIUM,0.008526242338120937
covtype_binary_20000,29,833,layer_1,137,c2: ka_concept_1.c5 IS HIGH,0.008355130441486835
covtype_binary_20000,29,834,layer_1,124,c2: ka_concept_1.c1 IS MEDIUM,0.008309041149914265
covtype_binary_20000,29,835,layer_1,324,c5: ka_concept_1.c8 IS LOW,0.008295409381389618
covtype_binary_20000,29,836,layer_1,64,c1: ka_concept_1.c1 IS MEDIUM,0.00825806800276041
covtype_binary_20000,29,837,layer_0,506,c8: Soil_Type_11 IS present,0.008197297342121601
covtype_binary_20000,29,838,layer_0,519,c8: Wilderness_Area_4 IS absent,0.008155548013746738
covtype_binary_20000,29,839,layer_1,101,c1: projection_1 IS HIGH,0.00811921339482069
covtype_binary_20000,29,840,layer_1,239,c3: projection_7 IS HIGH,0.007900388911366463
covtype_binary_20000,29,841,layer_1,173,c2: projection_5 IS HIGH,0.007574749179184437
covtype_binary_20000,29,842,layer_1,266,c4: ka_concept_1.c8 IS HIGH,0.00749797560274601
covtype_binary_20000,29,843,layer_1,77,c1: ka_concept_1.c5 IS HIGH,0.007383787073194981
covtype_binary_20000,29,844,layer_1,26,c0: ka_concept_1.c8 IS HIGH,0.00737769203260541
covtype_binary_20000,29,845,layer_1,289,c4: projection_4 IS MEDIUM,0.007338433992117643
covtype_binary_20000,29,846,layer_0,593,c9: Soil_Type_21 IS present,0.007168884854763746
covtype_binary_20000,29,847,layer_1,90,c1: ka_concept_1.c10 IS LOW,0.006868044380098581
covtype_binary_20000,29,848,layer_0,380,c6: Vertical_Distance_To_Hydrology IS HIGH,0.0067148031666874886
covtype_binary_20000,29,849,layer_1,288,c4: projection_4 IS LOW,0.00665301363915205
covtype_binary_20000,29,850,layer_1,120,c2: ka_concept_1.c0 IS LOW,0.0065726242028176785
covtype_binary_20000,29,851,layer_1,275,c4: ka_concept_1.c11 IS HIGH,0.006557798478752375
covtype_binary_20000,29,852,layer_0,575,c9: Soil_Type_18 IS present,0.00634796405211091
covtype_binary_20000,29,853,layer_1,325,c5: ka_concept_1.c8 IS MEDIUM,0.006309919524937868
covtype_binary_20000,29,854,layer_1,265,c4: ka_concept_1.c8 IS MEDIUM,0.006221666466444731
covtype_binary_20000,29,855,layer_1,273,c4: ka_concept_1.c11 IS LOW,0.006220356095582247
covtype_binary_20000,29,856,layer_1,209,c3: ka_concept_1.c9 IS HIGH,0.006177595816552639
covtype_binary_20000,29,857,layer_1,159,c2: projection_1 IS LOW,0.006032918114215136
covtype_binary_20000,29,858,layer_1,38,c0: projection_0 IS HIGH,0.006001139525324106
covtype_binary_20000,29,859,layer_1,63,c1: ka_concept_1.c1 IS LOW,0.005988902412354946
covtype_binary_20000,29,860,layer_1,179,c2: projection_7 IS HIGH,0.005942143965512514
covtype_binary_20000,29,861,layer_1,145,c2: ka_concept_1.c8 IS MEDIUM,0.005916070193052292
covtype_binary_20000,29,862,layer_1,67,c1: ka_concept_1.c2 IS MEDIUM,0.005722546949982643
covtype_binary_20000,29,863,layer_1,206,c3: ka_concept_1.c8 IS HIGH,0.005678314249962568
covtype_binary_20000,29,864,layer_1,278,c4: projection_0 IS HIGH,0.005677659995853901
covtype_binary_20000,29,865,layer_1,307,c5: ka_concept_1.c2 IS MEDIUM,0.0056644631549716
covtype_binary_20000,29,866,layer_1,30,c0: ka_concept_1.c10 IS LOW,0.0054876236245036125
covtype_binary_20000,29,867,layer_1,20,c0: ka_concept_1.c6 IS HIGH,0.00547192245721817
covtype_binary_20000,29,868,layer_1,228,c3: projection_4 IS LOW,0.0052960654720664024
covtype_binary_20000,29,869,layer_1,150,c2: ka_concept_1.c10 IS LOW,0.005268817767500877
covtype_binary_20000,29,870,layer_1,294,c4: projection_6 IS LOW,0.005254143849015236
covtype_binary_20000,29,871,layer_0,566,c9: Soil_Type_26 IS present,0.005169553682208061
covtype_binary_20000,29,872,layer_1,332,c5: ka_concept_1.c10 IS HIGH,0.005139168351888657
covtype_binary_20000,29,873,layer_0,377,c6: Soil_Type_35 IS present,0.005032259039580822
covtype_binary_20000,29,874,layer_0,413,c6: Soil_Type_26 IS present,0.004996277391910553
covtype_binary_20000,29,875,layer_0,326,c5: Soil_Type_35 IS present,0.004942061845213175
covtype_binary_20000,29,876,layer_0,541,c9: Hillshade_3pm IS MEDIUM,0.004575375467538834
covtype_binary_20000,29,877,layer_1,110,c1: projection_4 IS HIGH,0.004571158904582262
covtype_binary_20000,29,878,layer_0,428,c7: Soil_Type_35 IS present,0.00454010209068656
covtype_binary_20000,29,879,layer_0,641,c10: Wilderness_Area_1 IS present,0.00442285742610693
covtype_binary_20000,29,880,layer_1,257,c4: ka_concept_1.c5 IS HIGH,0.004327448084950447
covtype_binary_20000,29,881,layer_1,147,c2: ka_concept_1.c9 IS LOW,0.004322908818721771
covtype_binary_20000,29,882,layer_1,71,c1: ka_concept_1.c3 IS HIGH,0.004277678206562996
covtype_binary_20000,29,883,layer_1,89,c1: ka_concept_1.c9 IS HIGH,0.004239724949002266
covtype_binary_20000,29,884,layer_1,272,c4: ka_concept_1.c10 IS HIGH,0.004061083309352398
covtype_binary_20000,29,885,layer_1,65,c1: ka_concept_1.c1 IS HIGH,0.004028272815048695
covtype_binary_20000,29,886,layer_0,464,c7: Soil_Type_26 IS present,0.0038897667545825243
covtype_binary_20000,29,887,layer_1,93,c1: ka_concept_1.c11 IS LOW,0.0038498055655509233
covtype_binary_20000,29,888,layer_1,140,c2: ka_concept_1.c6 IS HIGH,0.0038369738031178713
covtype_binary_20000,29,889,layer_1,281,c4: projection_1 IS HIGH,0.0038321216125041246
covtype_binary_20000,29,890,layer_0,687,c11: Slope IS LOW,0.0037835976108908653
covtype_binary_20000,29,891,layer_1,66,c1: ka_concept_1.c2 IS LOW,0.003741011954843998
covtype_binary_20000,29,892,layer_1,290,c4: projection_4 IS HIGH,0.003695594845339656
covtype_binary_20000,29,893,layer_0,644,c10: Soil_Type_21 IS present,0.003442727029323578
covtype_binary_20000,29,894,layer_0,443,c7: Wilderness_Area_2 IS present,0.003335534129291773
covtype_binary_20000,29,895,layer_0,692,c11: Wilderness_Area_1 IS present,0.0033281638752669096
covtype_binary_20000,29,896,layer_1,91,c1: ka_concept_1.c10 IS MEDIUM,0.0032832911238074303
covtype_binary_20000,29,897,layer_0,319,c5: Aspect IS MEDIUM,0.0032617400866001844
covtype_binary_20000,29,898,layer_1,125,c2: ka_concept_1.c1 IS HIGH,0.003137503983452916
covtype_binary_20000,29,899,layer_1,117,c1: projection_7 IS LOW,0.003085832577198744
covtype_binary_20000,29,900,layer_1,310,c5: ka_concept_1.c3 IS MEDIUM,0.0030521517619490623
covtype_binary_20000,29,901,layer_1,112,c1: projection_5 IS MEDIUM,0.003050426719710231
covtype_binary_20000,29,902,layer_1,88,c1: ka_concept_1.c9 IS MEDIUM,0.0029788194224238396
covtype_binary_20000,29,903,layer_1,279,c4: projection_1 IS LOW,0.002900735242292285
covtype_binary_20000,29,904,layer_1,127,c2: ka_concept_1.c2 IS MEDIUM,0.002860917942598462
covtype_binary_20000,29,905,layer_0,626,c10: Soil_Type_18 IS present,0.0027581946924328804
covtype_binary_20000,29,906,layer_0,3,c0: Wilderness_Area_4 IS absent,0.0026987860910594463
covtype_binary_20000,29,907,layer_0,695,c11: Soil_Type_21 IS present,0.002616124227643013
covtype_binary_20000,29,908,layer_1,102,c1: projection_2 IS LOW,0.0025249822065234184
covtype_binary_20000,29,909,layer_1,293,c4: projection_5 IS HIGH,0.0024931873194873333
covtype_binary_20000,29,910,layer_0,524,c8: Soil_Type_18 IS present,0.0024592075496912003
covtype_binary_20000,29,911,layer_0,713,c11: Soil_Type_34 IS present,0.0024400968104600906
covtype_binary_20000,29,912,layer_0,668,c11: Soil_Type_26 IS present,0.0024225839879363775
covtype_binary_20000,29,913,layer_1,32,c0: ka_concept_1.c10 IS HIGH,0.0024174193385988474
covtype_binary_20000,29,914,layer_0,621,c10: Wilderness_Area_4 IS absent,0.0022734005469828844
covtype_binary_20000,29,915,layer_0,482,c8: Vertical_Distance_To_Hydrology IS HIGH,0.002183583565056324
covtype_binary_20000,29,916,layer_0,617,c10: Soil_Type_26 IS present,0.0021754149347543716
covtype_binary_20000,29,917,layer_0,677,c11: Soil_Type_18 IS present,0.0021135322749614716
covtype_binary_20000,29,918,layer_1,85,c1: ka_concept_1.c8 IS MEDIUM,0.0021115716081112623
covtype_binary_20000,29,919,layer_1,216,c3: projection_0 IS LOW,0.0020500754471868277
covtype_binary_20000,29,920,layer_1,333,c5: ka_concept_1.c11 IS LOW,0.0019136362243443727
covtype_binary_20000,29,921,layer_1,116,c1: projection_6 IS HIGH,0.0018987652147188783
covtype_binary_20000,29,922,layer_1,152,c2: ka_concept_1.c10 IS HIGH,0.0018058896530419588
covtype_binary_20000,29,923,layer_1,203,c3: ka_concept_1.c7 IS HIGH,0.0014267981750890613
covtype_binary_20000,29,924,layer_1,146,c2: ka_concept_1.c8 IS HIGH,0.0013700731797143817
covtype_binary_20000,29,925,projection_layer,4,"pursuit_1(Elevation, Vertical_Distance_To_Hydrology, Soil_Type_40, Soil_Type_6) IS MEDIUM",0.001264812657609582
covtype_binary_20000,29,926,layer_1,99,c1: projection_1 IS LOW,0.0012194560840725899
covtype_binary_20000,29,927,layer_1,212,c3: ka_concept_1.c10 IS HIGH,0.0010232027852907777
covtype_binary_20000,29,928,layer_1,119,c1: projection_7 IS HIGH,0.0009815668454393744
covtype_binary_20000,29,929,layer_1,80,c1: ka_concept_1.c6 IS HIGH,0.0008695878786966205
covtype_binary_20000,29,930,layer_0,599,c9: Wilderness_Area_3 IS present,0.0007742689340375364
covtype_binary_20000,29,931,layer_1,113,c1: projection_5 IS HIGH,0.0007440411136485636
covtype_binary_20000,29,932,layer_1,271,c4: ka_concept_1.c10 IS MEDIUM,0.0006109889945946634
covtype_binary_20000,29,933,layer_1,92,c1: ka_concept_1.c10 IS HIGH,0.0005456512444652617
covtype_binary_20000,29,934,layer_1,144,c2: ka_concept_1.c8 IS LOW,0.00032426221878267825
covtype_binary_20000,29,935,layer_1,98,c1: projection_0 IS HIGH,0.0002477916132193059
covtype_binary_20000,29,936,layer_1,129,c2: ka_concept_1.c3 IS LOW,9.274736839870457e-06
