dataset,seed,rank,rule_id,importance,cumulative_importance,cumulative_share
covtype_binary_20000,19,1,layer_0::c6: Horizontal_Distance_To_Roadways IS MEDIUM,198.9828338623047,198.9828338623047,0.014295814592876375
covtype_binary_20000,19,2,layer_0::c11: Horizontal_Distance_To_Roadways IS LOW,196.6229705810547,395.6058044433594,0.028422086078548677
covtype_binary_20000,19,3,layer_0::c9: Elevation IS LOW,192.05332946777344,587.6591339111328,0.04222005415812586
covtype_binary_20000,19,4,layer_0::c6: Elevation IS LOW,176.04283142089844,763.7019653320312,0.05486775662345352
covtype_binary_20000,19,5,layer_0::c7: Elevation IS LOW,174.1654815673828,937.8674468994141,0.06738058189907147
covtype_binary_20000,19,6,layer_0::c5: Elevation IS HIGH,155.53150939941406,1093.3989562988281,0.07855465947434036
covtype_binary_20000,19,7,layer_0::c5: Elevation IS MEDIUM,140.7334747314453,1234.1324310302734,0.0886655802141878
covtype_binary_20000,19,8,layer_0::c9: Elevation IS MEDIUM,135.8074493408203,1369.9398803710938,0.09842259331136437
covtype_binary_20000,19,9,layer_0::c2: Vertical_Distance_To_Hydrology IS LOW,135.4488067626953,1505.388687133789,0.10815383992556114
covtype_binary_20000,19,10,layer_0::c7: Horizontal_Distance_To_Roadways IS MEDIUM,130.24642944335938,1635.6351165771484,0.11751132454152004
covtype_binary_20000,19,11,layer_0::c10: Horizontal_Distance_To_Fire_Points IS MEDIUM,129.1571044921875,1764.792221069336,0.12679054719271005
covtype_binary_20000,19,12,"projection_layer::pursuit_4(Horizontal_Distance_To_Hydrology, Soil_Type_22, Soil_Type_30, Soil_Type_35) IS LOW",128.91087341308594,1893.7030944824219,0.13605207950456014
covtype_binary_20000,19,13,"projection_layer::pursuit_7(Aspect, Soil_Type_39, Soil_Type_2, Soil_Type_5) IS HIGH",125.81309509277344,2019.5161895751953,0.14509105360042027
covtype_binary_20000,19,14,layer_0::c1: Horizontal_Distance_To_Roadways IS MEDIUM,120.15550231933594,2139.6716918945312,0.1537235609887702
covtype_binary_20000,19,15,"projection_layer::pursuit_3(Slope, Soil_Type_12, Soil_Type_13, Soil_Type_1) IS LOW",119.6677474975586,2259.33943939209,0.16232102589449204
covtype_binary_20000,19,16,layer_0::c5: Horizontal_Distance_To_Roadways IS LOW,117.67464447021484,2377.0140838623047,0.17077529738603664
covtype_binary_20000,19,17,layer_0::c6: Elevation IS MEDIUM,114.17156982421875,2491.1856536865234,0.17897789236523032
covtype_binary_20000,19,18,layer_0::c11: Horizontal_Distance_To_Fire_Points IS LOW,113.89122009277344,2605.076873779297,0.18716034576887142
covtype_binary_20000,19,19,layer_0::c1: Horizontal_Distance_To_Roadways IS LOW,108.17632293701172,2713.2531967163086,0.1949322154624993
covtype_binary_20000,19,20,layer_0::c11: Horizontal_Distance_To_Fire_Points IS HIGH,107.14972686767578,2820.4029235839844,0.2026303299141089
covtype_binary_20000,19,21,layer_0::c10: Horizontal_Distance_To_Roadways IS MEDIUM,105.45982360839844,2925.862747192383,0.21020703417567543
covtype_binary_20000,19,22,layer_0::c2: Horizontal_Distance_To_Hydrology IS LOW,104.76700592041016,3030.629753112793,0.21773396332336958
covtype_binary_20000,19,23,layer_0::c4: Elevation IS LOW,103.76163482666016,3134.391387939453,0.2251886621259917
covtype_binary_20000,19,24,layer_0::c8: Elevation IS LOW,96.65069580078125,3231.0420837402344,0.23213247934188577
covtype_binary_20000,19,25,layer_0::c10: Elevation IS LOW,95.87908935546875,3326.921173095703,0.23902086090804694
covtype_binary_20000,19,26,"projection_layer::pursuit_6(Horizontal_Distance_To_Roadways, Soil_Type_38, Wilderness_Area_2, Soil_Type_18) IS LOW",95.83767700195312,3422.7588500976562,0.24590626722596068
covtype_binary_20000,19,27,layer_0::c8: Horizontal_Distance_To_Roadways IS LOW,93.8257827758789,3516.584632873535,0.2526471300861391
covtype_binary_20000,19,28,layer_0::c6: Horizontal_Distance_To_Fire_Points IS MEDIUM,93.55838775634766,3610.143020629883,0.25936878209506925
covtype_binary_20000,19,29,layer_0::c4: Elevation IS MEDIUM,93.0567398071289,3703.1997604370117,0.2660543934771085
covtype_binary_20000,19,30,layer_0::c1: Soil_Type_23 IS absent,92.65965270996094,3795.8594131469727,0.2727114763503908
covtype_binary_20000,19,31,layer_0::c9: Horizontal_Distance_To_Roadways IS HIGH,88.62586212158203,3884.4852752685547,0.2790787537101087
covtype_binary_20000,19,32,layer_0::c10: Aspect IS MEDIUM,87.675537109375,3972.1608123779297,0.28537775548085353
covtype_binary_20000,19,33,layer_0::c1: Horizontal_Distance_To_Roadways IS HIGH,84.55592346191406,4056.7167358398438,0.2914526302882826
covtype_binary_20000,19,34,layer_0::c6: Horizontal_Distance_To_Roadways IS LOW,82.26728820800781,4138.984024047852,0.2973630793277925
covtype_binary_20000,19,35,layer_0::c9: Horizontal_Distance_To_Fire_Points IS LOW,81.6430892944336,4220.627113342285,0.30322868313234247
covtype_binary_20000,19,36,layer_0::c8: Horizontal_Distance_To_Fire_Points IS MEDIUM,80.93348693847656,4301.560600280762,0.3090433059375845
covtype_binary_20000,19,37,layer_0::c7: Hillshade_3pm IS HIGH,79.98939514160156,4381.549995422363,0.3147901009758538
covtype_binary_20000,19,38,layer_0::c7: Horizontal_Distance_To_Fire_Points IS LOW,78.74568939208984,4460.295684814453,0.32044754264399566
covtype_binary_20000,19,39,layer_0::c10: Hillshade_Noon IS HIGH,77.42422485351562,4537.719909667969,0.3260100444036648
covtype_binary_20000,19,40,layer_0::c11: Hillshade_3pm IS MEDIUM,76.86638641357422,4614.586296081543,0.33153246856088264
covtype_binary_20000,19,41,layer_0::c6: Soil_Type_2 IS absent,74.05961608886719,4688.64591217041,0.33685324181491466
covtype_binary_20000,19,42,layer_0::c2: Horizontal_Distance_To_Fire_Points IS MEDIUM,73.3394546508789,4761.985366821289,0.34212227545807383
covtype_binary_20000,19,43,layer_0::c7: Elevation IS HIGH,73.0015869140625,4834.986953735352,0.34736703517554457
covtype_binary_20000,19,44,layer_0::c5: Vertical_Distance_To_Hydrology IS MEDIUM,72.5303726196289,4907.5173263549805,0.35257794075567095
covtype_binary_20000,19,45,layer_0::c5: Elevation IS LOW,69.93653106689453,4977.453857421875,0.3576024931856214
covtype_binary_20000,19,46,layer_0::c0: Elevation IS LOW,67.9754409790039,5045.429298400879,0.36248615215379804
covtype_binary_20000,19,47,layer_0::c7: Soil_Type_32 IS absent,66.15095520019531,5111.580253601074,0.36723873192325734
covtype_binary_20000,19,48,layer_0::c8: Horizontal_Distance_To_Roadways IS HIGH,65.50578308105469,5177.086036682129,0.371944959649092
covtype_binary_20000,19,49,layer_0::c4: Soil_Type_4 IS absent,63.62879180908203,5240.714828491211,0.37651633594731493
covtype_binary_20000,19,50,layer_0::c2: Hillshade_9am IS HIGH,62.120086669921875,5302.834915161133,0.38097932013690156
covtype_binary_20000,19,51,layer_0::c6: Hillshade_3pm IS HIGH,60.45640182495117,5363.291316986084,0.3853227777843085
covtype_binary_20000,19,52,layer_0::c1: Vertical_Distance_To_Hydrology IS LOW,59.69366455078125,5422.984981536865,0.3896114369828093
covtype_binary_20000,19,53,layer_0::c0: Horizontal_Distance_To_Fire_Points IS MEDIUM,59.10591506958008,5482.090896606445,0.39385786963619956
covtype_binary_20000,19,54,layer_0::c6: Horizontal_Distance_To_Roadways IS HIGH,58.2365608215332,5540.3274574279785,0.3980418440015839
covtype_binary_20000,19,55,"projection_layer::pursuit_5(Hillshade_9am, Wilderness_Area_1, Soil_Type_10, Soil_Type_32) IS LOW",57.81618118286133,5598.14363861084,0.4021956164181044
covtype_binary_20000,19,56,layer_0::c2: Hillshade_3pm IS LOW,57.366600036621094,5655.510238647461,0.4063170889191682
covtype_binary_20000,19,57,layer_0::c5: Soil_Type_32 IS absent,55.93206024169922,5711.44229888916,0.4103354976808317
covtype_binary_20000,19,58,layer_0::c5: Wilderness_Area_2 IS absent,55.757301330566406,5767.199600219727,0.41434135098259195
covtype_binary_20000,19,59,layer_0::c2: Horizontal_Distance_To_Hydrology IS HIGH,55.63408279418945,5822.833683013916,0.41833835171493067
covtype_binary_20000,19,60,layer_0::c4: Elevation IS HIGH,54.91350555419922,5877.747188568115,0.42228358296332547
covtype_binary_20000,19,61,layer_0::c5: Slope IS LOW,54.5284423828125,5932.275630950928,0.4262011495554389
covtype_binary_20000,19,62,layer_0::c10: Horizontal_Distance_To_Fire_Points IS LOW,53.8225212097168,5986.0981521606445,0.43006799962084563
covtype_binary_20000,19,63,layer_0::c11: Soil_Type_31 IS absent,53.27592468261719,6039.374076843262,0.433895579752978
covtype_binary_20000,19,64,layer_0::c7: Soil_Type_4 IS absent,52.83872985839844,6092.21280670166,0.43769174985829196
covtype_binary_20000,19,65,layer_0::c11: Horizontal_Distance_To_Hydrology IS LOW,52.773406982421875,6144.986213684082,0.44148322687674263
covtype_binary_20000,19,66,layer_0::c3: Aspect IS MEDIUM,52.18718719482422,6197.173400878906,0.4452325872500963
covtype_binary_20000,19,67,layer_0::c7: Horizontal_Distance_To_Roadways IS LOW,51.86674499511719,6249.040145874023,0.4489589256260956
covtype_binary_20000,19,68,layer_0::c4: Soil_Type_13 IS absent,51.458282470703125,6300.498428344727,0.45265591823189033
covtype_binary_20000,19,69,layer_0::c4: Hillshade_3pm IS HIGH,50.93946838378906,6351.437896728516,0.45631563691887145
covtype_binary_20000,19,70,layer_0::c11: Hillshade_3pm IS HIGH,50.802711486816406,6402.240608215332,0.4599655303802013
covtype_binary_20000,19,71,layer_0::c3: Hillshade_Noon IS MEDIUM,50.630348205566406,6452.870956420898,0.46360304049436735
covtype_binary_20000,19,72,layer_0::c1: Wilderness_Area_2 IS absent,49.79553985595703,6502.6664962768555,0.46718057425200576
covtype_binary_20000,19,73,layer_0::c9: Horizontal_Distance_To_Fire_Points IS HIGH,49.29798889160156,6551.964485168457,0.47072236172842546
covtype_binary_20000,19,74,layer_0::c11: Horizontal_Distance_To_Roadways IS HIGH,49.10295867919922,6601.067443847656,0.4742501373642135
covtype_binary_20000,19,75,layer_0::c10: Soil_Type_24 IS absent,48.831520080566406,6649.898963928223,0.47775841163998933
covtype_binary_20000,19,76,layer_0::c5: Slope IS MEDIUM,48.47005844116211,6698.369022369385,0.4812407168988452
covtype_binary_20000,19,77,layer_0::c2: Soil_Type_23 IS absent,47.95146942138672,6746.3204917907715,0.48468576440871475
covtype_binary_20000,19,78,layer_0::c0: Aspect IS MEDIUM,47.849021911621094,6794.169513702393,0.48812345163238935
covtype_binary_20000,19,79,layer_0::c2: Hillshade_3pm IS MEDIUM,47.560447692871094,6841.729961395264,0.491540406396648
covtype_binary_20000,19,80,layer_0::c8: Soil_Type_30 IS absent,46.93221664428711,6888.662178039551,0.4949122262393773
covtype_binary_20000,19,81,layer_0::c4: Hillshade_Noon IS HIGH,46.719886779785156,6935.382064819336,0.49826879135728175
covtype_binary_20000,19,82,layer_0::c5: Wilderness_Area_2 IS absent,46.648643493652344,6982.030708312988,0.5016202380396418
covtype_binary_20000,19,83,layer_0::c4: Hillshade_3pm IS MEDIUM,46.61536407470703,7028.646072387695,0.5049692937800612
covtype_binary_20000,19,84,layer_0::c3: Vertical_Distance_To_Hydrology IS MEDIUM,46.073551177978516,7074.719623565674,0.5082794232645551
covtype_binary_20000,19,85,layer_0::c3: Horizontal_Distance_To_Hydrology IS MEDIUM,45.583709716796875,7120.303333282471,0.5115543603529362
covtype_binary_20000,19,86,layer_0::c5: Horizontal_Distance_To_Roadways IS MEDIUM,45.04631042480469,7165.349643707275,0.5147906882784485
covtype_binary_20000,19,87,layer_0::c5: Hillshade_3pm IS LOW,45.03843307495117,7210.388076782227,0.5180264502600008
covtype_binary_20000,19,88,layer_0::c11: Horizontal_Distance_To_Fire_Points IS MEDIUM,43.87337112426758,7254.261447906494,0.5211785089928209
covtype_binary_20000,19,89,layer_0::c8: Elevation IS HIGH,43.77149963378906,7298.032947540283,0.5243232488232418
covtype_binary_20000,19,90,layer_0::c1: Horizontal_Distance_To_Fire_Points IS LOW,43.530029296875,7341.562976837158,0.5274506403472826
covtype_binary_20000,19,91,layer_0::c11: Vertical_Distance_To_Hydrology IS LOW,43.0811653137207,7384.644142150879,0.5305457834800626
covtype_binary_20000,19,92,layer_0::c10: Soil_Type_32 IS absent,42.887733459472656,7427.531875610352,0.5336270296053922
covtype_binary_20000,19,93,layer_0::c10: Aspect IS LOW,42.672306060791016,7470.204181671143,0.536692798465221
covtype_binary_20000,19,94,layer_0::c9: Slope IS LOW,41.94373321533203,7512.147914886475,0.5397062234011347
covtype_binary_20000,19,95,layer_0::c2: Hillshade_Noon IS MEDIUM,41.85506820678711,7554.002983093262,0.5427132782472351
covtype_binary_20000,19,96,layer_0::c6: Wilderness_Area_3 IS absent,41.83180236816406,7595.834785461426,0.5457186615716828
covtype_binary_20000,19,97,layer_0::c1: Wilderness_Area_2 IS absent,41.75813293457031,7637.592918395996,0.5487187521553278
covtype_binary_20000,19,98,layer_0::c5: Soil_Type_13 IS absent,41.741233825683594,7679.33415222168,0.5517176286315911
covtype_binary_20000,19,99,layer_0::c11: Wilderness_Area_2 IS absent,41.582801818847656,7720.916954040527,0.5547051226456021
covtype_binary_20000,19,100,layer_0::c1: Horizontal_Distance_To_Hydrology IS HIGH,41.03866958618164,7761.955623626709,0.5576535237722458
covtype_binary_20000,19,101,layer_0::c9: Horizontal_Distance_To_Roadways IS MEDIUM,40.89511489868164,7802.850738525391,0.5605916112896367
covtype_binary_20000,19,102,layer_0::c5: Horizontal_Distance_To_Roadways IS HIGH,40.8851203918457,7843.735858917236,0.5635289807570639
covtype_binary_20000,19,103,layer_0::c11: Soil_Type_24 IS absent,40.32007598876953,7884.055934906006,0.5664257549134969
covtype_binary_20000,19,104,layer_0::c8: Soil_Type_11 IS absent,40.242828369140625,7924.2987632751465,0.5693169792562777
covtype_binary_20000,19,105,"projection_layer::pursuit_5(Hillshade_9am, Wilderness_Area_1, Soil_Type_10, Soil_Type_32) IS MEDIUM",40.21540069580078,7964.514163970947,0.5722062330726306
covtype_binary_20000,19,106,"projection_layer::pursuit_4(Horizontal_Distance_To_Hydrology, Soil_Type_22, Soil_Type_30, Soil_Type_35) IS MEDIUM",40.15758514404297,8004.67174911499,0.5750913331617878
covtype_binary_20000,19,107,layer_0::c11: Wilderness_Area_2 IS absent,40.115516662597656,8044.787265777588,0.5779734108635396
covtype_binary_20000,19,108,layer_0::c3: Hillshade_3pm IS MEDIUM,40.087032318115234,8084.874298095703,0.5808534421228944
covtype_binary_20000,19,109,layer_0::c11: Horizontal_Distance_To_Roadways IS MEDIUM,39.89547348022461,8124.769771575928,0.5837197109406507
covtype_binary_20000,19,110,"projection_layer::pursuit_2(Hillshade_Noon, Wilderness_Area_4, Soil_Type_23, Soil_Type_11) IS LOW",39.12318420410156,8163.892955780029,0.586530495051062
covtype_binary_20000,19,111,layer_0::c11: Soil_Type_33 IS absent,38.86700439453125,8202.75996017456,0.589322874060948
covtype_binary_20000,19,112,layer_0::c1: Soil_Type_38 IS absent,38.03996276855469,8240.799922943115,0.5920558347103851
covtype_binary_20000,19,113,layer_0::c3: Soil_Type_29 IS absent,37.96756362915039,8278.767486572266,0.5947835938826219
covtype_binary_20000,19,114,layer_0::c5: Hillshade_Noon IS LOW,37.59737777709961,8316.364864349365,0.5974847572515771
covtype_binary_20000,19,115,layer_0::c3: Vertical_Distance_To_Hydrology IS LOW,37.284889221191406,8353.649753570557,0.6001634700484354
covtype_binary_20000,19,116,layer_0::c6: Soil_Type_4 IS absent,37.1671257019043,8390.816879272461,0.6028337221886388
covtype_binary_20000,19,117,layer_0::c4: Hillshade_Noon IS LOW,37.043155670166016,8427.860034942627,0.6054950677686409
covtype_binary_20000,19,118,layer_0::c1: Aspect IS HIGH,36.84321594238281,8464.70325088501,0.6081420487865216
covtype_binary_20000,19,119,layer_0::c6: Hillshade_9am IS MEDIUM,36.11924362182617,8500.822494506836,0.6107370164027225
covtype_binary_20000,19,120,layer_0::c3: Hillshade_3pm IS HIGH,35.8566780090332,8536.67917251587,0.6133131201338027
covtype_binary_20000,19,121,layer_0::c1: Wilderness_Area_3 IS absent,35.806331634521484,8572.48550415039,0.615885606756706
covtype_binary_20000,19,122,layer_0::c0: Soil_Type_23 IS absent,34.64567184448242,8607.131175994873,0.6183747064017392
covtype_binary_20000,19,123,layer_0::c1: Soil_Type_39 IS absent,34.2155647277832,8641.346740722656,0.6208329052324857
covtype_binary_20000,19,124,layer_0::c1: Wilderness_Area_3 IS absent,34.16511535644531,8675.511856079102,0.6232874795553037
covtype_binary_20000,19,125,layer_0::c2: Hillshade_3pm IS HIGH,33.44407653808594,8708.955932617188,0.6256902512323284
covtype_binary_20000,19,126,layer_0::c2: Hillshade_9am IS MEDIUM,32.4974250793457,8741.453357696533,0.6280250112448513
covtype_binary_20000,19,127,layer_0::c8: Aspect IS HIGH,32.44509506225586,8773.898452758789,0.6303560116354641
covtype_binary_20000,19,128,"projection_layer::pursuit_7(Aspect, Soil_Type_39, Soil_Type_2, Soil_Type_5) IS LOW",32.3671760559082,8806.265628814697,0.632681413977007
covtype_binary_20000,19,129,layer_0::c1: Aspect IS MEDIUM,32.226531982421875,8838.49216079712,0.6349967118207944
covtype_binary_20000,19,130,layer_0::c4: Soil_Type_29 IS absent,32.02125549316406,8870.513416290283,0.6372972616857048
covtype_binary_20000,19,131,layer_0::c3: Hillshade_Noon IS HIGH,31.988605499267578,8902.50202178955,0.639595465829378
covtype_binary_20000,19,132,layer_0::c10: Horizontal_Distance_To_Hydrology IS MEDIUM,31.367271423339844,8933.86929321289,0.64184903056081
covtype_binary_20000,19,133,layer_0::c2: Horizontal_Distance_To_Hydrology IS MEDIUM,31.081647872924805,8964.950941085815,0.6440820748220044
covtype_binary_20000,19,134,layer_0::c8: Aspect IS MEDIUM,30.75151252746582,8995.702453613281,0.6462914006870053
covtype_binary_20000,19,135,layer_0::c4: Vertical_Distance_To_Hydrology IS MEDIUM,30.713958740234375,9026.416412353516,0.6484980285203765
covtype_binary_20000,19,136,layer_0::c4: Soil_Type_2 IS absent,30.55686378479004,9056.973276138306,0.650693369951233
covtype_binary_20000,19,137,layer_0::c6: Hillshade_9am IS HIGH,30.532211303710938,9087.505487442017,0.6528869402378559
covtype_binary_20000,19,138,layer_0::c5: Hillshade_Noon IS HIGH,30.43189239501953,9117.937379837036,0.6550733031664823
covtype_binary_20000,19,139,layer_0::c4: Aspect IS HIGH,30.198108673095703,9148.135488510132,0.6572428700294451
covtype_binary_20000,19,140,layer_0::c9: Soil_Type_32 IS absent,30.177989959716797,9178.313478469849,0.6594109914742745
covtype_binary_20000,19,141,layer_0::c9: Soil_Type_24 IS absent,30.16900062561035,9208.482479095459,0.6615784670852338
covtype_binary_20000,19,142,layer_0::c0: Aspect IS LOW,30.11748695373535,9238.599966049194,0.6637422417241653
covtype_binary_20000,19,143,layer_0::c7: Soil_Type_13 IS absent,30.10372543334961,9268.703691482544,0.665905027674072
covtype_binary_20000,19,144,layer_0::c4: Hillshade_9am IS MEDIUM,30.075220108032227,9298.778911590576,0.6680657656742248
covtype_binary_20000,19,145,layer_0::c7: Soil_Type_33 IS absent,29.98850440979004,9328.767416000366,0.6702202736317137
covtype_binary_20000,19,146,layer_0::c0: Horizontal_Distance_To_Roadways IS LOW,29.7773494720459,9358.544765472412,0.6723596112763581
covtype_binary_20000,19,147,layer_0::c9: Horizontal_Distance_To_Hydrology IS MEDIUM,29.773880004882812,9388.318645477295,0.6744986996590017
covtype_binary_20000,19,148,layer_0::c4: Hillshade_Noon IS MEDIUM,29.69993019104004,9418.018575668335,0.6766324751570745
covtype_binary_20000,19,149,layer_0::c10: Wilderness_Area_2 IS absent,29.40066146850586,9447.41923713684,0.6787447498548634
covtype_binary_20000,19,150,layer_0::c1: Wilderness_Area_3 IS present,29.281023025512695,9476.700260162354,0.680848429193113
covtype_binary_20000,19,151,layer_0::c6: Horizontal_Distance_To_Fire_Points IS LOW,29.262807846069336,9505.963068008423,0.6829507998716
covtype_binary_20000,19,152,layer_0::c3: Slope IS MEDIUM,29.23643684387207,9535.199504852295,0.6850512759396289
covtype_binary_20000,19,153,layer_0::c1: Vertical_Distance_To_Hydrology IS MEDIUM,28.647605895996094,9563.847110748291,0.6871094477651561
covtype_binary_20000,19,154,layer_0::c7: Slope IS MEDIUM,28.536880493164062,9592.383991241455,0.6891596645837167
covtype_binary_20000,19,155,layer_0::c1: Horizontal_Distance_To_Fire_Points IS MEDIUM,27.83832550048828,9620.222316741943,0.6911596940948378
covtype_binary_20000,19,156,layer_0::c1: Wilderness_Area_3 IS present,27.61141586303711,9647.83373260498,0.6931434214051944
covtype_binary_20000,19,157,layer_0::c11: Aspect IS LOW,27.416481018066406,9675.250213623047,0.695113143726541
covtype_binary_20000,19,158,layer_0::c6: Hillshade_Noon IS HIGH,27.24069595336914,9702.490909576416,0.6970702368645338
covtype_binary_20000,19,159,layer_0::c0: Vertical_Distance_To_Hydrology IS LOW,27.129966735839844,9729.620876312256,0.6990193747214951
covtype_binary_20000,19,160,layer_0::c8: Wilderness_Area_1 IS absent,26.890968322753906,9756.51184463501,0.7009513418661134
covtype_binary_20000,19,161,layer_0::c10: Soil_Type_33 IS absent,26.413768768310547,9782.92561340332,0.7028490248656035
covtype_binary_20000,19,162,layer_0::c9: Vertical_Distance_To_Hydrology IS LOW,26.24909782409668,9809.174711227417,0.7047348771697437
covtype_binary_20000,19,163,layer_0::c7: Wilderness_Area_4 IS absent,25.900697708129883,9835.075408935547,0.7065956988550846
covtype_binary_20000,19,164,"projection_layer::pursuit_7(Aspect, Soil_Type_39, Soil_Type_2, Soil_Type_5) IS MEDIUM",25.831314086914062,9860.906723022461,0.7084515357115062
covtype_binary_20000,19,165,layer_0::c2: Horizontal_Distance_To_Fire_Points IS HIGH,25.802349090576172,9886.709072113037,0.7103052915933568
covtype_binary_20000,19,166,layer_0::c4: Vertical_Distance_To_Hydrology IS LOW,25.77288055419922,9912.481952667236,0.7121569303240733
covtype_binary_20000,19,167,layer_0::c5: Wilderness_Area_1 IS absent,25.323394775390625,9937.805347442627,0.7139762759909549
covtype_binary_20000,19,168,layer_0::c6: Slope IS MEDIUM,24.952760696411133,9962.758108139038,0.7157689936519325
covtype_binary_20000,19,169,layer_0::c6: Wilderness_Area_3 IS present,24.850744247436523,9987.608852386475,0.7175543819960455
covtype_binary_20000,19,170,layer_0::c10: Wilderness_Area_2 IS absent,24.798587799072266,10012.407440185547,0.7193360231881999
covtype_binary_20000,19,171,layer_0::c7: Wilderness_Area_3 IS present,24.736997604370117,10037.144437789917,0.721113239465968
covtype_binary_20000,19,172,layer_0::c7: Hillshade_9am IS MEDIUM,24.611400604248047,10061.755838394165,0.722881432294867
covtype_binary_20000,19,173,"projection_layer::pursuit_3(Slope, Soil_Type_12, Soil_Type_13, Soil_Type_1) IS MEDIUM",24.545635223388672,10086.301473617554,0.7246449002453775
covtype_binary_20000,19,174,layer_0::c3: Aspect IS LOW,24.35394859313965,10110.655422210693,0.7263945965731166
covtype_binary_20000,19,175,layer_0::c8: Hillshade_9am IS HIGH,24.249086380004883,10134.904508590698,0.7281367591315967
covtype_binary_20000,19,176,layer_0::c1: Hillshade_3pm IS HIGH,23.94681167602539,10158.851320266724,0.729857204926674
covtype_binary_20000,19,177,layer_0::c0: Hillshade_Noon IS MEDIUM,23.84550666809082,10182.696826934814,0.7315703725179856
covtype_binary_20000,19,178,layer_0::c10: Elevation IS HIGH,23.771038055419922,10206.467864990234,0.7332781899519039
covtype_binary_20000,19,179,layer_0::c2: Hillshade_Noon IS LOW,23.72108268737793,10230.188947677612,0.7349824183692943
covtype_binary_20000,19,180,layer_0::c3: Hillshade_3pm IS LOW,23.668323516845703,10253.857271194458,0.7366828563324765
covtype_binary_20000,19,181,layer_0::c8: Wilderness_Area_1 IS absent,23.457258224487305,10277.314529418945,0.7383681304233388
covtype_binary_20000,19,182,layer_0::c0: Horizontal_Distance_To_Fire_Points IS LOW,23.442934036254883,10300.7574634552,0.7400523754006079
covtype_binary_20000,19,183,layer_0::c0: Wilderness_Area_2 IS absent,23.33582305908203,10324.093286514282,0.7417289250473761
covtype_binary_20000,19,184,layer_0::c1: Hillshade_Noon IS HIGH,23.2921085357666,10347.385395050049,0.7434023340477469
covtype_binary_20000,19,185,layer_0::c7: Wilderness_Area_3 IS absent,23.20088005065918,10370.586275100708,0.7450691887867106
covtype_binary_20000,19,186,layer_0::c5: Hillshade_3pm IS HIGH,23.170024871826172,10393.756299972534,0.7467338267519592
covtype_binary_20000,19,187,layer_0::c5: Wilderness_Area_1 IS absent,23.099210739135742,10416.85551071167,0.7483933771139617
covtype_binary_20000,19,188,layer_0::c9: Vertical_Distance_To_Hydrology IS MEDIUM,23.084712982177734,10439.940223693848,0.7500518858924192
covtype_binary_20000,19,189,layer_0::c7: Wilderness_Area_3 IS present,23.029417037963867,10462.969640731812,0.7517064219635287
covtype_binary_20000,19,190,layer_0::c0: Elevation IS MEDIUM,23.027095794677734,10485.99673652649,0.7533607912661636
covtype_binary_20000,19,191,layer_0::c7: Wilderness_Area_3 IS absent,22.886404037475586,10508.883140563965,0.7550050526452322
covtype_binary_20000,19,192,layer_0::c11: Vertical_Distance_To_Hydrology IS MEDIUM,22.407804489135742,10531.2909450531,0.7566149292973648
covtype_binary_20000,19,193,layer_0::c7: Slope IS HIGH,22.359811782836914,10553.650756835938,0.7582213579393463
covtype_binary_20000,19,194,layer_0::c5: Soil_Type_4 IS absent,22.35240936279297,10576.00316619873,0.7598272547584441
covtype_binary_20000,19,195,layer_0::c9: Slope IS HIGH,22.351377487182617,10598.354543685913,0.7614330774429943
covtype_binary_20000,19,196,layer_0::c3: Hillshade_9am IS HIGH,22.33010482788086,10620.684648513794,0.7630373718047873
covtype_binary_20000,19,197,layer_0::c2: Horizontal_Distance_To_Fire_Points IS LOW,22.290733337402344,10642.975381851196,0.7646388375430392
covtype_binary_20000,19,198,layer_0::c8: Slope IS LOW,22.23060417175293,10665.20598602295,0.7662359833337505
covtype_binary_20000,19,199,layer_0::c7: Hillshade_9am IS HIGH,22.124614715576172,10687.330600738525,0.7678255143690336
covtype_binary_20000,19,200,layer_0::c9: Horizontal_Distance_To_Fire_Points IS MEDIUM,21.78316307067871,10709.113763809204,0.7693905139946813
covtype_binary_20000,19,201,layer_0::c1: Wilderness_Area_4 IS absent,21.498416900634766,10730.612180709839,0.7709350561850117
covtype_binary_20000,19,202,layer_0::c10: Horizontal_Distance_To_Roadways IS HIGH,21.37026596069336,10751.982446670532,0.7724703914400414
covtype_binary_20000,19,203,layer_0::c3: Wilderness_Area_2 IS absent,21.173940658569336,10773.156387329102,0.7739916218094156
covtype_binary_20000,19,204,layer_0::c0: Vertical_Distance_To_Hydrology IS MEDIUM,21.08978843688965,10794.246175765991,0.7755068063077196
covtype_binary_20000,19,205,layer_0::c11: Wilderness_Area_1 IS absent,20.977962493896484,10815.224138259888,0.7770139567313414
covtype_binary_20000,19,206,layer_0::c10: Hillshade_Noon IS MEDIUM,20.913349151611328,10836.137487411499,0.7785164650441662
covtype_binary_20000,19,207,layer_0::c6: Soil_Type_13 IS absent,20.4348201751709,10856.57230758667,0.779984593700255
covtype_binary_20000,19,208,layer_0::c8: Slope IS HIGH,20.393478393554688,10876.965785980225,0.7814497521782965
covtype_binary_20000,19,209,layer_0::c3: Soil_Type_4 IS absent,20.186105728149414,10897.151891708374,0.782900012078814
covtype_binary_20000,19,210,layer_0::c7: Wilderness_Area_4 IS absent,20.152830123901367,10917.304721832275,0.7843478813114554
covtype_binary_20000,19,211,layer_0::c3: Wilderness_Area_2 IS absent,20.120574951171875,10937.425296783447,0.785793433188574
covtype_binary_20000,19,212,layer_0::c8: Elevation IS MEDIUM,20.11022186279297,10957.53551864624,0.7872382412536306
covtype_binary_20000,19,213,layer_0::c4: Slope IS LOW,20.027742385864258,10977.563261032104,0.7886771236250634
covtype_binary_20000,19,214,layer_0::c7: Hillshade_9am IS LOW,19.96955680847168,10997.532817840576,0.7901118256850078
covtype_binary_20000,19,215,layer_0::c10: Hillshade_Noon IS LOW,19.911523818969727,11017.444341659546,0.7915423583960587
covtype_binary_20000,19,216,layer_0::c5: Vertical_Distance_To_Hydrology IS LOW,19.810468673706055,11037.254810333252,0.7929656308545928
covtype_binary_20000,19,217,layer_0::c4: Soil_Type_40 IS absent,19.749189376831055,11057.003999710083,0.7943845007350276
covtype_binary_20000,19,218,layer_0::c5: Wilderness_Area_3 IS present,19.679569244384766,11076.683568954468,0.795798368794521
covtype_binary_20000,19,219,layer_0::c1: Hillshade_Noon IS MEDIUM,19.622684478759766,11096.306253433228,0.7972081499986473
covtype_binary_20000,19,220,layer_0::c11: Wilderness_Area_4 IS absent,19.504667282104492,11115.810920715332,0.7986094523208047
covtype_binary_20000,19,221,layer_0::c3: Hillshade_Noon IS LOW,19.444990158081055,11135.255910873413,0.8000064671721089
covtype_binary_20000,19,222,layer_0::c7: Soil_Type_32 IS present,19.38132667541504,11154.637237548828,0.8013989081547689
covtype_binary_20000,19,223,layer_0::c8: Soil_Type_33 IS absent,19.262598037719727,11173.899835586548,0.8027828191423615
covtype_binary_20000,19,224,layer_0::c4: Slope IS HIGH,19.032011032104492,11192.931846618652,0.8041501637306531
covtype_binary_20000,19,225,layer_0::c5: Soil_Type_23 IS absent,18.978431701660156,11211.910278320312,0.8055136589407889
covtype_binary_20000,19,226,layer_0::c1: Soil_Type_23 IS present,18.95870590209961,11230.868984222412,0.806875736961473
covtype_binary_20000,19,227,layer_0::c4: Soil_Type_29 IS present,18.846750259399414,11249.715734481812,0.8082297715892693
covtype_binary_20000,19,228,layer_0::c4: Soil_Type_23 IS absent,18.55698013305664,11268.272714614868,0.8095629878383125
covtype_binary_20000,19,229,layer_0::c1: Aspect IS LOW,18.53544807434082,11286.808162689209,0.8108946571281871
covtype_binary_20000,19,230,layer_0::c11: Hillshade_Noon IS MEDIUM,18.406452178955078,11305.214614868164,0.812217058777392
covtype_binary_20000,19,231,layer_0::c0: Aspect IS HIGH,18.393293380737305,11323.607908248901,0.813538515039822
covtype_binary_20000,19,232,layer_0::c8: Soil_Type_13 IS absent,18.33189582824707,11341.939804077148,0.8148555602281417
covtype_binary_20000,19,233,layer_0::c5: Wilderness_Area_3 IS present,18.232744216918945,11360.172548294067,0.8161654819223154
covtype_binary_20000,19,234,layer_0::c9: Slope IS MEDIUM,18.184051513671875,11378.35659980774,0.8174719053154341
covtype_binary_20000,19,235,layer_0::c4: Hillshade_9am IS LOW,17.551204681396484,11395.907804489136,0.8187328621685288
covtype_binary_20000,19,236,layer_0::c0: Soil_Type_22 IS absent,17.38225555419922,11413.290060043335,0.8199816809625198
covtype_binary_20000,19,237,layer_0::c6: Wilderness_Area_2 IS absent,17.237728118896484,11430.527788162231,0.8212201162607158
covtype_binary_20000,19,238,layer_0::c11: Wilderness_Area_3 IS absent,17.236780166625977,11447.764568328857,0.8224584834537911
covtype_binary_20000,19,239,layer_0::c11: Aspect IS MEDIUM,17.17682647705078,11464.941394805908,0.8236925433063101
covtype_binary_20000,19,240,"projection_layer::pursuit_1(Elevation, Vertical_Distance_To_Hydrology, Soil_Type_40, Soil_Type_6) IS LOW",17.08315086364746,11482.024545669556,0.8249198730848067
covtype_binary_20000,19,241,layer_0::c6: Hillshade_Noon IS LOW,16.992399215698242,11499.016944885254,0.8261406828600051
covtype_binary_20000,19,242,layer_0::c2: Hillshade_Noon IS HIGH,16.912443161010742,11515.929388046265,0.8273557482354921
covtype_binary_20000,19,243,layer_0::c5: Slope IS HIGH,16.71947479248047,11532.648862838745,0.8285569499024106
covtype_binary_20000,19,244,layer_0::c1: Wilderness_Area_1 IS absent,16.6307315826416,11549.279594421387,0.8297517758611858
covtype_binary_20000,19,245,layer_0::c6: Soil_Type_40 IS absent,16.580904006958008,11565.860498428345,0.8309430219846066
covtype_binary_20000,19,246,layer_0::c2: Wilderness_Area_3 IS absent,16.51481819152832,11582.375316619873,0.8321295202081896
covtype_binary_20000,19,247,layer_0::c10: Horizontal_Distance_To_Fire_Points IS HIGH,16.34409523010254,11598.719411849976,0.8333037529325037
covtype_binary_20000,19,248,layer_0::c11: Wilderness_Area_3 IS present,16.02086067199707,11614.740272521973,0.8344547630439773
covtype_binary_20000,19,249,layer_0::c9: Aspect IS LOW,15.957740783691406,11630.698013305664,0.8356012383410508
covtype_binary_20000,19,250,layer_0::c11: Wilderness_Area_4 IS absent,15.940873146057129,11646.638886451721,0.8367465017917779
covtype_binary_20000,19,251,layer_0::c11: Wilderness_Area_3 IS present,15.80114459991455,11662.440031051636,0.8378817265203187
covtype_binary_20000,19,252,layer_0::c2: Vertical_Distance_To_Hydrology IS MEDIUM,15.75341510772705,11678.193446159363,0.8390135221491845
covtype_binary_20000,19,253,layer_0::c6: Elevation IS HIGH,15.727627754211426,11693.921073913574,0.8401434650995174
covtype_binary_20000,19,254,layer_0::c5: Soil_Type_2 IS absent,15.619231224060059,11709.540305137634,0.8412656203594879
covtype_binary_20000,19,255,layer_0::c1: Horizontal_Distance_To_Hydrology IS LOW,15.524799346923828,11725.065104484558,0.8423809912120752
covtype_binary_20000,19,256,layer_0::c8: Soil_Type_32 IS absent,15.523263931274414,11740.588368415833,0.8434962517535516
covtype_binary_20000,19,257,layer_0::c5: Hillshade_Noon IS MEDIUM,15.490020751953125,11756.078389167786,0.8446091239567034
covtype_binary_20000,19,258,layer_0::c2: Wilderness_Area_1 IS absent,15.45765495300293,11771.536044120789,0.8457196708564511
covtype_binary_20000,19,259,layer_0::c8: Aspect IS LOW,15.435982704162598,11786.972026824951,0.8468286607251463
covtype_binary_20000,19,260,layer_0::c5: Wilderness_Area_3 IS absent,15.430939674377441,11802.402966499329,0.8479372882800811
covtype_binary_20000,19,261,layer_0::c3: Hillshade_9am IS LOW,15.264558792114258,11817.667525291443,0.849033962290087
covtype_binary_20000,19,262,layer_0::c6: Wilderness_Area_2 IS absent,15.133699417114258,11832.801224708557,0.8501212347787335
covtype_binary_20000,19,263,layer_0::c3: Horizontal_Distance_To_Hydrology IS LOW,15.104635238647461,11847.905859947205,0.8512064191671223
covtype_binary_20000,19,264,layer_0::c2: Soil_Type_38 IS absent,15.030123710632324,11862.935983657837,0.8522862503148879
covtype_binary_20000,19,265,layer_0::c0: Soil_Type_12 IS absent,14.938170433044434,11877.874154090881,0.8533594751289206
covtype_binary_20000,19,266,layer_0::c9: Soil_Type_30 IS absent,14.894601821899414,11892.76875591278,0.8544295697795373
covtype_binary_20000,19,267,layer_0::c1: Wilderness_Area_1 IS absent,14.830209732055664,11907.598965644836,0.8554950382151193
covtype_binary_20000,19,268,layer_0::c4: Hillshade_9am IS HIGH,14.784412384033203,11922.38337802887,0.8565572163648838
covtype_binary_20000,19,269,layer_0::c0: Horizontal_Distance_To_Fire_Points IS HIGH,14.760725975036621,11937.144104003906,0.8576176927773436
covtype_binary_20000,19,270,layer_0::c2: Wilderness_Area_1 IS absent,14.569382667541504,11951.713486671448,0.8586644222328702
covtype_binary_20000,19,271,layer_0::c7: Wilderness_Area_1 IS absent,14.527201652526855,11966.240688323975,0.8597081212160779
covtype_binary_20000,19,272,layer_0::c6: Wilderness_Area_4 IS absent,14.487356185913086,11980.728044509888,0.860748957523184
covtype_binary_20000,19,273,layer_0::c9: Horizontal_Distance_To_Hydrology IS HIGH,14.439340591430664,11995.167385101318,0.86178634417575
covtype_binary_20000,19,274,layer_0::c10: Soil_Type_11 IS absent,14.41628646850586,12009.583671569824,0.8628220745172636
covtype_binary_20000,19,275,layer_0::c2: Wilderness_Area_3 IS present,14.415972709655762,12023.99964427948,0.8638577823169414
covtype_binary_20000,19,276,layer_0::c0: Horizontal_Distance_To_Hydrology IS MEDIUM,14.287073135375977,12038.286717414856,0.8648842293960877
covtype_binary_20000,19,277,layer_0::c2: Aspect IS MEDIUM,14.241036415100098,12052.527753829956,0.8659073689918457
covtype_binary_20000,19,278,layer_0::c6: Hillshade_3pm IS LOW,13.95032787322998,12066.478081703186,0.866909622788892
covtype_binary_20000,19,279,layer_0::c1: Wilderness_Area_1 IS present,13.940422058105469,12080.418503761292,0.8679111649079827
covtype_binary_20000,19,280,layer_0::c7: Soil_Type_2 IS absent,13.915257453918457,12094.33376121521,0.8689108990896309
covtype_binary_20000,19,281,layer_0::c8: Horizontal_Distance_To_Hydrology IS LOW,13.50831413269043,12107.8420753479,0.8698813966474097
covtype_binary_20000,19,282,layer_0::c5: Wilderness_Area_1 IS present,13.487455368041992,12121.329530715942,0.87085039561847
covtype_binary_20000,19,283,layer_0::c0: Soil_Type_29 IS absent,13.469801902770996,12134.799332618713,0.8718181262858201
covtype_binary_20000,19,284,layer_0::c11: Wilderness_Area_3 IS absent,13.431619644165039,12148.230952262878,0.8727831137693529
covtype_binary_20000,19,285,layer_0::c0: Soil_Type_38 IS absent,13.359960556030273,12161.590912818909,0.8737429529442705
covtype_binary_20000,19,286,layer_0::c0: Horizontal_Distance_To_Hydrology IS HIGH,13.298853874206543,12174.889766693115,0.8746984019425241
covtype_binary_20000,19,287,layer_0::c9: Soil_Type_11 IS absent,13.21855354309082,12188.108320236206,0.8756480818067118
covtype_binary_20000,19,288,layer_0::c1: Wilderness_Area_1 IS present,13.202718734741211,12201.311038970947,0.876596624027617
covtype_binary_20000,19,289,layer_0::c4: Aspect IS LOW,12.995904922485352,12214.306943893433,0.8775303078215018
covtype_binary_20000,19,290,layer_0::c1: Hillshade_3pm IS MEDIUM,12.900897979736328,12227.207841873169,0.8784571658927238
covtype_binary_20000,19,291,"projection_layer::pursuit_5(Hillshade_9am, Wilderness_Area_1, Soil_Type_10, Soil_Type_32) IS HIGH",12.738619804382324,12239.946461677551,0.8793723651757867
covtype_binary_20000,19,292,layer_0::c4: Wilderness_Area_2 IS absent,12.70750904083252,12252.653970718384,0.8802853293227882
covtype_binary_20000,19,293,layer_0::c5: Wilderness_Area_3 IS absent,12.596627235412598,12265.250597953796,0.8811903272261634
covtype_binary_20000,19,294,layer_0::c8: Wilderness_Area_4 IS absent,12.513276100158691,12277.763874053955,0.8820893368120915
covtype_binary_20000,19,295,layer_0::c0: Hillshade_Noon IS HIGH,12.34414291381836,12290.108016967773,0.8829761951152857
covtype_binary_20000,19,296,layer_0::c2: Wilderness_Area_1 IS present,12.16308879852295,12302.271105766296,0.8838500456830222
covtype_binary_20000,19,297,layer_0::c8: Horizontal_Distance_To_Roadways IS MEDIUM,12.154986381530762,12314.426092147827,0.884723314136971
covtype_binary_20000,19,298,layer_0::c2: Wilderness_Area_1 IS present,12.1345853805542,12326.560677528381,0.8855951168919859
covtype_binary_20000,19,299,layer_0::c0: Wilderness_Area_3 IS absent,12.098187446594238,12338.658864974976,0.8864643046570273
covtype_binary_20000,19,300,layer_0::c6: Wilderness_Area_1 IS present,12.084739685058594,12350.743604660034,0.8873325262748796
covtype_binary_20000,19,301,layer_0::c6: Wilderness_Area_1 IS absent,11.986903190612793,12362.730507850647,0.8881937188824507
covtype_binary_20000,19,302,layer_0::c3: Hillshade_9am IS MEDIUM,11.985713005065918,12374.716220855713,0.8890548259817818
covtype_binary_20000,19,303,layer_0::c0: Wilderness_Area_3 IS absent,11.937824249267578,12386.65404510498,0.8899124925392295
covtype_binary_20000,19,304,layer_0::c11: Hillshade_3pm IS LOW,11.888951301574707,12398.542996406555,0.890766647846057
covtype_binary_20000,19,305,layer_0::c6: Wilderness_Area_1 IS present,11.802495002746582,12410.345491409302,0.8916145917466316
covtype_binary_20000,19,306,layer_0::c5: Hillshade_9am IS HIGH,11.767909049987793,12422.11340045929,0.8924600508380469
covtype_binary_20000,19,307,layer_0::c9: Wilderness_Area_1 IS absent,11.725506782531738,12433.838907241821,0.8933024635613805
covtype_binary_20000,19,308,layer_0::c2: Hillshade_9am IS LOW,11.720182418823242,12445.559089660645,0.8941444937586694
covtype_binary_20000,19,309,layer_0::c11: Hillshade_Noon IS HIGH,11.455039978027344,12457.014129638672,0.8949674749400169
covtype_binary_20000,19,310,layer_0::c6: Wilderness_Area_4 IS absent,11.41816520690918,12468.432294845581,0.8957878068732819
covtype_binary_20000,19,311,layer_0::c2: Wilderness_Area_4 IS absent,11.41788387298584,12479.850178718567,0.8966081185942626
covtype_binary_20000,19,312,layer_0::c6: Wilderness_Area_1 IS absent,11.412274360656738,12491.262453079224,0.8974280273028494
covtype_binary_20000,19,313,layer_0::c8: Wilderness_Area_4 IS absent,11.34248161315918,12502.604934692383,0.8982429217890594
covtype_binary_20000,19,314,layer_0::c10: Aspect IS HIGH,11.332136154174805,12513.937070846558,0.8990570730113373
covtype_binary_20000,19,315,layer_0::c2: Wilderness_Area_4 IS absent,11.302000045776367,12525.239070892334,0.8998690591211286
covtype_binary_20000,19,316,layer_0::c3: Wilderness_Area_3 IS absent,11.282502174377441,12536.521573066711,0.9006796444168442
covtype_binary_20000,19,317,layer_0::c8: Wilderness_Area_3 IS present,10.996562004089355,12547.5181350708,0.9014696864949379
covtype_binary_20000,19,318,layer_0::c8: Wilderness_Area_1 IS present,10.978437423706055,12558.496572494507,0.9022584264223097
covtype_binary_20000,19,319,layer_0::c3: Slope IS LOW,10.913406372070312,12569.409978866577,0.9030424942287809
covtype_binary_20000,19,320,layer_0::c3: Wilderness_Area_3 IS absent,10.756372451782227,12580.16635131836,0.9038152800177752
covtype_binary_20000,19,321,layer_0::c11: Soil_Type_30 IS absent,10.742840766906738,12590.909192085266,0.9045870936301532
covtype_binary_20000,19,322,layer_0::c0: Wilderness_Area_1 IS absent,10.702271461486816,12601.611463546753,0.9053559925626206
covtype_binary_20000,19,323,layer_0::c0: Wilderness_Area_1 IS absent,10.663650512695312,12612.275114059448,0.9061221167938104
covtype_binary_20000,19,324,layer_0::c0: Horizontal_Distance_To_Roadways IS HIGH,10.646733283996582,12622.921847343445,0.9068870256158102
covtype_binary_20000,19,325,layer_0::c6: Hillshade_Noon IS MEDIUM,10.59800910949707,12633.519856452942,0.9076484338757199
covtype_binary_20000,19,326,layer_0::c3: Horizontal_Distance_To_Hydrology IS HIGH,10.56916618347168,12644.089022636414,0.9084077699311345
covtype_binary_20000,19,327,layer_0::c8: Wilderness_Area_3 IS present,10.565332412719727,12654.654355049133,0.909166830551353
covtype_binary_20000,19,328,layer_0::c3: Soil_Type_2 IS absent,10.491471290588379,12665.145826339722,0.9099205846590089
covtype_binary_20000,19,329,layer_0::c0: Elevation IS HIGH,10.484984397888184,12675.63081073761,0.9106738727193505
covtype_binary_20000,19,330,layer_0::c11: Horizontal_Distance_To_Hydrology IS MEDIUM,10.412690162658691,12686.043500900269,0.9114219668392757
covtype_binary_20000,19,331,layer_0::c7: Horizontal_Distance_To_Hydrology IS LOW,10.376482963562012,12696.41998386383,0.9121674596724708
covtype_binary_20000,19,332,layer_0::c10: Wilderness_Area_1 IS present,10.239906311035156,12706.659890174866,0.9129031402295801
covtype_binary_20000,19,333,layer_0::c5: Wilderness_Area_1 IS present,10.120599746704102,12716.78048992157,0.9136302492707937
covtype_binary_20000,19,334,layer_0::c5: Soil_Type_23 IS present,10.069231986999512,12726.84972190857,0.9143536678229609
covtype_binary_20000,19,335,layer_0::c9: Soil_Type_32 IS present,10.011862754821777,12736.861584663391,0.9150729647135224
covtype_binary_20000,19,336,layer_0::c10: Horizontal_Distance_To_Roadways IS LOW,9.994537353515625,12746.856122016907,0.9157910168699527
covtype_binary_20000,19,337,layer_0::c7: Hillshade_3pm IS LOW,9.960968971252441,12756.81709098816,0.916506657324028
covtype_binary_20000,19,338,layer_0::c3: Soil_Type_29 IS present,9.926331520080566,12766.74342250824,0.9172198092690681
covtype_binary_20000,19,339,layer_0::c5: Hillshade_9am IS MEDIUM,9.790420532226562,12776.533843040466,0.9179231967623424
covtype_binary_20000,19,340,layer_0::c4: Aspect IS MEDIUM,9.667633056640625,12786.201476097107,0.9186177626555255
covtype_binary_20000,19,341,"projection_layer::pursuit_0(Horizontal_Distance_To_Fire_Points, Hillshade_3pm, Soil_Type_29, Soil_Type_4) IS LOW",9.662026405334473,12795.863502502441,0.9193119257418635
covtype_binary_20000,19,342,layer_0::c9: Wilderness_Area_1 IS absent,9.537983894348145,12805.40148639679,0.9199971770607677
covtype_binary_20000,19,343,layer_0::c0: Wilderness_Area_1 IS present,9.47817611694336,12814.879662513733,0.9206781315220969
covtype_binary_20000,19,344,layer_0::c11: Wilderness_Area_1 IS present,9.433659553527832,12824.31332206726,0.9213558877148892
covtype_binary_20000,19,345,layer_0::c0: Soil_Type_39 IS absent,9.32949161529541,12833.642813682556,0.9220261600182295
covtype_binary_20000,19,346,layer_0::c1: Soil_Type_40 IS absent,9.182845115661621,12842.825658798218,0.9226858965827386
covtype_binary_20000,19,347,layer_0::c7: Horizontal_Distance_To_Hydrology IS MEDIUM,9.16303539276123,12851.988694190979,0.9233442099283687
covtype_binary_20000,19,348,layer_0::c7: Horizontal_Distance_To_Hydrology IS HIGH,9.134187698364258,12861.122881889343,0.9240004507269228
covtype_binary_20000,19,349,layer_0::c0: Wilderness_Area_1 IS present,9.062848091125488,12870.185729980469,0.9246515661697946
covtype_binary_20000,19,350,layer_0::c0: Soil_Type_23 IS present,9.031261444091797,12879.21699142456,0.9253004122870123
covtype_binary_20000,19,351,layer_0::c7: Soil_Type_30 IS absent,9.003918647766113,12888.220910072327,0.9259472939757457
covtype_binary_20000,19,352,layer_0::c3: Soil_Type_38 IS absent,8.813286781311035,12897.034196853638,0.9265804798206445
covtype_binary_20000,19,353,layer_0::c8: Wilderness_Area_1 IS present,8.801426887512207,12905.83562374115,0.9272128135978572
covtype_binary_20000,19,354,layer_0::c10: Soil_Type_30 IS absent,8.76822280883789,12914.603846549988,0.9278427618459102
covtype_binary_20000,19,355,layer_0::c8: Horizontal_Distance_To_Hydrology IS MEDIUM,8.448718070983887,12923.052564620972,0.928449755448051
covtype_binary_20000,19,356,layer_0::c7: Horizontal_Distance_To_Fire_Points IS HIGH,8.343510627746582,12931.396075248718,0.9290491904780622
covtype_binary_20000,19,357,layer_0::c3: Soil_Type_23 IS absent,8.3417387008667,12939.737813949585,0.9296484982049404
covtype_binary_20000,19,358,layer_0::c11: Soil_Type_31 IS present,8.251615524291992,12947.989429473877,0.9302413310807081
covtype_binary_20000,19,359,layer_0::c7: Hillshade_3pm IS MEDIUM,8.225793838500977,12956.215223312378,0.930832308811359
covtype_binary_20000,19,360,"projection_layer::pursuit_6(Horizontal_Distance_To_Roadways, Soil_Type_38, Wilderness_Area_2, Soil_Type_18) IS MEDIUM",8.102850914001465,12964.31807422638,0.9314144537737754
covtype_binary_20000,19,361,layer_0::c3: Wilderness_Area_3 IS present,8.058500289916992,12972.376574516296,0.931993412389477
covtype_binary_20000,19,362,layer_0::c3: Wilderness_Area_3 IS present,8.038908958435059,12980.415483474731,0.9325709634765136
covtype_binary_20000,19,363,layer_0::c10: Soil_Type_31 IS absent,7.986051559448242,12988.40153503418,0.9331447170521714
covtype_binary_20000,19,364,layer_0::c0: Horizontal_Distance_To_Hydrology IS LOW,7.889918327331543,12996.291453361511,0.9337115639875132
covtype_binary_20000,19,365,layer_0::c0: Wilderness_Area_3 IS present,7.814291000366211,13004.105744361877,0.9342729775182569
covtype_binary_20000,19,366,layer_0::c9: Wilderness_Area_2 IS absent,7.761287212371826,13011.86703157425,0.9348305830203822
covtype_binary_20000,19,367,layer_0::c10: Wilderness_Area_1 IS present,7.737839221954346,13019.604870796204,0.9353865039142575
covtype_binary_20000,19,368,layer_0::c7: Horizontal_Distance_To_Roadways IS HIGH,7.720105171203613,13027.324975967407,0.9359411507148021
covtype_binary_20000,19,369,layer_0::c11: Aspect IS HIGH,7.7087082862854,13035.033684253693,0.9364949787122844
covtype_binary_20000,19,370,layer_0::c3: Wilderness_Area_1 IS absent,7.508084774017334,13042.54176902771,0.9370343930215168
covtype_binary_20000,19,371,layer_0::c7: Wilderness_Area_1 IS present,7.476837158203125,13050.018606185913,0.9375715623626106
covtype_binary_20000,19,372,layer_0::c4: Wilderness_Area_4 IS absent,7.385770320892334,13057.404376506805,0.9381021890557962
covtype_binary_20000,19,373,layer_0::c2: Soil_Type_23 IS present,7.341907978057861,13064.746284484863,0.9386296644825705
covtype_binary_20000,19,374,layer_0::c2: Soil_Type_39 IS absent,7.298558712005615,13072.044843196869,0.9391540255046588
covtype_binary_20000,19,375,"projection_layer::pursuit_6(Horizontal_Distance_To_Roadways, Soil_Type_38, Wilderness_Area_2, Soil_Type_18) IS HIGH",7.292994499206543,13079.337837696075,0.9396779867688735
covtype_binary_20000,19,376,layer_0::c0: Wilderness_Area_3 IS present,7.153717517852783,13086.491555213928,0.9401919417533311
covtype_binary_20000,19,377,layer_0::c7: Horizontal_Distance_To_Fire_Points IS MEDIUM,7.049063682556152,13093.540618896484,0.9406983779393235
covtype_binary_20000,19,378,layer_0::c9: Wilderness_Area_4 IS absent,7.0335564613342285,13100.574175357819,0.9412037000173544
covtype_binary_20000,19,379,layer_0::c10: Elevation IS MEDIUM,6.922384738922119,13107.49656009674,0.9417010350228286
covtype_binary_20000,19,380,layer_0::c9: Aspect IS HIGH,6.864001274108887,13114.36056137085,0.9421941754996993
covtype_binary_20000,19,381,layer_0::c1: Hillshade_3pm IS LOW,6.841524124145508,13121.202085494995,0.9426857011178295
covtype_binary_20000,19,382,layer_0::c2: Aspect IS HIGH,6.827777862548828,13128.029863357544,0.9431762391431945
covtype_binary_20000,19,383,layer_0::c10: Soil_Type_32 IS present,6.823811054229736,13134.853674411774,0.943666492175351
covtype_binary_20000,19,384,layer_0::c6: Slope IS HIGH,6.515928268432617,13141.369602680206,0.9441346255344851
covtype_binary_20000,19,385,layer_0::c9: Aspect IS MEDIUM,6.453420639038086,13147.823023319244,0.9445982680666313
covtype_binary_20000,19,386,layer_0::c4: Wilderness_Area_4 IS absent,6.395817756652832,13154.218841075897,0.9450577721506982
covtype_binary_20000,19,387,layer_0::c4: Hillshade_3pm IS LOW,6.355030536651611,13160.573871612549,0.9455143458988985
covtype_binary_20000,19,388,layer_0::c3: Soil_Type_40 IS absent,6.310035228729248,13166.883906841278,0.9459676869834207
covtype_binary_20000,19,389,layer_0::c6: Soil_Type_32 IS absent,6.226910591125488,13173.110817432404,0.9464150560230975
covtype_binary_20000,19,390,layer_0::c10: Wilderness_Area_4 IS absent,6.214601039886475,13179.32541847229,0.9468615406896913
covtype_binary_20000,19,391,layer_1::c5: ka_concept_1.c6 IS LOW,6.029693126678467,13185.355111598969,0.9472947407467907
covtype_binary_20000,19,392,layer_0::c8: Wilderness_Area_2 IS absent,6.013597011566162,13191.368708610535,0.9477267843871637
covtype_binary_20000,19,393,layer_0::c1: Horizontal_Distance_To_Hydrology IS MEDIUM,5.9508957862854,13197.31960439682,0.9481543232917566
covtype_binary_20000,19,394,layer_0::c7: Elevation IS MEDIUM,5.947978973388672,13203.267583370209,0.9485816526394969
covtype_binary_20000,19,395,layer_0::c1: Wilderness_Area_2 IS present,5.902263164520264,13209.169846534729,0.9490056975595563
covtype_binary_20000,19,396,layer_0::c0: Horizontal_Distance_To_Roadways IS MEDIUM,5.873440265655518,13215.043286800385,0.9494276717139613
covtype_binary_20000,19,397,layer_0::c10: Wilderness_Area_3 IS present,5.847417831420898,13220.890704631805,0.9498477763005857
covtype_binary_20000,19,398,layer_0::c6: Slope IS LOW,5.817075252532959,13226.707779884338,0.9502657009409623
covtype_binary_20000,19,399,layer_0::c1: Wilderness_Area_2 IS present,5.816563606262207,13232.5243434906,0.950683588822388
covtype_binary_20000,19,400,layer_0::c2: Soil_Type_2 IS absent,5.712510585784912,13238.236854076385,0.9510940010705657
covtype_binary_20000,19,401,layer_0::c5: Soil_Type_32 IS present,5.67870569229126,13243.915559768677,0.9515019846243666
covtype_binary_20000,19,402,layer_0::c10: Wilderness_Area_4 IS absent,5.632593631744385,13249.548153400421,0.9519066552819981
covtype_binary_20000,19,403,layer_0::c7: Slope IS LOW,5.558701038360596,13255.106854438782,0.9523060171660319
covtype_binary_20000,19,404,layer_0::c3: Slope IS HIGH,5.485014915466309,13260.591869354248,0.9527000851102292
covtype_binary_20000,19,405,layer_0::c10: Soil_Type_24 IS present,5.4357781410217285,13266.02764749527,0.9530906156648691
covtype_binary_20000,19,406,layer_1::c4: ka_concept_1.c10 IS LOW,5.424776077270508,13271.45242357254,0.9534803557821607
covtype_binary_20000,19,407,layer_0::c8: Soil_Type_4 IS absent,5.323474407196045,13276.775897979736,0.9538628179354933
covtype_binary_20000,19,408,"projection_layer::pursuit_0(Horizontal_Distance_To_Fire_Points, Hillshade_3pm, Soil_Type_29, Soil_Type_4) IS MEDIUM",5.250474452972412,13282.026372432709,0.9542400354464082
covtype_binary_20000,19,409,layer_0::c1: Horizontal_Distance_To_Fire_Points IS HIGH,5.245535850524902,13287.271908283234,0.9546168981460885
covtype_binary_20000,19,410,layer_0::c5: Wilderness_Area_4 IS absent,5.178676605224609,13292.450584888458,0.9549889573792785
covtype_binary_20000,19,411,layer_1::c4: projection_7 IS LOW,5.066242694854736,13297.516827583313,0.9553529388586973
covtype_binary_20000,19,412,layer_0::c8: Horizontal_Distance_To_Fire_Points IS HIGH,5.01177978515625,13302.52860736847,0.9557130074796845
covtype_binary_20000,19,413,layer_0::c2: Soil_Type_40 IS absent,4.987995624542236,13307.516602993011,0.9560713673404545
covtype_binary_20000,19,414,layer_0::c9: Soil_Type_24 IS present,4.962271690368652,13312.47887468338,0.9564278790790203
covtype_binary_20000,19,415,layer_0::c8: Wilderness_Area_3 IS absent,4.823447227478027,13317.302321910858,0.9567744170487743
covtype_binary_20000,19,416,layer_0::c11: Soil_Type_11 IS absent,4.809519290924072,13322.111841201782,0.9571199543734236
covtype_binary_20000,19,417,layer_0::c5: Wilderness_Area_4 IS present,4.765847682952881,13326.877688884735,0.9574623541349052
covtype_binary_20000,19,418,layer_0::c7: Wilderness_Area_2 IS absent,4.7632598876953125,13331.64094877243,0.9578045679776295
covtype_binary_20000,19,419,layer_1::c5: ka_concept_1.c10 IS LOW,4.7366485595703125,13336.377597332,0.9581448699438085
covtype_binary_20000,19,420,layer_0::c11: Soil_Type_24 IS present,4.730937957763672,13341.108535289764,0.9584847616348747
covtype_binary_20000,19,421,layer_0::c5: Hillshade_9am IS LOW,4.628564834594727,13345.73710012436,0.9588172983840109
covtype_binary_20000,19,422,layer_0::c1: Soil_Type_29 IS absent,4.54398775100708,13350.281087875366,0.9591437587381018
covtype_binary_20000,19,423,layer_1::c5: projection_7 IS LOW,4.530360698699951,13354.811448574066,0.9594692400639546
covtype_binary_20000,19,424,layer_1::c5: ka_concept_1.c7 IS LOW,4.501796245574951,13359.313244819641,0.9597926691920481
covtype_binary_20000,19,425,layer_0::c10: Vertical_Distance_To_Hydrology IS MEDIUM,4.357783317565918,13363.671028137207,0.9601057517888462
covtype_binary_20000,19,426,layer_0::c0: Wilderness_Area_2 IS present,4.297379970550537,13367.968408107758,0.9604144947396911
covtype_binary_20000,19,427,layer_1::c5: projection_6 IS LOW,4.267265796661377,13372.235673904419,0.9607210741539224
covtype_binary_20000,19,428,layer_0::c4: Wilderness_Area_1 IS absent,4.177687168121338,13376.41336107254,0.9610212178398035
covtype_binary_20000,19,429,layer_0::c8: Soil_Type_30 IS present,4.121743679046631,13380.535104751587,0.9613173422958247
covtype_binary_20000,19,430,layer_0::c11: Wilderness_Area_4 IS present,4.081423282623291,13384.61652803421,0.9616105699546679
covtype_binary_20000,19,431,layer_0::c11: Soil_Type_10 IS absent,4.0763444900512695,13388.692872524261,0.9619034327303925
covtype_binary_20000,19,432,layer_1::c3: ka_concept_1.c9 IS HIGH,4.063435077667236,13392.756307601929,0.9621953680363331
covtype_binary_20000,19,433,layer_0::c10: Vertical_Distance_To_Hydrology IS LOW,4.057765483856201,13396.814073085785,0.962486896013358
covtype_binary_20000,19,434,layer_0::c11: Wilderness_Area_4 IS present,4.048974514007568,13400.863047599792,0.9627777924078862
covtype_binary_20000,19,435,layer_0::c4: Wilderness_Area_1 IS absent,4.047435283660889,13404.910482883453,0.9630685782172386
covtype_binary_20000,19,436,layer_0::c10: Vertical_Distance_To_Hydrology IS HIGH,3.971996784210205,13408.882479667664,0.963353944188204
covtype_binary_20000,19,437,layer_0::c9: Soil_Type_33 IS present,3.898064136505127,13412.780543804169,0.9636339985078906
covtype_binary_20000,19,438,layer_1::c5: ka_concept_1.c11 IS MEDIUM,3.8960578441619873,13416.67660164833,0.9639139086865838
covtype_binary_20000,19,439,layer_0::c7: Soil_Type_13 IS present,3.895477056503296,13420.572078704834,0.9641937771389001
covtype_binary_20000,19,440,layer_0::c4: Soil_Type_23 IS present,3.8804771900177,13424.452555894852,0.9644725679338828
covtype_binary_20000,19,441,layer_1::c5: ka_concept_1.c8 IS LOW,3.8672306537628174,13428.319786548615,0.9647504070385985
covtype_binary_20000,19,442,layer_0::c10: Horizontal_Distance_To_Hydrology IS LOW,3.8672285079956055,13432.18701505661,0.9650282459891526
covtype_binary_20000,19,443,layer_1::c4: ka_concept_1.c9 IS HIGH,3.7796924114227295,13435.966707468033,0.9652997959559663
covtype_binary_20000,19,444,layer_0::c9: Horizontal_Distance_To_Hydrology IS LOW,3.7693893909454346,13439.736096858978,0.9655706057078195
covtype_binary_20000,19,445,layer_0::c1: Wilderness_Area_4 IS present,3.753474473953247,13443.489571332932,0.965840272061028
covtype_binary_20000,19,446,layer_1::c4: projection_0 IS LOW,3.7409632205963135,13447.230534553528,0.9661090395499734
covtype_binary_20000,19,447,layer_0::c8: Horizontal_Distance_To_Fire_Points IS LOW,3.7193853855133057,13450.949919939041,0.9663762567909719
covtype_binary_20000,19,448,layer_1::c3: projection_4 IS LOW,3.703016996383667,13454.652936935425,0.966642298053864
covtype_binary_20000,19,449,layer_0::c7: Soil_Type_33 IS present,3.639514923095703,13458.29245185852,0.9669037770444818
covtype_binary_20000,19,450,layer_0::c11: Soil_Type_33 IS present,3.603555679321289,13461.896007537842,0.9671626725625863
covtype_binary_20000,19,451,layer_0::c0: Hillshade_Noon IS LOW,3.581873655319214,13465.477881193161,0.967420010347347
covtype_binary_20000,19,452,layer_0::c2: Soil_Type_29 IS absent,3.5543243885040283,13469.032205581665,0.9676753688698624
covtype_binary_20000,19,453,layer_0::c9: Soil_Type_33 IS absent,3.5148017406463623,13472.547007322311,0.9679278879090162
covtype_binary_20000,19,454,layer_0::c8: Horizontal_Distance_To_Hydrology IS HIGH,3.496945381164551,13476.043952703476,0.9681791240676344
covtype_binary_20000,19,455,layer_1::c5: projection_4 IS LOW,3.470918655395508,13479.514871358871,0.9684284903501492
covtype_binary_20000,19,456,layer_0::c5: Vertical_Distance_To_Hydrology IS HIGH,3.4655983448028564,13482.980469703674,0.9686774743978132
covtype_binary_20000,19,457,layer_1::c5: ka_concept_1.c1 IS LOW,3.465468168258667,13486.445937871933,0.9689264490930133
covtype_binary_20000,19,458,layer_1::c4: ka_concept_1.c1 IS LOW,3.45235013961792,13489.89828801155,0.9691744813305069
covtype_binary_20000,19,459,layer_1::c5: ka_concept_1.c11 IS LOW,3.4354159832000732,13493.333703994751,0.9694212969426477
covtype_binary_20000,19,460,layer_1::c5: projection_4 IS MEDIUM,3.42710542678833,13496.76080942154,0.9696675154873363
covtype_binary_20000,19,461,layer_0::c8: Hillshade_9am IS MEDIUM,3.418475866317749,13500.179285287857,0.969913114045898
covtype_binary_20000,19,462,layer_1::c3: ka_concept_1.c5 IS HIGH,3.372328042984009,13503.551613330841,0.9701553971389322
covtype_binary_20000,19,463,layer_1::c3: projection_7 IS LOW,3.2805705070495605,13506.83218383789,0.9703910879611871
covtype_binary_20000,19,464,layer_0::c10: Soil_Type_33 IS present,3.277750015258789,13510.10993385315,0.9706265761467276
covtype_binary_20000,19,465,layer_0::c6: Soil_Type_30 IS absent,3.236773729324341,13513.346707582474,0.9708591204130613
covtype_binary_20000,19,466,layer_0::c0: Soil_Type_29 IS present,3.222813129425049,13516.569520711899,0.9710906616876098
covtype_binary_20000,19,467,layer_0::c4: Wilderness_Area_1 IS present,3.2135026454925537,13519.783023357391,0.9713215340554517
covtype_binary_20000,19,468,layer_0::c11: Soil_Type_30 IS present,3.199730396270752,13522.982753753662,0.9715514169634615
covtype_binary_20000,19,469,layer_0::c5: Wilderness_Area_2 IS present,3.1943585872650146,13526.177112340927,0.9717809139367446
covtype_binary_20000,19,470,layer_0::c5: Wilderness_Area_2 IS present,3.1912336349487305,13529.368345975876,0.9720101863995106
covtype_binary_20000,19,471,layer_0::c10: Wilderness_Area_1 IS absent,3.1846237182617188,13532.552969694138,0.9722389839763702
covtype_binary_20000,19,472,layer_0::c4: Wilderness_Area_1 IS present,3.182995319366455,13535.735965013504,0.9724676645617877
covtype_binary_20000,19,473,layer_0::c9: Elevation IS HIGH,3.154615640640259,13538.890580654144,0.9726943062244628
covtype_binary_20000,19,474,layer_0::c6: Hillshade_9am IS LOW,3.1484792232513428,13542.039059877396,0.9729205070195338
covtype_binary_20000,19,475,layer_0::c6: Soil_Type_2 IS present,3.135817766189575,13545.174877643585,0.9731457981590375
covtype_binary_20000,19,476,layer_0::c9: Wilderness_Area_3 IS absent,3.109508752822876,13548.284386396408,0.973369199141637
covtype_binary_20000,19,477,layer_1::c3: projection_5 IS MEDIUM,3.027339220046997,13551.311725616455,0.9735866966983834
covtype_binary_20000,19,478,layer_0::c7: Wilderness_Area_4 IS present,3.013058662414551,13554.32478427887,0.9738031682761535
covtype_binary_20000,19,479,layer_0::c3: Wilderness_Area_1 IS present,3.0107951164245605,13557.335579395294,0.9740194772306804
covtype_binary_20000,19,480,layer_0::c1: Vertical_Distance_To_Hydrology IS HIGH,3.0065770149230957,13560.342156410217,0.9742354831379753
covtype_binary_20000,19,481,layer_0::c7: Wilderness_Area_4 IS present,3.003793239593506,13563.34594964981,0.9744512890464301
covtype_binary_20000,19,482,layer_1::c1: projection_3 IS LOW,2.985175132751465,13566.331124782562,0.9746657573470203
covtype_binary_20000,19,483,layer_0::c0: Wilderness_Area_4 IS absent,2.9722025394439697,13569.303327322006,0.9748792936386271
covtype_binary_20000,19,484,layer_0::c7: Soil_Type_4 IS present,2.9425902366638184,13572.24591755867,0.9750907024502801
covtype_binary_20000,19,485,layer_1::c3: ka_concept_1.c8 IS LOW,2.9307103157043457,13575.176627874374,0.9753012577554061
covtype_binary_20000,19,486,layer_0::c9: Wilderness_Area_3 IS absent,2.887754440307617,13578.064382314682,0.9755087269187862
covtype_binary_20000,19,487,layer_0::c9: Wilderness_Area_1 IS present,2.8874895572662354,13580.951871871948,0.9757161770517866
covtype_binary_20000,19,488,layer_1::c2: ka_concept_1.c6 IS LOW,2.8851318359375,13583.837003707886,0.9759234577955673
covtype_binary_20000,19,489,layer_1::c3: ka_concept_1.c5 IS MEDIUM,2.865466833114624,13586.702470541,0.9761293257178052
covtype_binary_20000,19,490,layer_0::c4: Wilderness_Area_3 IS present,2.858548879623413,13589.561019420624,0.9763346966233982
covtype_binary_20000,19,491,layer_0::c2: Aspect IS LOW,2.764767646789551,13592.325787067413,0.9765333298667978
covtype_binary_20000,19,492,layer_1::c1: projection_4 IS LOW,2.7523534297943115,13595.078140497208,0.9767310712174593
covtype_binary_20000,19,493,layer_1::c5: ka_concept_1.c6 IS MEDIUM,2.742941379547119,13597.821081876755,0.9769281363644371
covtype_binary_20000,19,494,layer_0::c4: Soil_Type_13 IS present,2.741684913635254,13600.56276679039,0.9771251112412978
covtype_binary_20000,19,495,layer_0::c4: Soil_Type_4 IS present,2.7070109844207764,13603.26977777481,0.977319594988378
covtype_binary_20000,19,496,layer_0::c2: Vertical_Distance_To_Hydrology IS HIGH,2.672224521636963,13605.942002296448,0.9775115795207637
covtype_binary_20000,19,497,layer_0::c6: Soil_Type_13 IS present,2.6716997623443604,13608.613702058792,0.9777035263521007
covtype_binary_20000,19,498,layer_1::c2: ka_concept_1.c5 IS HIGH,2.6625332832336426,13611.276235342026,0.9778948146226798
covtype_binary_20000,19,499,layer_0::c3: Wilderness_Area_4 IS absent,2.6500940322875977,13613.926329374313,0.9780852092019705
covtype_binary_20000,19,500,layer_1::c5: projection_5 IS LOW,2.57401180267334,13616.500341176987,0.978270137694427
covtype_binary_20000,19,501,layer_1::c4: ka_concept_1.c5 IS LOW,2.558279275894165,13619.05862045288,0.9784539358919655
covtype_binary_20000,19,502,layer_0::c8: Wilderness_Area_2 IS present,2.515122175216675,13621.573742628098,0.9786346334908358
covtype_binary_20000,19,503,layer_0::c9: Vertical_Distance_To_Hydrology IS HIGH,2.502681016921997,13624.07642364502,0.9788144372613851
covtype_binary_20000,19,504,layer_1::c4: projection_3 IS LOW,2.5017290115356445,13626.578152656555,0.9789941726356198
covtype_binary_20000,19,505,layer_1::c3: ka_concept_1.c7 IS LOW,2.45155930519104,13629.029711961746,0.979170303594307
covtype_binary_20000,19,506,layer_1::c3: ka_concept_1.c10 IS LOW,2.4207849502563477,13631.450496912003,0.9793442235860287
covtype_binary_20000,19,507,layer_1::c4: ka_concept_1.c11 IS LOW,2.3974430561065674,13633.84793996811,0.9795164665919294
covtype_binary_20000,19,508,layer_1::c1: ka_concept_1.c1 IS LOW,2.391350030899048,13636.239289999008,0.9796882718477137
covtype_binary_20000,19,509,layer_1::c5: ka_concept_1.c2 IS LOW,2.354853391647339,13638.594143390656,0.9798574550220959
covtype_binary_20000,19,510,layer_1::c4: ka_concept_1.c7 IS LOW,2.348782539367676,13640.942925930023,0.9800262020393639
covtype_binary_20000,19,511,layer_0::c4: Wilderness_Area_3 IS present,2.331573009490967,13643.274498939514,0.9801937126472211
covtype_binary_20000,19,512,layer_0::c9: Soil_Type_11 IS present,2.330148458480835,13645.604647397995,0.9803611209089779
covtype_binary_20000,19,513,layer_0::c3: Wilderness_Area_4 IS absent,2.313401460647583,13647.918048858643,0.9805273259916897
covtype_binary_20000,19,514,layer_1::c2: ka_concept_1.c5 IS LOW,2.281024694442749,13650.199073553085,0.9806912049830608
covtype_binary_20000,19,515,layer_1::c5: ka_concept_1.c11 IS HIGH,2.264967203140259,13652.464040756226,0.9808539303326125
covtype_binary_20000,19,516,layer_0::c11: Wilderness_Area_2 IS present,2.2404749393463135,13654.704515695572,0.9810148960486553
covtype_binary_20000,19,517,layer_0::c11: Horizontal_Distance_To_Hydrology IS HIGH,2.2400426864624023,13656.944558382034,0.9811758307097225
covtype_binary_20000,19,518,layer_0::c11: Wilderness_Area_2 IS present,2.2368431091308594,13659.181401491165,0.9813365354988783
covtype_binary_20000,19,519,layer_1::c5: projection_3 IS LOW,2.1978540420532227,13661.379255533218,0.9814944391394966
covtype_binary_20000,19,520,layer_1::c3: ka_concept_1.c9 IS MEDIUM,2.145254135131836,13663.52450966835,0.9816485637681149
covtype_binary_20000,19,521,layer_0::c7: Soil_Type_30 IS present,2.119133710861206,13665.643643379211,0.9818008117889113
covtype_binary_20000,19,522,layer_0::c1: Soil_Type_38 IS present,2.10231351852417,13667.745956897736,0.981951851372043
covtype_binary_20000,19,523,layer_0::c5: Soil_Type_13 IS present,2.100806713104248,13669.84676361084,0.9821027826995503
covtype_binary_20000,19,524,layer_0::c6: Soil_Type_4 IS present,2.100264549255371,13671.947028160095,0.9822536750755877
covtype_binary_20000,19,525,layer_1::c1: ka_concept_1.c5 IS HIGH,2.063249349594116,13674.01027750969,0.9824019081145295
covtype_binary_20000,19,526,layer_1::c4: ka_concept_1.c5 IS HIGH,2.058767795562744,13676.069045305252,0.9825498191786343
covtype_binary_20000,19,527,layer_0::c3: Soil_Type_23 IS present,2.0536763668060303,13678.122721672058,0.9826973644517806
covtype_binary_20000,19,528,layer_0::c4: Wilderness_Area_3 IS absent,2.0517115592956543,13680.174433231354,0.9828447685643888
covtype_binary_20000,19,529,layer_0::c4: Wilderness_Area_3 IS absent,2.024667739868164,13682.199100971222,0.9829902297283472
covtype_binary_20000,19,530,layer_0::c6: Hillshade_3pm IS MEDIUM,2.004611015319824,13684.203711986542,0.9831342499277261
covtype_binary_20000,19,531,layer_1::c5: ka_concept_1.c8 IS HIGH,2.0045039653778076,13686.20821595192,0.9832782624361597
covtype_binary_20000,19,532,layer_1::c1: ka_concept_1.c7 IS LOW,2.000103712081909,13688.208319664001,0.9834219588107637
covtype_binary_20000,19,533,layer_0::c6: Wilderness_Area_2 IS present,1.9951311349868774,13690.203450798988,0.9835652979332429
covtype_binary_20000,19,534,layer_0::c11: Soil_Type_10 IS present,1.9870355129241943,13692.190486311913,0.9837080554301126
covtype_binary_20000,19,535,layer_0::c10: Soil_Type_11 IS present,1.9864953756332397,13694.176981687546,0.9838507741211094
covtype_binary_20000,19,536,layer_0::c2: Wilderness_Area_2 IS absent,1.9759752750396729,13696.152956962585,0.9839927370011416
covtype_binary_20000,19,537,layer_1::c2: ka_concept_1.c7 IS HIGH,1.9753777980804443,13698.128334760666,0.9841346569557634
covtype_binary_20000,19,538,layer_0::c8: Slope IS MEDIUM,1.9652756452560425,13700.093610405922,0.9842758511266532
covtype_binary_20000,19,539,layer_1::c3: ka_concept_1.c5 IS LOW,1.9578368663787842,13702.0514472723,0.9844165108624785
covtype_binary_20000,19,540,layer_0::c6: Wilderness_Area_2 IS present,1.9563112258911133,13704.007758498192,0.9845570609894841
covtype_binary_20000,19,541,layer_0::c2: Wilderness_Area_2 IS absent,1.945721983909607,13705.953480482101,0.9846968503380996
covtype_binary_20000,19,542,layer_1::c2: projection_3 IS LOW,1.9362571239471436,13707.889737606049,0.9848359596889456
covtype_binary_20000,19,543,layer_1::c3: ka_concept_1.c1 IS LOW,1.931749939918518,13709.821487545967,0.9849747452235811
covtype_binary_20000,19,544,layer_0::c9: Horizontal_Distance_To_Roadways IS LOW,1.9177027940750122,13711.739190340042,0.9851125215485846
covtype_binary_20000,19,545,layer_0::c8: Soil_Type_11 IS present,1.8981643915176392,13713.63735473156,0.9852488941475733
covtype_binary_20000,19,546,layer_0::c3: Wilderness_Area_2 IS present,1.8912897109985352,13715.528644442558,0.9853847728388405
covtype_binary_20000,19,547,layer_0::c3: Wilderness_Area_2 IS present,1.8912471532821655,13717.41989159584,0.9855206484725715
covtype_binary_20000,19,548,layer_1::c5: projection_0 IS LOW,1.8781837224960327,13719.298075318336,0.9856555855711493
covtype_binary_20000,19,549,layer_0::c0: Soil_Type_22 IS present,1.873285174369812,13721.171360492706,0.9857901707361737
covtype_binary_20000,19,550,layer_0::c11: Hillshade_Noon IS LOW,1.8576884269714355,13723.029048919678,0.9859236353612765
covtype_binary_20000,19,551,layer_1::c2: ka_concept_1.c0 IS HIGH,1.8551700115203857,13724.884218931198,0.9860569190521766
covtype_binary_20000,19,552,layer_0::c1: Soil_Type_39 IS present,1.8398537635803223,13726.724072694778,0.986189102355488
covtype_binary_20000,19,553,layer_0::c8: Soil_Type_32 IS present,1.8369590044021606,13728.56103169918,0.9863210776863841
covtype_binary_20000,19,554,layer_1::c2: ka_concept_1.c11 IS LOW,1.821628451347351,13730.382660150528,0.9864519516019481
covtype_binary_20000,19,555,layer_0::c0: Soil_Type_12 IS present,1.8215346336364746,13732.204194784164,0.9865828187772291
covtype_binary_20000,19,556,layer_0::c10: Wilderness_Area_2 IS present,1.774048924446106,13733.97824370861,0.9867102743672933
covtype_binary_20000,19,557,layer_1::c5: ka_concept_1.c4 IS LOW,1.7653614282608032,13735.743605136871,0.9868371058088703
covtype_binary_20000,19,558,layer_1::c5: ka_concept_1.c7 IS HIGH,1.7634947299957275,13737.507099866867,0.9869638031385153
covtype_binary_20000,19,559,layer_0::c10: Wilderness_Area_2 IS present,1.7578237056732178,13739.26492357254,0.9870900930364702
covtype_binary_20000,19,560,layer_0::c10: Horizontal_Distance_To_Hydrology IS HIGH,1.7551424503326416,13741.020066022873,0.9872161903010785
covtype_binary_20000,19,561,layer_1::c4: projection_2 IS LOW,1.7206135988235474,13742.740679621696,0.987339806858936
covtype_binary_20000,19,562,layer_1::c5: ka_concept_1.c1 IS HIGH,1.6877762079238892,13744.42845582962,0.9874610642321194
covtype_binary_20000,19,563,layer_1::c2: ka_concept_1.c5 IS MEDIUM,1.6828547716140747,13746.111310601234,0.9875819680273602
covtype_binary_20000,19,564,layer_1::c3: ka_concept_1.c7 IS HIGH,1.680559754371643,13747.791870355606,0.9877027069383226
covtype_binary_20000,19,565,layer_1::c4: ka_concept_1.c9 IS MEDIUM,1.662451982498169,13749.454322338104,0.9878221449061616
covtype_binary_20000,19,566,layer_0::c4: Slope IS MEDIUM,1.6613229513168335,13751.115645289421,0.9879415017593631
covtype_binary_20000,19,567,layer_1::c4: projection_4 IS MEDIUM,1.6473630666732788,13752.763008356094,0.9880598556721665
covtype_binary_20000,19,568,layer_1::c3: ka_concept_1.c4 IS LOW,1.6407177448272705,13754.403726100922,0.9881777321553988
covtype_binary_20000,19,569,layer_1::c5: ka_concept_1.c4 IS MEDIUM,1.6213645935058594,13756.025090694427,0.9882942182218917
covtype_binary_20000,19,570,layer_1::c4: projection_5 IS LOW,1.6176176071166992,13757.642708301544,0.9884104350881642
covtype_binary_20000,19,571,layer_0::c5: Soil_Type_4 IS present,1.6095653772354126,13759.25227367878,0.9885260734463153
covtype_binary_20000,19,572,layer_0::c9: Soil_Type_13 IS present,1.6021641492843628,13760.854437828064,0.9886411800672279
covtype_binary_20000,19,573,layer_1::c2: ka_concept_1.c11 IS HIGH,1.5988311767578125,13762.453269004822,0.9887560472325235
covtype_binary_20000,19,574,layer_1::c1: ka_concept_1.c9 IS MEDIUM,1.595360279083252,13764.048629283905,0.9888706650330439
covtype_binary_20000,19,575,layer_1::c2: ka_concept_1.c4 IS LOW,1.5937683582305908,13765.642397642136,0.9889851684628675
covtype_binary_20000,19,576,layer_0::c10: Wilderness_Area_4 IS present,1.5929677486419678,13767.235365390778,0.9890996143733262
covtype_binary_20000,19,577,layer_1::c5: ka_concept_1.c5 IS MEDIUM,1.5903164148330688,13768.82568180561,0.9892138698001345
covtype_binary_20000,19,578,layer_0::c10: Wilderness_Area_4 IS present,1.5767498016357422,13770.402431607246,0.98932715054092
covtype_binary_20000,19,579,layer_1::c3: projection_3 IS LOW,1.5442465543746948,13771.946678161621,0.9894380961034016
covtype_binary_20000,19,580,layer_0::c1: Hillshade_Noon IS LOW,1.5211572647094727,13773.46783542633,0.9895473828282954
covtype_binary_20000,19,581,layer_0::c4: Vertical_Distance_To_Hydrology IS HIGH,1.515413761138916,13774.98324918747,0.9896562569142667
covtype_binary_20000,19,582,layer_1::c2: ka_concept_1.c9 IS HIGH,1.5130267143249512,13776.496275901794,0.9897649595041444
covtype_binary_20000,19,583,layer_1::c4: projection_6 IS LOW,1.5096267461776733,13778.005902647972,0.9898734178251408
covtype_binary_20000,19,584,layer_1::c5: ka_concept_1.c9 IS HIGH,1.507688283920288,13779.513590931892,0.9899817368783598
covtype_binary_20000,19,585,layer_1::c5: ka_concept_1.c10 IS MEDIUM,1.491899013519287,13781.005489945412,0.9900889215599455
covtype_binary_20000,19,586,layer_1::c2: ka_concept_1.c10 IS LOW,1.4849498271942139,13782.490439772606,0.9901956069809803
covtype_binary_20000,19,587,layer_0::c10: Soil_Type_30 IS present,1.419387698173523,13783.90982747078,0.9902975821261455
covtype_binary_20000,19,588,layer_1::c2: ka_concept_1.c3 IS LOW,1.407749056816101,13785.317576527596,0.9903987210993871
covtype_binary_20000,19,589,layer_1::c5: projection_6 IS MEDIUM,1.3895624876022339,13786.707139015198,0.9904985534683528
covtype_binary_20000,19,590,layer_0::c8: Soil_Type_33 IS present,1.3826757669448853,13788.089814782143,0.9905978910645797
covtype_binary_20000,19,591,layer_1::c4: projection_4 IS LOW,1.374186396598816,13789.464001178741,0.9906966187465638
covtype_binary_20000,19,592,layer_1::c4: ka_concept_1.c4 IS LOW,1.3710389137268066,13790.835040092468,0.990795120299335
covtype_binary_20000,19,593,layer_1::c5: ka_concept_1.c5 IS HIGH,1.3669896125793457,13792.202029705048,0.9908933309322449
covtype_binary_20000,19,594,layer_1::c2: projection_7 IS LOW,1.3660736083984375,13793.568103313446,0.9909914757553274
covtype_binary_20000,19,595,layer_1::c1: projection_5 IS LOW,1.3530579805374146,13794.921161293983,0.9910886854776323
covtype_binary_20000,19,596,layer_0::c9: Wilderness_Area_2 IS absent,1.3359148502349854,13796.257076144218,0.991184663560968
covtype_binary_20000,19,597,layer_1::c5: ka_concept_1.c6 IS HIGH,1.3127532005310059,13797.56982934475,0.9912789776080481
covtype_binary_20000,19,598,layer_1::c3: projection_0 IS LOW,1.2854740619659424,13798.855303406715,0.9913713318001013
covtype_binary_20000,19,599,layer_1::c4: ka_concept_1.c2 IS LOW,1.261081576347351,13800.116384983063,0.991461933527155
covtype_binary_20000,19,600,layer_1::c4: ka_concept_1.c9 IS LOW,1.2447854280471802,13801.36117041111,0.9915513644662056
covtype_binary_20000,19,601,layer_1::c5: projection_2 IS LOW,1.2425048351287842,13802.603675246239,0.9916406315572857
covtype_binary_20000,19,602,layer_1::c3: ka_concept_1.c11 IS LOW,1.2366385459899902,13803.840313792229,0.9917294771879802
covtype_binary_20000,19,603,layer_0::c0: Soil_Type_38 IS present,1.207427740097046,13805.047741532326,0.9918162241840486
covtype_binary_20000,19,604,layer_1::c4: ka_concept_1.c8 IS LOW,1.205012559890747,13806.252754092216,0.991902797662795
covtype_binary_20000,19,605,layer_1::c2: ka_concept_1.c0 IS MEDIUM,1.1960381269454956,13807.448792219162,0.9919887263782371
covtype_binary_20000,19,606,layer_1::c2: projection_1 IS LOW,1.18454909324646,13808.633341312408,0.9920738296702373
covtype_binary_20000,19,607,layer_1::c5: ka_concept_1.c7 IS MEDIUM,1.1810832023620605,13809.81442451477,0.9921586839571725
covtype_binary_20000,19,608,layer_1::c3: ka_concept_1.c3 IS LOW,1.1707251071929932,13810.985149621964,0.9922427940723357
covtype_binary_20000,19,609,layer_0::c6: Wilderness_Area_4 IS present,1.1691666841506958,13812.154316306114,0.9923267922234342
covtype_binary_20000,19,610,layer_1::c5: ka_concept_1.c5 IS LOW,1.1649211645126343,13813.319237470627,0.9924104853574597
covtype_binary_20000,19,611,layer_1::c5: ka_concept_1.c0 IS HIGH,1.145654320716858,13814.464891791344,0.9924927942754632
covtype_binary_20000,19,612,layer_1::c3: ka_concept_1.c11 IS MEDIUM,1.1379486322402954,13815.602840423584,0.992574549582426
covtype_binary_20000,19,613,layer_0::c6: Wilderness_Area_4 IS present,1.1291627883911133,13816.732003211975,0.9926556736751665
covtype_binary_20000,19,614,layer_1::c3: ka_concept_1.c4 IS MEDIUM,1.092104434967041,13817.824107646942,0.9927341353304525
covtype_binary_20000,19,615,layer_1::c2: ka_concept_1.c1 IS HIGH,1.0887906551361084,13818.912898302078,0.9928123589090103
covtype_binary_20000,19,616,layer_1::c4: ka_concept_1.c11 IS MEDIUM,1.0886223316192627,13820.001520633698,0.9928905703944557
covtype_binary_20000,19,617,layer_0::c9: Soil_Type_30 IS present,1.0872734785079956,13821.088794112206,0.9929686849722753
covtype_binary_20000,19,618,layer_1::c4: ka_concept_1.c6 IS LOW,1.0841110944747925,13822.17290520668,0.9930465723503162
covtype_binary_20000,19,619,layer_0::c7: Wilderness_Area_2 IS absent,1.0691025257110596,13823.242007732391,0.9931233814458129
covtype_binary_20000,19,620,layer_1::c4: ka_concept_1.c8 IS HIGH,1.068461298942566,13824.310469031334,0.9932001444727176
covtype_binary_20000,19,621,layer_1::c3: projection_5 IS HIGH,1.062635898590088,13825.373104929924,0.9932764889768697
covtype_binary_20000,19,622,layer_1::c3: projection_2 IS LOW,1.0470271110534668,13826.420132040977,0.9933517120760827
covtype_binary_20000,19,623,layer_0::c1: Soil_Type_29 IS present,1.0444902181625366,13827.46462225914,0.9934267529135917
covtype_binary_20000,19,624,layer_1::c4: ka_concept_1.c6 IS HIGH,1.0311781167984009,13828.495800375938,0.9935008373503436
covtype_binary_20000,19,625,layer_1::c1: ka_concept_1.c6 IS LOW,1.027039885520935,13829.52284026146,0.9935746244780969
covtype_binary_20000,19,626,layer_1::c4: ka_concept_1.c0 IS MEDIUM,1.0168404579162598,13830.539680719376,0.9936476788334638
covtype_binary_20000,19,627,layer_1::c4: ka_concept_1.c6 IS MEDIUM,1.0145621299743652,13831.55424284935,0.9937205695035861
covtype_binary_20000,19,628,"projection_layer::pursuit_2(Hillshade_Noon, Wilderness_Area_4, Soil_Type_23, Soil_Type_11) IS MEDIUM",1.0099780559539795,13832.564220905304,0.993793130833378
covtype_binary_20000,19,629,layer_1::c3: ka_concept_1.c1 IS MEDIUM,0.9904956817626953,13833.554716587067,0.9938642924624828
covtype_binary_20000,19,630,layer_1::c3: projection_1 IS LOW,0.9897594451904297,13834.544476032257,0.9939354011970672
covtype_binary_20000,19,631,layer_0::c2: Soil_Type_29 IS present,0.9877453446388245,13835.532221376896,0.9940063652296818
covtype_binary_20000,19,632,layer_0::c3: Vertical_Distance_To_Hydrology IS HIGH,0.982530415058136,13836.514751791954,0.9940769545984875
covtype_binary_20000,19,633,layer_0::c9: Wilderness_Area_1 IS present,0.9718276262283325,13837.486579418182,0.9941467750311909
covtype_binary_20000,19,634,layer_0::c10: Soil_Type_31 IS present,0.9686704277992249,13838.455249845982,0.9942163686366725
covtype_binary_20000,19,635,layer_1::c2: ka_concept_1.c6 IS HIGH,0.9643124341964722,13839.419562280178,0.9942856491444494
covtype_binary_20000,19,636,layer_1::c3: projection_0 IS MEDIUM,0.9549207091331482,13840.374482989311,0.9943542549087945
covtype_binary_20000,19,637,layer_0::c3: Soil_Type_4 IS present,0.9489595293998718,13841.323442518711,0.9944224323953903
covtype_binary_20000,19,638,layer_1::c3: ka_concept_1.c9 IS LOW,0.9430556297302246,13842.266498148441,0.9944901857194922
covtype_binary_20000,19,639,layer_0::c2: Wilderness_Area_4 IS present,0.9331992864608765,13843.199697434902,0.9945572309199173
covtype_binary_20000,19,640,layer_0::c2: Wilderness_Area_4 IS present,0.9331992864608765,13844.132896721363,0.9946242761203423
covtype_binary_20000,19,641,layer_1::c1: ka_concept_1.c7 IS HIGH,0.9317438006401062,13845.064640522003,0.9946912167521721
covtype_binary_20000,19,642,layer_0::c9: Wilderness_Area_2 IS present,0.9271764159202576,13845.991816937923,0.9947578292427051
covtype_binary_20000,19,643,layer_1::c3: ka_concept_1.c2 IS LOW,0.9258404970169067,13846.91765743494,0.9948243457548636
covtype_binary_20000,19,644,layer_1::c1: projection_0 IS LOW,0.90568608045578,13847.823343515396,0.9948894142838127
covtype_binary_20000,19,645,layer_1::c2: projection_4 IS MEDIUM,0.9000284671783447,13848.723371982574,0.9949540763445812
covtype_binary_20000,19,646,layer_1::c3: projection_6 IS LOW,0.8934001922607422,13849.616772174835,0.995018262200506
covtype_binary_20000,19,647,layer_1::c2: ka_concept_1.c1 IS MEDIUM,0.8777403235435486,13850.494512498379,0.995081322981592
covtype_binary_20000,19,648,layer_0::c4: Wilderness_Area_2 IS present,0.8743172287940979,13851.368829727173,0.9951441378322783
covtype_binary_20000,19,649,layer_1::c1: ka_concept_1.c11 IS MEDIUM,0.855588436126709,13852.2244181633,0.9952056071229366
covtype_binary_20000,19,650,layer_1::c2: ka_concept_1.c8 IS MEDIUM,0.8475462794303894,13853.07196444273,0.9952664986291757
covtype_binary_20000,19,651,layer_1::c4: ka_concept_1.c4 IS HIGH,0.8440518975257874,13853.916016340256,0.995327139083428
covtype_binary_20000,19,652,layer_0::c9: Soil_Type_13 IS absent,0.8378955125808716,13854.753911852837,0.9953873372355175
covtype_binary_20000,19,653,layer_0::c4: Soil_Type_2 IS present,0.8170626759529114,13855.57097452879,0.9954460386636732
covtype_binary_20000,19,654,layer_1::c3: ka_concept_1.c0 IS LOW,0.8101835250854492,13856.381158053875,0.9955042458629376
covtype_binary_20000,19,655,layer_1::c4: ka_concept_1.c10 IS HIGH,0.8026936650276184,13857.183851718903,0.9955619149572378
covtype_binary_20000,19,656,layer_0::c11: Soil_Type_11 IS present,0.8004978895187378,13857.984349608421,0.9956194262972283
covtype_binary_20000,19,657,layer_1::c3: ka_concept_1.c1 IS HIGH,0.7892745137214661,13858.773624122143,0.995676131299826
covtype_binary_20000,19,658,layer_1::c5: ka_concept_1.c1 IS MEDIUM,0.7777982354164124,13859.55142235756,0.9957320117953861
covtype_binary_20000,19,659,layer_0::c5: Hillshade_3pm IS MEDIUM,0.7642249464988708,13860.315647304058,0.99578691712531
covtype_binary_20000,19,660,layer_1::c4: projection_1 IS LOW,0.7167231440544128,13861.032370448112,0.9958384097138059
covtype_binary_20000,19,661,layer_0::c3: Wilderness_Area_4 IS present,0.7160595655441284,13861.748430013657,0.995889854627861
covtype_binary_20000,19,662,layer_0::c3: Wilderness_Area_4 IS present,0.7147689461708069,13862.463198959827,0.9959412068180618
covtype_binary_20000,19,663,layer_0::c2: Soil_Type_38 IS present,0.710645854473114,13863.1738448143,0.995992262786959
covtype_binary_20000,19,664,layer_1::c5: projection_5 IS MEDIUM,0.7043156027793884,13863.87816041708,0.9960428639623305
covtype_binary_20000,19,665,layer_1::c5: ka_concept_1.c4 IS HIGH,0.7034571170806885,13864.58161753416,0.9960934034602592
covtype_binary_20000,19,666,layer_0::c9: Wilderness_Area_3 IS present,0.7027989029884338,13865.284416437149,0.9961438956691507
covtype_binary_20000,19,667,layer_1::c1: projection_5 IS MEDIUM,0.6998317241668701,13865.984248161316,0.9961941747026769
covtype_binary_20000,19,668,layer_1::c1: ka_concept_1.c0 IS MEDIUM,0.6977918744087219,13866.682040035725,0.9962443071842952
covtype_binary_20000,19,669,layer_1::c2: ka_concept_1.c6 IS MEDIUM,0.6972537636756897,13867.3792937994,0.9962944010056376
covtype_binary_20000,19,670,layer_0::c5: Soil_Type_40 IS present,0.6741429567337036,13868.053436756134,0.996342834443495
covtype_binary_20000,19,671,layer_1::c4: ka_concept_1.c3 IS LOW,0.6531457304954529,13868.70658248663,0.9963897593469354
covtype_binary_20000,19,672,layer_0::c6: Soil_Type_40 IS present,0.6421968936920166,13869.348779380322,0.9964358976370891
covtype_binary_20000,19,673,layer_0::c8: Soil_Type_13 IS present,0.6288482546806335,13869.977627635002,0.9964810769014582
covtype_binary_20000,19,674,layer_0::c9: Wilderness_Area_3 IS present,0.6277740001678467,13870.60540163517,0.99652617898659
covtype_binary_20000,19,675,layer_1::c2: ka_concept_1.c9 IS LOW,0.6173070669174194,13871.222708702087,0.9965705290805364
covtype_binary_20000,19,676,layer_1::c3: projection_4 IS MEDIUM,0.6132267713546753,13871.835935473442,0.9966145860278445
covtype_binary_20000,19,677,layer_0::c9: Wilderness_Area_2 IS present,0.6127568483352661,13872.448692321777,0.9966586092137861
covtype_binary_20000,19,678,layer_1::c1: ka_concept_1.c5 IS LOW,0.6113461256027222,13873.06003844738,0.9967025310471124
covtype_binary_20000,19,679,layer_0::c2: Wilderness_Area_2 IS present,0.605502724647522,13873.665541172028,0.9967460330644423
covtype_binary_20000,19,680,layer_0::c2: Wilderness_Area_2 IS present,0.6029357314109802,13874.268476903439,0.9967893506575249
covtype_binary_20000,19,681,layer_1::c4: projection_5 IS MEDIUM,0.5976141691207886,13874.86609107256,0.9968322859258293
covtype_binary_20000,19,682,layer_1::c1: projection_4 IS MEDIUM,0.5961294174194336,13875.462220489979,0.9968751145229467
covtype_binary_20000,19,683,layer_1::c2: ka_concept_1.c7 IS LOW,0.5927448868751526,13876.054965376854,0.9969176999602891
covtype_binary_20000,19,684,layer_1::c2: ka_concept_1.c8 IS LOW,0.5886529088020325,13876.643618285656,0.9969599914116694
covtype_binary_20000,19,685,layer_1::c1: ka_concept_1.c8 IS LOW,0.581689715385437,13877.225308001041,0.9970017825961666
covtype_binary_20000,19,686,layer_1::c5: projection_7 IS MEDIUM,0.5803147554397583,13877.805622756481,0.9970434749974068
covtype_binary_20000,19,687,layer_0::c5: Soil_Type_2 IS present,0.575520932674408,13878.381143689156,0.9970848229890306
covtype_binary_20000,19,688,layer_1::c2: ka_concept_1.c8 IS HIGH,0.5682796835899353,13878.949423372746,0.9971256507370116
covtype_binary_20000,19,689,layer_1::c5: ka_concept_1.c0 IS MEDIUM,0.5643462538719177,13879.513769626617,0.997166195889852
covtype_binary_20000,19,690,layer_1::c1: ka_concept_1.c10 IS HIGH,0.5504807829856873,13880.064250409603,0.9972057448853997
covtype_binary_20000,19,691,layer_1::c1: ka_concept_1.c9 IS HIGH,0.5504751801490784,13880.614725589752,0.9972452934784147
covtype_binary_20000,19,692,layer_1::c1: ka_concept_1.c4 IS LOW,0.5407640337944031,13881.155489623547,0.9972841443793471
covtype_binary_20000,19,693,"projection_layer::pursuit_4(Horizontal_Distance_To_Hydrology, Soil_Type_22, Soil_Type_30, Soil_Type_35) IS HIGH",0.5391387343406677,13881.694628357887,0.997322878511515
covtype_binary_20000,19,694,layer_1::c1: ka_concept_1.c11 IS HIGH,0.5265532732009888,13882.221181631088,0.9973607084480017
covtype_binary_20000,19,695,layer_1::c1: ka_concept_1.c11 IS LOW,0.5253089666366577,13882.746490597725,0.997398448987953
covtype_binary_20000,19,696,layer_0::c7: Wilderness_Area_2 IS present,0.5246973633766174,13883.271187961102,0.9974361455875974
covtype_binary_20000,19,697,layer_1::c4: ka_concept_1.c0 IS HIGH,0.5242635607719421,13883.795451521873,0.9974738110209271
covtype_binary_20000,19,698,layer_1::c1: ka_concept_1.c1 IS MEDIUM,0.5237471461296082,13884.319198668003,0.9975114393527248
covtype_binary_20000,19,699,layer_1::c4: ka_concept_1.c7 IS MEDIUM,0.5169332027435303,13884.836131870747,0.9975485781404276
covtype_binary_20000,19,700,layer_1::c5: ka_concept_1.c2 IS MEDIUM,0.5138936042785645,13885.350025475025,0.9975854985498149
covtype_binary_20000,19,701,layer_1::c4: ka_concept_1.c8 IS MEDIUM,0.5086106061935425,13885.858636081219,0.9976220394050485
covtype_binary_20000,19,702,layer_1::c2: projection_5 IS MEDIUM,0.5042659640312195,13886.36290204525,0.9976582681218044
covtype_binary_20000,19,703,layer_1::c5: ka_concept_1.c10 IS HIGH,0.5042263269424438,13886.867128372192,0.997694493990855
covtype_binary_20000,19,704,layer_0::c1: Soil_Type_22 IS absent,0.5016371011734009,13887.368765473366,0.9977305338383738
covtype_binary_20000,19,705,layer_0::c7: Wilderness_Area_2 IS present,0.5009837746620178,13887.869749248028,0.9977665267480013
covtype_binary_20000,19,706,layer_1::c4: ka_concept_1.c10 IS MEDIUM,0.49282848834991455,13888.362577736378,0.9978019337454733
covtype_binary_20000,19,707,layer_1::c5: ka_concept_1.c9 IS LOW,0.4899578094482422,13888.852535545826,0.9978371345005648
covtype_binary_20000,19,708,layer_1::c4: projection_3 IS MEDIUM,0.4815828502178192,13889.334118396044,0.9978717335612184
covtype_binary_20000,19,709,layer_0::c9: Wilderness_Area_4 IS present,0.4744882881641388,13889.808606684208,0.99790582291688
covtype_binary_20000,19,710,layer_1::c2: ka_concept_1.c1 IS LOW,0.4704590141773224,13890.279065698385,0.9979396227915208
covtype_binary_20000,19,711,layer_1::c5: ka_concept_1.c8 IS MEDIUM,0.46967658400535583,13890.74874228239,0.9979733664528871
covtype_binary_20000,19,712,layer_1::c1: ka_concept_1.c9 IS LOW,0.4677504897117615,13891.216492772102,0.9980069717350457
covtype_binary_20000,19,713,layer_0::c6: Horizontal_Distance_To_Fire_Points IS HIGH,0.4534153640270233,13891.66990813613,0.9980395471178155
covtype_binary_20000,19,714,layer_1::c3: projection_7 IS MEDIUM,0.448025643825531,13892.117933779955,0.9980717352790386
covtype_binary_20000,19,715,layer_1::c4: ka_concept_1.c4 IS MEDIUM,0.4468107521533966,13892.564744532108,0.9981038361570234
covtype_binary_20000,19,716,layer_1::c5: ka_concept_1.c0 IS LOW,0.4421975016593933,13893.006942033768,0.9981356055985097
covtype_binary_20000,19,717,layer_1::c3: ka_concept_1.c10 IS MEDIUM,0.42917850613594055,13893.436120539904,0.9981664396972703
covtype_binary_20000,19,718,layer_1::c1: projection_2 IS LOW,0.4274599552154541,13893.86358049512,0.998197150327665
covtype_binary_20000,19,719,layer_0::c1: Soil_Type_22 IS present,0.42745381593704224,13894.291034311056,0.9982278605169865
covtype_binary_20000,19,720,layer_1::c1: ka_concept_1.c4 IS MEDIUM,0.4232845902442932,13894.7143189013,0.9982582711705323
covtype_binary_20000,19,721,layer_1::c1: ka_concept_1.c1 IS HIGH,0.4028484523296356,13895.11716735363,0.9982872136007498
covtype_binary_20000,19,722,layer_1::c2: projection_2 IS LOW,0.40278902649879456,13895.519956380129,0.9983161517615504
covtype_binary_20000,19,723,layer_0::c10: Wilderness_Area_3 IS absent,0.4006057381629944,13895.920562118292,0.9983449330651758
covtype_binary_20000,19,724,layer_1::c2: ka_concept_1.c4 IS MEDIUM,0.3949820399284363,13896.31554415822,0.9983733103372284
covtype_binary_20000,19,725,layer_1::c1: projection_5 IS HIGH,0.3937692940235138,13896.709313452244,0.9984016004802044
covtype_binary_20000,19,726,layer_1::c2: projection_4 IS HIGH,0.3830084502696991,13897.092321902514,0.9984291175161532
covtype_binary_20000,19,727,layer_1::c2: projection_7 IS MEDIUM,0.37920665740966797,13897.471528559923,0.9984563614143401
covtype_binary_20000,19,728,"projection_layer::pursuit_1(Elevation, Vertical_Distance_To_Hydrology, Soil_Type_40, Soil_Type_6) IS MEDIUM",0.37438318133354187,13897.845911741257,0.9984832587724849
covtype_binary_20000,19,729,layer_1::c2: ka_concept_1.c2 IS LOW,0.3650861382484436,13898.210997879505,0.9985094881895733
covtype_binary_20000,19,730,layer_0::c8: Hillshade_9am IS LOW,0.363696813583374,13898.574694693089,0.9985356177913791
covtype_binary_20000,19,731,layer_1::c1: ka_concept_1.c2 IS LOW,0.36327478289604187,13898.937969475985,0.9985617170726173
covtype_binary_20000,19,732,layer_1::c2: ka_concept_1.c10 IS HIGH,0.3532654643058777,13899.29123494029,0.9985870972397491
covtype_binary_20000,19,733,layer_1::c4: ka_concept_1.c7 IS HIGH,0.34478726983070374,13899.636022210121,0.9986118682955624
covtype_binary_20000,19,734,layer_0::c8: Wilderness_Area_3 IS absent,0.3415111005306244,13899.977533310652,0.9986364039767558
covtype_binary_20000,19,735,layer_0::c0: Vertical_Distance_To_Hydrology IS HIGH,0.34094980359077454,13900.318483114243,0.9986608993318726
covtype_binary_20000,19,736,layer_1::c1: projection_6 IS LOW,0.34058907628059387,13900.659072190523,0.99868536877073
covtype_binary_20000,19,737,layer_1::c2: projection_0 IS MEDIUM,0.33866408467292786,13900.997736275196,0.9987096999096015
covtype_binary_20000,19,738,layer_0::c1: Soil_Type_40 IS present,0.3368419408798218,13901.334578216076,0.998733900137533
covtype_binary_20000,19,739,layer_1::c4: ka_concept_1.c3 IS MEDIUM,0.33385035395622253,13901.668428570032,0.9987578854365122
covtype_binary_20000,19,740,layer_1::c4: ka_concept_1.c1 IS MEDIUM,0.33347001671791077,13902.00189858675,0.9987818434103674
covtype_binary_20000,19,741,layer_1::c1: ka_concept_1.c10 IS LOW,0.3258199691772461,13902.327718555927,0.9988052517706746
covtype_binary_20000,19,742,layer_0::c6: Soil_Type_30 IS present,0.32436609268188477,13902.65208464861,0.9988285556780077
covtype_binary_20000,19,743,layer_1::c2: projection_5 IS HIGH,0.31681546568870544,13902.968900114298,0.9988513171146086
covtype_binary_20000,19,744,layer_1::c4: projection_5 IS HIGH,0.3064095377922058,13903.27530965209,0.9988733309429211
covtype_binary_20000,19,745,layer_1::c3: projection_3 IS MEDIUM,0.3022606670856476,13903.577570319176,0.9988950466978508
covtype_binary_20000,19,746,layer_1::c3: ka_concept_1.c6 IS LOW,0.30078768730163574,13903.878358006477,0.9989166566273409
covtype_binary_20000,19,747,layer_1::c4: ka_concept_1.c3 IS HIGH,0.29755711555480957,13904.175915122032,0.9989380344581426
covtype_binary_20000,19,748,layer_1::c5: ka_concept_1.c9 IS MEDIUM,0.29599472880363464,13904.471909850836,0.9989593000401091
covtype_binary_20000,19,749,layer_1::c1: ka_concept_1.c6 IS HIGH,0.2953086197376251,13904.767218470573,0.9989805163289392
covtype_binary_20000,19,750,layer_1::c2: ka_concept_1.c0 IS LOW,0.2871348559856415,13905.054353326559,0.9990011453781122
covtype_binary_20000,19,751,layer_1::c4: ka_concept_1.c0 IS LOW,0.28193962574005127,13905.3362929523,0.9990214011787646
covtype_binary_20000,19,752,layer_1::c3: ka_concept_1.c6 IS MEDIUM,0.2734109163284302,13905.609703868628,0.9990410442388801
covtype_binary_20000,19,753,layer_1::c2: ka_concept_1.c7 IS MEDIUM,0.2729606628417969,13905.88266453147,0.9990606549507761
covtype_binary_20000,19,754,layer_1::c1: projection_7 IS LOW,0.2723482549190521,13906.155012786388,0.9990802216645546
covtype_binary_20000,19,755,layer_0::c4: Wilderness_Area_4 IS present,0.2706596255302429,13906.425672411919,0.9990996670596636
covtype_binary_20000,19,756,layer_1::c5: projection_3 IS MEDIUM,0.2693012058734894,13906.694973617792,0.9991190148598436
covtype_binary_20000,19,757,layer_1::c1: ka_concept_1.c5 IS MEDIUM,0.26783108711242676,13906.962804704905,0.9991382570401324
covtype_binary_20000,19,758,layer_0::c4: Soil_Type_40 IS present,0.2676995098590851,13907.230504214764,0.9991574897673243
covtype_binary_20000,19,759,layer_0::c0: Wilderness_Area_4 IS present,0.2669934332370758,13907.497497648,0.9991766717668213
covtype_binary_20000,19,760,layer_1::c1: ka_concept_1.c0 IS LOW,0.266127347946167,13907.763624995947,0.999195791542887
covtype_binary_20000,19,761,layer_0::c0: Wilderness_Area_4 IS present,0.2593393921852112,13908.022964388132,0.9992144236419246
covtype_binary_20000,19,762,layer_0::c4: Wilderness_Area_4 IS present,0.2588751018047333,13908.281839489937,0.9992330223842697
covtype_binary_20000,19,763,layer_1::c3: ka_concept_1.c3 IS MEDIUM,0.25881072878837585,13908.540650218725,0.9992516165017701
covtype_binary_20000,19,764,layer_1::c5: ka_concept_1.c3 IS LOW,0.2585073411464691,13908.799157559872,0.9992701888225487
covtype_binary_20000,19,765,layer_0::c11: Vertical_Distance_To_Hydrology IS HIGH,0.2584782540798187,13909.057635813951,0.9992887590535827
covtype_binary_20000,19,766,layer_0::c5: Soil_Type_40 IS absent,0.25440481305122375,13909.312040627003,0.9993070366304385
covtype_binary_20000,19,767,layer_1::c3: ka_concept_1.c11 IS HIGH,0.2480187565088272,13909.560059383512,0.9993248554044996
covtype_binary_20000,19,768,layer_1::c4: projection_7 IS MEDIUM,0.24664542078971863,13909.806704804301,0.999342575511995
covtype_binary_20000,19,769,layer_1::c4: projection_2 IS MEDIUM,0.24595224857330322,13910.052657052875,0.9993602458189057
covtype_binary_20000,19,770,layer_1::c1: ka_concept_1.c0 IS HIGH,0.24178488552570343,13910.2944419384,0.9993776167238614
covtype_binary_20000,19,771,layer_1::c3: ka_concept_1.c3 IS HIGH,0.24002911150455475,13910.534471049905,0.9993948614861776
covtype_binary_20000,19,772,layer_1::c1: ka_concept_1.c8 IS HIGH,0.21049600839614868,13910.744967058301,0.9994099844585976
covtype_binary_20000,19,773,layer_1::c2: projection_6 IS LOW,0.20972688496112823,13910.954693943262,0.9994250521737585
covtype_binary_20000,19,774,layer_1::c1: ka_concept_1.c8 IS MEDIUM,0.20791739225387573,13911.162611335516,0.9994399898868899
covtype_binary_20000,19,775,layer_1::c1: ka_concept_1.c7 IS MEDIUM,0.20578698813915253,13911.368398323655,0.9994547745422844
covtype_binary_20000,19,776,layer_1::c3: ka_concept_1.c10 IS HIGH,0.2049708068370819,13911.573369130492,0.9994695005595725
covtype_binary_20000,19,777,layer_1::c4: ka_concept_1.c2 IS MEDIUM,0.2042868584394455,13911.777655988932,0.9994841774389561
covtype_binary_20000,19,778,layer_1::c4: ka_concept_1.c11 IS HIGH,0.2037477046251297,13911.981403693557,0.9994988155831241
covtype_binary_20000,19,779,layer_1::c4: ka_concept_1.c1 IS HIGH,0.19981734454631805,13912.181221038103,0.9995131713526879
covtype_binary_20000,19,780,layer_1::c3: projection_5 IS LOW,0.19882404804229736,13912.380045086145,0.999527455759399
covtype_binary_20000,19,781,layer_1::c1: projection_6 IS MEDIUM,0.19779428839683533,13912.577839374542,0.9995416661835828
covtype_binary_20000,19,782,layer_1::c2: projection_0 IS LOW,0.19051773846149445,13912.768357113004,0.999555353827953
covtype_binary_20000,19,783,layer_1::c3: ka_concept_1.c8 IS MEDIUM,0.19037841260433197,13912.958735525608,0.9995690314625321
covtype_binary_20000,19,784,layer_0::c8: Soil_Type_4 IS present,0.18920552730560303,13913.147941052914,0.9995826248317982
covtype_binary_20000,19,785,layer_1::c5: projection_0 IS MEDIUM,0.1847679167985916,13913.332708969712,0.999595899383326
covtype_binary_20000,19,786,layer_1::c3: ka_concept_1.c8 IS HIGH,0.17904731631278992,13913.511756286025,0.9996087629413912
covtype_binary_20000,19,787,layer_0::c8: Wilderness_Area_4 IS present,0.17699244618415833,13913.68874873221,0.9996214788684181
covtype_binary_20000,19,788,layer_0::c3: Soil_Type_38 IS present,0.1735449880361557,13913.862293720245,0.9996339471146699
covtype_binary_20000,19,789,layer_1::c4: projection_0 IS MEDIUM,0.1734992265701294,13914.035792946815,0.9996464120732139
covtype_binary_20000,19,790,layer_0::c6: Soil_Type_32 IS present,0.16134297847747803,13914.197135925293,0.999658003672657
covtype_binary_20000,19,791,layer_1::c2: ka_concept_1.c9 IS MEDIUM,0.16016510128974915,13914.357301026583,0.9996695106481475
covtype_binary_20000,19,792,layer_0::c3: Soil_Type_40 IS present,0.1537894457578659,13914.51109047234,0.9996805595680981
covtype_binary_20000,19,793,layer_1::c3: ka_concept_1.c2 IS MEDIUM,0.1444988250732422,13914.655589297414,0.9996909410084065
covtype_binary_20000,19,794,layer_1::c4: ka_concept_1.c5 IS MEDIUM,0.14321884512901306,13914.798808142543,0.9997012304892448
covtype_binary_20000,19,795,layer_1::c4: projection_4 IS HIGH,0.14215950667858124,13914.940967649221,0.9997114438624822
covtype_binary_20000,19,796,layer_1::c2: projection_2 IS MEDIUM,0.14113371074199677,13915.082101359963,0.9997215835379629
covtype_binary_20000,19,797,layer_1::c2: ka_concept_1.c11 IS MEDIUM,0.13840968906879425,13915.220511049032,0.9997315275075725
covtype_binary_20000,19,798,layer_1::c3: ka_concept_1.c0 IS MEDIUM,0.13409239053726196,13915.35460343957,0.9997411613031932
covtype_binary_20000,19,799,layer_1::c1: ka_concept_1.c4 IS HIGH,0.12775826454162598,13915.482361704111,0.9997503400269411
covtype_binary_20000,19,800,layer_1::c1: projection_7 IS MEDIUM,0.11650194227695465,13915.598863646388,0.9997587100462748
covtype_binary_20000,19,801,layer_1::c1: ka_concept_1.c2 IS MEDIUM,0.11491071432828903,13915.713774360716,0.999766965744693
covtype_binary_20000,19,802,layer_1::c5: projection_1 IS LOW,0.11166911572217941,13915.825443476439,0.9997749885522043
covtype_binary_20000,19,803,layer_1::c5: projection_3 IS HIGH,0.11044932901859283,13915.935892805457,0.9997829237247963
covtype_binary_20000,19,804,layer_1::c5: projection_4 IS HIGH,0.10936533659696579,13916.045258142054,0.9997907810185364
covtype_binary_20000,19,805,layer_1::c2: projection_6 IS MEDIUM,0.10413045436143875,13916.149388596416,0.9997982622149799
covtype_binary_20000,19,806,layer_1::c4: projection_3 IS HIGH,0.10098141431808472,13916.250370010734,0.9998055171703366
covtype_binary_20000,19,807,layer_1::c1: ka_concept_1.c6 IS MEDIUM,0.099802166223526,13916.350172176957,0.9998126874032487
covtype_binary_20000,19,808,layer_0::c2: Soil_Type_40 IS present,0.09739356487989426,13916.447565741837,0.9998196845914937
covtype_binary_20000,19,809,layer_1::c4: projection_7 IS HIGH,0.09609737247228622,13916.54366311431,0.9998265886554929
covtype_binary_20000,19,810,layer_1::c3: projection_6 IS HIGH,0.09185552597045898,13916.63551864028,0.9998331879663134
covtype_binary_20000,19,811,layer_1::c1: projection_4 IS HIGH,0.0852435976266861,13916.720762237906,0.9998393122467011
covtype_binary_20000,19,812,layer_1::c4: ka_concept_1.c2 IS HIGH,0.08460987359285355,13916.8053721115,0.9998453909975266
covtype_binary_20000,19,813,layer_0::c10: Wilderness_Area_1 IS absent,0.08422806859016418,13916.88960018009,0.9998514423177772
covtype_binary_20000,19,814,layer_1::c5: projection_5 IS HIGH,0.083388552069664,13916.97298873216,0.9998574333234154
covtype_binary_20000,19,815,layer_1::c2: ka_concept_1.c10 IS MEDIUM,0.08241645991802216,13917.055405192077,0.999863354489616
covtype_binary_20000,19,816,layer_1::c5: ka_concept_1.c3 IS MEDIUM,0.08187219500541687,13917.137277387083,0.9998692365533971
covtype_binary_20000,19,817,layer_1::c5: projection_2 IS MEDIUM,0.08101820945739746,13917.21829559654,0.9998750572630462
covtype_binary_20000,19,818,layer_1::c1: projection_2 IS MEDIUM,0.07836346328258514,13917.296659059823,0.9998806872438851
covtype_binary_20000,19,819,layer_1::c5: ka_concept_1.c2 IS HIGH,0.07559677958488464,13917.372255839407,0.9998861184538231
covtype_binary_20000,19,820,"projection_layer::pursuit_3(Slope, Soil_Type_12, Soil_Type_13, Soil_Type_1) IS HIGH",0.0740596204996109,13917.446315459907,0.9998914392273941
covtype_binary_20000,19,821,layer_0::c3: Soil_Type_2 IS present,0.07234537601470947,13917.518660835922,0.9998966368419927
covtype_binary_20000,19,822,layer_1::c3: projection_2 IS MEDIUM,0.06918399035930634,13917.587844826281,0.9999016073285406
covtype_binary_20000,19,823,layer_0::c8: Wilderness_Area_4 IS present,0.06788589060306549,13917.655730716884,0.9999064845538101
covtype_binary_20000,19,824,layer_1::c1: projection_0 IS MEDIUM,0.06769385933876038,13917.723424576223,0.999911347982697
covtype_binary_20000,19,825,layer_1::c2: projection_3 IS MEDIUM,0.06493453681468964,13917.788359113038,0.9999160131695423
covtype_binary_20000,19,826,layer_1::c3: projection_4 IS HIGH,0.06334242969751358,13917.851701542735,0.9999205639723088
covtype_binary_20000,19,827,layer_1::c1: ka_concept_1.c3 IS HIGH,0.05881401523947716,13917.910515557975,0.999924789433576
covtype_binary_20000,19,828,layer_1::c1: projection_6 IS HIGH,0.055731151252985,13917.966246709228,0.9999287934081394
covtype_binary_20000,19,829,layer_1::c2: ka_concept_1.c2 IS MEDIUM,0.05520210787653923,13918.021448817104,0.9999327593738664
covtype_binary_20000,19,830,layer_1::c1: projection_1 IS LOW,0.054928477853536606,13918.076377294958,0.9999367056807916
covtype_binary_20000,19,831,layer_1::c5: projection_7 IS HIGH,0.0535157173871994,13918.129893012345,0.9999405504887015
covtype_binary_20000,19,832,layer_1::c2: projection_7 IS HIGH,0.05054248124361038,13918.180435493588,0.999944181686061
covtype_binary_20000,19,833,layer_1::c3: projection_3 IS HIGH,0.04791982099413872,13918.228355314583,0.9999476244598068
covtype_binary_20000,19,834,layer_1::c2: projection_6 IS HIGH,0.04547109827399254,13918.273826412857,0.9999508913063866
covtype_binary_20000,19,835,layer_1::c2: projection_3 IS HIGH,0.043768975883722305,13918.31759538874,0.9999540358648996
covtype_binary_20000,19,836,layer_1::c3: projection_7 IS HIGH,0.04312029853463173,13918.360715687275,0.9999571338195375
covtype_binary_20000,19,837,layer_1::c2: ka_concept_1.c3 IS HIGH,0.042427949607372284,13918.403143636882,0.9999601820327395
covtype_binary_20000,19,838,layer_1::c2: projection_4 IS LOW,0.040703874081373215,13918.443847510964,0.9999631063806633
covtype_binary_20000,19,839,layer_1::c2: ka_concept_1.c4 IS HIGH,0.039864279329776764,13918.483711790293,0.9999659704083541
covtype_binary_20000,19,840,layer_1::c2: ka_concept_1.c2 IS HIGH,0.03811473026871681,13918.521826520562,0.9999687087406344
covtype_binary_20000,19,841,layer_1::c1: projection_7 IS HIGH,0.03788658604025841,13918.559713106602,0.9999714306820153
covtype_binary_20000,19,842,layer_1::c3: ka_concept_1.c2 IS HIGH,0.0347871258854866,13918.594500232488,0.9999739299443497
covtype_binary_20000,19,843,layer_1::c5: projection_6 IS HIGH,0.03217422589659691,13918.626674458385,0.999976241484291
covtype_binary_20000,19,844,layer_1::c2: projection_5 IS LOW,0.03181298449635506,13918.65848744288,0.9999785270710383
covtype_binary_20000,19,845,layer_1::c3: ka_concept_1.c4 IS HIGH,0.031304098665714264,13918.689791541547,0.9999807760971569
covtype_binary_20000,19,846,layer_1::c5: ka_concept_1.c3 IS HIGH,0.02944655902683735,13918.719238100573,0.9999828916693401
covtype_binary_20000,19,847,"projection_layer::pursuit_1(Elevation, Vertical_Distance_To_Hydrology, Soil_Type_40, Soil_Type_6) IS HIGH",0.025120744481682777,13918.744358845055,0.9999846964557056
covtype_binary_20000,19,848,layer_1::c3: projection_6 IS MEDIUM,0.022671345621347427,13918.767030190676,0.9999863252663286
covtype_binary_20000,19,849,layer_1::c4: projection_6 IS HIGH,0.021960973739624023,13918.788991164416,0.9999879030406661
covtype_binary_20000,19,850,layer_1::c5: projection_1 IS MEDIUM,0.017824167385697365,13918.806815331802,0.9999891836083777
covtype_binary_20000,19,851,layer_1::c3: ka_concept_1.c0 IS HIGH,0.01650809682905674,13918.82332342863,0.9999903696237086
covtype_binary_20000,19,852,layer_1::c3: projection_1 IS MEDIUM,0.01639164239168167,13918.839715071023,0.9999915472724331
covtype_binary_20000,19,853,layer_1::c1: ka_concept_1.c10 IS MEDIUM,0.01638895645737648,13918.85610402748,0.9999927247281882
covtype_binary_20000,19,854,layer_1::c3: ka_concept_1.c7 IS MEDIUM,0.014795183204114437,13918.870899210684,0.9999937876801618
covtype_binary_20000,19,855,layer_1::c1: ka_concept_1.c3 IS LOW,0.014525692909955978,13918.885424903594,0.9999948312707502
covtype_binary_20000,19,856,layer_1::c3: ka_concept_1.c6 IS HIGH,0.014394423924386501,13918.899819327518,0.999995865430389
covtype_binary_20000,19,857,layer_1::c1: projection_3 IS MEDIUM,0.012203050777316093,13918.912022378296,0.9999967421520035
covtype_binary_20000,19,858,layer_1::c2: projection_1 IS MEDIUM,0.011610195972025394,13918.923632574268,0.9999975762802837
covtype_binary_20000,19,859,layer_1::c4: projection_6 IS MEDIUM,0.01079365611076355,13918.934426230378,0.9999983517446972
covtype_binary_20000,19,860,layer_1::c2: ka_concept_1.c3 IS MEDIUM,0.006802877876907587,13918.941229108255,0.9999988404937965
covtype_binary_20000,19,861,layer_1::c4: projection_1 IS MEDIUM,0.0066821095533668995,13918.947911217809,0.9999993205663605
covtype_binary_20000,19,862,layer_1::c1: ka_concept_1.c3 IS MEDIUM,0.0007327430066652596,13918.948643960815,0.9999993732098875
covtype_binary_20000,19,863,"projection_layer::pursuit_2(Hillshade_Noon, Wilderness_Area_4, Soil_Type_23, Soil_Type_11) IS HIGH",0.0007001818739809096,13918.94934414269,0.9999994235140773
covtype_binary_20000,19,864,layer_1::c0: projection_0 IS LOW,0.00047083268873393536,13918.949814975378,0.9999994573407984
covtype_binary_20000,19,865,layer_1::c0: projection_4 IS LOW,0.0003946339129470289,13918.950209609291,0.9999994856930595
covtype_binary_20000,19,866,layer_1::c0: projection_7 IS LOW,0.0003438953426666558,13918.950553504634,0.9999995104000352
covtype_binary_20000,19,867,layer_1::c4: projection_2 IS HIGH,0.00034095303271897137,13918.950894457666,0.9999995348956223
covtype_binary_20000,19,868,layer_1::c0: projection_2 IS LOW,0.00032209092751145363,13918.951216548594,0.9999995580360717
covtype_binary_20000,19,869,layer_1::c4: projection_0 IS HIGH,0.0003054096596315503,13918.951521958254,0.9999995799780643
covtype_binary_20000,19,870,layer_1::c0: projection_3 IS LOW,0.0002877592924050987,13918.951809717546,0.9999996006519758
covtype_binary_20000,19,871,layer_1::c1: projection_2 IS HIGH,0.0002855451893992722,13918.952095262735,0.9999996211668162
covtype_binary_20000,19,872,layer_1::c0: projection_6 IS LOW,0.000257036677794531,13918.952352299413,0.9999996396334779
covtype_binary_20000,19,873,layer_1::c1: projection_3 IS HIGH,0.0002464632270857692,13918.95259876264,0.9999996573404958
covtype_binary_20000,19,874,layer_1::c1: projection_0 IS HIGH,0.0002371377486269921,13918.952835900389,0.9999996743775298
covtype_binary_20000,19,875,layer_1::c0: ka_concept_1.c10 IS LOW,0.00023649541253689677,13918.953072395801,0.9999996913684154
covtype_binary_20000,19,876,layer_1::c0: projection_1 IS LOW,0.00023181905271485448,13918.953304214854,0.9999997080233304
covtype_binary_20000,19,877,layer_1::c0: ka_concept_1.c4 IS LOW,0.00022919813636690378,13918.95353341299,0.9999997244899471
covtype_binary_20000,19,878,layer_1::c2: projection_0 IS HIGH,0.00022878064191900194,13918.953762193632,0.9999997409265692
covtype_binary_20000,19,879,layer_1::c0: ka_concept_1.c2 IS LOW,0.00020758119353558868,13918.953969774826,0.9999997558401283
covtype_binary_20000,19,880,layer_1::c0: ka_concept_1.c3 IS LOW,0.00020291205146349967,13918.954172686877,0.9999997704182355
covtype_binary_20000,19,881,layer_1::c0: ka_concept_1.c8 IS LOW,0.00019267640891484916,13918.954365363286,0.9999997842609684
covtype_binary_20000,19,882,layer_1::c2: projection_2 IS HIGH,0.00019238948880229145,13918.954557752775,0.9999997980830876
covtype_binary_20000,19,883,layer_1::c1: projection_1 IS MEDIUM,0.00019041252380702645,13918.954748165299,0.9999998117631729
covtype_binary_20000,19,884,layer_1::c3: projection_0 IS HIGH,0.00018755985365714878,13918.954935725153,0.9999998252383097
covtype_binary_20000,19,885,layer_1::c0: ka_concept_1.c6 IS LOW,0.0001756177662173286,13918.955111342919,0.9999998378554735
covtype_binary_20000,19,886,layer_1::c0: ka_concept_1.c9 IS HIGH,0.00017308622773271054,13918.955284429147,0.9999998502907603
covtype_binary_20000,19,887,layer_1::c0: projection_5 IS LOW,0.00016541169316042215,13918.95544984084,0.9999998621746744
covtype_binary_20000,19,888,layer_1::c0: ka_concept_1.c0 IS LOW,0.00014864234253764153,13918.955598483182,0.9999998728538035
covtype_binary_20000,19,889,layer_1::c0: ka_concept_1.c5 IS HIGH,0.00013768943608738482,13918.955736172618,0.9999998827460269
covtype_binary_20000,19,890,layer_1::c0: ka_concept_1.c7 IS LOW,0.000122703961096704,13918.95585887658,0.9999998915616269
covtype_binary_20000,19,891,layer_1::c1: ka_concept_1.c2 IS HIGH,0.00011766527313739061,13918.955976541853,0.9999999000152252
covtype_binary_20000,19,892,layer_1::c0: projection_5 IS MEDIUM,0.00011138300033053383,13918.956087924853,0.999999908017477
covtype_binary_20000,19,893,layer_1::c0: ka_concept_1.c11 IS LOW,0.00010471566201886162,13918.956192640515,0.9999999155407173
covtype_binary_20000,19,894,layer_1::c0: ka_concept_1.c1 IS HIGH,9.122148912865669e-05,13918.956283862004,0.9999999220944761
covtype_binary_20000,19,895,layer_1::c0: ka_concept_1.c1 IS LOW,8.412414899794385e-05,13918.956367986153,0.9999999281383303
covtype_binary_20000,19,896,layer_1::c3: projection_2 IS HIGH,6.849129567854106e-05,13918.956436477449,0.9999999330590505
covtype_binary_20000,19,897,layer_1::c0: ka_concept_1.c11 IS HIGH,6.57148557365872e-05,13918.956502192304,0.9999999377802989
covtype_binary_20000,19,898,layer_1::c0: ka_concept_1.c5 IS LOW,6.280942761804909e-05,13918.956565001732,0.9999999422928085
covtype_binary_20000,19,899,layer_1::c0: projection_4 IS MEDIUM,6.270379526540637e-05,13918.956627705527,0.999999946797729
covtype_binary_20000,19,900,layer_1::c0: ka_concept_1.c7 IS HIGH,5.9409630921436474e-05,13918.956687115158,0.9999999510659818
covtype_binary_20000,19,901,layer_1::c5: projection_2 IS HIGH,5.1565566536737606e-05,13918.956738680725,0.9999999547706823
covtype_binary_20000,19,902,layer_1::c0: ka_concept_1.c11 IS MEDIUM,5.088868783786893e-05,13918.956789569413,0.9999999584267526
covtype_binary_20000,19,903,layer_1::c0: ka_concept_1.c5 IS MEDIUM,4.803231422556564e-05,13918.956837601727,0.9999999618776084
covtype_binary_20000,19,904,layer_1::c0: ka_concept_1.c0 IS MEDIUM,3.9334619941655546e-05,13918.956876936347,0.999999964703583
covtype_binary_20000,19,905,layer_1::c5: projection_0 IS HIGH,3.909957013092935e-05,13918.956916035917,0.9999999675126705
covtype_binary_20000,19,906,layer_1::c0: ka_concept_1.c0 IS HIGH,3.871493026963435e-05,13918.956954750847,0.9999999702941239
covtype_binary_20000,19,907,layer_1::c0: ka_concept_1.c9 IS LOW,3.364577787579037e-05,13918.956988396625,0.9999999727113866
covtype_binary_20000,19,908,layer_1::c0: ka_concept_1.c7 IS MEDIUM,3.296339127700776e-05,13918.957021360016,0.9999999750796238
covtype_binary_20000,19,909,layer_1::c0: ka_concept_1.c9 IS MEDIUM,3.179123450536281e-05,13918.95705315125,0.9999999773636479
covtype_binary_20000,19,910,layer_1::c0: ka_concept_1.c8 IS MEDIUM,3.0316861739265732e-05,13918.957083468113,0.9999999795417466
covtype_binary_20000,19,911,layer_1::c0: ka_concept_1.c1 IS MEDIUM,2.7016480089514516e-05,13918.957110484593,0.999999981482731
covtype_binary_20000,19,912,layer_1::c0: ka_concept_1.c10 IS MEDIUM,2.6757079467643052e-05,13918.957137241672,0.999999983405079
covtype_binary_20000,19,913,layer_1::c0: projection_0 IS MEDIUM,2.5619909138185903e-05,13918.957162861581,0.9999999852457275
covtype_binary_20000,19,914,layer_1::c0: ka_concept_1.c4 IS MEDIUM,2.5076473320950754e-05,13918.957187938055,0.9999999870473333
covtype_binary_20000,19,915,layer_1::c0: ka_concept_1.c8 IS HIGH,2.4925848265411332e-05,13918.957212863903,0.9999999888381175
covtype_binary_20000,19,916,layer_1::c0: projection_5 IS HIGH,2.4905757527449168e-05,13918.95723776966,0.9999999906274581
covtype_binary_20000,19,917,layer_1::c0: ka_concept_1.c6 IS MEDIUM,2.4877219402696937e-05,13918.95726264688,0.9999999924147486
covtype_binary_20000,19,918,layer_1::c0: ka_concept_1.c6 IS HIGH,1.5329307643696666e-05,13918.957277976187,0.9999999935160745
covtype_binary_20000,19,919,layer_1::c0: projection_7 IS MEDIUM,1.3950967513665091e-05,13918.957291927156,0.9999999945183743
covtype_binary_20000,19,920,layer_1::c0: projection_3 IS MEDIUM,1.2812902241421398e-05,13918.957304740059,0.9999999954389104
covtype_binary_20000,19,921,layer_1::c0: projection_6 IS MEDIUM,1.1270220056758262e-05,13918.95731601028,0.9999999962486134
covtype_binary_20000,19,922,layer_1::c0: ka_concept_1.c10 IS HIGH,1.0214240319328383e-05,13918.95732622452,0.9999999969824499
covtype_binary_20000,19,923,layer_1::c5: projection_1 IS HIGH,9.276023774873465e-06,13918.957335500543,0.9999999976488808
covtype_binary_20000,19,924,layer_1::c0: ka_concept_1.c4 IS HIGH,7.614289188495604e-06,13918.957343114833,0.9999999981959253
covtype_binary_20000,19,925,layer_1::c0: ka_concept_1.c3 IS MEDIUM,7.136863132473081e-06,13918.957350251696,0.9999999987086695
covtype_binary_20000,19,926,layer_1::c0: projection_2 IS MEDIUM,4.164318852417637e-06,13918.957354416016,0.9999999990078527
covtype_binary_20000,19,927,layer_1::c0: projection_4 IS HIGH,3.759413402804057e-06,13918.957358175428,0.9999999992779458
covtype_binary_20000,19,928,layer_1::c0: ka_concept_1.c3 IS HIGH,2.333610154892085e-06,13918.957360509039,0.9999999994456028
covtype_binary_20000,19,929,layer_1::c0: projection_3 IS HIGH,2.004265752475476e-06,13918.957362513305,0.9999999995895982
covtype_binary_20000,19,930,layer_1::c0: projection_6 IS HIGH,1.960302142833825e-06,13918.957364473608,0.9999999997304351
covtype_binary_20000,19,931,layer_1::c1: projection_1 IS HIGH,1.1504384929139633e-06,13918.957365624046,0.9999999998130877
covtype_binary_20000,19,932,layer_1::c0: ka_concept_1.c2 IS MEDIUM,7.914151183285867e-07,13918.957366415461,0.9999999998699465
covtype_binary_20000,19,933,layer_1::c0: projection_1 IS MEDIUM,6.680371598122292e-07,13918.957367083498,0.9999999999179412
covtype_binary_20000,19,934,layer_1::c0: ka_concept_1.c2 IS HIGH,4.591311721924285e-07,13918.957367542629,0.9999999999509273
covtype_binary_20000,19,935,layer_1::c4: projection_1 IS HIGH,3.8747711528230866e-07,13918.957367930107,0.9999999999787653
covtype_binary_20000,19,936,layer_1::c2: projection_1 IS HIGH,2.9556471758951375e-07,13918.95736822567,1.0
covtype_binary_20000,23,1,layer_0::c9: Horizontal_Distance_To_Roadways IS LOW,103.6904296875,103.6904296875,0.015700355949222578
covtype_binary_20000,23,2,layer_0::c7: Elevation IS LOW,93.33743286132812,197.02786254882812,0.029833105940962418
covtype_binary_20000,23,3,layer_0::c4: Elevation IS MEDIUM,93.21515655517578,290.2430191040039,0.04394734138380383
covtype_binary_20000,23,4,layer_0::c0: Horizontal_Distance_To_Roadways IS MEDIUM,90.03364562988281,380.2766647338867,0.05757984621626991
covtype_binary_20000,23,5,layer_0::c6: Elevation IS LOW,89.3992919921875,469.6759567260742,0.07111629996726669
covtype_binary_20000,23,6,layer_0::c8: Elevation IS LOW,81.79619598388672,551.4721527099609,0.08350152583728937
covtype_binary_20000,23,7,layer_0::c9: Elevation IS HIGH,76.17768859863281,627.6498413085938,0.09503602164362462
covtype_binary_20000,23,8,layer_0::c6: Elevation IS HIGH,75.87620544433594,703.5260467529297,0.10652486817596786
covtype_binary_20000,23,9,layer_0::c0: Elevation IS HIGH,74.19918823242188,777.7252349853516,0.11775978802250821
covtype_binary_20000,23,10,layer_0::c9: Horizontal_Distance_To_Fire_Points IS MEDIUM,72.06694793701172,849.7921829223633,0.12867185327477107
covtype_binary_20000,23,11,layer_0::c4: Elevation IS LOW,70.94515228271484,920.7373352050781,0.13941406108572688
covtype_binary_20000,23,12,layer_0::c5: Elevation IS MEDIUM,66.29783630371094,987.0351715087891,0.14945259243108433
covtype_binary_20000,23,13,layer_0::c8: Horizontal_Distance_To_Roadways IS MEDIUM,65.30010223388672,1052.3352737426758,0.15934005120314726
covtype_binary_20000,23,14,layer_0::c3: Vertical_Distance_To_Hydrology IS LOW,64.8577880859375,1117.1930618286133,0.16916053668186856
covtype_binary_20000,23,15,layer_0::c0: Horizontal_Distance_To_Roadways IS HIGH,63.93446731567383,1181.127529144287,0.1788412169269522
covtype_binary_20000,23,16,layer_0::c0: Elevation IS LOW,63.26621627807617,1244.3937454223633,0.18842071349302766
covtype_binary_20000,23,17,layer_0::c9: Horizontal_Distance_To_Roadways IS HIGH,62.9575080871582,1307.3512535095215,0.1979534668013458
covtype_binary_20000,23,18,layer_0::c7: Elevation IS MEDIUM,62.12583923339844,1369.47709274292,0.20736029241242837
covtype_binary_20000,23,19,layer_0::c5: Elevation IS LOW,58.114891052246094,1427.591983795166,0.21615979761479273
covtype_binary_20000,23,20,layer_0::c0: Horizontal_Distance_To_Fire_Points IS HIGH,55.949562072753906,1483.54154586792,0.22463143807758904
covtype_binary_20000,23,21,layer_0::c0: Horizontal_Distance_To_Fire_Points IS LOW,54.855979919433594,1538.3975257873535,0.23293749306524947
covtype_binary_20000,23,22,layer_0::c4: Elevation IS HIGH,54.15690612792969,1592.5544319152832,0.2411376973259483
covtype_binary_20000,23,23,layer_0::c3: Horizontal_Distance_To_Hydrology IS LOW,53.86410903930664,1646.4185409545898,0.24929356751911427
covtype_binary_20000,23,24,layer_0::c11: Soil_Type_31 IS absent,48.204627990722656,1694.6231689453125,0.25659250359388147
covtype_binary_20000,23,25,layer_0::c7: Horizontal_Distance_To_Fire_Points IS HIGH,46.16928482055664,1740.7924537658691,0.2635832568175723
covtype_binary_20000,23,26,layer_0::c5: Horizontal_Distance_To_Roadways IS HIGH,43.701416015625,1784.4938697814941,0.2702003360311333
covtype_binary_20000,23,27,layer_0::c8: Elevation IS MEDIUM,42.146766662597656,1826.6406364440918,0.2765820169703086
covtype_binary_20000,23,28,layer_0::c9: Horizontal_Distance_To_Fire_Points IS LOW,41.191192626953125,1867.831829071045,0.28281900902603846
covtype_binary_20000,23,29,layer_0::c6: Vertical_Distance_To_Hydrology IS MEDIUM,40.270591735839844,1908.1024208068848,0.2889166076804563
covtype_binary_20000,23,30,"projection_layer::pursuit_6(Horizontal_Distance_To_Roadways, Soil_Type_38, Wilderness_Area_2, Soil_Type_18) IS LOW",39.97818374633789,1948.0806045532227,0.2949699311830456
covtype_binary_20000,23,31,layer_0::c0: Elevation IS MEDIUM,39.76738357543945,1987.847988128662,0.3009913362363891
covtype_binary_20000,23,32,layer_0::c2: Hillshade_Noon IS LOW,38.99140167236328,2026.8393898010254,0.3068952454694802
covtype_binary_20000,23,33,layer_0::c1: Horizontal_Distance_To_Fire_Points IS LOW,38.714134216308594,2065.553524017334,0.31275717206476844
covtype_binary_20000,23,34,layer_0::c2: Aspect IS MEDIUM,36.975738525390625,2102.5292625427246,0.31835587831069306
covtype_binary_20000,23,35,layer_0::c9: Elevation IS MEDIUM,36.325714111328125,2138.8549766540527,0.32385616067403544
covtype_binary_20000,23,36,layer_0::c1: Hillshade_Noon IS HIGH,35.829673767089844,2174.6846504211426,0.3292813347559946
covtype_binary_20000,23,37,layer_0::c9: Wilderness_Area_1 IS absent,35.75174331665039,2210.436393737793,0.33469470894653786
covtype_binary_20000,23,38,layer_0::c0: Wilderness_Area_3 IS absent,35.39999008178711,2245.83638381958,0.3400548221851274
covtype_binary_20000,23,39,layer_0::c9: Wilderness_Area_1 IS absent,35.272396087646484,2281.1087799072266,0.34539561569352556
covtype_binary_20000,23,40,layer_0::c2: Aspect IS LOW,34.74620819091797,2315.8549880981445,0.35065673610866227
covtype_binary_20000,23,41,layer_0::c1: Hillshade_3pm IS MEDIUM,34.63496780395508,2350.4899559020996,0.3559010129860057
covtype_binary_20000,23,42,layer_0::c11: Soil_Type_30 IS absent,34.401065826416016,2384.8910217285156,0.36110987343855794
covtype_binary_20000,23,43,layer_0::c9: Soil_Type_33 IS absent,34.224365234375,2419.1153869628906,0.36629197865246527
covtype_binary_20000,23,44,layer_0::c0: Hillshade_Noon IS HIGH,34.05533218383789,2453.1707191467285,0.3714484896136666
covtype_binary_20000,23,45,"projection_layer::pursuit_4(Horizontal_Distance_To_Hydrology, Soil_Type_22, Soil_Type_30, Soil_Type_35) IS LOW",34.04930114746094,2487.2200202941895,0.3766040873814503
covtype_binary_20000,23,46,layer_0::c0: Soil_Type_22 IS absent,33.23259735107422,2520.4526176452637,0.3816360233961967
covtype_binary_20000,23,47,layer_0::c8: Horizontal_Distance_To_Roadways IS LOW,32.956180572509766,2553.4087982177734,0.3866261055790428
covtype_binary_20000,23,48,layer_0::c8: Horizontal_Distance_To_Roadways IS HIGH,32.54789733886719,2585.9566955566406,0.39155436728225934
covtype_binary_20000,23,49,layer_0::c6: Soil_Type_4 IS absent,32.41897964477539,2618.375675201416,0.39646310882636865
covtype_binary_20000,23,50,layer_0::c6: Soil_Type_2 IS absent,31.965534210205078,2650.341209411621,0.40130319162590755
covtype_binary_20000,23,51,layer_0::c0: Aspect IS LOW,31.805078506469727,2682.146287918091,0.40611897891745874
covtype_binary_20000,23,52,layer_0::c0: Wilderness_Area_3 IS absent,31.614686965942383,2713.760974884033,0.4109059379462184
covtype_binary_20000,23,53,layer_0::c3: Horizontal_Distance_To_Hydrology IS MEDIUM,31.586265563964844,2745.347240447998,0.4156885935293373
covtype_binary_20000,23,54,layer_0::c9: Horizontal_Distance_To_Roadways IS MEDIUM,30.200307846069336,2775.5475482940674,0.42026139339513385
covtype_binary_20000,23,55,layer_0::c0: Wilderness_Area_3 IS present,29.864721298217773,2805.412269592285,0.42478338019873246
covtype_binary_20000,23,56,layer_0::c8: Horizontal_Distance_To_Hydrology IS LOW,29.76263427734375,2835.174903869629,0.4292899094276027
covtype_binary_20000,23,57,layer_0::c1: Aspect IS MEDIUM,29.54045867919922,2864.715362548828,0.43376279778928184
covtype_binary_20000,23,58,layer_0::c9: Aspect IS MEDIUM,29.33176040649414,2894.0471229553223,0.4382040859620397
covtype_binary_20000,23,59,layer_0::c0: Wilderness_Area_3 IS present,29.203439712524414,2923.2505626678467,0.44262594437086417
covtype_binary_20000,23,60,layer_0::c6: Soil_Type_30 IS absent,28.807537078857422,2952.058099746704,0.44698785691690707
covtype_binary_20000,23,61,layer_0::c8: Horizontal_Distance_To_Fire_Points IS MEDIUM,28.78472900390625,2980.8428287506104,0.45134631596298547
covtype_binary_20000,23,62,layer_0::c7: Horizontal_Distance_To_Fire_Points IS LOW,28.12347412109375,3008.966302871704,0.4556046506575243
covtype_binary_20000,23,63,layer_0::c6: Vertical_Distance_To_Hydrology IS LOW,27.89323616027832,3036.8595390319824,0.4598281237168214
covtype_binary_20000,23,64,layer_0::c0: Horizontal_Distance_To_Hydrology IS MEDIUM,27.82237434387207,3064.6819133758545,0.46404086718666515
covtype_binary_20000,23,65,layer_0::c11: Soil_Type_11 IS absent,27.364742279052734,3092.046655654907,0.46818431799051174
covtype_binary_20000,23,66,layer_0::c6: Elevation IS MEDIUM,27.194324493408203,3119.2409801483154,0.47230196487105736
covtype_binary_20000,23,67,"projection_layer::pursuit_6(Horizontal_Distance_To_Roadways, Soil_Type_38, Wilderness_Area_2, Soil_Type_18) IS MEDIUM",26.42745590209961,3145.668436050415,0.4763034958295636
covtype_binary_20000,23,68,layer_0::c7: Elevation IS HIGH,26.388813018798828,3172.057249069214,0.48029917564997976
covtype_binary_20000,23,69,layer_0::c1: Soil_Type_22 IS absent,26.19609832763672,3198.2533473968506,0.484265675446193
covtype_binary_20000,23,70,layer_0::c3: Aspect IS MEDIUM,26.161354064941406,3224.414701461792,0.48822691441656957
covtype_binary_20000,23,71,layer_0::c0: Hillshade_Noon IS LOW,25.318161010742188,3249.732862472534,0.4920604807451726
covtype_binary_20000,23,72,layer_0::c3: Vertical_Distance_To_Hydrology IS MEDIUM,24.705957412719727,3274.438819885254,0.49580134985541796
covtype_binary_20000,23,73,layer_0::c11: Aspect IS MEDIUM,24.62917709350586,3299.0679969787598,0.4995305932221382
covtype_binary_20000,23,74,layer_0::c7: Horizontal_Distance_To_Roadways IS MEDIUM,24.53659439086914,3323.604591369629,0.5032458181168498
covtype_binary_20000,23,75,layer_0::c2: Vertical_Distance_To_Hydrology IS LOW,24.50783348083496,3348.112424850464,0.5069566881590806
covtype_binary_20000,23,76,layer_0::c0: Horizontal_Distance_To_Roadways IS LOW,24.283056259155273,3372.395481109619,0.5106335234075481
covtype_binary_20000,23,77,layer_0::c2: Hillshade_Noon IS MEDIUM,24.275745391845703,3396.671226501465,0.514309251676139
covtype_binary_20000,23,78,layer_0::c8: Slope IS LOW,24.010271072387695,3420.6814975738525,0.5179447829726136
covtype_binary_20000,23,79,layer_0::c0: Wilderness_Area_2 IS absent,23.75350570678711,3444.4350032806396,0.5215414359690608
covtype_binary_20000,23,80,layer_0::c4: Aspect IS MEDIUM,23.561351776123047,3467.9963550567627,0.525108993849232
covtype_binary_20000,23,81,"projection_layer::pursuit_4(Horizontal_Distance_To_Hydrology, Soil_Type_22, Soil_Type_30, Soil_Type_35) IS MEDIUM",23.15843963623047,3491.154794692993,0.5286155445175357
covtype_binary_20000,23,82,layer_0::c9: Soil_Type_31 IS absent,22.99679183959961,3514.151586532593,0.5320976191763065
covtype_binary_20000,23,83,layer_0::c4: Soil_Type_2 IS absent,22.322893142700195,3536.474479675293,0.5354776550119483
covtype_binary_20000,23,84,layer_0::c5: Soil_Type_29 IS absent,21.897207260131836,3558.371686935425,0.5387932353342026
covtype_binary_20000,23,85,layer_0::c1: Aspect IS LOW,21.751567840576172,3580.123254776001,0.5420867635660745
covtype_binary_20000,23,86,layer_0::c9: Soil_Type_24 IS absent,21.709299087524414,3601.8325538635254,0.5453738916463563
covtype_binary_20000,23,87,layer_0::c1: Horizontal_Distance_To_Roadways IS HIGH,21.591552734375,3623.4241065979004,0.5486431910836116
covtype_binary_20000,23,88,layer_0::c11: Hillshade_3pm IS LOW,21.531221389770508,3644.955327987671,0.5519033554098633
covtype_binary_20000,23,89,layer_0::c8: Horizontal_Distance_To_Hydrology IS HIGH,21.32204818725586,3666.2773761749268,0.5551318476353783
covtype_binary_20000,23,90,layer_0::c6: Horizontal_Distance_To_Fire_Points IS LOW,21.247312545776367,3687.524688720703,0.5583490237136185
covtype_binary_20000,23,91,layer_0::c1: Horizontal_Distance_To_Hydrology IS HIGH,21.0364990234375,3708.5611877441406,0.5615342793209955
covtype_binary_20000,23,92,layer_0::c11: Vertical_Distance_To_Hydrology IS LOW,20.984460830688477,3729.545648574829,0.5647116555305189
covtype_binary_20000,23,93,layer_0::c11: Aspect IS LOW,20.859088897705078,3750.404737472534,0.5678700484647313
covtype_binary_20000,23,94,"projection_layer::pursuit_7(Aspect, Soil_Type_39, Soil_Type_2, Soil_Type_5) IS MEDIUM",20.851627349853516,3771.2563648223877,0.5710273116036718
covtype_binary_20000,23,95,layer_0::c5: Horizontal_Distance_To_Roadways IS MEDIUM,20.4306640625,3791.6870288848877,0.5741208343041464
covtype_binary_20000,23,96,layer_0::c2: Hillshade_9am IS HIGH,20.21035385131836,3811.897382736206,0.5771809985862478
covtype_binary_20000,23,97,layer_0::c5: Soil_Type_32 IS absent,20.035831451416016,3831.933214187622,0.5802147374421278
covtype_binary_20000,23,98,layer_0::c5: Hillshade_3pm IS MEDIUM,19.78957176208496,3851.722785949707,0.5832111887219982
covtype_binary_20000,23,99,layer_0::c1: Horizontal_Distance_To_Roadways IS LOW,19.682750701904297,3871.4055366516113,0.5861914656194037
covtype_binary_20000,23,100,layer_0::c9: Aspect IS HIGH,19.619945526123047,3891.0254821777344,0.5891622328289992
covtype_binary_20000,23,101,layer_0::c3: Hillshade_3pm IS MEDIUM,19.614177703857422,3910.639659881592,0.5921321266999182
covtype_binary_20000,23,102,layer_0::c7: Soil_Type_4 IS absent,19.480117797851562,3930.1197776794434,0.5950817218002645
covtype_binary_20000,23,103,layer_0::c6: Hillshade_3pm IS MEDIUM,19.38824462890625,3949.5080223083496,0.5980174058631219
covtype_binary_20000,23,104,layer_0::c8: Aspect IS MEDIUM,19.38292694091797,3968.8909492492676,0.6009522847446864
covtype_binary_20000,23,105,layer_0::c8: Horizontal_Distance_To_Fire_Points IS LOW,19.273231506347656,3988.1641807556152,0.6038705540184601
covtype_binary_20000,23,106,layer_0::c9: Hillshade_Noon IS LOW,19.213539123535156,4007.3777198791504,0.6067797849300588
covtype_binary_20000,23,107,layer_0::c5: Soil_Type_2 IS absent,19.197895050048828,4026.575614929199,0.609686647083779
covtype_binary_20000,23,108,layer_0::c1: Horizontal_Distance_To_Fire_Points IS MEDIUM,19.086763381958008,4045.662378311157,0.6125766821614469
covtype_binary_20000,23,109,layer_0::c1: Vertical_Distance_To_Hydrology IS MEDIUM,18.51910972595215,4064.1814880371094,0.615380765580104
covtype_binary_20000,23,110,layer_0::c2: Horizontal_Distance_To_Hydrology IS LOW,18.43099021911621,4082.6124782562256,0.618171506324538
covtype_binary_20000,23,111,layer_0::c5: Soil_Type_13 IS absent,18.273866653442383,4100.886344909668,0.6209384560989033
covtype_binary_20000,23,112,layer_0::c11: Hillshade_3pm IS MEDIUM,18.269792556762695,4119.156137466431,0.6237047889911876
covtype_binary_20000,23,113,layer_0::c9: Hillshade_Noon IS HIGH,18.212255477905273,4137.368392944336,0.6264624098680907
covtype_binary_20000,23,114,layer_0::c6: Slope IS LOW,17.89182472229004,4155.260217666626,0.6291715125072411
covtype_binary_20000,23,115,layer_0::c11: Aspect IS HIGH,17.8411922454834,4173.101409912109,0.6318729485959602
covtype_binary_20000,23,116,layer_0::c5: Wilderness_Area_3 IS absent,17.385202407836914,4190.486612319946,0.6345053406776108
covtype_binary_20000,23,117,layer_0::c1: Horizontal_Distance_To_Roadways IS MEDIUM,17.26406478881836,4207.750677108765,0.637119390625439
covtype_binary_20000,23,118,layer_0::c4: Hillshade_3pm IS MEDIUM,17.252487182617188,4225.003164291382,0.6397316875422598
covtype_binary_20000,23,119,layer_0::c8: Horizontal_Distance_To_Fire_Points IS HIGH,17.13195037841797,4242.1351146698,0.6423257332980371
covtype_binary_20000,23,120,layer_0::c7: Slope IS LOW,17.100858688354492,4259.235973358154,0.6449150712847124
covtype_binary_20000,23,121,layer_0::c1: Soil_Type_39 IS absent,16.67997932434082,4275.915952682495,0.6474406815402304
covtype_binary_20000,23,122,layer_0::c4: Soil_Type_23 IS absent,16.6063232421875,4292.522275924683,0.6499551391106732
covtype_binary_20000,23,123,layer_0::c3: Hillshade_9am IS MEDIUM,16.56795883178711,4309.09023475647,0.6524637877081867
covtype_binary_20000,23,124,layer_0::c2: Hillshade_Noon IS HIGH,16.338403701782227,4325.428638458252,0.6549376780617435
covtype_binary_20000,23,125,layer_0::c11: Horizontal_Distance_To_Roadways IS HIGH,16.159475326538086,4341.58811378479,0.6573844758553679
covtype_binary_20000,23,126,layer_0::c5: Soil_Type_4 IS absent,16.115623474121094,4357.703737258911,0.6598246337913499
covtype_binary_20000,23,127,layer_0::c6: Soil_Type_32 IS absent,15.915903091430664,4373.619640350342,0.6622345509316482
covtype_binary_20000,23,128,layer_0::c4: Hillshade_9am IS LOW,15.75583553314209,4389.375475883484,0.6646202313352617
covtype_binary_20000,23,129,layer_0::c8: Hillshade_9am IS MEDIUM,15.609101295471191,4404.984577178955,0.6669836938758738
covtype_binary_20000,23,130,layer_0::c2: Hillshade_3pm IS LOW,15.587072372436523,4420.571649551392,0.6693438208923311
covtype_binary_20000,23,131,layer_0::c7: Horizontal_Distance_To_Roadways IS HIGH,15.443840026855469,4436.015489578247,0.6716822602871263
covtype_binary_20000,23,132,layer_0::c8: Soil_Type_32 IS absent,15.262408256530762,4451.277897834778,0.6739932280687437
covtype_binary_20000,23,133,layer_0::c4: Hillshade_9am IS HIGH,15.133399963378906,4466.411297798157,0.6762846619731366
covtype_binary_20000,23,134,layer_0::c5: Wilderness_Area_3 IS absent,14.918749809265137,4481.330047607422,0.6785435944804932
covtype_binary_20000,23,135,layer_0::c8: Hillshade_9am IS HIGH,14.8826322555542,4496.212679862976,0.6807970582242329
covtype_binary_20000,23,136,layer_0::c8: Wilderness_Area_2 IS absent,14.766583442687988,4510.979263305664,0.6830329503591466
covtype_binary_20000,23,137,layer_0::c3: Slope IS LOW,14.696767807006836,4525.676031112671,0.685258271312763
covtype_binary_20000,23,138,layer_0::c7: Soil_Type_32 IS absent,14.604915618896484,4540.280946731567,0.6874696844057177
covtype_binary_20000,23,139,layer_0::c4: Hillshade_Noon IS LOW,14.49238395690918,4554.773330688477,0.6896640584416053
covtype_binary_20000,23,140,layer_0::c3: Hillshade_Noon IS HIGH,14.433692932128906,4569.2070236206055,0.6918495457366156
covtype_binary_20000,23,141,layer_0::c7: Horizontal_Distance_To_Hydrology IS MEDIUM,14.176836013793945,4583.383859634399,0.69399614086908
covtype_binary_20000,23,142,layer_0::c9: Elevation IS LOW,14.144452095031738,4597.528311729431,0.6961378325687673
covtype_binary_20000,23,143,layer_0::c8: Hillshade_9am IS LOW,14.078721046447754,4611.607032775879,0.6982695715576519
covtype_binary_20000,23,144,layer_0::c5: Soil_Type_29 IS present,13.587983131408691,4625.195015907288,0.7003270051360264
covtype_binary_20000,23,145,layer_0::c5: Wilderness_Area_2 IS absent,13.441702842712402,4638.63671875,0.7023622895863878
covtype_binary_20000,23,146,layer_0::c9: Horizontal_Distance_To_Hydrology IS LOW,13.429864883422852,4652.066583633423,0.7043957815842045
covtype_binary_20000,23,147,layer_0::c1: Horizontal_Distance_To_Fire_Points IS HIGH,13.365056991577148,4665.431640625,0.7064194606516151
covtype_binary_20000,23,148,"projection_layer::pursuit_2(Hillshade_Noon, Wilderness_Area_4, Soil_Type_23, Soil_Type_11) IS LOW",13.32638931274414,4678.758029937744,0.7084372848265035
covtype_binary_20000,23,149,layer_0::c11: Soil_Type_24 IS absent,13.294567108154297,4692.052597045898,0.7104502906209429
covtype_binary_20000,23,150,layer_0::c6: Horizontal_Distance_To_Roadways IS HIGH,13.281746864318848,4705.334343910217,0.7124613552295643
covtype_binary_20000,23,151,layer_0::c6: Horizontal_Distance_To_Roadways IS MEDIUM,13.277557373046875,4718.611901283264,0.7144717854835552
covtype_binary_20000,23,152,layer_0::c1: Wilderness_Area_4 IS absent,13.269057273864746,4731.880958557129,0.7164809286893279
covtype_binary_20000,23,153,layer_0::c5: Elevation IS HIGH,13.248193740844727,4745.129152297974,0.7184869128292567
covtype_binary_20000,23,154,layer_0::c6: Hillshade_3pm IS LOW,13.247947692871094,4758.377099990845,0.7204928597136665
covtype_binary_20000,23,155,layer_0::c5: Wilderness_Area_2 IS absent,13.10882568359375,4771.4859256744385,0.7224777413457419
covtype_binary_20000,23,156,layer_0::c5: Slope IS LOW,13.0154447555542,4784.501370429993,0.7244484836419741
covtype_binary_20000,23,157,layer_0::c9: Soil_Type_30 IS absent,12.995984077453613,4797.497354507446,0.7264162792865807
covtype_binary_20000,23,158,layer_0::c9: Wilderness_Area_1 IS present,12.839726448059082,4810.337080955505,0.7283604150774413
covtype_binary_20000,23,159,layer_0::c3: Hillshade_Noon IS LOW,12.789190292358398,4823.126271247864,0.7302968989023952
covtype_binary_20000,23,160,"projection_layer::pursuit_0(Horizontal_Distance_To_Fire_Points, Hillshade_3pm, Soil_Type_29, Soil_Type_4) IS LOW",12.65695858001709,4835.783229827881,0.7322133607739463
covtype_binary_20000,23,161,layer_0::c4: Hillshade_Noon IS MEDIUM,12.641356468200684,4848.4245862960815,0.7341274602412733
covtype_binary_20000,23,162,layer_0::c11: Wilderness_Area_2 IS absent,12.497549057006836,4860.922135353088,0.7360197850129926
covtype_binary_20000,23,163,layer_0::c4: Slope IS MEDIUM,12.37757396697998,4873.299709320068,0.7378939436759965
covtype_binary_20000,23,164,"projection_layer::pursuit_3(Slope, Soil_Type_12, Soil_Type_13, Soil_Type_1) IS LOW",12.312639236450195,4885.612348556519,0.7397582702032298
covtype_binary_20000,23,165,layer_0::c11: Hillshade_3pm IS HIGH,12.302708625793457,4897.915057182312,0.7416210930803908
covtype_binary_20000,23,166,layer_0::c1: Soil_Type_40 IS absent,12.241759300231934,4910.156816482544,0.7434746872745474
covtype_binary_20000,23,167,layer_0::c5: Vertical_Distance_To_Hydrology IS MEDIUM,12.22646713256836,4922.383283615112,0.7453259659948817
covtype_binary_20000,23,168,layer_0::c6: Slope IS MEDIUM,12.172904968261719,4934.556188583374,0.7471691345641871
covtype_binary_20000,23,169,layer_0::c11: Horizontal_Distance_To_Roadways IS LOW,12.026756286621094,4946.582944869995,0.74899017393285
covtype_binary_20000,23,170,layer_0::c0: Soil_Type_39 IS absent,12.005021095275879,4958.587965965271,0.7508079222529389
covtype_binary_20000,23,171,layer_0::c8: Soil_Type_2 IS absent,11.989047050476074,4970.577013015747,0.7526232518523218
covtype_binary_20000,23,172,layer_0::c8: Wilderness_Area_4 IS absent,11.938559532165527,4982.515572547913,0.7544309368502612
covtype_binary_20000,23,173,layer_0::c2: Horizontal_Distance_To_Fire_Points IS LOW,11.786030769348145,4994.301603317261,0.756215526603288
covtype_binary_20000,23,174,layer_0::c5: Hillshade_3pm IS LOW,11.62513542175293,5005.926738739014,0.757975754279357
covtype_binary_20000,23,175,layer_0::c11: Horizontal_Distance_To_Hydrology IS HIGH,11.564973831176758,5017.49171257019,0.7597268725478429
covtype_binary_20000,23,176,layer_0::c4: Hillshade_3pm IS LOW,11.564172744750977,5029.055885314941,0.7614778695192902
covtype_binary_20000,23,177,layer_0::c0: Soil_Type_12 IS absent,11.44225025177002,5040.498135566711,0.7632104055146978
covtype_binary_20000,23,178,layer_0::c7: Horizontal_Distance_To_Hydrology IS LOW,11.433327674865723,5051.931463241577,0.7649415904921396
covtype_binary_20000,23,179,layer_0::c1: Hillshade_3pm IS LOW,11.398834228515625,5063.330297470093,0.76666755262127
covtype_binary_20000,23,180,layer_0::c3: Soil_Type_4 IS absent,11.285335540771484,5074.615633010864,0.7683763292704797
covtype_binary_20000,23,181,layer_0::c5: Hillshade_Noon IS HIGH,11.271452903747559,5085.887085914612,0.7700830038708943
covtype_binary_20000,23,182,layer_0::c0: Horizontal_Distance_To_Hydrology IS LOW,11.217924118041992,5097.105010032654,0.7717815733743232
covtype_binary_20000,23,183,layer_0::c5: Soil_Type_40 IS absent,11.137466430664062,5108.242476463318,0.7734679603230603
covtype_binary_20000,23,184,layer_0::c1: Hillshade_Noon IS MEDIUM,11.09471321105957,5119.337189674377,0.7751478737643793
covtype_binary_20000,23,185,layer_0::c1: Vertical_Distance_To_Hydrology IS LOW,11.011408805847168,5130.348598480225,0.7768151736133166
covtype_binary_20000,23,186,layer_0::c4: Wilderness_Area_3 IS absent,10.900869369506836,5141.249467849731,0.7784657360593691
covtype_binary_20000,23,187,layer_0::c6: Wilderness_Area_3 IS absent,10.877833366394043,5152.1273012161255,0.7801128104935616
covtype_binary_20000,23,188,layer_0::c4: Aspect IS LOW,10.795442581176758,5162.922743797302,0.7817474096717566
covtype_binary_20000,23,189,layer_0::c5: Wilderness_Area_3 IS present,10.741792678833008,5173.664536476135,0.7833738854140088
covtype_binary_20000,23,190,layer_0::c11: Horizontal_Distance_To_Fire_Points IS MEDIUM,10.69021224975586,5184.354748725891,0.7849925510710009
covtype_binary_20000,23,191,layer_0::c7: Slope IS MEDIUM,10.643540382385254,5194.998289108276,0.7866041498758953
covtype_binary_20000,23,192,layer_0::c9: Wilderness_Area_1 IS present,10.609674453735352,5205.607963562012,0.7882106208484918
covtype_binary_20000,23,193,layer_0::c11: Wilderness_Area_2 IS absent,10.499181747436523,5216.107145309448,0.789800361493864
covtype_binary_20000,23,194,layer_0::c1: Wilderness_Area_2 IS absent,10.491578102111816,5226.59872341156,0.7913889508281803
covtype_binary_20000,23,195,layer_0::c0: Wilderness_Area_1 IS absent,10.41512393951416,5237.013847351074,0.7929659638041942
covtype_binary_20000,23,196,layer_0::c0: Hillshade_Noon IS MEDIUM,10.35966682434082,5247.373514175415,0.7945345797039227
covtype_binary_20000,23,197,layer_0::c0: Aspect IS MEDIUM,10.323823928833008,5257.697338104248,0.7960977684275906
covtype_binary_20000,23,198,layer_0::c11: Hillshade_Noon IS LOW,10.270628929138184,5267.967967033386,0.7976529025947054
covtype_binary_20000,23,199,layer_0::c1: Wilderness_Area_2 IS absent,10.083179473876953,5278.051146507263,0.7991796539768424
covtype_binary_20000,23,200,layer_0::c5: Wilderness_Area_3 IS present,9.8939790725708,5287.945125579834,0.8006777574533318
covtype_binary_20000,23,201,layer_0::c8: Wilderness_Area_4 IS absent,9.875672340393066,5297.820797920227,0.8021730890036914
covtype_binary_20000,23,202,layer_0::c4: Hillshade_9am IS MEDIUM,9.851554870605469,5307.6723527908325,0.8036647687911892
covtype_binary_20000,23,203,layer_0::c5: Slope IS MEDIUM,9.698153495788574,5317.370506286621,0.8051332212066432
covtype_binary_20000,23,204,layer_0::c0: Wilderness_Area_1 IS absent,9.6351318359375,5327.005638122559,0.8065921311552066
covtype_binary_20000,23,205,layer_0::c4: Wilderness_Area_3 IS absent,9.544976234436035,5336.550614356995,0.8080373901329074
covtype_binary_20000,23,206,layer_0::c6: Wilderness_Area_3 IS absent,9.529170036315918,5346.079784393311,0.8094802558045198
covtype_binary_20000,23,207,layer_0::c9: Slope IS LOW,9.32853889465332,5355.408323287964,0.8108927427772676
covtype_binary_20000,23,208,layer_0::c4: Hillshade_Noon IS HIGH,9.253761291503906,5364.662084579468,0.8122939072490865
covtype_binary_20000,23,209,"projection_layer::pursuit_2(Hillshade_Noon, Wilderness_Area_4, Soil_Type_23, Soil_Type_11) IS MEDIUM",9.191930770874023,5373.854015350342,0.8136857096111585
covtype_binary_20000,23,210,layer_0::c9: Horizontal_Distance_To_Hydrology IS MEDIUM,9.146170616149902,5383.000185966492,0.8150705831687148
covtype_binary_20000,23,211,layer_0::c1: Wilderness_Area_1 IS absent,9.102717399597168,5392.102903366089,0.8164488772283458
covtype_binary_20000,23,212,layer_0::c0: Soil_Type_22 IS present,9.05558967590332,5401.158493041992,0.8178200354120883
covtype_binary_20000,23,213,layer_0::c1: Wilderness_Area_1 IS absent,9.008671760559082,5410.167164802551,0.8191840894882142
covtype_binary_20000,23,214,layer_0::c9: Soil_Type_33 IS present,8.948179244995117,5419.115344047546,0.8205389840495279
covtype_binary_20000,23,215,layer_0::c0: Wilderness_Area_1 IS present,8.875406265258789,5427.990750312805,0.8218828596413109
covtype_binary_20000,23,216,layer_0::c8: Aspect IS HIGH,8.867626190185547,5436.858376502991,0.8232255572078091
covtype_binary_20000,23,217,"projection_layer::pursuit_0(Horizontal_Distance_To_Fire_Points, Hillshade_3pm, Soil_Type_29, Soil_Type_4) IS MEDIUM",8.862424850463867,5445.720801353455,0.8245674672099652
covtype_binary_20000,23,218,layer_0::c4: Soil_Type_4 IS absent,8.626129150390625,5454.346930503845,0.8258735983402273
covtype_binary_20000,23,219,layer_0::c0: Wilderness_Area_1 IS present,8.623448371887207,5462.970378875732,0.8271793235586145
covtype_binary_20000,23,220,layer_0::c11: Horizontal_Distance_To_Hydrology IS LOW,8.524039268493652,5471.494418144226,0.8284699966809445
covtype_binary_20000,23,221,layer_0::c1: Horizontal_Distance_To_Hydrology IS LOW,8.361021041870117,5479.855439186096,0.829735986289165
covtype_binary_20000,23,222,layer_0::c8: Soil_Type_30 IS absent,8.274581909179688,5488.130021095276,0.8309888876581404
covtype_binary_20000,23,223,layer_0::c0: Soil_Type_38 IS absent,8.179656028747559,5496.309677124023,0.8322274157612699
covtype_binary_20000,23,224,layer_0::c3: Aspect IS LOW,8.080095291137695,5504.389772415161,0.8334508688085456
covtype_binary_20000,23,225,layer_0::c7: Horizontal_Distance_To_Fire_Points IS MEDIUM,8.071481704711914,5512.461254119873,0.8346730176238562
covtype_binary_20000,23,226,layer_0::c9: Wilderness_Area_2 IS absent,8.044093132019043,5520.505347251892,0.8358910193800647
covtype_binary_20000,23,227,layer_0::c4: Wilderness_Area_2 IS absent,7.920891284942627,5528.426238536835,0.8370903664459751
covtype_binary_20000,23,228,layer_0::c3: Aspect IS HIGH,7.9175519943237305,5536.343790531158,0.8382892078909571
covtype_binary_20000,23,229,layer_0::c1: Soil_Type_38 IS absent,7.880087375640869,5544.223877906799,0.8394823766055761
covtype_binary_20000,23,230,layer_0::c7: Slope IS HIGH,7.857955455780029,5552.081833362579,0.8406721942007072
covtype_binary_20000,23,231,layer_0::c2: Wilderness_Area_3 IS absent,7.835355281829834,5559.917188644409,0.8418585897753431
covtype_binary_20000,23,232,layer_0::c2: Wilderness_Area_3 IS absent,7.776546955108643,5567.693735599518,0.8430360808477498
covtype_binary_20000,23,233,layer_0::c2: Hillshade_9am IS MEDIUM,7.735134124755859,5575.428869724274,0.8442073013686759
covtype_binary_20000,23,234,layer_0::c6: Horizontal_Distance_To_Fire_Points IS HIGH,7.701236724853516,5583.130106449127,0.8453733892920632
covtype_binary_20000,23,235,layer_0::c7: Horizontal_Distance_To_Roadways IS LOW,7.674010753631592,5590.804117202759,0.8465353547767592
covtype_binary_20000,23,236,layer_0::c4: Vertical_Distance_To_Hydrology IS LOW,7.560161590576172,5598.364278793335,0.8476800817140804
covtype_binary_20000,23,237,layer_0::c11: Soil_Type_33 IS absent,7.508031368255615,5605.872310161591,0.8488169153188286
covtype_binary_20000,23,238,"projection_layer::pursuit_3(Slope, Soil_Type_12, Soil_Type_13, Soil_Type_1) IS MEDIUM",7.505950450897217,5613.378260612488,0.8499534338400796
covtype_binary_20000,23,239,layer_0::c3: Slope IS MEDIUM,7.494140625,5620.872401237488,0.8510881641686223
covtype_binary_20000,23,240,layer_0::c8: Horizontal_Distance_To_Hydrology IS MEDIUM,7.484142303466797,5628.356543540955,0.8522213805946048
covtype_binary_20000,23,241,layer_0::c2: Soil_Type_40 IS absent,7.427155017852783,5635.783698558807,0.8533459682525187
covtype_binary_20000,23,242,layer_0::c8: Wilderness_Area_1 IS present,7.335432052612305,5643.11913061142,0.8544566676161383
covtype_binary_20000,23,243,layer_0::c4: Soil_Type_13 IS absent,7.306191444396973,5650.425322055817,0.8555629394934553
covtype_binary_20000,23,244,layer_0::c1: Hillshade_3pm IS HIGH,7.303607940673828,5657.7289299964905,0.8566688201878234
covtype_binary_20000,23,245,layer_0::c9: Soil_Type_32 IS absent,7.291730880737305,5665.020660877228,0.8577729025091962
covtype_binary_20000,23,246,layer_0::c2: Soil_Type_23 IS absent,7.120104789733887,5672.140765666962,0.8588509979509018
covtype_binary_20000,23,247,layer_0::c2: Soil_Type_39 IS absent,7.0058417320251465,5679.146607398987,0.859911792175096
covtype_binary_20000,23,248,layer_0::c4: Wilderness_Area_1 IS absent,6.987919807434082,5686.134527206421,0.8609698727390592
covtype_binary_20000,23,249,layer_0::c6: Horizontal_Distance_To_Fire_Points IS MEDIUM,6.972733497619629,5693.1072607040405,0.8620256538577374
covtype_binary_20000,23,250,layer_0::c7: Hillshade_9am IS MEDIUM,6.911131381988525,5700.018392086029,0.863072107450765
covtype_binary_20000,23,251,layer_0::c2: Hillshade_3pm IS MEDIUM,6.8419647216796875,5706.860356807709,0.8641080881275367
covtype_binary_20000,23,252,layer_0::c9: Horizontal_Distance_To_Fire_Points IS HIGH,6.82999324798584,5713.690350055695,0.8651422561355905
covtype_binary_20000,23,253,layer_0::c6: Soil_Type_13 IS absent,6.793214321136475,5720.483564376831,0.8661708552377703
covtype_binary_20000,23,254,layer_0::c8: Wilderness_Area_3 IS absent,6.775732517242432,5727.2592968940735,0.8671968073208896
covtype_binary_20000,23,255,layer_0::c3: Soil_Type_29 IS absent,6.771783351898193,5734.031080245972,0.8682221614384898
covtype_binary_20000,23,256,layer_0::c7: Soil_Type_33 IS absent,6.711609840393066,5740.742690086365,0.8692384043434913
covtype_binary_20000,23,257,layer_0::c1: Wilderness_Area_3 IS absent,6.703460216522217,5747.446150302887,0.870253413267729
covtype_binary_20000,23,258,layer_0::c7: Wilderness_Area_1 IS absent,6.648651599884033,5754.094801902771,0.871260123308522
covtype_binary_20000,23,259,layer_0::c1: Wilderness_Area_3 IS absent,6.580666542053223,5760.675468444824,0.8722565393461906
covtype_binary_20000,23,260,layer_0::c3: Wilderness_Area_1 IS absent,6.5756754875183105,5767.2511439323425,0.8732521996599897
covtype_binary_20000,23,261,layer_0::c11: Hillshade_Noon IS HIGH,6.43424129486084,5773.685385227203,0.8742264446206572
covtype_binary_20000,23,262,layer_0::c4: Aspect IS HIGH,6.397442817687988,5780.082828044891,0.8751951177152255
covtype_binary_20000,23,263,layer_0::c8: Soil_Type_33 IS absent,6.36187219619751,5786.444700241089,0.876158404860286
covtype_binary_20000,23,264,layer_0::c4: Slope IS LOW,6.286701202392578,5792.731401443481,0.8771103099389074
covtype_binary_20000,23,265,layer_0::c3: Wilderness_Area_1 IS absent,6.206231594085693,5798.937633037567,0.8780500306578215
covtype_binary_20000,23,266,layer_0::c3: Soil_Type_40 IS absent,6.137631893157959,5805.075264930725,0.8789793643070146
covtype_binary_20000,23,267,layer_0::c11: Vertical_Distance_To_Hydrology IS MEDIUM,6.060130596160889,5811.135395526886,0.879896963045348
covtype_binary_20000,23,268,layer_0::c11: Horizontal_Distance_To_Fire_Points IS LOW,5.932958126068115,5817.068353652954,0.8807953058788365
covtype_binary_20000,23,269,layer_0::c3: Hillshade_3pm IS HIGH,5.899521350860596,5822.967875003815,0.8816885858605831
covtype_binary_20000,23,270,layer_0::c11: Soil_Type_10 IS absent,5.891343593597412,5828.859218597412,0.8825806276017294
covtype_binary_20000,23,271,layer_0::c4: Wilderness_Area_3 IS present,5.883365154266357,5834.7425837516785,0.8834714612821338
covtype_binary_20000,23,272,layer_0::c7: Hillshade_3pm IS LOW,5.87345027923584,5840.616034030914,0.8843607936950864
covtype_binary_20000,23,273,layer_0::c6: Wilderness_Area_2 IS absent,5.870218753814697,5846.486252784729,0.88524963680445
covtype_binary_20000,23,274,layer_0::c11: Wilderness_Area_1 IS present,5.865236282348633,5852.351489067078,0.8861377254895553
covtype_binary_20000,23,275,layer_0::c2: Wilderness_Area_1 IS absent,5.79422664642334,5858.145715713501,0.8870150622030155
covtype_binary_20000,23,276,layer_0::c2: Horizontal_Distance_To_Hydrology IS MEDIUM,5.78218936920166,5863.927905082703,0.8878905762840728
covtype_binary_20000,23,277,layer_0::c7: Wilderness_Area_1 IS absent,5.762699127197266,5869.6906042099,0.8887631392370661
covtype_binary_20000,23,278,layer_0::c3: Soil_Type_39 IS absent,5.695507049560547,5875.38611125946,0.8896255282565628
covtype_binary_20000,23,279,layer_0::c11: Wilderness_Area_1 IS absent,5.643316268920898,5881.029427528381,0.8904800147740084
covtype_binary_20000,23,280,layer_0::c3: Hillshade_9am IS HIGH,5.600210189819336,5886.629637718201,0.8913279743555783
covtype_binary_20000,23,281,layer_0::c0: Soil_Type_23 IS absent,5.5711517333984375,5892.200789451599,0.8921715340314819
covtype_binary_20000,23,282,layer_0::c4: Soil_Type_29 IS absent,5.5624871253967285,5897.763276576996,0.893013781749954
covtype_binary_20000,23,283,layer_0::c11: Wilderness_Area_1 IS present,5.554655075073242,5903.317931652069,0.893854843573274
covtype_binary_20000,23,284,layer_0::c0: Wilderness_Area_2 IS present,5.4345550537109375,5908.75248670578,0.8946777203713167
covtype_binary_20000,23,285,layer_0::c1: Horizontal_Distance_To_Hydrology IS MEDIUM,5.425498962402344,5914.177985668182,0.8954992259352205
covtype_binary_20000,23,286,layer_0::c11: Wilderness_Area_1 IS absent,5.404550552368164,5919.5825362205505,0.8963175595815702
covtype_binary_20000,23,287,layer_0::c4: Wilderness_Area_1 IS absent,5.399515151977539,5924.982051372528,0.897135130789393
covtype_binary_20000,23,288,layer_0::c6: Soil_Type_40 IS absent,5.388218879699707,5930.370270252228,0.8979509915645731
covtype_binary_20000,23,289,layer_0::c4: Wilderness_Area_3 IS present,5.280275821685791,5935.650546073914,0.8987505080692341
covtype_binary_20000,23,290,layer_0::c3: Hillshade_9am IS LOW,5.2691450119018555,5940.919691085815,0.8995483391948669
covtype_binary_20000,23,291,layer_0::c2: Soil_Type_38 IS absent,5.208374977111816,5946.128066062927,0.9003369687849276
covtype_binary_20000,23,292,layer_0::c8: Elevation IS HIGH,5.144217491149902,5951.272283554077,0.9011158839262254
covtype_binary_20000,23,293,layer_0::c9: Horizontal_Distance_To_Hydrology IS HIGH,5.1205267906188965,5956.392810344696,0.9018912119242146
covtype_binary_20000,23,294,layer_0::c5: Soil_Type_32 IS present,5.005805969238281,5961.398616313934,0.902649169392099
covtype_binary_20000,23,295,layer_0::c8: Wilderness_Area_1 IS present,4.984883785247803,5966.383500099182,0.9034039589134635
covtype_binary_20000,23,296,layer_0::c7: Wilderness_Area_1 IS present,4.933076858520508,5971.316576957703,0.9041509040542741
covtype_binary_20000,23,297,layer_0::c8: Wilderness_Area_3 IS absent,4.883097171783447,5976.199674129486,0.9048902814872994
covtype_binary_20000,23,298,layer_1::c5: ka_concept_1.c8 IS HIGH,4.83918571472168,5981.038859844208,0.9056230100376055
covtype_binary_20000,23,299,layer_0::c0: Horizontal_Distance_To_Fire_Points IS MEDIUM,4.82107400894165,5985.859933853149,0.9063529961918344
covtype_binary_20000,23,300,layer_0::c7: Wilderness_Area_2 IS absent,4.791324615478516,5990.651258468628,0.9070784778217013
covtype_binary_20000,23,301,layer_0::c1: Soil_Type_23 IS absent,4.765865802764893,5995.417124271393,0.9078001045883677
covtype_binary_20000,23,302,layer_0::c5: Vertical_Distance_To_Hydrology IS LOW,4.729217529296875,6000.14634180069,0.9085161822321294
covtype_binary_20000,23,303,layer_0::c11: Soil_Type_31 IS present,4.653682231903076,6004.800024032593,0.9092208226481798
covtype_binary_20000,23,304,layer_0::c9: Wilderness_Area_3 IS present,4.616139888763428,6009.416163921356,0.9099197785651667
covtype_binary_20000,23,305,layer_0::c2: Soil_Type_13 IS absent,4.590895175933838,6014.00705909729,0.9106149120370306
covtype_binary_20000,23,306,layer_0::c11: Wilderness_Area_3 IS present,4.486814498901367,6018.493873596191,0.9112942860633818
covtype_binary_20000,23,307,layer_0::c0: Vertical_Distance_To_Hydrology IS LOW,4.467432975769043,6022.96130657196,0.9119707254234101
covtype_binary_20000,23,308,layer_0::c7: Wilderness_Area_1 IS present,4.4572978019714355,6027.418604373932,0.9126456301593008
covtype_binary_20000,23,309,layer_0::c3: Wilderness_Area_1 IS present,4.4130754470825195,6031.831679821014,0.9133138389376692
covtype_binary_20000,23,310,layer_0::c1: Soil_Type_29 IS absent,4.4100871086120605,6036.2417669296265,0.9139815952347639
covtype_binary_20000,23,311,layer_0::c7: Wilderness_Area_2 IS absent,4.403402805328369,6040.645169734955,0.9146483394235942
covtype_binary_20000,23,312,layer_0::c7: Hillshade_9am IS LOW,4.401540756225586,6045.04671049118,0.9153148016690109
covtype_binary_20000,23,313,layer_0::c9: Aspect IS LOW,4.375759601593018,6049.422470092773,0.9159773602436092
covtype_binary_20000,23,314,layer_0::c1: Soil_Type_22 IS present,4.276642322540283,6053.699112415314,0.9166249109089286
covtype_binary_20000,23,315,layer_0::c7: Wilderness_Area_4 IS absent,4.2345967292785645,6057.933709144592,0.9172660952125471
covtype_binary_20000,23,316,layer_0::c11: Hillshade_Noon IS MEDIUM,4.231927871704102,6062.165637016296,0.9179068754093063
covtype_binary_20000,23,317,layer_0::c1: Wilderness_Area_1 IS present,4.171736717224121,6066.3373737335205,0.9185385417220436
covtype_binary_20000,23,318,layer_0::c6: Soil_Type_4 IS present,4.169355869293213,6070.506729602814,0.9191698475370949
covtype_binary_20000,23,319,layer_0::c8: Aspect IS LOW,4.158990383148193,6074.665719985962,0.9197995838551101
covtype_binary_20000,23,320,layer_0::c7: Hillshade_3pm IS MEDIUM,4.1564836502075195,6078.822203636169,0.920428940614476
covtype_binary_20000,23,321,layer_0::c3: Horizontal_Distance_To_Hydrology IS HIGH,4.123574733734131,6082.945778369904,0.9210533144481843
covtype_binary_20000,23,322,layer_0::c11: Soil_Type_30 IS present,4.022252082824707,6086.968030452728,0.921662346444755
covtype_binary_20000,23,323,layer_0::c6: Wilderness_Area_3 IS present,4.001204490661621,6090.96923494339,0.9222681915060431
covtype_binary_20000,23,324,layer_0::c8: Slope IS MEDIUM,3.967958927154541,6094.937193870544,0.9228690026680373
covtype_binary_20000,23,325,layer_0::c6: Horizontal_Distance_To_Roadways IS LOW,3.880608081817627,6098.817801952362,0.9234565875432045
covtype_binary_20000,23,326,layer_0::c11: Horizontal_Distance_To_Hydrology IS MEDIUM,3.857470989227295,6102.675272941589,0.9240406690999807
covtype_binary_20000,23,327,layer_0::c8: Wilderness_Area_3 IS present,3.8388149738311768,6106.5140879154205,0.9246219258436744
covtype_binary_20000,23,328,layer_0::c11: Wilderness_Area_3 IS absent,3.834561824798584,6110.348649740219,0.925202538593955
covtype_binary_20000,23,329,layer_0::c7: Hillshade_9am IS HIGH,3.815253257751465,6114.163902997971,0.9257802277246072
covtype_binary_20000,23,330,layer_0::c7: Soil_Type_32 IS present,3.7997193336486816,6117.963622331619,0.9263555647757239
covtype_binary_20000,23,331,layer_1::c0: ka_concept_1.c8 IS HIGH,3.7314186096191406,6121.695040941238,0.926920560026907
covtype_binary_20000,23,332,layer_0::c6: Wilderness_Area_3 IS present,3.723827362060547,6125.418868303299,0.9274844058442501
covtype_binary_20000,23,333,layer_0::c11: Horizontal_Distance_To_Roadways IS MEDIUM,3.697446584701538,6129.1163148880005,0.9280442571984976
covtype_binary_20000,23,334,layer_0::c1: Wilderness_Area_4 IS present,3.6541590690612793,6132.770473957062,0.9285975541445345
covtype_binary_20000,23,335,layer_0::c3: Wilderness_Area_1 IS present,3.6448380947113037,6136.415312051773,0.9291494397489891
covtype_binary_20000,23,336,layer_0::c9: Wilderness_Area_2 IS absent,3.644516944885254,6140.059828996658,0.9297012767263276
covtype_binary_20000,23,337,layer_1::c0: projection_4 IS MEDIUM,3.639038324356079,6143.698867321014,0.9302522841546644
covtype_binary_20000,23,338,layer_0::c6: Hillshade_9am IS MEDIUM,3.6137428283691406,6147.3126101493835,0.9307994614485124
covtype_binary_20000,23,339,layer_0::c6: Wilderness_Area_1 IS present,3.6013293266296387,6150.913939476013,0.9313447591436698
covtype_binary_20000,23,340,layer_0::c6: Hillshade_9am IS LOW,3.5957350730895996,6154.509674549103,0.9318892097811755
covtype_binary_20000,23,341,layer_0::c11: Wilderness_Area_4 IS absent,3.5661494731903076,6158.075824022293,0.9324291806952315
covtype_binary_20000,23,342,"projection_layer::pursuit_7(Aspect, Soil_Type_39, Soil_Type_2, Soil_Type_5) IS HIGH",3.5254595279693604,6161.601283550262,0.9329629905139439
covtype_binary_20000,23,343,layer_0::c2: Wilderness_Area_4 IS absent,3.517049551010132,6165.118333101273,0.9334955269303551
covtype_binary_20000,23,344,layer_0::c9: Slope IS HIGH,3.4991018772125244,6168.617434978485,0.9340253457877019
covtype_binary_20000,23,345,layer_0::c4: Vertical_Distance_To_Hydrology IS MEDIUM,3.4930009841918945,6172.110435962677,0.9345542408742405
covtype_binary_20000,23,346,layer_0::c4: Wilderness_Area_1 IS present,3.489335298538208,6175.599771261215,0.9350825809185276
covtype_binary_20000,23,347,layer_0::c8: Wilderness_Area_1 IS absent,3.4335837364196777,6179.033354997635,0.9356024793026477
covtype_binary_20000,23,348,layer_0::c6: Soil_Type_30 IS present,3.4126386642456055,6182.4459936618805,0.9361192062746181
covtype_binary_20000,23,349,layer_0::c8: Soil_Type_32 IS present,3.338052988052368,6185.784046649933,0.9366246398064082
covtype_binary_20000,23,350,layer_1::c2: ka_concept_1.c9 IS LOW,3.3181447982788086,6189.102191448212,0.9371270589262928
covtype_binary_20000,23,351,"projection_layer::pursuit_1(Elevation, Vertical_Distance_To_Hydrology, Soil_Type_40, Soil_Type_6) IS LOW",3.2558131217956543,6192.358004570007,0.9376200400535809
covtype_binary_20000,23,352,layer_0::c5: Hillshade_3pm IS HIGH,3.244014263153076,6195.60201883316,0.9381112346487751
covtype_binary_20000,23,353,layer_0::c9: Wilderness_Area_4 IS present,3.235017776489258,6198.83703660965,0.9386010670349076
covtype_binary_20000,23,354,layer_0::c0: Soil_Type_29 IS present,3.2170350551605225,6202.05407166481,0.9390881765552305
covtype_binary_20000,23,355,layer_0::c5: Hillshade_9am IS MEDIUM,3.2139663696289062,6205.268038034439,0.9395748214284756
covtype_binary_20000,23,356,layer_0::c5: Soil_Type_13 IS present,3.1890780925750732,6208.457116127014,0.9400576978265598
covtype_binary_20000,23,357,layer_0::c3: Wilderness_Area_2 IS absent,3.1793606281280518,6211.636476755142,0.9405391028482478
covtype_binary_20000,23,358,layer_0::c6: Hillshade_3pm IS HIGH,3.1589598655700684,6214.795436620712,0.9410174188747917
covtype_binary_20000,23,359,layer_0::c8: Wilderness_Area_4 IS present,3.118030309677124,6217.913466930389,0.9414895375251815
covtype_binary_20000,23,360,layer_0::c8: Wilderness_Area_4 IS present,3.1065006256103516,6221.019967556,0.9419599104007261
covtype_binary_20000,23,361,layer_0::c1: Aspect IS HIGH,3.0705454349517822,6224.0905129909515,0.9424248390969645
covtype_binary_20000,23,362,layer_1::c2: ka_concept_1.c5 IS HIGH,3.0368587970733643,6227.127371788025,0.9428846671083371
covtype_binary_20000,23,363,layer_0::c11: Horizontal_Distance_To_Fire_Points IS HIGH,3.0192790031433105,6230.146650791168,0.9433418332634222
covtype_binary_20000,23,364,layer_1::c5: projection_0 IS LOW,2.9538931846618652,6233.10054397583,0.9437890989809523
covtype_binary_20000,23,365,layer_0::c0: Soil_Type_39 IS present,2.9162545204162598,6236.016798496246,0.9442306656148939
covtype_binary_20000,23,366,layer_0::c2: Wilderness_Area_3 IS present,2.9099700450897217,6238.926768541336,0.9446712806807893
covtype_binary_20000,23,367,layer_0::c9: Soil_Type_30 IS present,2.909471035003662,6241.83623957634,0.9451118201887379
covtype_binary_20000,23,368,layer_0::c9: Wilderness_Area_3 IS present,2.88513445854187,6244.721374034882,0.9455486747576407
covtype_binary_20000,23,369,layer_1::c3: ka_concept_1.c6 IS LOW,2.8649940490722656,6247.586368083954,0.9459824797529368
covtype_binary_20000,23,370,layer_0::c4: Wilderness_Area_1 IS present,2.8262317180633545,6250.412599802017,0.9464104155238879
covtype_binary_20000,23,371,layer_0::c7: Soil_Type_2 IS absent,2.8175389766693115,6253.2301387786865,0.9468370350775713
covtype_binary_20000,23,372,layer_0::c1: Soil_Type_23 IS present,2.813291549682617,6256.043430328369,0.947263011504249
covtype_binary_20000,23,373,layer_0::c2: Wilderness_Area_1 IS present,2.781217098236084,6258.824647426605,0.9476841313563508
covtype_binary_20000,23,374,layer_0::c2: Wilderness_Area_2 IS absent,2.7563095092773438,6261.580956935883,0.9481014798091666
covtype_binary_20000,23,375,layer_0::c3: Hillshade_Noon IS MEDIUM,2.709077835083008,6264.290034770966,0.9485116766463592
covtype_binary_20000,23,376,layer_1::c0: ka_concept_1.c9 IS LOW,2.688779830932617,6266.978814601898,0.9489188000476408
covtype_binary_20000,23,377,layer_1::c0: ka_concept_1.c5 IS HIGH,2.6828863620758057,6269.661700963974,0.9493250310853832
covtype_binary_20000,23,378,layer_0::c2: Wilderness_Area_3 IS present,2.6794614791870117,6272.341162443161,0.9497307435421861
covtype_binary_20000,23,379,layer_0::c5: Wilderness_Area_2 IS present,2.652378559112549,6274.993541002274,0.9501323552204833
covtype_binary_20000,23,380,layer_0::c5: Wilderness_Area_2 IS present,2.6238999366760254,6277.61744093895,0.9505296547890656
covtype_binary_20000,23,381,layer_0::c4: Soil_Type_23 IS present,2.6200883388519287,6280.2375292778015,0.9509263772220071
covtype_binary_20000,23,382,layer_0::c6: Soil_Type_2 IS present,2.614051103591919,6282.851580381393,0.9513221855229231
covtype_binary_20000,23,383,layer_1::c3: ka_concept_1.c9 IS LOW,2.6139416694641113,6285.4655220508575,0.9517179772537971
covtype_binary_20000,23,384,layer_0::c3: Wilderness_Area_4 IS absent,2.608144760131836,6288.073666810989,0.9521128912417571
covtype_binary_20000,23,385,layer_0::c11: Wilderness_Area_4 IS absent,2.5610299110412598,6290.634696722031,0.9525006713032452
covtype_binary_20000,23,386,layer_0::c0: Soil_Type_12 IS present,2.554140329360962,6293.188837051392,0.9528874081741029
covtype_binary_20000,23,387,layer_0::c7: Horizontal_Distance_To_Hydrology IS HIGH,2.5390164852142334,6295.727853536606,0.9532718550579566
covtype_binary_20000,23,388,layer_1::c0: ka_concept_1.c0 IS MEDIUM,2.5140626430511475,6298.241916179657,0.9536525235390643
covtype_binary_20000,23,389,layer_0::c3: Hillshade_3pm IS LOW,2.511025905609131,6300.752942085266,0.9540327322105357
covtype_binary_20000,23,390,layer_1::c2: projection_6 IS LOW,2.502253293991089,6303.255195379257,0.9544116125711357
covtype_binary_20000,23,391,layer_0::c1: Wilderness_Area_1 IS present,2.497610092163086,6305.75280547142,0.9547897898782172
covtype_binary_20000,23,392,layer_0::c3: Wilderness_Area_3 IS absent,2.496663808822632,6308.249469280243,0.9551678239031719
covtype_binary_20000,23,393,layer_0::c3: Wilderness_Area_3 IS present,2.4509613513946533,6310.700430631638,0.9555389378598858
covtype_binary_20000,23,394,layer_0::c7: Wilderness_Area_3 IS present,2.4509499073028564,6313.15138053894,0.9559100500837847
covtype_binary_20000,23,395,layer_1::c0: ka_concept_1.c3 IS LOW,2.424988031387329,6315.576368570328,0.9562772312728312
covtype_binary_20000,23,396,layer_1::c0: ka_concept_1.c8 IS MEDIUM,2.3999881744384766,6317.976356744766,0.9566406270917719
covtype_binary_20000,23,397,layer_0::c5: Hillshade_Noon IS MEDIUM,2.387477159500122,6320.363833904266,0.9570021285469955
covtype_binary_20000,23,398,layer_1::c5: ka_concept_1.c9 IS LOW,2.3736214637756348,6322.737455368042,0.9573615320327589
covtype_binary_20000,23,399,layer_1::c3: ka_concept_1.c0 IS LOW,2.3693063259124756,6325.1067616939545,0.9577202821390288
covtype_binary_20000,23,400,layer_0::c0: Wilderness_Area_4 IS absent,2.353217840194702,6327.459979534149,0.9580765961964445
covtype_binary_20000,23,401,layer_0::c11: Soil_Type_10 IS present,2.349534273147583,6329.809513807297,0.9584323525040852
covtype_binary_20000,23,402,layer_1::c2: ka_concept_1.c7 IS LOW,2.3147900104522705,6332.124303817749,0.9587828479858894
covtype_binary_20000,23,403,layer_1::c0: ka_concept_1.c0 IS HIGH,2.293564796447754,6334.417868614197,0.9591301296376809
covtype_binary_20000,23,404,layer_0::c3: Wilderness_Area_2 IS absent,2.285897731781006,6336.703766345978,0.959476250375734
covtype_binary_20000,23,405,layer_0::c7: Soil_Type_33 IS present,2.2749061584472656,6338.978672504425,0.9598207068173394
covtype_binary_20000,23,406,layer_1::c0: projection_2 IS LOW,2.2731776237487793,6341.251850128174,0.9601649015317044
covtype_binary_20000,23,407,layer_0::c11: Soil_Type_33 IS present,2.2728991508483887,6343.524749279022,0.9605090540809084
covtype_binary_20000,23,408,layer_0::c2: Soil_Type_29 IS absent,2.1904103755950928,6345.715159654617,0.9608407165368877
covtype_binary_20000,23,409,layer_0::c8: Soil_Type_4 IS absent,2.176584482192993,6347.89174413681,0.9611702855359455
covtype_binary_20000,23,410,layer_1::c0: ka_concept_1.c6 IS LOW,2.1267993450164795,6350.018543481827,0.9614923162850703
covtype_binary_20000,23,411,layer_0::c3: Wilderness_Area_4 IS absent,2.121840000152588,6352.140383481979,0.9618135961116665
covtype_binary_20000,23,412,layer_0::c2: Wilderness_Area_4 IS absent,2.108466625213623,6354.248850107193,0.9621328509997278
covtype_binary_20000,23,413,layer_0::c2: Soil_Type_23 IS present,2.097137928009033,6356.345988035202,0.9624503905455045
covtype_binary_20000,23,414,layer_0::c8: Wilderness_Area_3 IS present,2.093113422393799,6358.439101457596,0.9627673207180645
covtype_binary_20000,23,415,layer_1::c3: ka_concept_1.c0 IS HIGH,2.069106340408325,6360.508207798004,0.9630806158422057
covtype_binary_20000,23,416,layer_1::c0: ka_concept_1.c0 IS LOW,2.049875497817993,6362.558083295822,0.9633909991154194
covtype_binary_20000,23,417,layer_0::c8: Wilderness_Area_2 IS present,2.049840211868286,6364.60792350769,0.9637013770457872
covtype_binary_20000,23,418,layer_1::c3: ka_concept_1.c7 IS LOW,2.0233893394470215,6366.631312847137,0.9640077498995686
covtype_binary_20000,23,419,layer_1::c3: ka_concept_1.c5 IS HIGH,2.0194289684295654,6368.650741815567,0.9643135230911165
covtype_binary_20000,23,420,layer_0::c0: Wilderness_Area_4 IS present,2.01515531539917,6370.665897130966,0.9646186491846247
covtype_binary_20000,23,421,layer_1::c5: ka_concept_1.c0 IS MEDIUM,2.0112686157226562,6372.677165746689,0.9649231867708948
covtype_binary_20000,23,422,layer_0::c3: Soil_Type_29 IS present,2.0074992179870605,6374.684664964676,0.965227153611279
covtype_binary_20000,23,423,layer_0::c9: Soil_Type_24 IS present,1.9541910886764526,6376.638856053352,0.9655230487655134
covtype_binary_20000,23,424,layer_1::c5: projection_6 IS LOW,1.947497010231018,6378.586353063583,0.9658179303313709
covtype_binary_20000,23,425,layer_0::c5: Wilderness_Area_1 IS absent,1.943966269493103,6380.5303193330765,0.9661122772877515
covtype_binary_20000,23,426,layer_0::c0: Wilderness_Area_4 IS present,1.92877197265625,6382.459091305733,0.9664043235894869
covtype_binary_20000,23,427,layer_0::c7: Soil_Type_4 IS present,1.914042592048645,6384.373133897781,0.9666941396321796
covtype_binary_20000,23,428,layer_1::c5: ka_concept_1.c6 IS LOW,1.9012317657470703,6386.274365663528,0.9669820159150165
covtype_binary_20000,23,429,layer_0::c1: Soil_Type_39 IS present,1.885524868965149,6388.159890532494,0.9672675139275436
covtype_binary_20000,23,430,layer_0::c1: Soil_Type_29 IS present,1.8746980428695679,6390.034588575363,0.9675513725889366
covtype_binary_20000,23,431,layer_1::c2: projection_0 IS LOW,1.8247485160827637,6391.859337091446,0.9678276681092336
covtype_binary_20000,23,432,layer_0::c2: Horizontal_Distance_To_Fire_Points IS MEDIUM,1.8106828927993774,6393.670019984245,0.9681018338737482
covtype_binary_20000,23,433,layer_0::c3: Vertical_Distance_To_Hydrology IS HIGH,1.8060681819915771,6395.476088166237,0.9683753008987309
covtype_binary_20000,23,434,layer_0::c6: Wilderness_Area_1 IS absent,1.800974726676941,6397.277062892914,0.9686479966947615
covtype_binary_20000,23,435,layer_0::c0: Soil_Type_29 IS absent,1.8003393411636353,6399.077402234077,0.9689205962834685
covtype_binary_20000,23,436,layer_0::c3: Soil_Type_13 IS absent,1.757295846939087,6400.8346980810165,0.9691866784126311
covtype_binary_20000,23,437,layer_0::c2: Wilderness_Area_2 IS absent,1.747010588645935,6402.5817086696625,0.9694512031925115
covtype_binary_20000,23,438,layer_0::c0: Vertical_Distance_To_Hydrology IS MEDIUM,1.7355155944824219,6404.317224264145,0.9697139874501419
covtype_binary_20000,23,439,layer_0::c2: Horizontal_Distance_To_Fire_Points IS HIGH,1.7335050106048584,6406.05072927475,0.969976467273866
covtype_binary_20000,23,440,layer_0::c0: Wilderness_Area_4 IS absent,1.7111539840698242,6407.76188325882,0.9702355628019181
covtype_binary_20000,23,441,layer_1::c5: ka_concept_1.c4 IS LOW,1.6763375997543335,6409.438220858574,0.97048938658379
covtype_binary_20000,23,442,layer_0::c0: Aspect IS HIGH,1.6512964963912964,6411.089517354965,0.9707394187502029
covtype_binary_20000,23,443,layer_0::c4: Slope IS HIGH,1.6471370458602905,6412.7366544008255,0.9709888211106242
covtype_binary_20000,23,444,layer_0::c2: Vertical_Distance_To_Hydrology IS MEDIUM,1.628118634223938,6414.364773035049,0.9712353437854931
covtype_binary_20000,23,445,layer_1::c3: ka_concept_1.c4 IS LOW,1.6266756057739258,6415.991448640823,0.9714816479632417
covtype_binary_20000,23,446,layer_0::c11: Soil_Type_11 IS present,1.6244345903396606,6417.615883231163,0.9717276128161353
covtype_binary_20000,23,447,layer_0::c8: Slope IS HIGH,1.6229225397109985,6419.238805770874,0.9719733487208689
covtype_binary_20000,23,448,layer_0::c9: Wilderness_Area_3 IS absent,1.6219218969345093,6420.8607276678085,0.9722189331126055
covtype_binary_20000,23,449,layer_1::c5: ka_concept_1.c7 IS LOW,1.6178642511367798,6422.478591918945,0.9724639031131824
covtype_binary_20000,23,450,layer_1::c5: projection_4 IS LOW,1.613329529762268,6424.091921448708,0.9727081864858813
covtype_binary_20000,23,451,layer_1::c2: ka_concept_1.c4 IS LOW,1.6014820337295532,6425.693403482437,0.9729506759620231
covtype_binary_20000,23,452,layer_0::c6: Hillshade_9am IS HIGH,1.5482593774795532,6427.241662859917,0.9731851066939761
covtype_binary_20000,23,453,"projection_layer::pursuit_4(Horizontal_Distance_To_Hydrology, Soil_Type_22, Soil_Type_30, Soil_Type_35) IS HIGH",1.545713186264038,6428.787376046181,0.9734191518926785
covtype_binary_20000,23,454,layer_0::c6: Soil_Type_32 IS present,1.5309784412384033,6430.318354487419,0.9736509660200813
covtype_binary_20000,23,455,layer_0::c0: Soil_Type_23 IS present,1.5036956071853638,6431.8220500946045,0.9738786490988692
covtype_binary_20000,23,456,layer_1::c2: projection_2 IS LOW,1.5016547441482544,6433.323704838753,0.9741060231590117
covtype_binary_20000,23,457,layer_1::c5: ka_concept_1.c3 IS LOW,1.4701508283615112,6434.793855667114,0.9743286270326178
covtype_binary_20000,23,458,layer_0::c9: Wilderness_Area_2 IS present,1.4600533246994019,6436.253908991814,0.9745497019859353
covtype_binary_20000,23,459,layer_0::c1: Wilderness_Area_3 IS present,1.4588959217071533,6437.712804913521,0.9747706016903024
covtype_binary_20000,23,460,layer_0::c9: Wilderness_Area_2 IS present,1.4588513374328613,6439.171656250954,0.9749914946439118
covtype_binary_20000,23,461,layer_0::c9: Wilderness_Area_3 IS absent,1.4518505334854126,6440.623506784439,0.9752113275660964
covtype_binary_20000,23,462,layer_1::c2: projection_3 IS LOW,1.450104832649231,6442.073611617088,0.9754308961618183
covtype_binary_20000,23,463,layer_0::c7: Soil_Type_30 IS absent,1.4369667768478394,6443.510578393936,0.9756484754500102
covtype_binary_20000,23,464,layer_0::c11: Wilderness_Area_2 IS present,1.4352540969848633,6444.945832490921,0.9758657954116321
covtype_binary_20000,23,465,layer_0::c6: Wilderness_Area_4 IS absent,1.4205024242401123,6446.366334915161,0.9760808817388323
covtype_binary_20000,23,466,layer_1::c0: projection_4 IS LOW,1.4126192331314087,6447.7789541482925,0.9762947744273641
covtype_binary_20000,23,467,layer_0::c5: Wilderness_Area_1 IS absent,1.407516598701477,6449.186470746994,0.9765078944970819
covtype_binary_20000,23,468,"projection_layer::pursuit_5(Hillshade_9am, Wilderness_Area_1, Soil_Type_10, Soil_Type_32) IS LOW",1.3929576873779297,6450.579428434372,0.9767188101194777
covtype_binary_20000,23,469,layer_0::c11: Wilderness_Area_2 IS present,1.3925247192382812,6451.97195315361,0.9769296601837124
covtype_binary_20000,23,470,layer_0::c1: Soil_Type_38 IS present,1.3923789262771606,6453.364332079887,0.9771404881726081
covtype_binary_20000,23,471,layer_0::c7: Hillshade_3pm IS HIGH,1.3820312023162842,6454.746363282204,0.9773497493539408
covtype_binary_20000,23,472,layer_0::c5: Soil_Type_4 IS present,1.3765511512756348,6456.122914433479,0.97755818076967
covtype_binary_20000,23,473,layer_1::c5: ka_concept_1.c5 IS HIGH,1.343530535697937,6457.466444969177,0.977761612346747
covtype_binary_20000,23,474,layer_1::c3: ka_concept_1.c9 IS MEDIUM,1.322051763534546,6458.788496732712,0.9779617917011323
covtype_binary_20000,23,475,layer_0::c2: Wilderness_Area_4 IS present,1.3173681497573853,6460.105864882469,0.9781612618829967
covtype_binary_20000,23,476,layer_0::c2: Wilderness_Area_4 IS present,1.3173561096191406,6461.423220992088,0.9783607302417955
covtype_binary_20000,23,477,layer_1::c2: projection_6 IS MEDIUM,1.3168766498565674,6462.740097641945,0.9785601260028727
covtype_binary_20000,23,478,layer_1::c5: projection_4 IS MEDIUM,1.3150315284729004,6464.055129170418,0.9787592423836583
covtype_binary_20000,23,479,layer_0::c6: Soil_Type_13 IS present,1.3045488595962524,6465.359678030014,0.9789567715241059
covtype_binary_20000,23,480,layer_1::c5: ka_concept_1.c0 IS HIGH,1.3029791116714478,6466.6626571416855,0.9791540629801188
covtype_binary_20000,23,481,layer_0::c6: Vertical_Distance_To_Hydrology IS HIGH,1.2945034503936768,6467.957160592079,0.9793500710881952
covtype_binary_20000,23,482,layer_1::c0: projection_0 IS MEDIUM,1.293063998222351,6469.2502245903015,0.9795458612406557
covtype_binary_20000,23,483,layer_0::c8: Soil_Type_24 IS present,1.279430627822876,6470.529655218124,0.9797395870871942
covtype_binary_20000,23,484,layer_0::c4: Soil_Type_4 IS present,1.26045560836792,6471.790110826492,0.9799304398184367
covtype_binary_20000,23,485,layer_0::c0: Horizontal_Distance_To_Hydrology IS HIGH,1.250383973121643,6473.040494799614,0.9801197675462741
covtype_binary_20000,23,486,"projection_layer::pursuit_7(Aspect, Soil_Type_39, Soil_Type_2, Soil_Type_5) IS LOW",1.238523006439209,6474.279017806053,0.9803072993378869
covtype_binary_20000,23,487,layer_0::c2: Aspect IS HIGH,1.2175326347351074,6475.496550440788,0.9804916528582913
covtype_binary_20000,23,488,layer_0::c8: Soil_Type_24 IS absent,1.1996164321899414,6476.696166872978,0.9806732935848721
covtype_binary_20000,23,489,layer_1::c2: projection_7 IS LOW,1.1689294576644897,6477.865096330643,0.9808502878226256
covtype_binary_20000,23,490,layer_0::c11: Soil_Type_24 IS present,1.1670233011245728,6479.032119631767,0.9810269934384082
covtype_binary_20000,23,491,"projection_layer::pursuit_2(Hillshade_Noon, Wilderness_Area_4, Soil_Type_23, Soil_Type_11) IS HIGH",1.1548320055007935,6480.186951637268,0.9812018531009881
covtype_binary_20000,23,492,layer_1::c2: projection_4 IS HIGH,1.1527220010757446,6481.339673638344,0.9813763932758328
covtype_binary_20000,23,493,layer_1::c3: ka_concept_1.c7 IS HIGH,1.1426562070846558,6482.4823298454285,0.9815494093317301
covtype_binary_20000,23,494,layer_1::c0: ka_concept_1.c6 IS HIGH,1.138258457183838,6483.620588302612,0.9817217594993768
covtype_binary_20000,23,495,layer_1::c3: ka_concept_1.c5 IS MEDIUM,1.1381151676177979,6484.75870347023,0.9818940879707377
covtype_binary_20000,23,496,layer_0::c1: Soil_Type_40 IS present,1.1296169757843018,6485.888320446014,0.9820651296826831
covtype_binary_20000,23,497,layer_1::c5: ka_concept_1.c9 IS HIGH,1.1253373622894287,6487.013657808304,0.982235523394081
covtype_binary_20000,23,498,layer_0::c1: Wilderness_Area_3 IS present,1.1057088375091553,6488.119366645813,0.9824029450392359
covtype_binary_20000,23,499,layer_1::c5: ka_concept_1.c7 IS HIGH,1.1007872819900513,6489.220153927803,0.9825696214837613
covtype_binary_20000,23,500,layer_0::c8: Wilderness_Area_1 IS absent,1.0992106199264526,6490.3193645477295,0.982736059196943
covtype_binary_20000,23,501,layer_1::c0: ka_concept_1.c9 IS MEDIUM,1.0877397060394287,6491.407104253769,0.9829007600340056
covtype_binary_20000,23,502,layer_1::c2: ka_concept_1.c9 IS MEDIUM,1.0854241847991943,6492.492528438568,0.9830651102648669
covtype_binary_20000,23,503,layer_1::c3: ka_concept_1.c3 IS LOW,1.0828696489334106,6493.5753980875015,0.9832290736989668
covtype_binary_20000,23,504,layer_0::c6: Wilderness_Area_4 IS present,1.0654765367507935,6494.640874624252,0.9833904035433213
covtype_binary_20000,23,505,layer_1::c5: ka_concept_1.c1 IS MEDIUM,1.0590704679489136,6495.699945092201,0.983550763408472
covtype_binary_20000,23,506,layer_1::c3: ka_concept_1.c6 IS MEDIUM,1.0553131103515625,6496.755258202553,0.9837105543508023
covtype_binary_20000,23,507,layer_1::c2: ka_concept_1.c6 IS HIGH,1.0532481670379639,6497.808506369591,0.983870032628356
covtype_binary_20000,23,508,layer_0::c4: Soil_Type_2 IS present,1.053055763244629,6498.861562132835,0.9840294817729602
covtype_binary_20000,23,509,layer_0::c5: Wilderness_Area_1 IS present,1.0223804712295532,6499.883942604065,0.9841842861976522
covtype_binary_20000,23,510,layer_1::c2: projection_4 IS LOW,1.008143663406372,6500.892086267471,0.9843369349465401
covtype_binary_20000,23,511,layer_1::c3: ka_concept_1.c6 IS HIGH,0.9964220523834229,6501.888508319855,0.9844878088598339
covtype_binary_20000,23,512,layer_1::c2: ka_concept_1.c7 IS MEDIUM,0.9962375164031982,6502.884745836258,0.9846386548314885
covtype_binary_20000,23,513,layer_0::c9: Soil_Type_2 IS absent,0.9958481192588806,6503.880593955517,0.9847894418423134
covtype_binary_20000,23,514,layer_0::c9: Soil_Type_2 IS present,0.9931957721710205,6504.873789727688,0.9849398272462253
covtype_binary_20000,23,515,layer_0::c6: Wilderness_Area_4 IS present,0.9892464280128479,6505.863036155701,0.9850896146575429
covtype_binary_20000,23,516,layer_0::c5: Horizontal_Distance_To_Roadways IS LOW,0.987091600894928,6506.850127756596,0.9852390757942673
covtype_binary_20000,23,517,layer_1::c5: ka_concept_1.c1 IS LOW,0.9775474071502686,6507.827675163746,0.9853870917904952
covtype_binary_20000,23,518,layer_1::c2: ka_concept_1.c11 IS MEDIUM,0.9764776825904846,6508.804152846336,0.9855349458136616
covtype_binary_20000,23,519,layer_1::c0: projection_6 IS MEDIUM,0.9749820232391357,6509.7791348695755,0.9856825733705642
covtype_binary_20000,23,520,layer_1::c5: projection_0 IS HIGH,0.9382302761077881,6510.717365145683,0.985824636137028
covtype_binary_20000,23,521,layer_1::c5: ka_concept_1.c4 IS MEDIUM,0.9267023205757141,6511.644067466259,0.9859649533903739
covtype_binary_20000,23,522,layer_0::c2: Soil_Type_39 IS present,0.9210073351860046,6512.565074801445,0.9861044083336878
covtype_binary_20000,23,523,layer_1::c3: projection_4 IS MEDIUM,0.9159364104270935,6513.481011211872,0.9862430954595287
covtype_binary_20000,23,524,layer_1::c0: ka_concept_1.c8 IS LOW,0.9103193283081055,6514.39133054018,0.9863809320711134
covtype_binary_20000,23,525,layer_0::c7: Wilderness_Area_2 IS present,0.8890359401702881,6515.2803664803505,0.98651554604421
covtype_binary_20000,23,526,layer_1::c0: projection_0 IS LOW,0.8823609352111816,6516.162727415562,0.9866491493169542
covtype_binary_20000,23,527,layer_1::c0: ka_concept_1.c4 IS HIGH,0.8754145503044128,6517.038141965866,0.9867817007981694
covtype_binary_20000,23,528,layer_1::c0: ka_concept_1.c11 IS LOW,0.8692517876625061,6517.907393753529,0.986913319140546
covtype_binary_20000,23,529,layer_0::c5: Soil_Type_2 IS present,0.8685926198959351,6518.7759863734245,0.9870448376745934
covtype_binary_20000,23,530,layer_1::c0: projection_6 IS LOW,0.8634735941886902,6519.639459967613,0.9871755811079302
covtype_binary_20000,23,531,layer_1::c3: projection_6 IS LOW,0.8555890321731567,6520.495048999786,0.9873051306950219
covtype_binary_20000,23,532,layer_1::c5: ka_concept_1.c6 IS MEDIUM,0.8518572449684143,6521.346906244755,0.9874341152310512
covtype_binary_20000,23,533,layer_1::c3: projection_0 IS MEDIUM,0.8486940860748291,6522.19560033083,0.9875626208152554
covtype_binary_20000,23,534,layer_0::c5: Hillshade_9am IS HIGH,0.8433597683906555,6523.03896009922,0.9876903187001701
covtype_binary_20000,23,535,layer_0::c2: Soil_Type_13 IS present,0.8410409092903137,6523.880001008511,0.9878176654734789
covtype_binary_20000,23,536,layer_1::c3: ka_concept_1.c4 IS MEDIUM,0.8246045112609863,6524.704605519772,0.9879425235185575
covtype_binary_20000,23,537,layer_1::c5: ka_concept_1.c5 IS LOW,0.8235152959823608,6525.528120815754,0.9880672166393741
covtype_binary_20000,23,538,layer_0::c11: Vertical_Distance_To_Hydrology IS HIGH,0.8224710822105408,6526.3505918979645,0.9881917516498622
covtype_binary_20000,23,539,layer_1::c5: ka_concept_1.c4 IS HIGH,0.8136438727378845,6527.164235770702,0.9883149500825082
covtype_binary_20000,23,540,layer_0::c2: Hillshade_3pm IS HIGH,0.8121297359466553,6527.976365506649,0.9884379192511165
covtype_binary_20000,23,541,layer_0::c4: Hillshade_3pm IS HIGH,0.807449221611023,6528.78381472826,0.9885601797165078
covtype_binary_20000,23,542,layer_1::c5: ka_concept_1.c8 IS LOW,0.8071103692054749,6529.5909250974655,0.9886823888743348
covtype_binary_20000,23,543,layer_1::c3: projection_2 IS LOW,0.8053334951400757,6530.396258592606,0.9888043289855837
covtype_binary_20000,23,544,layer_1::c3: ka_concept_1.c8 IS HIGH,0.8041732311248779,6531.2004318237305,0.9889260934146785
covtype_binary_20000,23,545,layer_1::c5: ka_concept_1.c7 IS MEDIUM,0.7998138070106506,6532.000245630741,0.9890471977586475
covtype_binary_20000,23,546,layer_1::c3: projection_7 IS LOW,0.7968382835388184,6532.79708391428,0.9891678515617346
covtype_binary_20000,23,547,layer_0::c7: Soil_Type_13 IS present,0.7967846393585205,6533.5938685536385,0.9892884972422521
covtype_binary_20000,23,548,layer_0::c7: Wilderness_Area_4 IS present,0.7948523759841919,6534.388720929623,0.9894088503478149
covtype_binary_20000,23,549,layer_0::c7: Wilderness_Area_4 IS present,0.7807714939117432,6535.169492423534,0.9895270713871757
covtype_binary_20000,23,550,layer_0::c5: Vertical_Distance_To_Hydrology IS HIGH,0.7805255651473999,6535.950017988682,0.9896452551890677
covtype_binary_20000,23,551,layer_1::c2: projection_2 IS HIGH,0.776839017868042,6536.72685700655,0.989762880789931
covtype_binary_20000,23,552,layer_1::c3: ka_concept_1.c2 IS LOW,0.7697003483772278,6537.496557354927,0.989879425484366
covtype_binary_20000,23,553,layer_0::c3: Soil_Type_23 IS absent,0.7660470008850098,6538.262604355812,0.9899954170047405
covtype_binary_20000,23,554,layer_1::c0: projection_3 IS LOW,0.7660173773765564,6539.028621733189,0.9901114040396515
covtype_binary_20000,23,555,layer_0::c5: Wilderness_Area_4 IS absent,0.7465962767601013,6539.775218009949,0.9902244504155883
covtype_binary_20000,23,556,layer_0::c7: Wilderness_Area_2 IS present,0.7341408729553223,6540.509358882904,0.9903356108482049
covtype_binary_20000,23,557,layer_0::c0: Vertical_Distance_To_Hydrology IS HIGH,0.7277482151985168,6541.237107098103,0.9904458033322602
covtype_binary_20000,23,558,"projection_layer::pursuit_0(Horizontal_Distance_To_Fire_Points, Hillshade_3pm, Soil_Type_29, Soil_Type_4) IS HIGH",0.7260352373123169,6541.963142335415,0.9905557364446201
covtype_binary_20000,23,559,layer_1::c2: ka_concept_1.c8 IS LOW,0.7206894159317017,6542.683831751347,0.9906648601158505
covtype_binary_20000,23,560,layer_0::c9: Soil_Type_32 IS present,0.7194928526878357,6543.403324604034,0.990773802608655
covtype_binary_20000,23,561,layer_0::c8: Soil_Type_4 IS present,0.7157891988754272,6544.11911380291,0.9908821843102337
covtype_binary_20000,23,562,layer_1::c5: ka_concept_1.c6 IS HIGH,0.7092118859291077,6544.828325688839,0.9909895701035616
covtype_binary_20000,23,563,layer_1::c2: ka_concept_1.c5 IS MEDIUM,0.7060636878013611,6545.53438937664,0.9910964792103587
covtype_binary_20000,23,564,layer_0::c5: Wilderness_Area_1 IS present,0.7047529816627502,6546.239142358303,0.9912031898557069
covtype_binary_20000,23,565,layer_0::c5: Hillshade_Noon IS LOW,0.7004819512367249,6546.93962430954,0.9913092538001188
covtype_binary_20000,23,566,layer_0::c10: Vertical_Distance_To_Hydrology IS LOW,0.6900758147239685,6547.629700124264,0.991413742092392
covtype_binary_20000,23,567,layer_1::c2: ka_concept_1.c2 IS LOW,0.6866016983985901,6548.316301822662,0.9915177043490119
covtype_binary_20000,23,568,layer_0::c2: Soil_Type_38 IS present,0.6861371397972107,6549.00243896246,0.9916215962641796
covtype_binary_20000,23,569,layer_1::c3: projection_4 IS HIGH,0.6832631826400757,6549.6857021451,0.9917250530171969
covtype_binary_20000,23,570,layer_1::c3: ka_concept_1.c1 IS LOW,0.6828412413597107,6550.368543386459,0.9918284458816925
covtype_binary_20000,23,571,layer_0::c3: Soil_Type_23 IS present,0.681451678276062,6551.049995064735,0.9919316283445617
covtype_binary_20000,23,572,layer_1::c2: ka_concept_1.c6 IS MEDIUM,0.6662781238555908,6551.716273188591,0.9920325132935125
covtype_binary_20000,23,573,layer_0::c2: Wilderness_Area_2 IS present,0.6613791584968567,6552.377652347088,0.9921326564623382
covtype_binary_20000,23,574,layer_0::c2: Wilderness_Area_2 IS present,0.6602782607078552,6553.037930607796,0.9922326329379868
covtype_binary_20000,23,575,layer_0::c4: Wilderness_Area_4 IS absent,0.6478157639503479,6553.685746371746,0.9923307223963311
covtype_binary_20000,23,576,layer_0::c3: Soil_Type_39 IS present,0.640052318572998,6554.325798690319,0.9924276363473873
covtype_binary_20000,23,577,layer_0::c6: Soil_Type_40 IS present,0.6320359706878662,6554.957834661007,0.9925233364977523
covtype_binary_20000,23,578,layer_0::c5: Soil_Type_40 IS present,0.6289851665496826,6555.586819827557,0.9926185747085629
covtype_binary_20000,23,579,layer_1::c0: projection_2 IS HIGH,0.6281980872154236,6556.215017914772,0.9927136937432282
covtype_binary_20000,23,580,layer_1::c5: projection_0 IS MEDIUM,0.6114729642868042,6556.826490879059,0.9928062803321888
covtype_binary_20000,23,581,layer_0::c9: Soil_Type_31 IS present,0.6070152521133423,6557.433506131172,0.9928981919536711
covtype_binary_20000,23,582,layer_1::c5: ka_concept_1.c0 IS LOW,0.6044357419013977,6558.037941873074,0.992989712996885
covtype_binary_20000,23,583,layer_1::c2: ka_concept_1.c6 IS LOW,0.6024924516677856,6558.640434324741,0.9930809397955047
covtype_binary_20000,23,584,layer_1::c2: projection_4 IS MEDIUM,0.5988076329231262,6559.2392419576645,0.9931716086548232
covtype_binary_20000,23,585,layer_1::c0: ka_concept_1.c4 IS LOW,0.5961885452270508,6559.8354305028915,0.9932618809432217
covtype_binary_20000,23,586,layer_0::c4: Soil_Type_29 IS present,0.5948131680488586,6560.43024367094,0.9933519449779624
covtype_binary_20000,23,587,layer_1::c0: ka_concept_1.c5 IS LOW,0.5934698581695557,6561.02371352911,0.9934418056145369
covtype_binary_20000,23,588,layer_0::c3: Soil_Type_4 IS present,0.5924103856086731,6561.616123914719,0.993531505830363
covtype_binary_20000,23,589,layer_0::c7: Soil_Type_30 IS present,0.5916516184806824,6562.207775533199,0.9936210911569555
covtype_binary_20000,23,590,layer_1::c5: projection_7 IS LOW,0.5797521471977234,6562.787527680397,0.9937088747171237
covtype_binary_20000,23,591,layer_0::c9: Wilderness_Area_4 IS absent,0.569370448589325,6563.356898128986,0.9937950863254347
covtype_binary_20000,23,592,layer_1::c0: ka_concept_1.c1 IS MEDIUM,0.5669562220573425,6563.923854351044,0.9938809323820164
covtype_binary_20000,23,593,layer_1::c2: ka_concept_1.c0 IS HIGH,0.5603156089782715,6564.484169960022,0.9939657729457152
covtype_binary_20000,23,594,layer_0::c5: Slope IS HIGH,0.5561802983283997,6565.04035025835,0.9940499873585787
covtype_binary_20000,23,595,layer_0::c9: Slope IS MEDIUM,0.5534349679946899,6565.593785226345,0.9941337860854087
covtype_binary_20000,23,596,layer_0::c8: Soil_Type_33 IS present,0.5468709468841553,6566.140656173229,0.9942165909165801
covtype_binary_20000,23,597,layer_0::c6: Wilderness_Area_2 IS present,0.5416348576545715,6566.682291030884,0.9942986029217894
covtype_binary_20000,23,598,layer_1::c0: ka_concept_1.c7 IS HIGH,0.5362940430641174,6567.218585073948,0.9943798062439757
covtype_binary_20000,23,599,layer_0::c2: Soil_Type_29 IS present,0.5340003967285156,6567.752585470676,0.994460662272164
covtype_binary_20000,23,600,layer_1::c0: projection_7 IS LOW,0.5274276733398438,6568.280013144016,0.9945405230870324
covtype_binary_20000,23,601,layer_1::c5: ka_concept_1.c11 IS LOW,0.5250867605209351,6568.805099904537,0.9946200294510166
covtype_binary_20000,23,602,layer_1::c2: ka_concept_1.c0 IS LOW,0.5188840627670288,6569.323983967304,0.9946985966293606
covtype_binary_20000,23,603,layer_1::c3: ka_concept_1.c8 IS MEDIUM,0.5186753869056702,6569.84265935421,0.994777132210909
covtype_binary_20000,23,604,layer_0::c7: Soil_Type_13 IS absent,0.5060375332832336,6570.348696887493,0.994853754223376
covtype_binary_20000,23,605,layer_1::c2: ka_concept_1.c0 IS MEDIUM,0.5059266090393066,6570.854623496532,0.994930359440174
covtype_binary_20000,23,606,layer_1::c3: ka_concept_1.c0 IS MEDIUM,0.48917174339294434,6571.343795239925,0.995004427707754
covtype_binary_20000,23,607,layer_1::c2: ka_concept_1.c2 IS HIGH,0.4861307442188263,6571.829925984144,0.9950780355204045
covtype_binary_20000,23,608,layer_1::c3: ka_concept_1.c2 IS MEDIUM,0.48193079233169556,6572.311856776476,0.9951510073945236
covtype_binary_20000,23,609,layer_0::c4: Wilderness_Area_2 IS present,0.4743956923484802,6572.786252468824,0.9952228383364252
covtype_binary_20000,23,610,layer_0::c7: Wilderness_Area_3 IS absent,0.4732213616371155,6573.2594738304615,0.9952944914662548
covtype_binary_20000,23,611,layer_0::c6: Wilderness_Area_2 IS present,0.44786036014556885,6573.707334190607,0.9953623045430355
covtype_binary_20000,23,612,layer_0::c6: Wilderness_Area_4 IS absent,0.44297879934310913,6574.15031298995,0.9954293784750138
covtype_binary_20000,23,613,layer_1::c2: ka_concept_1.c9 IS HIGH,0.4397825002670288,6574.590095490217,0.9954959684372238
covtype_binary_20000,23,614,layer_0::c1: Wilderness_Area_2 IS present,0.4327639937400818,6575.022859483957,0.9955614956875611
covtype_binary_20000,23,615,layer_0::c5: Wilderness_Area_4 IS present,0.41365644335746765,6575.436515927315,0.9956241297553433
covtype_binary_20000,23,616,layer_0::c2: Vertical_Distance_To_Hydrology IS HIGH,0.4120604991912842,6575.848576426506,0.9956865221721691
covtype_binary_20000,23,617,layer_1::c2: ka_concept_1.c11 IS LOW,0.4078715741634369,6576.2564480006695,0.9957482803201028
covtype_binary_20000,23,618,layer_0::c2: Horizontal_Distance_To_Hydrology IS HIGH,0.40692615509033203,6576.66337415576,0.9958098953167733
covtype_binary_20000,23,619,layer_0::c1: Hillshade_Noon IS LOW,0.40394607186317444,6577.067320227623,0.9958710590821435
covtype_binary_20000,23,620,layer_0::c3: Slope IS HIGH,0.4014771580696106,6577.468797385693,0.9959318490152759
covtype_binary_20000,23,621,layer_1::c0: projection_0 IS HIGH,0.3969290256500244,6577.865726411343,0.995991950289888
covtype_binary_20000,23,622,layer_1::c2: ka_concept_1.c1 IS MEDIUM,0.39243459701538086,6578.258161008358,0.9960513710375741
covtype_binary_20000,23,623,"projection_layer::pursuit_1(Elevation, Vertical_Distance_To_Hydrology, Soil_Type_40, Soil_Type_6) IS MEDIUM",0.37054842710494995,6578.628709435463,0.9961074778761657
covtype_binary_20000,23,624,layer_0::c1: Wilderness_Area_2 IS present,0.366946280002594,6578.995655715466,0.9961630392932381
covtype_binary_20000,23,625,layer_1::c2: ka_concept_1.c1 IS LOW,0.3660096824169159,6579.3616653978825,0.9962184588947589
covtype_binary_20000,23,626,layer_1::c3: projection_6 IS MEDIUM,0.3576314151287079,6579.719296813011,0.9962726098953196
covtype_binary_20000,23,627,layer_1::c0: projection_4 IS HIGH,0.35686853528022766,6580.076165348291,0.9963266453839165
covtype_binary_20000,23,628,layer_1::c2: ka_concept_1.c5 IS LOW,0.35648471117019653,6580.432650059462,0.9963806227555282
covtype_binary_20000,23,629,layer_1::c3: ka_concept_1.c2 IS HIGH,0.3551744222640991,6580.787824481726,0.9964344017288665
covtype_binary_20000,23,630,layer_1::c2: projection_1 IS LOW,0.3397534191608429,6581.1275779008865,0.9964858457206782
covtype_binary_20000,23,631,layer_0::c1: Vertical_Distance_To_Hydrology IS HIGH,0.3397248089313507,6581.467302709818,0.9965372853804528
covtype_binary_20000,23,632,layer_1::c5: ka_concept_1.c8 IS MEDIUM,0.3292699456214905,6581.796572655439,0.9965871420100879
covtype_binary_20000,23,633,layer_0::c10: Horizontal_Distance_To_Roadways IS MEDIUM,0.3273847699165344,6582.123957425356,0.9966367131945795
covtype_binary_20000,23,634,layer_0::c10: Horizontal_Distance_To_Fire_Points IS MEDIUM,0.3212623596191406,6582.445219784975,0.9966853573502099
covtype_binary_20000,23,635,layer_1::c5: ka_concept_1.c2 IS LOW,0.3203159272670746,6582.765535712242,0.9967338582011511
covtype_binary_20000,23,636,layer_0::c3: Soil_Type_40 IS present,0.31850454211235046,6583.0840402543545,0.9967820847799943
covtype_binary_20000,23,637,layer_1::c3: ka_concept_1.c3 IS MEDIUM,0.31578177213668823,6583.399822026491,0.9968298990887956
covtype_binary_20000,23,638,layer_0::c10: Horizontal_Distance_To_Roadways IS LOW,0.30753758549690247,6583.707359611988,0.9968764650985481
covtype_binary_20000,23,639,layer_0::c7: Wilderness_Area_4 IS absent,0.3055855631828308,6584.012945175171,0.9969227355415328
covtype_binary_20000,23,640,layer_0::c10: Horizontal_Distance_To_Hydrology IS MEDIUM,0.29602518677711487,6584.308970361948,0.9969675583937125
covtype_binary_20000,23,641,layer_1::c0: ka_concept_1.c4 IS MEDIUM,0.29360106587409973,6584.602571427822,0.997012014196
covtype_binary_20000,23,642,layer_0::c2: Soil_Type_40 IS present,0.2935739755630493,6584.896145403385,0.99705646589639
covtype_binary_20000,23,643,layer_0::c10: Aspect IS MEDIUM,0.289703369140625,6585.185848772526,0.9971003315263126
covtype_binary_20000,23,644,layer_1::c0: ka_concept_1.c1 IS HIGH,0.2857067883014679,6585.471555560827,0.9971435920112673
covtype_binary_20000,23,645,layer_1::c3: ka_concept_1.c11 IS LOW,0.28045445680618286,6585.752010017633,0.9971860572109262
covtype_binary_20000,23,646,layer_1::c3: projection_1 IS LOW,0.2791258990764618,6586.03113591671,0.9972283212461256
covtype_binary_20000,23,647,layer_0::c10: Elevation IS MEDIUM,0.2789686322212219,6586.310104548931,0.9972705614686586
covtype_binary_20000,23,648,layer_1::c2: ka_concept_1.c7 IS HIGH,0.27847716212272644,6586.588581711054,0.997312727274917
covtype_binary_20000,23,649,layer_0::c10: Soil_Type_33 IS absent,0.27770811319351196,6586.866289824247,0.9973547766351161
covtype_binary_20000,23,650,layer_1::c0: ka_concept_1.c11 IS MEDIUM,0.27620938420295715,6587.14249920845,0.9973965990642599
covtype_binary_20000,23,651,layer_1::c5: projection_4 IS HIGH,0.274556040763855,6587.417055249214,0.9974381711512982
covtype_binary_20000,23,652,layer_1::c0: ka_concept_1.c6 IS MEDIUM,0.2741320729255676,6587.69118732214,0.9974796790429619
covtype_binary_20000,23,653,layer_1::c3: ka_concept_1.c9 IS HIGH,0.27264702320098877,6587.963834345341,0.9975209620748255
covtype_binary_20000,23,654,layer_0::c10: Horizontal_Distance_To_Hydrology IS LOW,0.27073827385902405,6588.2345726192,0.9975619560921276
covtype_binary_20000,23,655,layer_1::c3: ka_concept_1.c10 IS LOW,0.27071961760520935,6588.505292236805,0.9976029472845804
covtype_binary_20000,23,656,"projection_layer::pursuit_5(Hillshade_9am, Wilderness_Area_1, Soil_Type_10, Soil_Type_32) IS MEDIUM",0.269167423248291,6588.774459660053,0.9976437034504838
covtype_binary_20000,23,657,layer_0::c10: Elevation IS HIGH,0.2618618905544281,6589.036321550608,0.997683353444255
covtype_binary_20000,23,658,layer_0::c4: Soil_Type_40 IS absent,0.25351038575172424,6589.289831936359,0.9977217388893257
covtype_binary_20000,23,659,layer_1::c5: projection_6 IS MEDIUM,0.2520485520362854,6589.541880488396,0.9977599029898641
covtype_binary_20000,23,660,layer_0::c8: Soil_Type_2 IS present,0.24793551862239838,6589.789816007018,0.9977974443126897
covtype_binary_20000,23,661,layer_1::c5: ka_concept_1.c9 IS MEDIUM,0.24543021619319916,6590.035246223211,0.9978346062934679
covtype_binary_20000,23,662,layer_1::c2: ka_concept_1.c4 IS HIGH,0.24539528787136078,6590.280641511083,0.9978717629855507
covtype_binary_20000,23,663,layer_0::c11: Wilderness_Area_4 IS present,0.24232488870620728,6590.522966399789,0.9979084547710849
covtype_binary_20000,23,664,layer_0::c11: Wilderness_Area_4 IS present,0.24232487380504608,6590.765291273594,0.9979451465543628
covtype_binary_20000,23,665,layer_0::c10: Aspect IS LOW,0.2414771020412445,6591.006768375635,0.9979817099717107
covtype_binary_20000,23,666,layer_1::c2: ka_concept_1.c8 IS HIGH,0.238833487033844,6591.245601862669,0.9980178731043192
covtype_binary_20000,23,667,layer_1::c2: ka_concept_1.c1 IS HIGH,0.23667795956134796,6591.48227982223,0.9980537098562899
covtype_binary_20000,23,668,layer_0::c10: Horizontal_Distance_To_Fire_Points IS LOW,0.23666499555110931,6591.718944817781,0.9980895446453063
covtype_binary_20000,23,669,layer_1::c5: projection_2 IS LOW,0.23269198834896088,6591.95163680613,0.9981247778587728
covtype_binary_20000,23,670,layer_1::c0: ka_concept_1.c11 IS HIGH,0.23192907869815826,6592.183565884829,0.9981598955557629
covtype_binary_20000,23,671,layer_1::c5: ka_concept_1.c11 IS MEDIUM,0.2317953109741211,6592.415361195803,0.9981949929982233
covtype_binary_20000,23,672,layer_1::c0: ka_concept_1.c9 IS HIGH,0.2317178100347519,6592.647079005837,0.998230078705827
covtype_binary_20000,23,673,layer_0::c10: Soil_Type_30 IS absent,0.22115164995193481,6592.868230655789,0.9982635645312158
covtype_binary_20000,23,674,layer_1::c2: projection_0 IS HIGH,0.22060953080654144,6593.088840186596,0.9982969682712707
covtype_binary_20000,23,675,layer_1::c5: ka_concept_1.c11 IS HIGH,0.2203366607427597,6593.309176847339,0.9983303306945218
covtype_binary_20000,23,676,layer_0::c4: Soil_Type_40 IS present,0.21828381717205048,6593.527460664511,0.9983633822850869
covtype_binary_20000,23,677,layer_1::c5: ka_concept_1.c1 IS HIGH,0.21269172430038452,6593.740152388811,0.9983955871451596
covtype_binary_20000,23,678,layer_0::c10: Hillshade_Noon IS HIGH,0.20425313711166382,6593.944405525923,0.9984265142708941
covtype_binary_20000,23,679,layer_1::c5: ka_concept_1.c2 IS MEDIUM,0.20425064861774445,6594.1486561745405,0.9984574410198315
covtype_binary_20000,23,680,layer_1::c0: ka_concept_1.c10 IS LOW,0.2016485631465912,6594.350304737687,0.9984879737722523
covtype_binary_20000,23,681,layer_1::c3: ka_concept_1.c7 IS MEDIUM,0.2010994404554367,6594.551404178143,0.9985184233788925
covtype_binary_20000,23,682,layer_0::c10: Wilderness_Area_4 IS absent,0.20105814933776855,6594.75246232748,0.9985488667334104
covtype_binary_20000,23,683,layer_0::c10: Wilderness_Area_4 IS absent,0.20105814933776855,6594.953520476818,0.9985793100879283
covtype_binary_20000,23,684,layer_0::c10: Hillshade_Noon IS MEDIUM,0.19949135184288025,6595.153011828661,0.9986095162047529
covtype_binary_20000,23,685,layer_1::c3: projection_4 IS LOW,0.19405461847782135,6595.347066447139,0.9986388991149489
covtype_binary_20000,23,686,layer_1::c2: projection_5 IS LOW,0.19103647768497467,6595.538102924824,0.9986678250313327
covtype_binary_20000,23,687,layer_1::c3: projection_2 IS HIGH,0.19095951318740845,6595.729062438011,0.9986967392940854
covtype_binary_20000,23,688,layer_0::c10: Wilderness_Area_2 IS absent,0.1893686056137085,6595.918431043625,0.998725412668501
covtype_binary_20000,23,689,layer_0::c10: Wilderness_Area_2 IS absent,0.1893686056137085,6596.107799649239,0.9987540860429166
covtype_binary_20000,23,690,layer_0::c10: Soil_Type_24 IS absent,0.18811191618442535,6596.295911565423,0.9987825691348595
covtype_binary_20000,23,691,layer_0::c10: Soil_Type_31 IS absent,0.18688000738620758,6596.482791572809,0.9988108656965056
covtype_binary_20000,23,692,layer_1::c3: ka_concept_1.c4 IS HIGH,0.18678735196590424,6596.669578924775,0.998839148228669
covtype_binary_20000,23,693,layer_0::c10: Soil_Type_10 IS absent,0.18274304270744324,6596.852321967483,0.9988668183890338
covtype_binary_20000,23,694,layer_1::c5: projection_1 IS LOW,0.1771005392074585,6597.02942250669,0.9988936341859471
covtype_binary_20000,23,695,layer_1::c3: projection_3 IS LOW,0.17649692296981812,6597.20591942966,0.9989203585859031
covtype_binary_20000,23,696,layer_1::c3: ka_concept_1.c8 IS LOW,0.1749562919139862,6597.380875721574,0.9989468497101744
covtype_binary_20000,23,697,layer_0::c7: Soil_Type_2 IS present,0.1745697408914566,6597.555445462465,0.9989732823045635
covtype_binary_20000,23,698,layer_1::c0: ka_concept_1.c2 IS LOW,0.16550059616565704,6597.720946058631,0.9989983416883219
covtype_binary_20000,23,699,layer_1::c0: ka_concept_1.c3 IS HIGH,0.16529440879821777,6597.886240467429,0.9990233698520817
covtype_binary_20000,23,700,layer_1::c3: ka_concept_1.c11 IS MEDIUM,0.16375410556793213,6598.049994572997,0.999048164789795
covtype_binary_20000,23,701,layer_1::c2: ka_concept_1.c10 IS LOW,0.14972245693206787,6598.199717029929,0.99907083511602
covtype_binary_20000,23,702,layer_0::c4: Wilderness_Area_4 IS absent,0.14724253118038177,6598.3469595611095,0.9990931299426242
covtype_binary_20000,23,703,layer_1::c2: ka_concept_1.c2 IS MEDIUM,0.14659734070301056,6598.493556901813,0.9991153270772796
covtype_binary_20000,23,704,layer_1::c3: ka_concept_1.c1 IS MEDIUM,0.14451375603675842,6598.638070657849,0.9991372087245654
covtype_binary_20000,23,705,layer_1::c0: ka_concept_1.c2 IS HIGH,0.14420290291309357,6598.782273560762,0.999159043303817
covtype_binary_20000,23,706,layer_1::c3: projection_3 IS MEDIUM,0.14391353726387024,6598.926187098026,0.9991808340685748
covtype_binary_20000,23,707,layer_1::c2: projection_7 IS MEDIUM,0.14005257189273834,6599.066239669919,0.9992020402226717
covtype_binary_20000,23,708,layer_1::c2: ka_concept_1.c3 IS MEDIUM,0.13982392847537994,6599.206063598394,0.9992232117565721
covtype_binary_20000,23,709,layer_1::c0: projection_1 IS LOW,0.1391235589981079,6599.3451871573925,0.9992442772435585
covtype_binary_20000,23,710,"projection_layer::pursuit_6(Horizontal_Distance_To_Roadways, Soil_Type_38, Wilderness_Area_2, Soil_Type_18) IS HIGH",0.13906894624233246,6599.484256103635,0.9992653344613178
covtype_binary_20000,23,711,layer_1::c2: projection_0 IS MEDIUM,0.13786156475543976,6599.62211766839,0.9992862088625996
covtype_binary_20000,23,712,layer_0::c10: Soil_Type_32 IS absent,0.13685524463653564,6599.758972913027,0.9993069308912457
covtype_binary_20000,23,713,layer_0::c10: Hillshade_Noon IS LOW,0.13380490243434906,6599.892777815461,0.9993271910502816
covtype_binary_20000,23,714,layer_1::c0: ka_concept_1.c7 IS MEDIUM,0.13372084498405457,6600.026498660445,0.9993474384817023
covtype_binary_20000,23,715,layer_0::c3: Wilderness_Area_2 IS present,0.1333344578742981,6600.1598331183195,0.9993676274080596
covtype_binary_20000,23,716,layer_0::c6: Slope IS HIGH,0.12881317734718323,6600.288646295667,0.9993871317416939
covtype_binary_20000,23,717,layer_0::c10: Elevation IS LOW,0.12613573670387268,6600.414782032371,0.9994062306688575
covtype_binary_20000,23,718,layer_0::c9: Hillshade_Noon IS MEDIUM,0.12579558789730072,6600.540577620268,0.9994252780921615
covtype_binary_20000,23,719,layer_0::c5: Hillshade_9am IS LOW,0.12542107701301575,6600.665998697281,0.9994442688086488
covtype_binary_20000,23,720,layer_1::c2: ka_concept_1.c8 IS MEDIUM,0.12136046588420868,6600.787359163165,0.9994626446849788
covtype_binary_20000,23,721,layer_0::c3: Wilderness_Area_2 IS present,0.12084238231182098,6600.908201545477,0.9994809421153372
covtype_binary_20000,23,722,layer_0::c0: Soil_Type_38 IS present,0.11901580542325974,6601.0272173509,0.9994989629733312
covtype_binary_20000,23,723,layer_1::c2: ka_concept_1.c3 IS LOW,0.11852362751960754,6601.14574097842,0.9995169093078778
covtype_binary_20000,23,724,layer_1::c2: projection_3 IS MEDIUM,0.11838600784540176,6601.264126986265,0.9995348348046491
covtype_binary_20000,23,725,layer_0::c10: Vertical_Distance_To_Hydrology IS MEDIUM,0.11239369958639145,6601.376520685852,0.9995518529720467
covtype_binary_20000,23,726,layer_0::c4: Wilderness_Area_4 IS present,0.10699011385440826,6601.483510799706,0.999568052951887
covtype_binary_20000,23,727,layer_1::c2: projection_2 IS MEDIUM,0.10624940693378448,6601.58976020664,0.9995841407770921
covtype_binary_20000,23,728,layer_1::c2: ka_concept_1.c4 IS MEDIUM,0.0936831682920456,6601.683443374932,0.9995983258768459
covtype_binary_20000,23,729,layer_0::c10: Horizontal_Distance_To_Fire_Points IS HIGH,0.08969899266958237,6601.773142367601,0.999611907709976
covtype_binary_20000,23,730,layer_1::c3: projection_7 IS MEDIUM,0.08781054615974426,6601.860952913761,0.9996252036027113
covtype_binary_20000,23,731,layer_0::c10: Horizontal_Distance_To_Hydrology IS HIGH,0.08677895367145538,6601.947731867433,0.9996383432961782
covtype_binary_20000,23,732,layer_1::c5: ka_concept_1.c2 IS HIGH,0.08559978008270264,6602.033331647515,0.9996513044442853
covtype_binary_20000,23,733,layer_1::c0: ka_concept_1.c7 IS LOW,0.08529217541217804,6602.1186238229275,0.999664219016225
covtype_binary_20000,23,734,layer_1::c5: projection_2 IS HIGH,0.08188989013433456,6602.200513713062,0.9996766184288577
covtype_binary_20000,23,735,layer_1::c5: projection_5 IS LOW,0.08008861541748047,6602.280602328479,0.9996887451002711
covtype_binary_20000,23,736,layer_0::c10: Wilderness_Area_1 IS absent,0.07916578650474548,6602.359768114984,0.9997007320409258
covtype_binary_20000,23,737,layer_1::c5: projection_3 IS MEDIUM,0.07744228839874268,6602.437210403383,0.999712458016959
covtype_binary_20000,23,738,layer_1::c0: ka_concept_1.c3 IS MEDIUM,0.07665175944566727,6602.513862162828,0.9997240642945204
covtype_binary_20000,23,739,layer_0::c10: Aspect IS HIGH,0.07639461010694504,6602.590256772935,0.9997356316356425
covtype_binary_20000,23,740,layer_1::c3: projection_2 IS MEDIUM,0.07450450211763382,6602.664761275053,0.9997469127847957
covtype_binary_20000,23,741,layer_0::c3: Soil_Type_13 IS present,0.0739588513970375,6602.73872012645,0.9997581113138791
covtype_binary_20000,23,742,layer_0::c10: Wilderness_Area_3 IS absent,0.07214736938476562,6602.810867495835,0.9997690355561988
covtype_binary_20000,23,743,layer_0::c10: Wilderness_Area_3 IS absent,0.07214716821908951,6602.883014664054,0.9997799597680589
covtype_binary_20000,23,744,layer_1::c3: ka_concept_1.c5 IS LOW,0.06016050651669502,6602.943175170571,0.9997890690114987
covtype_binary_20000,23,745,layer_0::c6: Wilderness_Area_2 IS absent,0.059878356754779816,6603.003053527325,0.999798135533043
covtype_binary_20000,23,746,layer_0::c10: Horizontal_Distance_To_Roadways IS HIGH,0.05919356644153595,6603.062247093767,0.9998070983666029
covtype_binary_20000,23,747,layer_1::c5: ka_concept_1.c3 IS MEDIUM,0.057692885398864746,6603.119939979166,0.9998158339735362
covtype_binary_20000,23,748,layer_1::c3: projection_0 IS HIGH,0.05422529578208923,6603.174165274948,0.9998240445330623
covtype_binary_20000,23,749,layer_1::c3: ka_concept_1.c1 IS HIGH,0.05198243260383606,6603.226147707552,0.999831915487956
covtype_binary_20000,23,750,layer_1::c0: projection_2 IS MEDIUM,0.051524341106414795,6603.277672048658,0.9998397170806185
covtype_binary_20000,23,751,layer_1::c5: ka_concept_1.c10 IS LOW,0.04960062727332115,6603.327272675931,0.9998472273928608
covtype_binary_20000,23,752,layer_1::c5: ka_concept_1.c5 IS MEDIUM,0.047565851360559464,6603.374838527292,0.9998544296081437
covtype_binary_20000,23,753,layer_1::c3: projection_0 IS LOW,0.04584312066435814,6603.420681647956,0.999861370975003
covtype_binary_20000,23,754,layer_1::c5: projection_6 IS HIGH,0.04551884904503822,6603.466200497001,0.9998682632420576
covtype_binary_20000,23,755,layer_0::c8: Soil_Type_30 IS present,0.043491922318935394,6603.50969241932,0.9998748486006426
covtype_binary_20000,23,756,layer_0::c10: Wilderness_Area_3 IS present,0.042289819568395615,6603.551982238889,0.9998812519420334
covtype_binary_20000,23,757,layer_0::c10: Wilderness_Area_3 IS present,0.042289819568395615,6603.594272058457,0.9998876552834243
covtype_binary_20000,23,758,layer_1::c5: ka_concept_1.c3 IS HIGH,0.04182577505707741,6603.636097833514,0.9998939883612041
covtype_binary_20000,23,759,layer_1::c0: ka_concept_1.c1 IS LOW,0.037962596863508224,6603.674060430378,0.9998997364932672
covtype_binary_20000,23,760,layer_1::c5: projection_2 IS MEDIUM,0.035576485097408295,6603.709636915475,0.999905123330617
covtype_binary_20000,23,761,layer_0::c10: Wilderness_Area_1 IS present,0.03366789594292641,6603.743304811418,0.9999102211776599
covtype_binary_20000,23,762,layer_1::c2: ka_concept_1.c11 IS HIGH,0.03202487528324127,6603.775329686701,0.9999150702456278
covtype_binary_20000,23,763,layer_1::c3: ka_concept_1.c3 IS HIGH,0.03152945265173912,6603.806859139353,0.9999198442988457
covtype_binary_20000,23,764,layer_1::c5: projection_7 IS MEDIUM,0.031306102871894836,6603.838165242225,0.9999245845334069
covtype_binary_20000,23,765,layer_1::c0: projection_7 IS MEDIUM,0.028714215382933617,6603.866879457608,0.9999289323155858
covtype_binary_20000,23,766,layer_1::c2: ka_concept_1.c3 IS HIGH,0.025734128430485725,6603.892613586038,0.9999328288659002
covtype_binary_20000,23,767,"projection_layer::pursuit_3(Slope, Soil_Type_12, Soil_Type_13, Soil_Type_1) IS HIGH",0.02451399900019169,6603.9171275850385,0.9999365406694987
covtype_binary_20000,23,768,layer_0::c4: Vertical_Distance_To_Hydrology IS HIGH,0.018202826380729675,6603.935330411419,0.9999392968626625
covtype_binary_20000,23,769,layer_1::c5: projection_3 IS LOW,0.017435483634471893,6603.952765895054,0.9999419368681098
covtype_binary_20000,23,770,layer_1::c0: projection_5 IS LOW,0.016878288239240646,6603.969644183293,0.9999444925054427
covtype_binary_20000,23,771,layer_0::c3: Wilderness_Area_4 IS present,0.01659214496612549,6603.986236328259,0.9999470048161999
covtype_binary_20000,23,772,layer_0::c3: Wilderness_Area_4 IS present,0.016543829813599586,6604.002780158073,0.999949509811286
covtype_binary_20000,23,773,layer_1::c3: ka_concept_1.c11 IS HIGH,0.015610535629093647,6604.018390693702,0.9999518734910072
covtype_binary_20000,23,774,layer_1::c2: projection_6 IS HIGH,0.015417416580021381,6604.033808110282,0.9999542079294781
covtype_binary_20000,23,775,layer_1::c0: ka_concept_1.c2 IS MEDIUM,0.01488893199712038,6604.048697042279,0.9999564623471014
covtype_binary_20000,23,776,layer_1::c3: projection_5 IS LOW,0.01452895812690258,6604.063226000406,0.9999586622590397
covtype_binary_20000,23,777,layer_1::c5: projection_5 IS MEDIUM,0.010466898791491985,6604.073692899197,0.9999602471115397
covtype_binary_20000,23,778,layer_0::c2: Hillshade_9am IS LOW,0.009510345757007599,6604.083203244954,0.9999616871269205
covtype_binary_20000,23,779,layer_1::c1: projection_6 IS LOW,0.007723058573901653,6604.090926303528,0.9999628565190137
covtype_binary_20000,23,780,layer_1::c1: projection_2 IS LOW,0.007607572246342897,6604.098533875775,0.9999640084246673
covtype_binary_20000,23,781,layer_1::c0: ka_concept_1.c5 IS MEDIUM,0.0075824144296348095,6604.106116290204,0.9999651565210331
covtype_binary_20000,23,782,layer_1::c1: projection_3 IS LOW,0.007459381595253944,6604.1135756717995,0.9999662859883
covtype_binary_20000,23,783,layer_1::c4: projection_6 IS LOW,0.00740025332197547,6604.1209759251215,0.9999674065026195
covtype_binary_20000,23,784,layer_1::c4: projection_2 IS LOW,0.007260185666382313,6604.128236110788,0.999968505808501
covtype_binary_20000,23,785,layer_1::c4: projection_3 IS LOW,0.007135485764592886,6604.135371596552,0.9999695862328635
covtype_binary_20000,23,786,layer_0::c4: Soil_Type_13 IS present,0.006963361520320177,6604.142334958073,0.9999706405949179
covtype_binary_20000,23,787,layer_1::c1: projection_7 IS LOW,0.006100872065871954,6604.148435830139,0.9999715643625532
covtype_binary_20000,23,788,layer_1::c1: projection_0 IS LOW,0.0059527382254600525,6604.154388568364,0.9999724657004037
covtype_binary_20000,23,789,layer_1::c4: projection_7 IS LOW,0.005812469869852066,6604.160201038234,0.9999733457994271
covtype_binary_20000,23,790,layer_1::c4: projection_0 IS LOW,0.005733470432460308,6604.165934508666,0.9999742139366976
covtype_binary_20000,23,791,layer_1::c0: projection_6 IS HIGH,0.0052949064411222935,6604.1712294151075,0.9999750156685073
covtype_binary_20000,23,792,layer_1::c1: projection_4 IS MEDIUM,0.00491909496486187,6604.176148510072,0.9999757604965703
covtype_binary_20000,23,793,layer_1::c4: projection_4 IS MEDIUM,0.004664094652980566,6604.180812604725,0.9999764667135901
covtype_binary_20000,23,794,layer_1::c1: ka_concept_1.c4 IS LOW,0.004396583419293165,6604.185209188145,0.999977132425217
covtype_binary_20000,23,795,layer_1::c1: projection_5 IS LOW,0.00432830723002553,6604.189537495375,0.999977787798759
covtype_binary_20000,23,796,layer_1::c4: ka_concept_1.c4 IS LOW,0.004211707506328821,6604.193749202881,0.9999784255172756
covtype_binary_20000,23,797,layer_1::c0: projection_1 IS MEDIUM,0.0041678715497255325,6604.197917074431,0.9999790565983413
covtype_binary_20000,23,798,layer_1::c4: projection_5 IS LOW,0.004155075177550316,6604.202072149608,0.9999796857418359
covtype_binary_20000,23,799,layer_1::c1: ka_concept_1.c11 IS LOW,0.004040024243295193,6604.206112173852,0.9999802974648161
covtype_binary_20000,23,800,layer_1::c1: projection_1 IS LOW,0.003988641779869795,6604.210100815631,0.999980901407686
covtype_binary_20000,23,801,layer_1::c1: ka_concept_1.c1 IS LOW,0.003959930967539549,6604.214060746599,0.9999815010032892
covtype_binary_20000,23,802,layer_1::c4: ka_concept_1.c11 IS LOW,0.003881967393681407,6604.217942713993,0.9999820887939854
covtype_binary_20000,23,803,layer_1::c4: projection_1 IS LOW,0.003838237142190337,6604.221780951135,0.9999826699632364
covtype_binary_20000,23,804,layer_1::c4: ka_concept_1.c1 IS LOW,0.003819130826741457,6604.225600081962,0.9999832482394917
covtype_binary_20000,23,805,layer_1::c1: ka_concept_1.c9 IS LOW,0.0037153891753405333,6604.229315471137,0.9999838108076354
covtype_binary_20000,23,806,layer_1::c4: ka_concept_1.c9 IS LOW,0.003562663681805134,6604.232878134819,0.999984350250746
covtype_binary_20000,23,807,layer_1::c1: ka_concept_1.c10 IS LOW,0.003544888226315379,6604.236423023045,0.9999848870023741
covtype_binary_20000,23,808,layer_1::c1: ka_concept_1.c7 IS LOW,0.0034862288739532232,6604.239909251919,0.999985414872057
covtype_binary_20000,23,809,layer_1::c4: ka_concept_1.c10 IS LOW,0.0034059612080454826,6604.243315213127,0.9999859305879575
covtype_binary_20000,23,810,layer_1::c4: ka_concept_1.c7 IS LOW,0.0033510648645460606,6604.246666277992,0.9999864379916913
covtype_binary_20000,23,811,layer_1::c1: ka_concept_1.c3 IS LOW,0.003349692327901721,6604.2500159703195,0.9999869451876016
covtype_binary_20000,23,812,layer_1::c4: ka_concept_1.c3 IS LOW,0.0032053664326667786,6604.253221336752,0.9999874305303096
covtype_binary_20000,23,813,layer_1::c3: projection_5 IS MEDIUM,0.0031715102959424257,6604.256392847048,0.9999879107466679
covtype_binary_20000,23,814,layer_1::c3: projection_6 IS HIGH,0.0031140416394919157,6604.259506888688,0.9999883822613711
covtype_binary_20000,23,815,layer_1::c1: ka_concept_1.c5 IS HIGH,0.00301994732581079,6604.262526836013,0.9999888395287208
covtype_binary_20000,23,816,layer_1::c4: ka_concept_1.c5 IS HIGH,0.002868938958272338,6604.265395774972,0.9999892739310371
covtype_binary_20000,23,817,layer_1::c1: ka_concept_1.c6 IS HIGH,0.002818626118823886,6604.2682144010905,0.9999897007152012
covtype_binary_20000,23,818,layer_1::c1: ka_concept_1.c2 IS LOW,0.002816858934238553,6604.271031260025,0.9999901272317857
covtype_binary_20000,23,819,layer_1::c4: ka_concept_1.c6 IS HIGH,0.002720025135204196,6604.27375128516,0.9999905390862157
covtype_binary_20000,23,820,layer_1::c4: ka_concept_1.c2 IS LOW,0.0027075973339378834,6604.276458882494,0.9999909490588819
covtype_binary_20000,23,821,layer_1::c1: ka_concept_1.c8 IS HIGH,0.002637424971908331,6604.279096307466,0.9999913484063527
covtype_binary_20000,23,822,layer_1::c1: projection_4 IS LOW,0.0025847801007330418,6604.2816810875665,0.9999917397825651
covtype_binary_20000,23,823,layer_1::c4: ka_concept_1.c8 IS HIGH,0.0025274641811847687,6604.284208551748,0.9999921224802492
covtype_binary_20000,23,824,layer_1::c4: projection_4 IS LOW,0.0025006516370922327,6604.286709203385,0.9999925011180938
covtype_binary_20000,23,825,layer_0::c10: Soil_Type_10 IS present,0.0024880687706172466,6604.289197272155,0.9999928778506952
covtype_binary_20000,23,826,layer_1::c2: ka_concept_1.c10 IS MEDIUM,0.002070835093036294,6604.2912681072485,0.9999931914075796
covtype_binary_20000,23,827,layer_0::c4: Wilderness_Area_4 IS present,0.002020052634179592,6604.293288159883,0.9999934972752039
covtype_binary_20000,23,828,layer_1::c5: ka_concept_1.c10 IS MEDIUM,0.001974305370822549,6604.2952624652535,0.9999937962159757
covtype_binary_20000,23,829,layer_1::c0: projection_3 IS MEDIUM,0.001848533283919096,6604.297110998537,0.9999940761128826
covtype_binary_20000,23,830,layer_1::c3: ka_concept_1.c10 IS MEDIUM,0.0018074566032737494,6604.298918455141,0.9999943497901362
covtype_binary_20000,23,831,layer_1::c1: ka_concept_1.c0 IS LOW,0.0017645900370553136,6604.300683045178,0.9999946169767201
covtype_binary_20000,23,832,layer_1::c4: ka_concept_1.c0 IS LOW,0.001687105163000524,6604.302370150341,0.9999948724308798
covtype_binary_20000,23,833,layer_1::c0: projection_5 IS MEDIUM,0.0015261011430993676,6604.303896251484,0.9999951035065079
covtype_binary_20000,23,834,layer_1::c1: projection_0 IS MEDIUM,0.0014429804868996143,6604.305339231971,0.999995321996366
covtype_binary_20000,23,835,layer_1::c4: projection_0 IS MEDIUM,0.0013868518872186542,6604.306726083858,0.9999955319874746
covtype_binary_20000,23,836,layer_1::c2: projection_1 IS MEDIUM,0.0011068192543461919,6604.307832903112,0.9999956995772542
covtype_binary_20000,23,837,layer_1::c1: ka_concept_1.c0 IS MEDIUM,0.0010904796654358506,6604.308923382778,0.9999958646929641
covtype_binary_20000,23,838,layer_1::c1: ka_concept_1.c9 IS MEDIUM,0.001062176888808608,6604.3099855596665,0.99999602552319
covtype_binary_20000,23,839,layer_1::c1: ka_concept_1.c6 IS MEDIUM,0.0010518762283027172,6604.311037435895,0.9999961847937345
covtype_binary_20000,23,840,layer_1::c4: ka_concept_1.c0 IS MEDIUM,0.0010446925880387425,6604.312082128483,0.9999963429765634
covtype_binary_20000,23,841,layer_1::c4: ka_concept_1.c9 IS MEDIUM,0.0010130081791430712,6604.313095136662,0.9999964963618762
covtype_binary_20000,23,842,layer_1::c4: ka_concept_1.c6 IS MEDIUM,0.000999670708552003,6604.314094807371,0.9999966477276869
covtype_binary_20000,23,843,layer_1::c1: ka_concept_1.c0 IS HIGH,0.0009893490932881832,6604.315084156464,0.9999967975306434
covtype_binary_20000,23,844,layer_1::c4: ka_concept_1.c0 IS HIGH,0.000958633900154382,6604.316042790364,0.9999969426828382
covtype_binary_20000,23,845,layer_1::c3: projection_1 IS MEDIUM,0.0009296812932007015,6604.316972471657,0.9999970834511547
covtype_binary_20000,23,846,layer_0::c10: Wilderness_Area_2 IS present,0.0008961879066191614,6604.317868659564,0.9999972191480476
covtype_binary_20000,23,847,layer_0::c10: Wilderness_Area_2 IS present,0.0008961879066191614,6604.31876484747,0.9999973548449405
covtype_binary_20000,23,848,layer_1::c2: projection_5 IS MEDIUM,0.0008867290453054011,6604.319651576516,0.9999974891096136
covtype_binary_20000,23,849,layer_1::c5: projection_1 IS MEDIUM,0.0008721494814381003,6604.320523725997,0.9999976211667122
covtype_binary_20000,23,850,layer_1::c0: ka_concept_1.c10 IS MEDIUM,0.0007210408220998943,6604.321244766819,0.9999977303435919
covtype_binary_20000,23,851,layer_1::c1: projection_4 IS HIGH,0.0006642772350460291,6604.321909044054,0.9999978309255748
covtype_binary_20000,23,852,layer_1::c1: ka_concept_1.c6 IS LOW,0.0006348832976073027,6604.322543927352,0.9999979270568551
covtype_binary_20000,23,853,layer_1::c4: projection_4 IS HIGH,0.0006334887002594769,6604.323177416052,0.9999980229769715
covtype_binary_20000,23,854,layer_1::c1: ka_concept_1.c8 IS LOW,0.0006242092931643128,6604.323801625345,0.9999981174920403
covtype_binary_20000,23,855,layer_1::c4: ka_concept_1.c6 IS LOW,0.0006145384395495057,6604.324416163785,0.9999982105427903
covtype_binary_20000,23,856,layer_1::c4: ka_concept_1.c8 IS LOW,0.0005919330287724733,6604.325008096814,0.9999983001707268
covtype_binary_20000,23,857,layer_1::c1: projection_6 IS MEDIUM,0.0005908423336222768,6604.325598939147,0.999998389633515
covtype_binary_20000,23,858,layer_1::c4: projection_6 IS MEDIUM,0.0005689822137355804,6604.326167921361,0.9999984757863384
covtype_binary_20000,23,859,layer_1::c1: ka_concept_1.c9 IS HIGH,0.0005451386095955968,6604.326713059971,0.9999985583288665
covtype_binary_20000,23,860,layer_1::c4: ka_concept_1.c9 IS HIGH,0.0005177694256417453,6604.327230829396,0.9999986367272714
covtype_binary_20000,23,861,layer_1::c1: ka_concept_1.c8 IS MEDIUM,0.00044416124001145363,6604.327674990636,0.9999987039802434
covtype_binary_20000,23,862,layer_1::c4: ka_concept_1.c8 IS MEDIUM,0.00042644786299206316,6604.328101438499,0.9999987685511326
covtype_binary_20000,23,863,layer_1::c1: projection_0 IS HIGH,0.00041200785199180245,6604.328513446351,0.9999988309355777
covtype_binary_20000,23,864,layer_1::c1: ka_concept_1.c1 IS MEDIUM,0.00040795584209263325,6604.328921402193,0.9999988927064852
covtype_binary_20000,23,865,layer_1::c4: projection_0 IS HIGH,0.0003888097999151796,6604.329310211993,0.9999989515783818
covtype_binary_20000,23,866,layer_1::c4: ka_concept_1.c1 IS MEDIUM,0.0003865452599711716,6604.329696757253,0.9999990101073916
covtype_binary_20000,23,867,layer_1::c5: projection_7 IS HIGH,0.0003692608152050525,6604.3300660180685,0.9999990660192656
covtype_binary_20000,23,868,layer_1::c1: ka_concept_1.c7 IS MEDIUM,0.00036821706453338265,6604.330434235133,0.9999991217730992
covtype_binary_20000,23,869,layer_1::c4: ka_concept_1.c7 IS MEDIUM,0.00036193811683915555,6604.33079617325,0.999999176576202
covtype_binary_20000,23,870,"projection_layer::pursuit_5(Hillshade_9am, Wilderness_Area_1, Soil_Type_10, Soil_Type_32) IS HIGH",0.0003526554210111499,6604.331148828671,0.999999229973759
covtype_binary_20000,23,871,layer_1::c1: ka_concept_1.c2 IS HIGH,0.00031437151483260095,6604.331463200186,0.9999992775745328
covtype_binary_20000,23,872,layer_1::c4: ka_concept_1.c2 IS HIGH,0.00030183029593899846,6604.331765030482,0.9999993232763695
covtype_binary_20000,23,873,layer_1::c4: ka_concept_1.c5 IS LOW,0.0002960521378554404,6604.3320610826195,0.9999993681033025
covtype_binary_20000,23,874,layer_1::c1: projection_2 IS MEDIUM,0.00028800233849324286,6604.332349084958,0.9999994117113697
covtype_binary_20000,23,875,layer_1::c1: ka_concept_1.c5 IS LOW,0.0002875714562833309,6604.332636656414,0.9999994552541946
covtype_binary_20000,23,876,layer_1::c4: projection_2 IS MEDIUM,0.0002752026484813541,6604.332911859063,0.9999994969241882
covtype_binary_20000,23,877,layer_1::c0: projection_7 IS HIGH,0.0002619640144985169,6604.333173823077,0.9999995365896451
covtype_binary_20000,23,878,layer_1::c1: ka_concept_1.c5 IS MEDIUM,0.0002435215428704396,6604.33341734462,0.9999995734626228
covtype_binary_20000,23,879,layer_1::c4: ka_concept_1.c5 IS MEDIUM,0.00023617323313374072,6604.333653517853,0.9999996092229513
covtype_binary_20000,23,880,layer_1::c3: projection_7 IS HIGH,0.0002284016227349639,6604.333881919476,0.9999996438065362
covtype_binary_20000,23,881,layer_0::c10: Wilderness_Area_4 IS present,0.00020259793382138014,6604.33408451741,0.9999996744830383
covtype_binary_20000,23,882,layer_0::c10: Wilderness_Area_4 IS present,0.00020259793382138014,6604.334287115344,0.9999997051595403
covtype_binary_20000,23,883,layer_1::c1: ka_concept_1.c3 IS MEDIUM,0.0001854313159128651,6604.3344725466595,0.9999997332367473
covtype_binary_20000,23,884,layer_1::c4: ka_concept_1.c3 IS MEDIUM,0.00017639542056713253,6604.33464894208,0.9999997599457782
covtype_binary_20000,23,885,layer_1::c1: ka_concept_1.c2 IS MEDIUM,0.00014704804925713688,6604.334795990129,0.9999997822111572
covtype_binary_20000,23,886,layer_1::c4: ka_concept_1.c2 IS MEDIUM,0.00014279723109211773,6604.33493878736,0.9999998038328957
covtype_binary_20000,23,887,layer_1::c3: projection_3 IS HIGH,0.00013858781312592328,6604.335077375174,0.9999998248172624
covtype_binary_20000,23,888,layer_1::c1: ka_concept_1.c4 IS HIGH,0.00010340830340282992,6604.335180783477,0.9999998404749
covtype_binary_20000,23,889,layer_1::c2: projection_7 IS HIGH,9.756662620930001e-05,6604.335278350103,0.9999998552480162
covtype_binary_20000,23,890,layer_1::c4: ka_concept_1.c4 IS HIGH,9.751540346769616e-05,6604.335375865507,0.9999998700133763
covtype_binary_20000,23,891,layer_1::c1: ka_concept_1.c4 IS MEDIUM,8.127155160764232e-05,6604.335457137058,0.9999998823191628
covtype_binary_20000,23,892,layer_1::c1: projection_2 IS HIGH,8.122573490254581e-05,6604.335538362793,0.999999894618012
covtype_binary_20000,23,893,layer_1::c4: projection_2 IS HIGH,7.889744301792234e-05,6604.335617260236,0.9999999065643211
covtype_binary_20000,23,894,layer_1::c4: ka_concept_1.c4 IS MEDIUM,7.332538370974362e-05,6604.33569058562,0.9999999176669333
covtype_binary_20000,23,895,layer_1::c1: ka_concept_1.c11 IS MEDIUM,5.830716690979898e-05,6604.335748892787,0.9999999264955521
covtype_binary_20000,23,896,layer_1::c1: projection_3 IS MEDIUM,5.60921362193767e-05,6604.335804984923,0.9999999349887806
covtype_binary_20000,23,897,layer_1::c4: ka_concept_1.c11 IS MEDIUM,5.4716561862733215e-05,6604.335859701485,0.9999999432737254
covtype_binary_20000,23,898,layer_1::c4: projection_3 IS MEDIUM,5.3911644499748945e-05,6604.335913613129,0.9999999514367932
covtype_binary_20000,23,899,layer_1::c1: ka_concept_1.c1 IS HIGH,4.825982978218235e-05,6604.335961872959,0.9999999587440878
covtype_binary_20000,23,900,layer_1::c4: ka_concept_1.c1 IS HIGH,4.5434440835379064e-05,6604.3360073074,0.9999999656235741
covtype_binary_20000,23,901,layer_1::c1: ka_concept_1.c3 IS HIGH,3.1684612622484565e-05,6604.336038992013,0.999999970421121
covtype_binary_20000,23,902,layer_1::c4: ka_concept_1.c3 IS HIGH,3.028143873962108e-05,6604.336069273451,0.9999999750062053
covtype_binary_20000,23,903,layer_1::c1: ka_concept_1.c11 IS HIGH,2.5540504793752916e-05,6604.336094813956,0.999999978873438
covtype_binary_20000,23,904,layer_1::c4: ka_concept_1.c11 IS HIGH,2.4312474124599248e-05,6604.33611912643,0.9999999825547276
covtype_binary_20000,23,905,layer_1::c2: projection_3 IS HIGH,1.883767436083872e-05,6604.336137964105,0.9999999854070466
covtype_binary_20000,23,906,layer_1::c0: projection_3 IS HIGH,1.865970261860639e-05,6604.336156623807,0.999999988232418
covtype_binary_20000,23,907,layer_1::c4: ka_concept_1.c7 IS HIGH,1.2816861271858215e-05,6604.3361694406685,0.9999999901730917
covtype_binary_20000,23,908,layer_1::c1: projection_7 IS MEDIUM,9.872520422504749e-06,6604.336179313189,0.999999991667946
covtype_binary_20000,23,909,layer_1::c4: projection_7 IS MEDIUM,9.54405368247535e-06,6604.336188857243,0.9999999931130653
covtype_binary_20000,23,910,layer_1::c1: ka_concept_1.c7 IS HIGH,7.343760444200598e-06,6604.336196201003,0.9999999942250257
covtype_binary_20000,23,911,layer_1::c0: projection_5 IS HIGH,7.188650215539383e-06,6604.336203389654,0.9999999953135
covtype_binary_20000,23,912,layer_1::c5: projection_3 IS HIGH,3.522565293678781e-06,6604.3362069122195,0.9999999958468717
covtype_binary_20000,23,913,layer_1::c1: projection_5 IS MEDIUM,3.1111653697735164e-06,6604.336210023384,0.9999999963179508
covtype_binary_20000,23,914,layer_1::c3: projection_5 IS HIGH,2.9732100301771425e-06,6604.336212996594,0.9999999967681414
covtype_binary_20000,23,915,layer_1::c4: projection_5 IS MEDIUM,2.966973852380761e-06,6604.336215963568,0.9999999972173877
covtype_binary_20000,23,916,layer_1::c0: projection_1 IS HIGH,2.6551124392426573e-06,6604.3362186186805,0.9999999976194134
covtype_binary_20000,23,917,layer_1::c3: projection_1 IS HIGH,2.307788236066699e-06,6604.336220926469,0.9999999979688486
covtype_binary_20000,23,918,layer_1::c5: projection_5 IS HIGH,1.9196124867448816e-06,6604.336222846081,0.999999998259508
covtype_binary_20000,23,919,layer_1::c2: projection_5 IS HIGH,1.8164491848438047e-06,6604.33622466253,0.9999999985345469
covtype_binary_20000,23,920,layer_1::c0: ka_concept_1.c10 IS HIGH,1.2621994756045751e-06,6604.33622592473,0.9999999987256637
covtype_binary_20000,23,921,layer_1::c5: projection_1 IS HIGH,1.1110382729384582e-06,6604.336227035768,0.9999999988938924
covtype_binary_20000,23,922,layer_1::c1: ka_concept_1.c10 IS MEDIUM,1.0348665000492474e-06,6604.336228070635,0.9999999990505873
covtype_binary_20000,23,923,layer_1::c4: ka_concept_1.c10 IS MEDIUM,1.0205956186837284e-06,6604.336229091231,0.9999999992051216
covtype_binary_20000,23,924,layer_1::c3: ka_concept_1.c10 IS HIGH,8.565070857002866e-07,6604.336229947738,0.9999999993348101
covtype_binary_20000,23,925,layer_1::c2: projection_1 IS HIGH,8.494852181684109e-07,6604.336230797223,0.9999999994634355
covtype_binary_20000,23,926,layer_1::c4: projection_1 IS MEDIUM,7.458717732333753e-07,6604.336231543095,0.9999999995763722
covtype_binary_20000,23,927,layer_1::c1: projection_1 IS MEDIUM,7.330570497288136e-07,6604.336232276152,0.9999999996873685
covtype_binary_20000,23,928,layer_1::c1: projection_6 IS HIGH,6.664824354629673e-07,6604.3362329426345,0.9999999997882845
covtype_binary_20000,23,929,layer_1::c4: projection_6 IS HIGH,6.300353447841189e-07,6604.33623357267,0.9999999998836816
covtype_binary_20000,23,930,layer_1::c2: ka_concept_1.c10 IS HIGH,4.854517214880616e-07,6604.336234058122,0.9999999999571867
covtype_binary_20000,23,931,layer_1::c5: ka_concept_1.c10 IS HIGH,1.821694297632348e-07,6604.336234240291,0.99999999998477
covtype_binary_20000,23,932,layer_1::c1: projection_7 IS HIGH,3.900144207591438e-08,6604.3362342792925,0.9999999999906753
covtype_binary_20000,23,933,layer_1::c4: projection_7 IS HIGH,3.591330255403591e-08,6604.336234315206,0.9999999999961132
covtype_binary_20000,23,934,layer_1::c1: projection_3 IS HIGH,1.3190153858033682e-08,6604.336234328396,0.9999999999981105
covtype_binary_20000,23,935,layer_1::c4: projection_3 IS HIGH,1.2155112472100882e-08,6604.3362343405515,0.9999999999999509
covtype_binary_20000,23,936,layer_1::c1: projection_1 IS HIGH,3.233602274832492e-10,6604.336234340875,1.0
covtype_binary_20000,29,1,layer_0::c9: Elevation IS LOW,126.9610595703125,126.9610595703125,0.02167667739333902
covtype_binary_20000,29,2,layer_0::c6: Elevation IS MEDIUM,80.16378021240234,207.12483978271484,0.03536342834024987
covtype_binary_20000,29,3,layer_0::c4: Elevation IS HIGH,79.21365356445312,286.33849334716797,0.048887959556952784
covtype_binary_20000,29,4,layer_0::c6: Elevation IS LOW,76.50645446777344,362.8449478149414,0.06195027754341903
covtype_binary_20000,29,5,layer_0::c9: Elevation IS MEDIUM,70.25318908691406,433.09813690185547,0.07394494520643508
covtype_binary_20000,29,6,layer_0::c10: Elevation IS LOW,69.60253143310547,502.70066833496094,0.08582852293287647
covtype_binary_20000,29,7,layer_0::c7: Elevation IS LOW,67.53897857666016,570.2396469116211,0.09735978027301474
covtype_binary_20000,29,8,layer_0::c5: Elevation IS MEDIUM,64.37690734863281,634.6165542602539,0.10835116185804601
covtype_binary_20000,29,9,layer_0::c9: Horizontal_Distance_To_Roadways IS MEDIUM,61.39706039428711,696.013614654541,0.1188337797219057
covtype_binary_20000,29,10,layer_0::c7: Horizontal_Distance_To_Roadways IS HIGH,60.31498718261719,756.3286018371582,0.12913164997886353
covtype_binary_20000,29,11,layer_0::c11: Aspect IS LOW,57.53205108642578,813.860652923584,0.1389543760603743
covtype_binary_20000,29,12,layer_0::c7: Elevation IS MEDIUM,54.1712646484375,868.0319175720215,0.14820329877531946
covtype_binary_20000,29,13,layer_0::c10: Horizontal_Distance_To_Fire_Points IS MEDIUM,52.591712951660156,920.6236305236816,0.1571825369690971
covtype_binary_20000,29,14,"projection_layer::pursuit_7(Aspect, Soil_Type_39, Soil_Type_2, Soil_Type_5) IS HIGH",48.276302337646484,968.8999328613281,0.16542498418132215
covtype_binary_20000,29,15,layer_0::c8: Elevation IS MEDIUM,47.72421646118164,1016.6241493225098,0.1735731710945386
covtype_binary_20000,29,16,layer_0::c10: Horizontal_Distance_To_Roadways IS MEDIUM,44.3869743347168,1061.0111236572266,0.1811515744756731
covtype_binary_20000,29,17,layer_0::c8: Horizontal_Distance_To_Hydrology IS LOW,44.185306549072266,1105.1964302062988,0.18869554613778414
covtype_binary_20000,29,18,layer_0::c7: Horizontal_Distance_To_Fire_Points IS LOW,43.12279510498047,1148.3192253112793,0.19605811006843596
covtype_binary_20000,29,19,layer_0::c0: Hillshade_Noon IS MEDIUM,42.88639450073242,1191.2056198120117,0.20338031217750865
covtype_binary_20000,29,20,layer_0::c9: Horizontal_Distance_To_Fire_Points IS HIGH,42.43134689331055,1233.6369667053223,0.21062482180182987
covtype_binary_20000,29,21,layer_0::c4: Elevation IS LOW,41.57245635986328,1275.2094230651855,0.21772268888021823
covtype_binary_20000,29,22,layer_0::c5: Elevation IS LOW,40.47611999511719,1315.6855430603027,0.22463337313441134
covtype_binary_20000,29,23,layer_0::c2: Hillshade_9am IS MEDIUM,38.37767791748047,1354.0632209777832,0.23118578019637334
covtype_binary_20000,29,24,layer_0::c0: Horizontal_Distance_To_Roadways IS MEDIUM,37.04145431518555,1391.1046752929688,0.23751004732274927
covtype_binary_20000,29,25,layer_0::c2: Horizontal_Distance_To_Fire_Points IS LOW,35.8105583190918,1426.9152336120605,0.2436241576065281
covtype_binary_20000,29,26,layer_0::c11: Horizontal_Distance_To_Hydrology IS LOW,35.71669387817383,1462.6319274902344,0.24972224195911694
covtype_binary_20000,29,27,layer_0::c8: Horizontal_Distance_To_Roadways IS MEDIUM,35.4101448059082,1498.0420722961426,0.2557679877019996
covtype_binary_20000,29,28,layer_0::c7: Horizontal_Distance_To_Roadways IS LOW,35.22412109375,1533.2661933898926,0.2617819727143905
covtype_binary_20000,29,29,layer_0::c7: Elevation IS HIGH,34.92317581176758,1568.1893692016602,0.2677445758793657
covtype_binary_20000,29,30,layer_0::c0: Horizontal_Distance_To_Hydrology IS HIGH,34.837886810302734,1603.027256011963,0.27369261723951493
covtype_binary_20000,29,31,layer_0::c6: Horizontal_Distance_To_Fire_Points IS LOW,33.6844367980957,1636.7116928100586,0.2794437244854675
covtype_binary_20000,29,32,layer_0::c6: Horizontal_Distance_To_Fire_Points IS HIGH,33.30202865600586,1670.0137214660645,0.2851295413348471
covtype_binary_20000,29,33,layer_0::c11: Horizontal_Distance_To_Roadways IS HIGH,33.066925048828125,1703.0806465148926,0.2907752178052471
covtype_binary_20000,29,34,layer_0::c0: Horizontal_Distance_To_Roadways IS LOW,32.993896484375,1736.0745429992676,0.2964084257546888
covtype_binary_20000,29,35,layer_0::c10: Horizontal_Distance_To_Roadways IS HIGH,32.1375617980957,1768.2121047973633,0.301895427530379
covtype_binary_20000,29,36,layer_0::c11: Soil_Type_31 IS absent,32.002906799316406,1800.2150115966797,0.30735943900512325
covtype_binary_20000,29,37,layer_0::c8: Soil_Type_32 IS absent,31.899662017822266,1832.114673614502,0.3128058229976413
covtype_binary_20000,29,38,"projection_layer::pursuit_7(Aspect, Soil_Type_39, Soil_Type_2, Soil_Type_5) IS MEDIUM",31.067140579223633,1863.1818141937256,0.31811006656766594
covtype_binary_20000,29,39,layer_0::c8: Soil_Type_24 IS absent,30.379859924316406,1893.561674118042,0.32329696737853647
covtype_binary_20000,29,40,layer_0::c1: Soil_Type_22 IS absent,29.878921508789062,1923.440595626831,0.32839834054444195
covtype_binary_20000,29,41,layer_0::c8: Horizontal_Distance_To_Roadways IS HIGH,29.556358337402344,1952.9969539642334,0.3334446409358386
covtype_binary_20000,29,42,layer_0::c4: Hillshade_3pm IS LOW,29.30722427368164,1982.304178237915,0.33844840546036986
covtype_binary_20000,29,43,layer_0::c9: Horizontal_Distance_To_Fire_Points IS LOW,29.018434524536133,2011.3226127624512,0.34340286351055443
covtype_binary_20000,29,44,layer_0::c4: Hillshade_3pm IS MEDIUM,28.75749397277832,2040.0801067352295,0.348312769914916
covtype_binary_20000,29,45,layer_0::c4: Elevation IS MEDIUM,28.40194320678711,2068.4820499420166,0.3531619714127698
covtype_binary_20000,29,46,layer_0::c2: Hillshade_Noon IS MEDIUM,28.0740909576416,2096.556140899658,0.3579551971062197
covtype_binary_20000,29,47,layer_0::c10: Horizontal_Distance_To_Roadways IS LOW,27.338327407836914,2123.894468307495,0.3626228023207538
covtype_binary_20000,29,48,layer_0::c9: Horizontal_Distance_To_Roadways IS HIGH,27.132266998291016,2151.026735305786,0.3672552258422838
covtype_binary_20000,29,49,layer_0::c4: Wilderness_Area_1 IS absent,26.34597396850586,2177.372709274292,0.3717534017417401
covtype_binary_20000,29,50,layer_0::c6: Soil_Type_2 IS absent,26.324621200561523,2203.6973304748535,0.37624793197957573
covtype_binary_20000,29,51,layer_0::c4: Wilderness_Area_1 IS absent,26.304332733154297,2230.001663208008,0.38073899826898283
covtype_binary_20000,29,52,layer_0::c7: Hillshade_9am IS HIGH,26.07980728149414,2256.081470489502,0.38519173023920017
covtype_binary_20000,29,53,layer_0::c1: Horizontal_Distance_To_Roadways IS MEDIUM,25.858064651489258,2281.939535140991,0.3896066030148642
covtype_binary_20000,29,54,layer_0::c11: Horizontal_Distance_To_Roadways IS LOW,25.760210037231445,2307.6997451782227,0.3940047685976938
covtype_binary_20000,29,55,layer_0::c11: Horizontal_Distance_To_Roadways IS MEDIUM,25.301618576049805,2333.0013637542725,0.3983246366364337
covtype_binary_20000,29,56,layer_0::c6: Elevation IS HIGH,25.07421875,2358.0755825042725,0.4026056796001052
covtype_binary_20000,29,57,"projection_layer::pursuit_6(Horizontal_Distance_To_Roadways, Soil_Type_38, Wilderness_Area_2, Soil_Type_18) IS HIGH",25.043861389160156,2383.1194438934326,0.4068815395043436
covtype_binary_20000,29,58,layer_0::c4: Vertical_Distance_To_Hydrology IS LOW,24.842609405517578,2407.96205329895,0.4111230386814507
covtype_binary_20000,29,59,layer_0::c0: Elevation IS LOW,24.575593948364258,2432.5376472473145,0.4153189490146767
covtype_binary_20000,29,60,layer_0::c5: Soil_Type_32 IS absent,24.385629653930664,2456.923276901245,0.41948242582268924
covtype_binary_20000,29,61,layer_0::c4: Hillshade_Noon IS HIGH,24.381315231323242,2481.3045921325684,0.4236451660084074
covtype_binary_20000,29,62,layer_0::c0: Elevation IS MEDIUM,24.300310134887695,2505.604902267456,0.4277940758011799
covtype_binary_20000,29,63,layer_0::c2: Hillshade_Noon IS LOW,24.232778549194336,2529.8376808166504,0.43193145559883517
covtype_binary_20000,29,64,layer_0::c1: Soil_Type_38 IS absent,24.09703826904297,2553.9347190856934,0.4360456598001927
covtype_binary_20000,29,65,layer_0::c1: Soil_Type_4 IS absent,23.851442337036133,2577.7861614227295,0.4401179322170705
covtype_binary_20000,29,66,layer_0::c3: Horizontal_Distance_To_Hydrology IS LOW,23.480327606201172,2601.2664890289307,0.44412684241624584
covtype_binary_20000,29,67,layer_0::c11: Hillshade_9am IS HIGH,23.430936813354492,2624.697425842285,0.4481273198858397
covtype_binary_20000,29,68,layer_0::c1: Horizontal_Distance_To_Hydrology IS HIGH,23.17269515991211,2647.8701210021973,0.4520837065056081
covtype_binary_20000,29,69,layer_0::c4: Soil_Type_32 IS absent,22.762910842895508,2670.633031845093,0.45597012866169856
covtype_binary_20000,29,70,layer_0::c6: Horizontal_Distance_To_Roadways IS HIGH,22.523115158081055,2693.156147003174,0.4598156093376405
covtype_binary_20000,29,71,layer_0::c6: Horizontal_Distance_To_Roadways IS LOW,22.486526489257812,2715.6426734924316,0.4636548430527188
covtype_binary_20000,29,72,layer_0::c3: Horizontal_Distance_To_Hydrology IS MEDIUM,22.116914749145508,2737.759588241577,0.4674309711629895
covtype_binary_20000,29,73,layer_0::c10: Aspect IS MEDIUM,22.096702575683594,2759.8562908172607,0.47120364835086687
covtype_binary_20000,29,74,"projection_layer::pursuit_4(Horizontal_Distance_To_Hydrology, Soil_Type_22, Soil_Type_30, Soil_Type_35) IS LOW",21.686656951904297,2781.542947769165,0.4749063164608955
covtype_binary_20000,29,75,layer_0::c0: Horizontal_Distance_To_Fire_Points IS HIGH,21.685274124145508,2803.2282218933105,0.4786087484740349
covtype_binary_20000,29,76,layer_0::c9: Hillshade_Noon IS HIGH,21.648576736450195,2824.8767986297607,0.4823049149642105
covtype_binary_20000,29,77,layer_0::c1: Horizontal_Distance_To_Roadways IS LOW,21.45123863220215,2846.328037261963,0.48596738896286407
covtype_binary_20000,29,78,layer_0::c7: Soil_Type_13 IS absent,21.246809005737305,2867.5748462677,0.4895949597000175
covtype_binary_20000,29,79,layer_0::c10: Horizontal_Distance_To_Fire_Points IS LOW,21.026124954223633,2888.600971221924,0.4931848519788569
covtype_binary_20000,29,80,layer_0::c1: Hillshade_Noon IS HIGH,21.01202392578125,2909.612995147705,0.496772336720728
covtype_binary_20000,29,81,layer_0::c9: Slope IS HIGH,20.838510513305664,2930.4515056610107,0.5003301966762403
covtype_binary_20000,29,82,layer_0::c11: Hillshade_Noon IS MEDIUM,20.3397159576416,2950.7912216186523,0.5038028950183786
covtype_binary_20000,29,83,layer_0::c7: Horizontal_Distance_To_Fire_Points IS HIGH,20.286951065063477,2971.078172683716,0.5072665845545257
covtype_binary_20000,29,84,layer_0::c10: Elevation IS MEDIUM,20.003942489624023,2991.08211517334,0.5106819546641486
covtype_binary_20000,29,85,layer_0::c8: Horizontal_Distance_To_Fire_Points IS MEDIUM,19.42119789123535,3010.503313064575,0.5139978299624903
covtype_binary_20000,29,86,layer_0::c11: Horizontal_Distance_To_Fire_Points IS MEDIUM,19.106786727905273,3029.6100997924805,0.5172600243181917
covtype_binary_20000,29,87,layer_0::c2: Hillshade_3pm IS HIGH,18.920005798339844,3048.5301055908203,0.5204903286600012
covtype_binary_20000,29,88,layer_0::c4: Vertical_Distance_To_Hydrology IS MEDIUM,18.608667373657227,3067.1387729644775,0.5236674766827406
covtype_binary_20000,29,89,layer_0::c0: Vertical_Distance_To_Hydrology IS MEDIUM,18.247825622558594,3085.386598587036,0.5267830164434264
covtype_binary_20000,29,90,layer_0::c2: Vertical_Distance_To_Hydrology IS LOW,18.109525680541992,3103.496124267578,0.5298749435843314
covtype_binary_20000,29,91,layer_0::c1: Soil_Type_39 IS absent,18.013778686523438,3121.5099029541016,0.5329505233766261
covtype_binary_20000,29,92,layer_0::c0: Vertical_Distance_To_Hydrology IS LOW,17.94660758972168,3139.4565105438232,0.5360146347218201
covtype_binary_20000,29,93,layer_0::c10: Aspect IS LOW,17.849855422973633,3157.306365966797,0.5390622271003892
covtype_binary_20000,29,94,layer_0::c10: Vertical_Distance_To_Hydrology IS LOW,17.59092140197754,3174.8972873687744,0.5420656104178628
covtype_binary_20000,29,95,layer_0::c8: Horizontal_Distance_To_Roadways IS LOW,17.524507522583008,3192.4217948913574,0.5450576545716358
covtype_binary_20000,29,96,layer_0::c10: Soil_Type_24 IS absent,17.33005142211914,3209.7518463134766,0.548016498292369
covtype_binary_20000,29,97,layer_0::c9: Slope IS LOW,17.195920944213867,3226.9477672576904,0.5509524412661486
covtype_binary_20000,29,98,layer_0::c10: Soil_Type_33 IS absent,17.188003540039062,3244.1357707977295,0.5538870324631184
covtype_binary_20000,29,99,layer_0::c7: Wilderness_Area_3 IS absent,17.142658233642578,3261.278429031372,0.5568138816360267
covtype_binary_20000,29,100,layer_0::c4: Hillshade_Noon IS LOW,17.099878311157227,3278.3783073425293,0.5597334267853096
covtype_binary_20000,29,101,layer_0::c2: Vertical_Distance_To_Hydrology IS MEDIUM,17.06374168395996,3295.4420490264893,0.5626468021529878
covtype_binary_20000,29,102,layer_0::c4: Hillshade_9am IS LOW,16.940824508666992,3312.3828735351562,0.565539191275246
covtype_binary_20000,29,103,layer_0::c5: Hillshade_Noon IS LOW,16.894023895263672,3329.27689743042,0.56842358990182
covtype_binary_20000,29,104,layer_0::c9: Horizontal_Distance_To_Hydrology IS MEDIUM,16.862945556640625,3346.1398429870605,0.5713026823729277
covtype_binary_20000,29,105,layer_0::c5: Horizontal_Distance_To_Roadways IS LOW,16.782018661499023,3362.9218616485596,0.5741679578027759
covtype_binary_20000,29,106,layer_0::c5: Hillshade_Noon IS HIGH,16.75629997253418,3379.6781616210938,0.5770288421561353
covtype_binary_20000,29,107,layer_0::c7: Wilderness_Area_3 IS absent,16.486345291137695,3396.1645069122314,0.5798436358376047
covtype_binary_20000,29,108,layer_0::c2: Soil_Type_29 IS absent,16.471702575683594,3412.636209487915,0.5826559294972554
covtype_binary_20000,29,109,layer_0::c4: Wilderness_Area_3 IS present,16.40489387512207,3429.041103363037,0.5854568165834729
covtype_binary_20000,29,110,layer_0::c4: Wilderness_Area_3 IS present,16.402978897094727,3445.444082260132,0.5882573767162053
covtype_binary_20000,29,111,layer_0::c7: Soil_Type_32 IS absent,16.391088485717773,3461.8351707458496,0.5910559067413411
covtype_binary_20000,29,112,layer_0::c2: Wilderness_Area_1 IS absent,16.121715545654297,3477.956886291504,0.593808445418106
covtype_binary_20000,29,113,layer_0::c8: Horizontal_Distance_To_Hydrology IS HIGH,16.099328994750977,3494.056215286255,0.5965571619304723
covtype_binary_20000,29,114,layer_0::c0: Aspect IS MEDIUM,16.001462936401367,3510.0576782226562,0.5992891692960988
covtype_binary_20000,29,115,layer_0::c1: Aspect IS MEDIUM,15.853261947631836,3525.910940170288,0.6019958735882176
covtype_binary_20000,29,116,layer_0::c2: Wilderness_Area_1 IS absent,15.79240608215332,3541.7033462524414,0.604692187663305
covtype_binary_20000,29,117,layer_0::c1: Horizontal_Distance_To_Hydrology IS MEDIUM,15.732405662536621,3557.435751914978,0.6073782575757815
covtype_binary_20000,29,118,layer_0::c2: Horizontal_Distance_To_Hydrology IS LOW,15.48052978515625,3572.9162817001343,0.6100213234982501
covtype_binary_20000,29,119,layer_0::c8: Aspect IS MEDIUM,15.443510055541992,3588.3597917556763,0.612658068862756
covtype_binary_20000,29,120,layer_0::c10: Hillshade_Noon IS HIGH,15.237062454223633,3603.5968542099,0.6152595664271288
covtype_binary_20000,29,121,layer_0::c7: Wilderness_Area_1 IS present,15.054473876953125,3618.651328086853,0.6178298897582478
covtype_binary_20000,29,122,layer_0::c7: Horizontal_Distance_To_Roadways IS MEDIUM,14.871550559997559,3633.5228786468506,0.6203689817043831
covtype_binary_20000,29,123,layer_0::c8: Soil_Type_30 IS absent,14.864285469055176,3648.3871641159058,0.6229068332463102
covtype_binary_20000,29,124,layer_0::c4: Wilderness_Area_2 IS absent,14.704059600830078,3663.091223716736,0.6254173286487458
covtype_binary_20000,29,125,layer_0::c4: Soil_Type_29 IS absent,14.455933570861816,3677.5471572875977,0.627885460290807
covtype_binary_20000,29,126,layer_0::c4: Slope IS LOW,14.410304069519043,3691.9574613571167,0.6303458013868255
covtype_binary_20000,29,127,layer_0::c9: Elevation IS HIGH,14.404241561889648,3706.3617029190063,0.6328051074015165
covtype_binary_20000,29,128,layer_0::c9: Hillshade_Noon IS LOW,14.15495777130127,3720.5166606903076,0.6352218519857479
covtype_binary_20000,29,129,layer_0::c8: Slope IS HIGH,14.140169143676758,3734.6568298339844,0.6376360716358681
covtype_binary_20000,29,130,layer_0::c5: Slope IS LOW,14.018251419067383,3748.6750812530518,0.6400294756816303
covtype_binary_20000,29,131,layer_0::c7: Hillshade_3pm IS MEDIUM,13.932153701782227,3762.607234954834,0.6424081798465927
covtype_binary_20000,29,132,layer_0::c4: Aspect IS LOW,13.832657814025879,3776.43989276886,0.6447698965961369
covtype_binary_20000,29,133,layer_0::c11: Vertical_Distance_To_Hydrology IS MEDIUM,13.66441535949707,3790.104308128357,0.647102888495534
covtype_binary_20000,29,134,layer_0::c5: Soil_Type_13 IS absent,13.65999698638916,3803.764305114746,0.6494351260246636
covtype_binary_20000,29,135,layer_0::c7: Hillshade_9am IS MEDIUM,13.636693000793457,3817.4009981155396,0.6517633847513206
covtype_binary_20000,29,136,layer_0::c0: Elevation IS HIGH,13.615991592407227,3831.016989707947,0.6540881090261331
covtype_binary_20000,29,137,layer_0::c8: Elevation IS LOW,13.450003623962402,3844.466993331909,0.6563844933701407
covtype_binary_20000,29,138,layer_0::c8: Soil_Type_2 IS absent,13.320961952209473,3857.7879552841187,0.6586588458037471
covtype_binary_20000,29,139,"projection_layer::pursuit_3(Slope, Soil_Type_12, Soil_Type_13, Soil_Type_1) IS LOW",13.221460342407227,3871.009415626526,0.6609162098449827
covtype_binary_20000,29,140,layer_0::c11: Aspect IS HIGH,12.9639310836792,3883.973346710205,0.6631296046669971
covtype_binary_20000,29,141,layer_0::c11: Hillshade_9am IS LOW,12.840909004211426,3896.8142557144165,0.665321995332793
covtype_binary_20000,29,142,layer_0::c5: Soil_Type_29 IS absent,12.632627487182617,3909.446883201599,0.6674788250851331
covtype_binary_20000,29,143,layer_0::c5: Hillshade_9am IS LOW,12.51945686340332,3921.9663400650024,0.6696163326680589
covtype_binary_20000,29,144,layer_0::c5: Wilderness_Area_2 IS absent,12.502984046936035,3934.4693241119385,0.6717510277671447
covtype_binary_20000,29,145,layer_0::c2: Aspect IS LOW,12.470122337341309,3946.93944644928,0.6738801122271898
covtype_binary_20000,29,146,layer_0::c2: Horizontal_Distance_To_Fire_Points IS MEDIUM,12.442469596862793,3959.3819160461426,0.6760044754007521
covtype_binary_20000,29,147,layer_0::c10: Wilderness_Area_2 IS absent,12.401106834411621,3971.783022880554,0.6781217765092941
covtype_binary_20000,29,148,layer_0::c11: Hillshade_Noon IS LOW,12.218284606933594,3984.001307487488,0.6802078634923491
covtype_binary_20000,29,149,layer_0::c8: Horizontal_Distance_To_Fire_Points IS HIGH,12.207950592041016,3996.209258079529,0.6822921860989271
covtype_binary_20000,29,150,"projection_layer::pursuit_6(Horizontal_Distance_To_Roadways, Soil_Type_38, Wilderness_Area_2, Soil_Type_18) IS LOW",11.977677345275879,4008.1869354248047,0.6843371930373833
covtype_binary_20000,29,151,layer_0::c5: Hillshade_9am IS HIGH,11.977579116821289,4020.164514541626,0.6863821832048191
covtype_binary_20000,29,152,layer_0::c9: Horizontal_Distance_To_Roadways IS LOW,11.940766334533691,4032.1052808761597,0.6884208881474129
covtype_binary_20000,29,153,layer_0::c6: Hillshade_3pm IS MEDIUM,11.900601387023926,4044.0058822631836,0.6904527355337399
covtype_binary_20000,29,154,layer_0::c10: Hillshade_Noon IS MEDIUM,11.890358924865723,4055.8962411880493,0.692482834174832
covtype_binary_20000,29,155,layer_0::c5: Wilderness_Area_2 IS absent,11.832191467285156,4067.7284326553345,0.6945030016038107
covtype_binary_20000,29,156,layer_0::c4: Slope IS HIGH,11.564584732055664,4079.29301738739,0.6964774792371348
covtype_binary_20000,29,157,layer_0::c7: Hillshade_9am IS LOW,11.536806106567383,4090.8298234939575,0.6984472140910177
covtype_binary_20000,29,158,layer_0::c11: Aspect IS MEDIUM,11.378050804138184,4102.207874298096,0.7003898438822392
covtype_binary_20000,29,159,layer_0::c5: Elevation IS HIGH,11.298660278320312,4113.506534576416,0.7023189189439863
covtype_binary_20000,29,160,layer_0::c1: Soil_Type_29 IS absent,11.193883895874023,4124.70041847229,0.7042301050258493
covtype_binary_20000,29,161,layer_0::c9: Horizontal_Distance_To_Hydrology IS LOW,11.017938613891602,4135.718357086182,0.7061112511164793
covtype_binary_20000,29,162,layer_0::c6: Hillshade_9am IS HIGH,10.996390342712402,4146.714747428894,0.7079887181662734
covtype_binary_20000,29,163,layer_0::c2: Soil_Type_23 IS absent,10.896538734436035,4157.61128616333,0.7098491370667598
covtype_binary_20000,29,164,layer_0::c5: Hillshade_9am IS MEDIUM,10.782122611999512,4168.39340877533,0.711690021147806
covtype_binary_20000,29,165,layer_0::c11: Soil_Type_24 IS absent,10.651013374328613,4179.044422149658,0.7135085203128952
covtype_binary_20000,29,166,layer_0::c9: Soil_Type_24 IS absent,10.640816688537598,4189.685238838196,0.7153252785483709
covtype_binary_20000,29,167,layer_0::c7: Soil_Type_33 IS absent,10.590727806091309,4200.275966644287,0.7171334848660424
covtype_binary_20000,29,168,layer_0::c7: Wilderness_Area_1 IS absent,10.50737190246582,4210.783338546753,0.7189274594260566
covtype_binary_20000,29,169,layer_0::c0: Horizontal_Distance_To_Fire_Points IS LOW,10.505695343017578,4221.2890338897705,0.7207211477389458
covtype_binary_20000,29,170,layer_0::c7: Slope IS LOW,10.417132377624512,4231.706166267395,0.7224997152672706
covtype_binary_20000,29,171,layer_0::c4: Hillshade_3pm IS HIGH,10.304091453552246,4242.010257720947,0.7242589827704409
covtype_binary_20000,29,172,layer_0::c8: Hillshade_3pm IS MEDIUM,10.268773078918457,4252.279030799866,0.7260122201962348
covtype_binary_20000,29,173,layer_0::c4: Soil_Type_40 IS absent,10.257241249084473,4262.53627204895,0.727763488736798
covtype_binary_20000,29,174,layer_0::c7: Hillshade_3pm IS HIGH,10.256461143493652,4272.792733192444,0.7295146240861505
covtype_binary_20000,29,175,"projection_layer::pursuit_2(Hillshade_Noon, Wilderness_Area_4, Soil_Type_23, Soil_Type_11) IS MEDIUM",10.105512619018555,4282.898245811462,0.7312399872619002
covtype_binary_20000,29,176,layer_0::c2: Horizontal_Distance_To_Fire_Points IS HIGH,10.024988174438477,4292.923233985901,0.7329516021087265
covtype_binary_20000,29,177,layer_0::c8: Elevation IS HIGH,9.909005165100098,4302.832239151001,0.7346434146139131
covtype_binary_20000,29,178,"projection_layer::pursuit_2(Hillshade_Noon, Wilderness_Area_4, Soil_Type_23, Soil_Type_11) IS LOW",9.898317337036133,4312.730556488037,0.7363334023343843
covtype_binary_20000,29,179,layer_0::c0: Wilderness_Area_4 IS absent,9.777924537658691,4322.508481025696,0.7380028348083773
covtype_binary_20000,29,180,layer_0::c8: Slope IS LOW,9.768614768981934,4332.277095794678,0.7396706777804167
covtype_binary_20000,29,181,layer_0::c1: Hillshade_9am IS LOW,9.752058029174805,4342.0291538238525,0.7413356939399776
covtype_binary_20000,29,182,layer_0::c8: Wilderness_Area_3 IS absent,9.681570053100586,4351.710723876953,0.7429886753455546
covtype_binary_20000,29,183,layer_0::c3: Soil_Type_4 IS absent,9.552051544189453,4361.262775421143,0.74461954342801
covtype_binary_20000,29,184,layer_0::c3: Vertical_Distance_To_Hydrology IS LOW,9.501585006713867,4370.764360427856,0.7462417951137865
covtype_binary_20000,29,185,"projection_layer::pursuit_6(Horizontal_Distance_To_Roadways, Soil_Type_38, Wilderness_Area_2, Soil_Type_18) IS MEDIUM",9.381206512451172,4380.145566940308,0.7478434939954667
covtype_binary_20000,29,186,layer_0::c5: Wilderness_Area_3 IS absent,9.377241134643555,4389.522808074951,0.7494445158489638
covtype_binary_20000,29,187,layer_0::c3: Slope IS LOW,9.221896171569824,4398.744704246521,0.7510190149035757
covtype_binary_20000,29,188,layer_0::c9: Aspect IS MEDIUM,9.160456657409668,4407.905160903931,0.7525830240919865
covtype_binary_20000,29,189,layer_0::c5: Wilderness_Area_1 IS absent,9.07301139831543,4416.978172302246,0.7541321033272496
covtype_binary_20000,29,190,layer_0::c8: Horizontal_Distance_To_Fire_Points IS LOW,8.871349334716797,4425.849521636963,0.7556467518204418
covtype_binary_20000,29,191,layer_0::c10: Wilderness_Area_2 IS absent,8.861406326293945,4434.710927963257,0.7571597026955879
covtype_binary_20000,29,192,layer_0::c5: Soil_Type_40 IS absent,8.839861869812012,4443.550789833069,0.7586689751811997
covtype_binary_20000,29,193,layer_0::c8: Wilderness_Area_3 IS absent,8.791053771972656,4452.3418436050415,0.7601699144235743
covtype_binary_20000,29,194,layer_0::c5: Soil_Type_2 IS absent,8.761530876159668,4461.103374481201,0.7616658130787766
covtype_binary_20000,29,195,layer_0::c7: Wilderness_Area_2 IS absent,8.70690631866455,4469.810280799866,0.763152385418378
covtype_binary_20000,29,196,layer_0::c0: Soil_Type_22 IS absent,8.690526962280273,4478.500807762146,0.764636161231033
covtype_binary_20000,29,197,layer_0::c6: Horizontal_Distance_To_Roadways IS MEDIUM,8.664605140686035,4487.165412902832,0.7661155112853801
covtype_binary_20000,29,198,layer_0::c1: Hillshade_Noon IS MEDIUM,8.663570404052734,4495.828983306885,0.767594684674124
covtype_binary_20000,29,199,layer_0::c2: Hillshade_Noon IS HIGH,8.652118682861328,4504.481101989746,0.7690719028549742
covtype_binary_20000,29,200,layer_0::c5: Wilderness_Area_3 IS present,8.632546424865723,4513.113648414612,0.7705457793693018
covtype_binary_20000,29,201,layer_0::c11: Horizontal_Distance_To_Fire_Points IS LOW,8.560287475585938,4521.673935890198,0.7720073187628018
covtype_binary_20000,29,202,layer_0::c2: Hillshade_3pm IS LOW,8.539095878601074,4530.213031768799,0.7734652400121808
covtype_binary_20000,29,203,layer_0::c1: Soil_Type_23 IS absent,8.506734848022461,4538.719766616821,0.7749176361058754
covtype_binary_20000,29,204,layer_0::c8: Wilderness_Area_3 IS present,8.489108085632324,4547.208874702454,0.7763670226969469
covtype_binary_20000,29,205,layer_0::c0: Aspect IS LOW,8.441353797912598,4555.650228500366,0.7778082559668934
covtype_binary_20000,29,206,layer_0::c0: Wilderness_Area_4 IS absent,8.43472957611084,4564.084958076477,0.7792483582513277
covtype_binary_20000,29,207,layer_0::c2: Wilderness_Area_1 IS present,8.40715503692627,4572.492113113403,0.7806837526009653
covtype_binary_20000,29,208,layer_0::c11: Wilderness_Area_2 IS absent,8.392220497131348,4580.884333610535,0.7821165971041993
covtype_binary_20000,29,209,"projection_layer::pursuit_5(Hillshade_9am, Wilderness_Area_1, Soil_Type_10, Soil_Type_32) IS LOW",8.376643180847168,4589.260976791382,0.7835467820166825
covtype_binary_20000,29,210,layer_0::c2: Horizontal_Distance_To_Hydrology IS MEDIUM,8.34305477142334,4597.604031562805,0.7849712322171389
covtype_binary_20000,29,211,layer_0::c9: Horizontal_Distance_To_Fire_Points IS MEDIUM,8.272053718566895,4605.876085281372,0.7863835600635244
covtype_binary_20000,29,212,layer_0::c6: Wilderness_Area_4 IS absent,8.256756782531738,4614.132842063904,0.7877932761898385
covtype_binary_20000,29,213,"projection_layer::pursuit_5(Hillshade_9am, Wilderness_Area_1, Soil_Type_10, Soil_Type_32) IS MEDIUM",8.18833065032959,4622.321172714233,0.7891913095907719
covtype_binary_20000,29,214,layer_0::c3: Aspect IS HIGH,8.167174339294434,4630.488347053528,0.7905857308721255
covtype_binary_20000,29,215,layer_0::c6: Soil_Type_40 IS absent,8.153339385986328,4638.641686439514,0.7919777900448086
covtype_binary_20000,29,216,layer_0::c7: Wilderness_Area_2 IS absent,8.084930419921875,4646.726616859436,0.7933581694229689
covtype_binary_20000,29,217,layer_0::c3: Hillshade_9am IS HIGH,8.032835960388184,4654.759452819824,0.7947296544614229
covtype_binary_20000,29,218,layer_0::c8: Wilderness_Area_3 IS present,8.008420944213867,4662.767873764038,0.7960969710057657
covtype_binary_20000,29,219,layer_0::c1: Horizontal_Distance_To_Hydrology IS LOW,7.998104095458984,4670.765977859497,0.7974625261044894
covtype_binary_20000,29,220,layer_0::c4: Wilderness_Area_1 IS present,7.9805521965026855,4678.746530056,0.7988250844823871
covtype_binary_20000,29,221,layer_0::c1: Soil_Type_29 IS present,7.919676780700684,4686.6662068367,0.8001772493053319
covtype_binary_20000,29,222,layer_0::c4: Slope IS MEDIUM,7.885272026062012,4694.551478862762,0.8015235400376726
covtype_binary_20000,29,223,layer_0::c5: Horizontal_Distance_To_Roadways IS HIGH,7.828549385070801,4702.380028247833,0.8028601462384425
covtype_binary_20000,29,224,layer_0::c9: Wilderness_Area_1 IS absent,7.805011749267578,4710.185039997101,0.8041927337445068
covtype_binary_20000,29,225,layer_0::c8: Soil_Type_32 IS present,7.734035015106201,4717.919075012207,0.8055132030485489
covtype_binary_20000,29,226,layer_0::c7: Wilderness_Area_4 IS absent,7.66021728515625,4725.579292297363,0.8068210690935802
covtype_binary_20000,29,227,layer_0::c11: Vertical_Distance_To_Hydrology IS LOW,7.639770984649658,4733.219063282013,0.8081254442425725
covtype_binary_20000,29,228,layer_0::c2: Soil_Type_39 IS absent,7.609902858734131,4740.828966140747,0.8094247198615828
covtype_binary_20000,29,229,layer_0::c1: Horizontal_Distance_To_Roadways IS HIGH,7.606657981872559,4748.43562412262,0.8107234414670307
covtype_binary_20000,29,230,layer_0::c11: Hillshade_9am IS MEDIUM,7.539568901062012,4755.975193023682,0.8120107086283658
covtype_binary_20000,29,231,layer_0::c11: Wilderness_Area_2 IS absent,7.531759262084961,4763.506952285767,0.8132966424121658
covtype_binary_20000,29,232,layer_0::c7: Slope IS HIGH,7.487823963165283,4770.994776248932,0.8145750749093187
covtype_binary_20000,29,233,layer_0::c2: Wilderness_Area_1 IS present,7.353424549102783,4778.348200798035,0.8158305607427436
covtype_binary_20000,29,234,layer_0::c4: Hillshade_Noon IS MEDIUM,7.346756458282471,4785.694957256317,0.8170849081006863
covtype_binary_20000,29,235,"projection_layer::pursuit_1(Elevation, Vertical_Distance_To_Hydrology, Soil_Type_40, Soil_Type_6) IS LOW",7.253631591796875,4792.948588848114,0.8183233557985683
covtype_binary_20000,29,236,layer_0::c7: Soil_Type_30 IS absent,7.235552787780762,4800.184141635895,0.8195587168145682
covtype_binary_20000,29,237,layer_0::c4: Wilderness_Area_4 IS absent,7.225666046142578,4807.409807682037,0.8207923898192228
covtype_binary_20000,29,238,layer_0::c6: Vertical_Distance_To_Hydrology IS LOW,7.2230448722839355,4814.632852554321,0.8220256152981531
covtype_binary_20000,29,239,layer_0::c5: Wilderness_Area_1 IS absent,7.180394649505615,4821.813247203827,0.823251558897718
covtype_binary_20000,29,240,layer_0::c5: Wilderness_Area_3 IS present,7.1379828453063965,4828.951230049133,0.8244702613242774
covtype_binary_20000,29,241,layer_0::c11: Wilderness_Area_1 IS present,7.077764987945557,4836.028995037079,0.8256786824640253
covtype_binary_20000,29,242,layer_0::c8: Wilderness_Area_1 IS present,7.001760482788086,4843.030755519867,0.8268741269860268
covtype_binary_20000,29,243,layer_0::c3: Hillshade_9am IS MEDIUM,6.975100040435791,4850.005855560303,0.8280650196414165
covtype_binary_20000,29,244,layer_0::c5: Wilderness_Area_3 IS absent,6.9655656814575195,4856.97142124176,0.8292542844494615
covtype_binary_20000,29,245,layer_0::c4: Wilderness_Area_1 IS present,6.909059047698975,4863.880480289459,0.830433901605898
covtype_binary_20000,29,246,layer_0::c2: Soil_Type_38 IS absent,6.836887836456299,4870.7173681259155,0.8316011966214475
covtype_binary_20000,29,247,layer_0::c7: Soil_Type_2 IS absent,6.678563594818115,4877.395931720734,0.8327414601714346
covtype_binary_20000,29,248,layer_0::c7: Wilderness_Area_3 IS present,6.637232780456543,4884.03316450119,0.8338746671110535
covtype_binary_20000,29,249,layer_0::c5: Hillshade_3pm IS LOW,6.628825664520264,4890.66199016571,0.8350064386629987
covtype_binary_20000,29,250,layer_0::c6: Wilderness_Area_3 IS present,6.494729042053223,4897.156719207764,0.8361153152482935
covtype_binary_20000,29,251,layer_0::c9: Wilderness_Area_2 IS absent,6.4683403968811035,4903.625059604645,0.8372196863722273
covtype_binary_20000,29,252,layer_0::c1: Aspect IS HIGH,6.463951110839844,4910.089010715485,0.8383233080920697
covtype_binary_20000,29,253,layer_0::c0: Soil_Type_23 IS absent,6.424596309661865,4916.5136070251465,0.8394202105758571
covtype_binary_20000,29,254,layer_0::c4: Hillshade_9am IS HIGH,6.407255172729492,4922.920862197876,0.8405141523232411
covtype_binary_20000,29,255,layer_0::c6: Wilderness_Area_2 IS absent,6.3916425704956055,4929.312504768372,0.8416054284553329
covtype_binary_20000,29,256,layer_0::c3: Hillshade_Noon IS HIGH,6.34921407699585,4935.661718845367,0.8426894605649741
covtype_binary_20000,29,257,layer_0::c0: Wilderness_Area_1 IS present,6.331329345703125,4941.993048191071,0.8437704391277103
covtype_binary_20000,29,258,layer_0::c1: Hillshade_Noon IS LOW,6.2633748054504395,4948.256422996521,0.8448398154822462
covtype_binary_20000,29,259,layer_0::c9: Soil_Type_10 IS absent,6.255924224853516,4954.5123472213745,0.8459079197630255
covtype_binary_20000,29,260,layer_0::c8: Soil_Type_33 IS absent,6.245419025421143,4960.757766246796,0.8469742304401611
covtype_binary_20000,29,261,layer_0::c11: Wilderness_Area_1 IS absent,6.178348064422607,4966.936114311218,0.8480290897668673
covtype_binary_20000,29,262,layer_0::c8: Wilderness_Area_1 IS present,6.157749176025391,4973.093863487244,0.849080432145464
covtype_binary_20000,29,263,layer_0::c7: Wilderness_Area_3 IS present,6.1372199058532715,4979.231083393097,0.8501282694622082
covtype_binary_20000,29,264,layer_0::c3: Horizontal_Distance_To_Hydrology IS HIGH,5.934509754180908,4985.165593147278,0.8511414970917222
covtype_binary_20000,29,265,layer_0::c6: Wilderness_Area_4 IS absent,5.88318395614624,4991.048777103424,0.852145961618835
covtype_binary_20000,29,266,layer_0::c4: Wilderness_Area_4 IS absent,5.882577896118164,4996.931354999542,0.8531503226703803
covtype_binary_20000,29,267,layer_0::c9: Aspect IS LOW,5.775647163391113,5002.707002162933,0.8541364269193705
covtype_binary_20000,29,268,layer_0::c7: Horizontal_Distance_To_Fire_Points IS MEDIUM,5.712573528289795,5008.419575691223,0.8551117623007667
covtype_binary_20000,29,269,layer_0::c6: Vertical_Distance_To_Hydrology IS MEDIUM,5.709611415863037,5014.129187107086,0.8560865919463435
covtype_binary_20000,29,270,layer_0::c6: Soil_Type_4 IS absent,5.689557075500488,5019.818744182587,0.8570579976171374
covtype_binary_20000,29,271,layer_0::c0: Wilderness_Area_1 IS present,5.665529727935791,5025.4842739105225,0.858025300982362
covtype_binary_20000,29,272,layer_0::c4: Soil_Type_23 IS absent,5.6567063331604,5031.140980243683,0.8589910978866078
covtype_binary_20000,29,273,layer_0::c0: Wilderness_Area_1 IS absent,5.647558689117432,5036.7885389328,0.859955332969225
covtype_binary_20000,29,274,layer_0::c11: Soil_Type_11 IS absent,5.608115196228027,5042.396654129028,0.8609128336730214
covtype_binary_20000,29,275,layer_0::c0: Horizontal_Distance_To_Hydrology IS LOW,5.601436138153076,5047.998090267181,0.8618691940288429
covtype_binary_20000,29,276,layer_0::c5: Hillshade_Noon IS MEDIUM,5.479119777679443,5053.477210044861,0.8628046707192721
covtype_binary_20000,29,277,layer_0::c9: Hillshade_Noon IS MEDIUM,5.461514472961426,5058.938724517822,0.8637371415706505
covtype_binary_20000,29,278,layer_0::c6: Horizontal_Distance_To_Fire_Points IS MEDIUM,5.460055828094482,5064.398780345917,0.8646693633805173
covtype_binary_20000,29,279,layer_0::c11: Wilderness_Area_4 IS absent,5.457541465759277,5069.856321811676,0.8656011559011091
covtype_binary_20000,29,280,layer_0::c2: Aspect IS MEDIUM,5.447844982147217,5075.304166793823,0.8665312928940311
covtype_binary_20000,29,281,layer_0::c2: Soil_Type_4 IS absent,5.43548583984375,5080.739652633667,0.8674593197506525
covtype_binary_20000,29,282,layer_0::c8: Soil_Type_13 IS absent,5.42704963684082,5086.166702270508,0.868385906253424
covtype_binary_20000,29,283,layer_0::c2: Hillshade_3pm IS MEDIUM,5.422661304473877,5091.589363574982,0.8693117435149297
covtype_binary_20000,29,284,layer_0::c8: Wilderness_Area_1 IS absent,5.421559810638428,5097.01092338562,0.870237392713051
covtype_binary_20000,29,285,layer_0::c10: Hillshade_Noon IS LOW,5.366152286529541,5102.37707567215,0.8711535819158847
covtype_binary_20000,29,286,layer_0::c5: Horizontal_Distance_To_Roadways IS MEDIUM,5.349905014038086,5107.726980686188,0.8720669971430952
covtype_binary_20000,29,287,layer_0::c9: Wilderness_Area_1 IS present,5.332047939300537,5113.059028625488,0.8729773635453386
covtype_binary_20000,29,288,layer_0::c6: Soil_Type_13 IS absent,5.275629997253418,5118.334658622742,0.8738780974387396
covtype_binary_20000,29,289,layer_0::c9: Soil_Type_13 IS absent,5.2455267906188965,5123.580185413361,0.8747736916656875
covtype_binary_20000,29,290,layer_0::c5: Slope IS HIGH,5.245254993438721,5128.825440406799,0.8756692394873847
covtype_binary_20000,29,291,layer_0::c11: Hillshade_Noon IS HIGH,5.179853916168213,5134.0052943229675,0.8765536210659995
covtype_binary_20000,29,292,layer_0::c6: Hillshade_3pm IS HIGH,5.168686389923096,5139.173980712891,0.8774360959587021
covtype_binary_20000,29,293,layer_0::c9: Wilderness_Area_1 IS absent,5.143829822540283,5144.317810535431,0.8783143269691143
covtype_binary_20000,29,294,layer_0::c10: Soil_Type_30 IS absent,5.108218669891357,5149.426029205322,0.8791864779147398
covtype_binary_20000,29,295,layer_0::c10: Vertical_Distance_To_Hydrology IS MEDIUM,5.100457191467285,5154.52648639679,0.880057303705515
covtype_binary_20000,29,296,layer_0::c1: Wilderness_Area_1 IS absent,5.07240629196167,5159.598892688751,0.8809233402301858
covtype_binary_20000,29,297,layer_0::c11: Soil_Type_33 IS absent,5.070755958557129,5164.669648647308,0.8817890949854312
covtype_binary_20000,29,298,layer_0::c3: Wilderness_Area_2 IS absent,5.043699264526367,5169.713347911835,0.8826502302200944
covtype_binary_20000,29,299,layer_0::c1: Horizontal_Distance_To_Fire_Points IS HIGH,5.008757591247559,5174.722105503082,0.8835053996934302
covtype_binary_20000,29,300,layer_0::c0: Soil_Type_39 IS absent,5.006546974182129,5179.728652477264,0.8843601917373942
covtype_binary_20000,29,301,layer_0::c5: Vertical_Distance_To_Hydrology IS MEDIUM,4.973299503326416,5184.701951980591,0.8852093072794267
covtype_binary_20000,29,302,layer_0::c3: Wilderness_Area_2 IS absent,4.93558931350708,5189.637541294098,0.8860519843778771
covtype_binary_20000,29,303,layer_0::c9: Soil_Type_30 IS absent,4.921467304229736,5194.559008598328,0.8868922503571995
covtype_binary_20000,29,304,layer_0::c0: Soil_Type_38 IS absent,4.9102091789245605,5199.469217777252,0.8877305941821927
covtype_binary_20000,29,305,layer_0::c6: Wilderness_Area_3 IS absent,4.892035007476807,5204.361252784729,0.8885658350427595
covtype_binary_20000,29,306,layer_0::c9: Wilderness_Area_2 IS absent,4.8894548416137695,5209.250707626343,0.8894006353790963
covtype_binary_20000,29,307,layer_0::c1: Horizontal_Distance_To_Fire_Points IS MEDIUM,4.8800554275512695,5214.130763053894,0.890233830907888
covtype_binary_20000,29,308,layer_0::c5: Soil_Type_32 IS present,4.758671760559082,5218.889434814453,0.8910463020145686
covtype_binary_20000,29,309,layer_0::c0: Aspect IS HIGH,4.584007740020752,5223.473442554474,0.891828951885996
covtype_binary_20000,29,310,layer_0::c3: Aspect IS MEDIUM,4.573368072509766,5228.046810626984,0.8926097851953927
covtype_binary_20000,29,311,layer_0::c6: Wilderness_Area_1 IS absent,4.505033493041992,5232.551844120026,0.8933789514106508
covtype_binary_20000,29,312,layer_0::c10: Wilderness_Area_3 IS absent,4.485877990722656,5237.037722110748,0.894144847114104
covtype_binary_20000,29,313,layer_0::c3: Slope IS HIGH,4.443727970123291,5241.481450080872,0.8949035463401355
covtype_binary_20000,29,314,layer_0::c2: Soil_Type_29 IS present,4.413417816162109,5245.894867897034,0.895657070566593
covtype_binary_20000,29,315,layer_0::c1: Soil_Type_22 IS present,4.409109115600586,5250.303977012634,0.8964098591477089
covtype_binary_20000,29,316,layer_0::c5: Wilderness_Area_1 IS present,4.398898601531982,5254.702875614166,0.8971609044382424
covtype_binary_20000,29,317,layer_0::c6: Slope IS HIGH,4.379807949066162,5259.082683563232,0.8979086902891009
covtype_binary_20000,29,318,layer_0::c2: Hillshade_9am IS LOW,4.338099479675293,5263.420783042908,0.8986493550507167
covtype_binary_20000,29,319,layer_0::c4: Wilderness_Area_3 IS absent,4.320600986480713,5267.741384029388,0.899387032209731
covtype_binary_20000,29,320,layer_0::c10: Soil_Type_33 IS present,4.318912506103516,5272.060296535492,0.9001244210863024
covtype_binary_20000,29,321,layer_0::c0: Horizontal_Distance_To_Hydrology IS MEDIUM,4.280034065246582,5276.3403306007385,0.9008551720581268
covtype_binary_20000,29,322,layer_0::c1: Wilderness_Area_1 IS present,4.270371913909912,5280.610702514648,0.9015842733639972
covtype_binary_20000,29,323,layer_0::c7: Horizontal_Distance_To_Hydrology IS LOW,4.243738651275635,5284.854441165924,0.9023088274437809
covtype_binary_20000,29,324,layer_0::c10: Aspect IS HIGH,4.238238334655762,5289.09267950058,0.9030324424278346
covtype_binary_20000,29,325,layer_0::c1: Aspect IS LOW,4.223690509796143,5293.316370010376,0.903753573591201
covtype_binary_20000,29,326,layer_0::c9: Wilderness_Area_1 IS present,4.212143898010254,5297.528513908386,0.9044727333455422
covtype_binary_20000,29,327,layer_0::c3: Hillshade_3pm IS HIGH,4.202051162719727,5301.730565071106,0.905190169918243
covtype_binary_20000,29,328,layer_0::c1: Vertical_Distance_To_Hydrology IS MEDIUM,4.063992023468018,5305.794557094574,0.9058840349845867
covtype_binary_20000,29,329,layer_0::c10: Soil_Type_13 IS absent,4.009571075439453,5309.804128170013,0.9065686084985611
covtype_binary_20000,29,330,layer_0::c6: Soil_Type_32 IS absent,4.003240585327148,5313.807368755341,0.9072521011772592
covtype_binary_20000,29,331,layer_0::c7: Wilderness_Area_4 IS absent,3.94468355178833,5317.752052307129,0.907925596129651
covtype_binary_20000,29,332,layer_0::c1: Wilderness_Area_3 IS absent,3.9275214672088623,5321.679573774338,0.9085961609161157
covtype_binary_20000,29,333,layer_0::c9: Wilderness_Area_3 IS present,3.8728902339935303,5325.552464008331,0.9092573982472014
covtype_binary_20000,29,334,layer_0::c2: Wilderness_Area_3 IS present,3.8429019451141357,5329.395365953445,0.9099135155322997
covtype_binary_20000,29,335,layer_0::c6: Slope IS LOW,3.8419442176818848,5333.237310171127,0.9105694692999491
covtype_binary_20000,29,336,layer_0::c5: Slope IS MEDIUM,3.732067584991455,5336.969377756119,0.9112066632972565
covtype_binary_20000,29,337,layer_0::c8: Aspect IS HIGH,3.7317748069763184,5340.701152563095,0.9118438073071536
covtype_binary_20000,29,338,layer_0::c2: Wilderness_Area_2 IS absent,3.6827375888824463,5344.3838901519775,0.9124725789550014
covtype_binary_20000,29,339,layer_0::c3: Soil_Type_2 IS absent,3.6698668003082275,5348.053756952286,0.9130991531106996
covtype_binary_20000,29,340,layer_0::c5: Wilderness_Area_1 IS present,3.6563026905059814,5351.710059642792,0.9137234114001525
covtype_binary_20000,29,341,layer_0::c1: Hillshade_9am IS HIGH,3.6470539569854736,5355.357113599777,0.91434609060848
covtype_binary_20000,29,342,layer_0::c2: Wilderness_Area_2 IS absent,3.5831682682037354,5358.940281867981,0.9149578623033507
covtype_binary_20000,29,343,layer_0::c0: Hillshade_Noon IS LOW,3.567134380340576,5362.5074162483215,0.9155668964547907
covtype_binary_20000,29,344,layer_0::c11: Wilderness_Area_4 IS absent,3.5561418533325195,5366.063558101654,0.9161740537987868
covtype_binary_20000,29,345,layer_0::c10: Horizontal_Distance_To_Fire_Points IS HIGH,3.5433349609375,5369.606893062592,0.9167790245599378
covtype_binary_20000,29,346,layer_0::c6: Wilderness_Area_2 IS absent,3.5318195819854736,5373.138712644577,0.9173820292445968
covtype_binary_20000,29,347,layer_1::c5: projection_4 IS LOW,3.502213716506958,5376.640926361084,0.9179799791762702
covtype_binary_20000,29,348,layer_1::c5: ka_concept_1.c10 IS LOW,3.496708631515503,5380.1376349925995,0.9185769891980863
covtype_binary_20000,29,349,layer_0::c8: Soil_Type_24 IS present,3.487588405609131,5383.625223398209,0.9191724420795052
covtype_binary_20000,29,350,layer_0::c5: Wilderness_Area_4 IS absent,3.454362630844116,5387.079586029053,0.9197622221632713
covtype_binary_20000,29,351,layer_0::c10: Wilderness_Area_1 IS present,3.4280831813812256,5390.507669210434,0.9203475154291894
covtype_binary_20000,29,352,layer_0::c10: Elevation IS HIGH,3.427156925201416,5393.934826135635,0.9209326505508981
covtype_binary_20000,29,353,layer_0::c11: Soil_Type_31 IS present,3.4255003929138184,5397.360326528549,0.921517502844816
covtype_binary_20000,29,354,layer_0::c9: Slope IS MEDIUM,3.3866689205169678,5400.746995449066,0.9220957252531399
covtype_binary_20000,29,355,layer_1::c3: ka_concept_1.c10 IS LOW,3.361576795578003,5404.108572244644,0.9226696635612895
covtype_binary_20000,29,356,layer_0::c10: Wilderness_Area_3 IS present,3.3286149501800537,5407.437187194824,0.9232379741337272
covtype_binary_20000,29,357,layer_0::c10: Soil_Type_10 IS absent,3.313019275665283,5410.7502064704895,0.9238036219810244
covtype_binary_20000,29,358,layer_0::c9: Aspect IS HIGH,3.2980287075042725,5414.048235177994,0.9243667104159232
covtype_binary_20000,29,359,layer_0::c9: Soil_Type_10 IS present,3.29280948638916,5417.341044664383,0.9249289077478906
covtype_binary_20000,29,360,layer_0::c1: Wilderness_Area_2 IS absent,3.27902889251709,5420.6200735569,0.9254887522522377
covtype_binary_20000,29,361,layer_0::c3: Slope IS MEDIUM,3.2300682067871094,5423.850141763687,0.9260402374612772
covtype_binary_20000,29,362,layer_0::c1: Horizontal_Distance_To_Fire_Points IS LOW,3.209665298461914,5427.059807062149,0.9265882391828352
covtype_binary_20000,29,363,layer_1::c2: ka_concept_1.c6 IS HIGH,3.2083580493927,5430.268165111542,0.9271360177114201
covtype_binary_20000,29,364,layer_0::c4: Soil_Type_2 IS absent,3.2073755264282227,5433.47554063797,0.9276836284890946
covtype_binary_20000,29,365,layer_0::c7: Slope IS MEDIUM,3.1858136653900146,5436.66135430336,0.9282275579056706
covtype_binary_20000,29,366,layer_0::c7: Soil_Type_32 IS present,3.167078971862793,5439.828433275223,0.9287682886571674
covtype_binary_20000,29,367,layer_0::c2: Soil_Type_23 IS present,3.1396679878234863,5442.968101263046,0.9293043393984308
covtype_binary_20000,29,368,layer_0::c5: Soil_Type_29 IS present,3.132735252380371,5446.100836515427,0.9298392064801518
covtype_binary_20000,29,369,layer_0::c5: Soil_Type_4 IS absent,3.130889654159546,5449.231726169586,0.9303737584539385
covtype_binary_20000,29,370,layer_0::c1: Hillshade_9am IS MEDIUM,3.1122043132781982,5452.343930482864,0.9309051201888627
covtype_binary_20000,29,371,layer_0::c1: Soil_Type_23 IS present,3.100653648376465,5455.444584131241,0.9314345098227537
covtype_binary_20000,29,372,layer_0::c3: Hillshade_9am IS LOW,3.0998928546905518,5458.544476985931,0.9319637695626491
covtype_binary_20000,29,373,layer_0::c6: Soil_Type_30 IS absent,3.060363292694092,5461.6048402786255,0.9324862802287279
covtype_binary_20000,29,374,layer_1::c3: ka_concept_1.c7 IS LOW,3.0338428020477295,5464.638683080673,0.9330042629228285
covtype_binary_20000,29,375,layer_0::c3: Hillshade_3pm IS LOW,3.0197949409484863,5467.658478021622,0.933519847157479
covtype_binary_20000,29,376,layer_0::c0: Wilderness_Area_1 IS absent,3.011824607849121,5470.670302629471,0.9340340705785076
covtype_binary_20000,29,377,layer_0::c9: Wilderness_Area_3 IS absent,2.9496989250183105,5473.620001554489,0.9345376869804304
covtype_binary_20000,29,378,layer_0::c1: Vertical_Distance_To_Hydrology IS LOW,2.930224895477295,5476.550226449966,0.935037978486851
covtype_binary_20000,29,379,layer_0::c0: Soil_Type_12 IS absent,2.905333995819092,5479.4555604457855,0.9355340202492656
covtype_binary_20000,29,380,layer_0::c1: Wilderness_Area_1 IS present,2.9050488471984863,5482.360609292984,0.9360300133268732
covtype_binary_20000,29,381,layer_0::c3: Wilderness_Area_1 IS absent,2.8996636867523193,5485.260272979736,0.9365250869699228
covtype_binary_20000,29,382,layer_1::c2: projection_6 IS LOW,2.896695613861084,5488.156968593597,0.9370196538594942
covtype_binary_20000,29,383,layer_0::c10: Horizontal_Distance_To_Hydrology IS MEDIUM,2.874445676803589,5491.031414270401,0.9375104219094114
covtype_binary_20000,29,384,layer_1::c5: ka_concept_1.c9 IS LOW,2.8696556091308594,5493.901069879532,0.9380003721278456
covtype_binary_20000,29,385,layer_0::c1: Wilderness_Area_3 IS absent,2.8591487407684326,5496.7602186203,0.9384885284576916
covtype_binary_20000,29,386,layer_1::c3: ka_concept_1.c8 IS LOW,2.833202362060547,5499.593420982361,0.9389722548364748
covtype_binary_20000,29,387,layer_0::c6: Wilderness_Area_1 IS absent,2.828887939453125,5502.422308921814,0.9394552445929637
covtype_binary_20000,29,388,layer_0::c6: Vertical_Distance_To_Hydrology IS HIGH,2.8058691024780273,5505.228178024292,0.9399343042317868
covtype_binary_20000,29,389,layer_0::c6: Wilderness_Area_1 IS present,2.7939162254333496,5508.022094249725,0.9404113230979471
covtype_binary_20000,29,390,layer_0::c6: Hillshade_3pm IS LOW,2.7840070724487305,5510.806101322174,0.9408866501263642
covtype_binary_20000,29,391,layer_0::c7: Soil_Type_40 IS absent,2.7800204753875732,5513.586121797562,0.9413612965037322
covtype_binary_20000,29,392,layer_0::c1: Wilderness_Area_4 IS absent,2.757967472076416,5516.344089269638,0.9418321776648997
covtype_binary_20000,29,393,layer_0::c10: Wilderness_Area_1 IS present,2.755211114883423,5519.0993003845215,0.9423025882198368
covtype_binary_20000,29,394,layer_0::c3: Wilderness_Area_4 IS absent,2.754686117172241,5521.853986501694,0.9427729091393687
covtype_binary_20000,29,395,layer_0::c11: Horizontal_Distance_To_Fire_Points IS HIGH,2.722156047821045,5524.576142549515,0.9432376760424069
covtype_binary_20000,29,396,layer_0::c1: Wilderness_Area_3 IS present,2.7212436199188232,5527.297386169434,0.9437022871622046
covtype_binary_20000,29,397,layer_0::c4: Soil_Type_23 IS present,2.7057106494903564,5530.003096818924,0.9441642462626344
covtype_binary_20000,29,398,layer_0::c1: Wilderness_Area_1 IS absent,2.6967039108276367,5532.699800729752,0.9446246675988946
covtype_binary_20000,29,399,layer_0::c0: Horizontal_Distance_To_Fire_Points IS MEDIUM,2.6602532863616943,5535.360054016113,0.9450788655432737
covtype_binary_20000,29,400,layer_0::c11: Soil_Type_10 IS absent,2.6554176807403564,5538.015471696854,0.9455322378812551
covtype_binary_20000,29,401,layer_0::c3: Hillshade_3pm IS MEDIUM,2.6429901123046875,5540.658461809158,0.9459834884002103
covtype_binary_20000,29,402,layer_0::c5: Hillshade_3pm IS MEDIUM,2.627061605453491,5543.285523414612,0.9464320193679462
covtype_binary_20000,29,403,layer_1::c3: ka_concept_1.c6 IS HIGH,2.623267412185669,5545.9087908267975,0.9468799025346656
covtype_binary_20000,29,404,layer_0::c8: Wilderness_Area_1 IS absent,2.5995981693267822,5548.508388996124,0.9473237445367686
covtype_binary_20000,29,405,layer_0::c0: Wilderness_Area_4 IS present,2.5990171432495117,5551.107406139374,0.9477674873374718
covtype_binary_20000,29,406,layer_0::c9: Wilderness_Area_3 IS absent,2.546032428741455,5553.653438568115,0.9482021838009197
covtype_binary_20000,29,407,layer_0::c8: Slope IS MEDIUM,2.5220441818237305,5556.175482749939,0.9486327846346412
covtype_binary_20000,29,408,layer_0::c10: Horizontal_Distance_To_Hydrology IS HIGH,2.4694876670837402,5558.644970417023,0.9490544122397303
covtype_binary_20000,29,409,"projection_layer::pursuit_0(Horizontal_Distance_To_Fire_Points, Hillshade_3pm, Soil_Type_29, Soil_Type_4) IS MEDIUM",2.4587624073028564,5561.103732824326,0.9494742086692052
covtype_binary_20000,29,410,layer_1::c2: ka_concept_1.c11 IS LOW,2.4528121948242188,5563.55654501915,0.9498929891900484
covtype_binary_20000,29,411,layer_0::c0: Wilderness_Area_3 IS present,2.4336211681365967,5565.990166187286,0.9503084931338389
covtype_binary_20000,29,412,layer_1::c5: ka_concept_1.c5 IS HIGH,2.423135757446289,5568.413301944733,0.9507222068526138
covtype_binary_20000,29,413,layer_0::c0: Wilderness_Area_4 IS present,2.410438060760498,5570.823740005493,0.9511337526320565
covtype_binary_20000,29,414,layer_1::c5: ka_concept_1.c1 IS LOW,2.4062552452087402,5573.229995250702,0.9515445842591156
covtype_binary_20000,29,415,layer_0::c8: Soil_Type_30 IS present,2.4057681560516357,5575.6357634067535,0.9519553327230807
covtype_binary_20000,29,416,layer_1::c0: ka_concept_1.c6 IS HIGH,2.4003942012786865,5578.036157608032,0.9523651636656868
covtype_binary_20000,29,417,layer_0::c9: Soil_Type_33 IS absent,2.335291624069214,5580.371449232101,0.9527638793295733
covtype_binary_20000,29,418,"projection_layer::pursuit_4(Horizontal_Distance_To_Hydrology, Soil_Type_22, Soil_Type_30, Soil_Type_35) IS MEDIUM",2.3283612728118896,5582.699810504913,0.9531614117409812
covtype_binary_20000,29,419,layer_0::c1: Wilderness_Area_2 IS absent,2.3274197578430176,5585.027230262756,0.9535587834029726
covtype_binary_20000,29,420,layer_0::c10: Soil_Type_24 IS present,2.3223249912261963,5587.3495552539825,0.9539552852107527
covtype_binary_20000,29,421,layer_1::c3: ka_concept_1.c7 IS HIGH,2.2981040477752686,5589.647659301758,0.9543476516593988
covtype_binary_20000,29,422,layer_0::c9: Soil_Type_32 IS absent,2.268730878829956,5591.916390180588,0.9547350030844668
covtype_binary_20000,29,423,"projection_layer::pursuit_0(Horizontal_Distance_To_Fire_Points, Hillshade_3pm, Soil_Type_29, Soil_Type_4) IS HIGH",2.2355687618255615,5594.151958942413,0.9551166925804802
covtype_binary_20000,29,424,layer_0::c8: Aspect IS LOW,2.1977288722991943,5596.3496878147125,0.9554919214886516
covtype_binary_20000,29,425,layer_0::c8: Hillshade_3pm IS HIGH,2.1883602142333984,5598.538048028946,0.9558655508403985
covtype_binary_20000,29,426,layer_0::c1: Soil_Type_38 IS present,2.1696267127990723,5600.707674741745,0.9562359817305981
covtype_binary_20000,29,427,layer_0::c4: Soil_Type_4 IS absent,2.15810489654541,5602.86577963829,0.9566044454452342
covtype_binary_20000,29,428,layer_0::c10: Vertical_Distance_To_Hydrology IS HIGH,2.1568424701690674,5605.0226221084595,0.9569726936196928
covtype_binary_20000,29,429,layer_0::c3: Hillshade_Noon IS LOW,2.146862506866455,5607.169484615326,0.9573392378666193
covtype_binary_20000,29,430,layer_0::c4: Wilderness_Area_3 IS absent,2.1407837867736816,5609.3102684021,0.957704744264186
covtype_binary_20000,29,431,layer_0::c11: Horizontal_Distance_To_Hydrology IS MEDIUM,2.129434108734131,5611.439702510834,0.958068312876181
covtype_binary_20000,29,432,layer_0::c6: Hillshade_9am IS MEDIUM,2.1170077323913574,5613.556710243225,0.9584297598726819
covtype_binary_20000,29,433,layer_0::c9: Soil_Type_30 IS present,2.1054391860961914,5615.662149429321,0.9587892317151725
covtype_binary_20000,29,434,layer_0::c11: Wilderness_Area_3 IS present,2.08657169342041,5617.748721122742,0.9591454822191414
covtype_binary_20000,29,435,layer_0::c5: Vertical_Distance_To_Hydrology IS LOW,2.0838887691497803,5619.8326098918915,0.9595012746544388
covtype_binary_20000,29,436,layer_0::c3: Aspect IS LOW,2.0384538173675537,5621.871063709259,0.9598493097600833
covtype_binary_20000,29,437,"projection_layer::pursuit_7(Aspect, Soil_Type_39, Soil_Type_2, Soil_Type_5) IS LOW",2.0299668312072754,5623.901030540466,0.9601958958414234
covtype_binary_20000,29,438,layer_0::c0: Wilderness_Area_3 IS absent,2.013468027114868,5625.914498567581,0.9605396650019304
covtype_binary_20000,29,439,layer_0::c8: Soil_Type_33 IS present,2.011451482772827,5627.925950050354,0.9608830898680428
covtype_binary_20000,29,440,layer_0::c8: Wilderness_Area_2 IS absent,1.9862875938415527,5629.912237644196,0.9612222183813667
covtype_binary_20000,29,441,layer_0::c7: Horizontal_Distance_To_Hydrology IS HIGH,1.9267350435256958,5631.838972687721,0.9615511791989771
covtype_binary_20000,29,442,layer_0::c3: Soil_Type_23 IS absent,1.9021058082580566,5633.741078495979,0.9618759349478119
covtype_binary_20000,29,443,layer_0::c3: Wilderness_Area_3 IS absent,1.8877371549606323,5635.62881565094,0.9621982374667889
covtype_binary_20000,29,444,layer_0::c0: Vertical_Distance_To_Hydrology IS HIGH,1.8749384880065918,5637.5037541389465,0.9625183548072902
covtype_binary_20000,29,445,layer_0::c1: Soil_Type_4 IS present,1.854333519935608,5639.358087658882,0.9628349541616696
covtype_binary_20000,29,446,layer_0::c10: Horizontal_Distance_To_Hydrology IS LOW,1.8250917196273804,5641.1831793785095,0.9631465609216755
covtype_binary_20000,29,447,layer_0::c5: Vertical_Distance_To_Hydrology IS HIGH,1.8141508102416992,5642.997330188751,0.9634562996871645
covtype_binary_20000,29,448,layer_0::c10: Wilderness_Area_2 IS present,1.7935960292816162,5644.790926218033,0.9637625290352204
covtype_binary_20000,29,449,layer_1::c5: projection_6 IS LOW,1.7885583639144897,5646.579484581947,0.9640678982782382
covtype_binary_20000,29,450,layer_0::c3: Wilderness_Area_4 IS absent,1.7745797634124756,5648.35406434536,0.9643708808870037
covtype_binary_20000,29,451,layer_0::c10: Wilderness_Area_2 IS present,1.7534539699554443,5650.107518315315,0.9646702565866035
covtype_binary_20000,29,452,layer_0::c4: Aspect IS MEDIUM,1.7203311920166016,5651.827849507332,0.9649639770736982
covtype_binary_20000,29,453,layer_1::c2: projection_3 IS LOW,1.7077513933181763,5653.53560090065,0.9652555497507558
covtype_binary_20000,29,454,layer_0::c2: Wilderness_Area_4 IS absent,1.6842846870422363,5655.219885587692,0.9655431158432499
covtype_binary_20000,29,455,layer_0::c11: Soil_Type_30 IS absent,1.6790302991867065,5656.898915886879,0.9658297848286246
covtype_binary_20000,29,456,layer_0::c11: Soil_Type_24 IS present,1.6301487684249878,5658.529064655304,0.9661081080332031
covtype_binary_20000,29,457,layer_0::c7: Soil_Type_13 IS present,1.6244721412658691,5660.15353679657,0.9663854620396982
covtype_binary_20000,29,458,layer_0::c5: Wilderness_Area_2 IS present,1.5876682996749878,5661.741205096245,0.9666565323478397
covtype_binary_20000,29,459,layer_0::c3: Wilderness_Area_3 IS absent,1.5832221508026123,5663.324427247047,0.9669268435434226
covtype_binary_20000,29,460,layer_0::c5: Wilderness_Area_2 IS present,1.581325888633728,5664.905753135681,0.9671968309809698
covtype_binary_20000,29,461,layer_1::c5: ka_concept_1.c8 IS LOW,1.572877287864685,5666.478630423546,0.9674653759479362
covtype_binary_20000,29,462,layer_0::c3: Wilderness_Area_4 IS present,1.5428494215011597,5668.021479845047,0.9677287941116597
covtype_binary_20000,29,463,layer_0::c3: Wilderness_Area_4 IS present,1.5420087575912476,5669.563488602638,0.9679920687447569
covtype_binary_20000,29,464,layer_1::c2: ka_concept_1.c0 IS LOW,1.5370185375213623,5671.10050714016,0.9682544913733817
covtype_binary_20000,29,465,layer_1::c3: ka_concept_1.c0 IS LOW,1.532586932182312,5672.633094072342,0.968516157372536
covtype_binary_20000,29,466,layer_1::c5: ka_concept_1.c8 IS MEDIUM,1.5280178785324097,5674.161111950874,0.9687770432750032
covtype_binary_20000,29,467,layer_1::c3: ka_concept_1.c4 IS HIGH,1.5243935585021973,5675.6855055093765,0.9690373103797358
covtype_binary_20000,29,468,layer_0::c2: Wilderness_Area_3 IS absent,1.5135459899902344,5677.199051499367,0.9692957254264913
covtype_binary_20000,29,469,layer_1::c2: ka_concept_1.c7 IS MEDIUM,1.5093940496444702,5678.708445549011,0.9695534315923371
covtype_binary_20000,29,470,layer_0::c6: Soil_Type_2 IS present,1.5052011013031006,5680.213646650314,0.9698104218757788
covtype_binary_20000,29,471,layer_0::c1: Soil_Type_39 IS present,1.497061848640442,5681.710708498955,0.9700660225051425
covtype_binary_20000,29,472,layer_1::c2: ka_concept_1.c8 IS LOW,1.4848310947418213,5683.195539593697,0.9703195349185806
covtype_binary_20000,29,473,layer_0::c2: Soil_Type_40 IS absent,1.481247067451477,5684.676786661148,0.9705724354136587
covtype_binary_20000,29,474,layer_1::c2: ka_concept_1.c4 IS LOW,1.4595561027526855,5686.136342763901,0.9708216325051443
covtype_binary_20000,29,475,layer_0::c10: Soil_Type_11 IS absent,1.4458216428756714,5687.582164406776,0.9710684846456903
covtype_binary_20000,29,476,layer_1::c2: ka_concept_1.c9 IS MEDIUM,1.4102236032485962,5688.992388010025,0.9713092589602994
covtype_binary_20000,29,477,layer_0::c9: Soil_Type_13 IS present,1.4093495607376099,5690.401737570763,0.971549884045392
covtype_binary_20000,29,478,layer_1::c5: ka_concept_1.c4 IS LOW,1.4085184335708618,5691.8102560043335,0.971790367228113
covtype_binary_20000,29,479,layer_0::c11: Wilderness_Area_3 IS absent,1.4075136184692383,5693.217769622803,0.9720306788538787
covtype_binary_20000,29,480,"projection_layer::pursuit_0(Horizontal_Distance_To_Fire_Points, Hillshade_3pm, Soil_Type_29, Soil_Type_4) IS LOW",1.4039440155029297,5694.621713638306,0.9722703810240194
covtype_binary_20000,29,481,layer_0::c4: Wilderness_Area_4 IS present,1.3867824077606201,5696.008496046066,0.9725071531096457
covtype_binary_20000,29,482,layer_1::c5: ka_concept_1.c5 IS LOW,1.3799853324890137,5697.388481378555,0.9727427646976486
covtype_binary_20000,29,483,layer_0::c1: Wilderness_Area_3 IS present,1.3713852167129517,5698.759866595268,0.9729769079461793
covtype_binary_20000,29,484,layer_0::c4: Wilderness_Area_4 IS present,1.353968620300293,5700.1138352155685,0.9732080775747433
covtype_binary_20000,29,485,layer_0::c5: Wilderness_Area_4 IS present,1.3511568307876587,5701.464992046356,0.973438767132848
covtype_binary_20000,29,486,layer_0::c7: Wilderness_Area_2 IS present,1.3451354503631592,5702.810127496719,0.9736684286314725
covtype_binary_20000,29,487,layer_0::c10: Wilderness_Area_4 IS absent,1.3219212293624878,5704.132048726082,0.973894126653569
covtype_binary_20000,29,488,layer_0::c3: Soil_Type_23 IS present,1.2870875597000122,5705.419136285782,0.9741138773543194
covtype_binary_20000,29,489,layer_0::c11: Wilderness_Area_3 IS absent,1.2801822423934937,5706.699318528175,0.9743324490767591
covtype_binary_20000,29,490,layer_0::c3: Soil_Type_4 IS present,1.268812656402588,5707.968131184578,0.9745490796146461
covtype_binary_20000,29,491,layer_0::c1: Vertical_Distance_To_Hydrology IS HIGH,1.267176866531372,5709.235308051109,0.9747654308661957
covtype_binary_20000,29,492,layer_1::c0: ka_concept_1.c7 IS LOW,1.264310359954834,5710.499618411064,0.9749812927051765
covtype_binary_20000,29,493,layer_1::c2: ka_concept_1.c2 IS MEDIUM,1.2528667449951172,5711.752485156059,0.9751952007202799
covtype_binary_20000,29,494,layer_0::c4: Vertical_Distance_To_Hydrology IS HIGH,1.2505035400390625,5713.002988696098,0.9754087052539407
covtype_binary_20000,29,495,layer_1::c2: ka_concept_1.c1 IS LOW,1.242921233177185,5714.2459099292755,0.9756209152235811
covtype_binary_20000,29,496,layer_0::c9: Wilderness_Area_2 IS present,1.2376327514648438,5715.48354268074,0.9758322222650923
covtype_binary_20000,29,497,layer_1::c5: ka_concept_1.c10 IS HIGH,1.2358450889587402,5716.719387769699,0.9760432240903146
covtype_binary_20000,29,498,layer_0::c6: Wilderness_Area_1 IS present,1.232935905456543,5717.952323675156,0.9762537292165298
covtype_binary_20000,29,499,layer_1::c5: projection_7 IS LOW,1.2261499166488647,5719.1784735918045,0.9764630757379672
covtype_binary_20000,29,500,layer_0::c2: Aspect IS HIGH,1.210694432258606,5720.389168024063,0.976669783469604
covtype_binary_20000,29,501,layer_0::c9: Wilderness_Area_2 IS present,1.197725772857666,5721.586893796921,0.9768742769991302
covtype_binary_20000,29,502,layer_1::c2: ka_concept_1.c0 IS MEDIUM,1.1890795230865479,5722.775973320007,0.9770772943125033
covtype_binary_20000,29,503,layer_1::c0: ka_concept_1.c9 IS MEDIUM,1.1715773344039917,5723.947550654411,0.9772773233923265
covtype_binary_20000,29,504,layer_0::c6: Soil_Type_4 IS present,1.1635795831680298,5725.111130237579,0.9774759869772964
covtype_binary_20000,29,505,layer_0::c7: Soil_Type_33 IS present,1.1592967510223389,5726.270426988602,0.9776739193335646
covtype_binary_20000,29,506,layer_1::c0: ka_concept_1.c5 IS MEDIUM,1.153705358505249,5727.424132347107,0.9778708970442731
covtype_binary_20000,29,507,layer_1::c0: projection_6 IS LOW,1.1369565725326538,5728.56108891964,0.9780650151535298
covtype_binary_20000,29,508,layer_0::c0: Soil_Type_22 IS present,1.1331257820129395,5729.6942147016525,0.978258479213344
covtype_binary_20000,29,509,layer_0::c7: Wilderness_Area_2 IS present,1.132983922958374,5730.827198624611,0.9784519190528737
covtype_binary_20000,29,510,layer_0::c2: Hillshade_9am IS HIGH,1.1274548768997192,5731.954653501511,0.978644414891557
covtype_binary_20000,29,511,layer_0::c6: Soil_Type_40 IS present,1.1116942167282104,5733.066347718239,0.9788342198362984
covtype_binary_20000,29,512,layer_1::c3: ka_concept_1.c9 IS MEDIUM,1.1073302030563354,5734.173677921295,0.9790232796918225
covtype_binary_20000,29,513,layer_0::c3: Soil_Type_39 IS absent,1.0981947183609009,5735.271872639656,0.9792107798017424
covtype_binary_20000,29,514,layer_0::c9: Soil_Type_32 IS present,1.097152829170227,5736.369025468826,0.9793981020248681
covtype_binary_20000,29,515,layer_1::c3: projection_6 IS LOW,1.0924738645553589,5737.461499333382,0.9795846253856747
covtype_binary_20000,29,516,layer_0::c3: Wilderness_Area_1 IS present,1.0871225595474243,5738.548621892929,0.9797702350922264
covtype_binary_20000,29,517,layer_1::c5: ka_concept_1.c7 IS MEDIUM,1.0866961479187012,5739.635318040848,0.9799557719954528
covtype_binary_20000,29,518,layer_1::c0: ka_concept_1.c7 IS MEDIUM,1.0645822286605835,5740.699900269508,0.9801375332820036
covtype_binary_20000,29,519,layer_1::c3: ka_concept_1.c8 IS HIGH,1.0631920099258423,5741.763092279434,0.9803190572097681
covtype_binary_20000,29,520,layer_0::c2: Wilderness_Area_2 IS present,1.051291823387146,5742.814384102821,0.9804985493609752
covtype_binary_20000,29,521,layer_0::c2: Wilderness_Area_2 IS present,1.0505995750427246,5743.864983677864,0.9806779233212656
covtype_binary_20000,29,522,layer_0::c3: Vertical_Distance_To_Hydrology IS MEDIUM,1.048410415649414,5744.9133940935135,0.9808569235157564
covtype_binary_20000,29,523,layer_1::c5: ka_concept_1.c5 IS MEDIUM,1.044918179512024,5745.9583122730255,0.981035327463836
covtype_binary_20000,29,524,layer_0::c10: Soil_Type_30 IS present,1.0439918041229248,5747.002304077148,0.981213573247353
covtype_binary_20000,29,525,layer_1::c5: projection_1 IS MEDIUM,1.0419481992721558,5748.044252276421,0.9813914701163035
covtype_binary_20000,29,526,layer_1::c0: ka_concept_1.c0 IS LOW,1.0399768352508545,5749.084229111671,0.9815690304047145
covtype_binary_20000,29,527,layer_0::c0: Hillshade_Noon IS HIGH,1.0279921293258667,5750.112221240997,0.9817445444861637
covtype_binary_20000,29,528,layer_1::c0: ka_concept_1.c8 IS LOW,1.024541974067688,5751.136763215065,0.9819194695058742
covtype_binary_20000,29,529,layer_0::c9: Soil_Type_24 IS present,1.0191352367401123,5752.155898451805,0.9820934714071009
covtype_binary_20000,29,530,layer_1::c3: ka_concept_1.c5 IS HIGH,1.012599229812622,5753.168497681618,0.9822663573841688
covtype_binary_20000,29,531,layer_0::c10: Wilderness_Area_1 IS absent,0.9968451261520386,5754.16534280777,0.9824365535867199
covtype_binary_20000,29,532,layer_0::c10: Soil_Type_13 IS present,0.9942705035209656,5755.159613311291,0.9826063102114635
covtype_binary_20000,29,533,layer_0::c11: Soil_Type_33 IS present,0.9851579666137695,5756.1447712779045,0.9827745110085901
covtype_binary_20000,29,534,layer_0::c11: Soil_Type_10 IS present,0.9647766947746277,5757.109547972679,0.9829392320123375
covtype_binary_20000,29,535,layer_1::c2: projection_6 IS HIGH,0.963554322719574,5758.073102295399,0.9831037443145759
covtype_binary_20000,29,536,layer_0::c8: Horizontal_Distance_To_Hydrology IS MEDIUM,0.9607083797454834,5759.033810675144,0.9832677707151691
covtype_binary_20000,29,537,layer_0::c8: Soil_Type_2 IS present,0.9337955713272095,5759.967606246471,0.9834272021614684
covtype_binary_20000,29,538,layer_0::c6: Soil_Type_32 IS present,0.927174985408783,5760.89478123188,0.9835855032430276
covtype_binary_20000,29,539,layer_1::c5: ka_concept_1.c10 IS MEDIUM,0.9251319766044617,5761.819913208485,0.9837434555117861
covtype_binary_20000,29,540,layer_1::c2: ka_concept_1.c5 IS MEDIUM,0.9230667352676392,5762.742979943752,0.9839010551718759
covtype_binary_20000,29,541,layer_0::c4: Soil_Type_29 IS present,0.9210677146911621,5763.664047658443,0.9840583135294885
covtype_binary_20000,29,542,layer_1::c0: ka_concept_1.c2 IS MEDIUM,0.9144802093505859,5764.578527867794,0.9842144471703684
covtype_binary_20000,29,543,layer_0::c5: Soil_Type_13 IS present,0.9141303896903992,5765.492658257484,0.9843705210848414
covtype_binary_20000,29,544,layer_0::c3: Soil_Type_29 IS present,0.9018543362617493,5766.394512593746,0.98452449904918
covtype_binary_20000,29,545,layer_0::c7: Wilderness_Area_4 IS present,0.8994354605674744,5767.293948054314,0.9846780640271413
covtype_binary_20000,29,546,layer_0::c7: Wilderness_Area_4 IS present,0.8944268822669983,5768.188374936581,0.9848307738662404
covtype_binary_20000,29,547,layer_1::c3: ka_concept_1.c3 IS LOW,0.8818461894989014,5769.07022112608,0.9849813357426536
covtype_binary_20000,29,548,layer_1::c5: ka_concept_1.c3 IS HIGH,0.8602288961410522,5769.930450022221,0.9851282067937396
covtype_binary_20000,29,549,layer_1::c2: ka_concept_1.c10 IS HIGH,0.8579242825508118,5770.788374304771,0.9852746843669711
covtype_binary_20000,29,550,layer_0::c11: Wilderness_Area_2 IS present,0.8550669550895691,5771.643441259861,0.9854206740948287
covtype_binary_20000,29,551,layer_0::c11: Wilderness_Area_2 IS present,0.8547303676605225,5772.4981716275215,0.9855666063554822
covtype_binary_20000,29,552,"projection_layer::pursuit_5(Hillshade_9am, Wilderness_Area_1, Soil_Type_10, Soil_Type_32) IS HIGH",0.8544694781303406,5773.352641105652,0.9857124940732012
covtype_binary_20000,29,553,layer_0::c3: Soil_Type_29 IS absent,0.8493578433990479,5774.201998949051,0.9858575090567337
covtype_binary_20000,29,554,layer_0::c0: Soil_Type_23 IS present,0.844637930393219,5775.046636879444,0.9860017181866297
covtype_binary_20000,29,555,layer_0::c3: Soil_Type_40 IS absent,0.8374553918838501,5775.884092271328,0.9861447010068946
covtype_binary_20000,29,556,layer_1::c2: ka_concept_1.c3 IS LOW,0.815964937210083,5776.700057208538,0.9862840146576158
covtype_binary_20000,29,557,layer_0::c8: Hillshade_3pm IS LOW,0.8084776401519775,5777.50853484869,0.986422049965801
covtype_binary_20000,29,558,layer_1::c5: ka_concept_1.c0 IS LOW,0.7994293570518494,5778.307964205742,0.9865585404167332
covtype_binary_20000,29,559,layer_0::c7: Soil_Type_2 IS present,0.7914959788322449,5779.099460184574,0.9866936763635292
covtype_binary_20000,29,560,layer_0::c2: Wilderness_Area_4 IS present,0.77728271484375,5779.876742899418,0.9868263856108379
covtype_binary_20000,29,561,layer_0::c2: Wilderness_Area_4 IS present,0.7768082618713379,5780.653551161289,0.9869590138524897
covtype_binary_20000,29,562,layer_1::c2: ka_concept_1.c10 IS LOW,0.7624142169952393,5781.415965378284,0.9870891845290566
covtype_binary_20000,29,563,layer_1::c3: ka_concept_1.c11 IS LOW,0.7612655162811279,5782.177230894566,0.9872191590823798
covtype_binary_20000,29,564,layer_1::c3: ka_concept_1.c4 IS LOW,0.7552635669708252,5782.932494461536,0.9873481088937911
covtype_binary_20000,29,565,layer_1::c3: ka_concept_1.c2 IS LOW,0.7544025778770447,5783.686897039413,0.987476911704359
covtype_binary_20000,29,566,layer_1::c3: ka_concept_1.c2 IS HIGH,0.7462286949157715,5784.433125734329,0.9876043189482501
covtype_binary_20000,29,567,layer_0::c2: Horizontal_Distance_To_Hydrology IS HIGH,0.7461325526237488,5785.179258286953,0.9877317097773014
covtype_binary_20000,29,568,layer_1::c5: ka_concept_1.c3 IS MEDIUM,0.741202712059021,5785.920460999012,0.9878582589107661
covtype_binary_20000,29,569,layer_0::c9: Horizontal_Distance_To_Hydrology IS HIGH,0.7401087880134583,5786.660569787025,0.9879846212732734
covtype_binary_20000,29,570,layer_0::c1: Wilderness_Area_4 IS present,0.7330968976020813,5787.3936666846275,0.988109786461727
covtype_binary_20000,29,571,layer_0::c6: Wilderness_Area_4 IS present,0.7255150675773621,5788.119181752205,0.9882336571675725
covtype_binary_20000,29,572,layer_1::c0: ka_concept_1.c7 IS HIGH,0.7178369760513306,5788.837018728256,0.9883562169556173
covtype_binary_20000,29,573,layer_0::c6: Soil_Type_30 IS present,0.7049195766448975,5789.541938304901,0.9884765712934189
covtype_binary_20000,29,574,layer_0::c0: Soil_Type_38 IS present,0.7035425305366516,5790.245480835438,0.9885966905214606
covtype_binary_20000,29,575,layer_0::c4: Aspect IS HIGH,0.6959019899368286,5790.941382825375,0.9887155052429532
covtype_binary_20000,29,576,layer_0::c5: Hillshade_3pm IS HIGH,0.6921383142471313,5791.633521139622,0.9888336773738433
covtype_binary_20000,29,577,layer_0::c6: Wilderness_Area_4 IS present,0.6873977184295654,5792.320918858051,0.9889510401198203
covtype_binary_20000,29,578,layer_1::c0: ka_concept_1.c4 IS HIGH,0.6830507516860962,5793.003969609737,0.9890676606870846
covtype_binary_20000,29,579,layer_1::c0: projection_6 IS MEDIUM,0.6721084713935852,5793.676078081131,0.9891824130257706
covtype_binary_20000,29,580,layer_1::c5: ka_concept_1.c9 IS HIGH,0.6668214201927185,5794.342899501324,0.9892962626805656
covtype_binary_20000,29,581,layer_0::c2: Soil_Type_38 IS present,0.6634261012077332,5795.006325602531,0.9894095326360848
covtype_binary_20000,29,582,layer_0::c0: Wilderness_Area_2 IS present,0.6631195545196533,5795.669445157051,0.9895227502534013
covtype_binary_20000,29,583,layer_1::c2: projection_2 IS LOW,0.6584967374801636,5796.327941894531,0.9896351785947466
covtype_binary_20000,29,584,layer_1::c2: projection_1 IS MEDIUM,0.652779221534729,5796.980721116066,0.9897466307568675
covtype_binary_20000,29,585,layer_1::c5: projection_0 IS LOW,0.6505244970321655,5797.631245613098,0.98985769795894
covtype_binary_20000,29,586,layer_0::c10: Wilderness_Area_1 IS absent,0.6501554846763611,5798.2814010977745,0.9899687021577435
covtype_binary_20000,29,587,layer_1::c5: projection_6 IS HIGH,0.6475305557250977,5798.9289316535,0.9900792581896976
covtype_binary_20000,29,588,layer_1::c2: ka_concept_1.c8 IS HIGH,0.6408317685127258,5799.569763422012,0.9901886705052254
covtype_binary_20000,29,589,layer_1::c3: ka_concept_1.c3 IS MEDIUM,0.6386830806732178,5800.208446502686,0.9902977159648584
covtype_binary_20000,29,590,layer_1::c5: ka_concept_1.c11 IS LOW,0.6313362717628479,5800.839782774448,0.990405507068178
covtype_binary_20000,29,591,layer_0::c10: Wilderness_Area_4 IS absent,0.6196046471595764,5801.459387421608,0.9905112951743371
covtype_binary_20000,29,592,layer_0::c8: Wilderness_Area_4 IS absent,0.6146948337554932,5802.0740822553635,0.9906162450042437
covtype_binary_20000,29,593,layer_0::c7: Soil_Type_40 IS present,0.613909900188446,5802.687992155552,0.990721060818636
covtype_binary_20000,29,594,layer_0::c0: Wilderness_Area_2 IS absent,0.5963683724403381,5803.284360527992,0.9908228816829288
covtype_binary_20000,29,595,layer_1::c0: ka_concept_1.c5 IS HIGH,0.5944318175315857,5803.878792345524,0.9909243719098108
covtype_binary_20000,29,596,layer_1::c5: ka_concept_1.c4 IS HIGH,0.5891790986061096,5804.46797144413,0.9910249653145177
covtype_binary_20000,29,597,layer_0::c10: Soil_Type_10 IS present,0.5845325589179993,5805.052504003048,0.9911247653929706
covtype_binary_20000,29,598,layer_1::c3: projection_1 IS MEDIUM,0.5817862153053284,5805.634290218353,0.99122409657486
covtype_binary_20000,29,599,layer_1::c2: ka_concept_1.c8 IS MEDIUM,0.577252984046936,5806.2115432024,0.9913226537761931
covtype_binary_20000,29,600,layer_0::c0: Wilderness_Area_3 IS absent,0.5769270062446594,5806.788470208645,0.9914211553217551
covtype_binary_20000,29,601,layer_1::c3: ka_concept_1.c9 IS HIGH,0.57689368724823,5807.365363895893,0.9915196511786033
covtype_binary_20000,29,602,layer_0::c8: Wilderness_Area_4 IS absent,0.5766278505325317,5807.941991746426,0.9916181016478599
covtype_binary_20000,29,603,layer_0::c11: Wilderness_Area_4 IS present,0.5763599872589111,5808.5183517336845,0.9917165063835207
covtype_binary_20000,29,604,layer_0::c11: Wilderness_Area_4 IS present,0.5756657123565674,5809.094017446041,0.9918147925822607
covtype_binary_20000,29,605,layer_0::c11: Soil_Type_30 IS present,0.5742764472961426,5809.668293893337,0.9919128415850397
covtype_binary_20000,29,606,layer_1::c0: ka_concept_1.c8 IS MEDIUM,0.5731716752052307,5810.2414655685425,0.992010701964722
covtype_binary_20000,29,607,layer_1::c5: projection_5 IS LOW,0.5731284022331238,5810.814593970776,0.9921085549562
covtype_binary_20000,29,608,layer_1::c2: ka_concept_1.c2 IS HIGH,0.5715341567993164,5811.386128127575,0.9922061357544238
covtype_binary_20000,29,609,layer_1::c5: ka_concept_1.c6 IS LOW,0.5712785720825195,5811.957406699657,0.9923036729154294
covtype_binary_20000,29,610,layer_1::c5: ka_concept_1.c3 IS LOW,0.5670228600502014,5812.524429559708,0.992400483478082
covtype_binary_20000,29,611,layer_0::c11: Soil_Type_11 IS present,0.5669289231300354,5813.091358482838,0.9924972780024285
covtype_binary_20000,29,612,layer_1::c3: ka_concept_1.c1 IS LOW,0.5666929483413696,5813.658051431179,0.9925940322376551
covtype_binary_20000,29,613,layer_0::c11: Wilderness_Area_3 IS present,0.5639528036117554,5814.222004234791,0.9926903186346837
covtype_binary_20000,29,614,layer_1::c0: projection_2 IS LOW,0.5622259378433228,5814.784230172634,0.9927863101955453
covtype_binary_20000,29,615,layer_1::c2: ka_concept_1.c2 IS LOW,0.5569679737091064,5815.341198146343,0.992881404038692
covtype_binary_20000,29,616,layer_1::c5: ka_concept_1.c2 IS MEDIUM,0.55679851770401,5815.897996664047,0.9929764689497931
covtype_binary_20000,29,617,layer_1::c5: projection_3 IS LOW,0.5462090373039246,5816.444205701351,0.9930697258675523
covtype_binary_20000,29,618,layer_1::c3: ka_concept_1.c5 IS MEDIUM,0.5411127209663391,5816.9853184223175,0.9931621126665087
covtype_binary_20000,29,619,layer_1::c5: ka_concept_1.c6 IS HIGH,0.5387404561042786,5817.524058878422,0.993254094437181
covtype_binary_20000,29,620,layer_0::c2: Wilderness_Area_4 IS absent,0.5335865616798401,5818.057645440102,0.9933451962584646
covtype_binary_20000,29,621,layer_0::c0: Wilderness_Area_3 IS present,0.5313090682029724,5818.588954508305,0.9934359092322423
covtype_binary_20000,29,622,layer_1::c2: ka_concept_1.c5 IS HIGH,0.5285789966583252,5819.117533504963,0.9935261560876658
covtype_binary_20000,29,623,layer_0::c7: Soil_Type_30 IS present,0.5233840942382812,5819.640917599201,0.9936155159922067
covtype_binary_20000,29,624,layer_1::c2: ka_concept_1.c5 IS LOW,0.5225878953933716,5820.163505494595,0.9937047399578576
covtype_binary_20000,29,625,layer_1::c3: projection_3 IS LOW,0.5212945342063904,5820.684800028801,0.993793743101681
covtype_binary_20000,29,626,layer_1::c3: ka_concept_1.c10 IS MEDIUM,0.5188429355621338,5821.203642964363,0.9938823276721789
covtype_binary_20000,29,627,layer_1::c5: ka_concept_1.c9 IS MEDIUM,0.5108904838562012,5821.714533448219,0.9939695544820318
covtype_binary_20000,29,628,layer_0::c3: Wilderness_Area_2 IS present,0.5041835308074951,5822.218716979027,0.9940556361812658
covtype_binary_20000,29,629,layer_0::c3: Wilderness_Area_2 IS present,0.49942299723625183,5822.718139976263,0.994140905091517
covtype_binary_20000,29,630,layer_1::c0: projection_4 IS LOW,0.49534064531326294,5823.213480621576,0.9942254770020272
covtype_binary_20000,29,631,layer_0::c4: Soil_Type_40 IS present,0.4942252039909363,5823.707705825567,0.9943098584678313
covtype_binary_20000,29,632,layer_1::c5: ka_concept_1.c7 IS HIGH,0.48743534088134766,5824.195141166449,0.9943930806673793
covtype_binary_20000,29,633,layer_0::c0: Horizontal_Distance_To_Roadways IS HIGH,0.4829118251800537,5824.678052991629,0.9944755305451551
covtype_binary_20000,29,634,layer_0::c0: Soil_Type_29 IS absent,0.4672148525714874,5825.1452678442,0.9945553004026756
covtype_binary_20000,29,635,layer_1::c2: ka_concept_1.c10 IS MEDIUM,0.4663858711719513,5825.611653715372,0.9946349287241816
covtype_binary_20000,29,636,layer_0::c5: Soil_Type_2 IS present,0.46589452028274536,5826.077548235655,0.9947144731549674
covtype_binary_20000,29,637,layer_1::c2: ka_concept_1.c7 IS HIGH,0.45402899384498596,5826.5315772295,0.9947919917268832
covtype_binary_20000,29,638,layer_1::c0: ka_concept_1.c8 IS HIGH,0.45309650897979736,5826.98467373848,0.9948693510911358
covtype_binary_20000,29,639,layer_1::c2: projection_0 IS LOW,0.44681602716445923,5827.431489765644,0.9949456381582712
covtype_binary_20000,29,640,layer_1::c2: ka_concept_1.c7 IS LOW,0.4372195601463318,5827.86870932579,0.9950202867740549
covtype_binary_20000,29,641,layer_1::c2: ka_concept_1.c11 IS MEDIUM,0.432355672121048,5828.301064997911,0.9950941049546487
covtype_binary_20000,29,642,layer_1::c0: ka_concept_1.c10 IS LOW,0.42826664447784424,5828.729331642389,0.9951672249957234
covtype_binary_20000,29,643,layer_1::c2: projection_4 IS LOW,0.4274781346321106,5829.156809777021,0.9952402104106883
covtype_binary_20000,29,644,layer_0::c1: Wilderness_Area_2 IS present,0.4269881248474121,5829.583797901869,0.9953131121639065
covtype_binary_20000,29,645,layer_1::c3: ka_concept_1.c6 IS MEDIUM,0.4223473370075226,5830.006145238876,0.9953852215729113
covtype_binary_20000,29,646,layer_1::c2: ka_concept_1.c6 IS LOW,0.4177393615245819,5830.423884600401,0.9954565442399158
covtype_binary_20000,29,647,layer_1::c5: ka_concept_1.c8 IS HIGH,0.4118630290031433,5830.835747629404,0.9955268636121718
covtype_binary_20000,29,648,layer_1::c2: projection_7 IS LOW,0.4061574637889862,5831.241905093193,0.99559620884561
covtype_binary_20000,29,649,layer_1::c5: ka_concept_1.c1 IS HIGH,0.4013494551181793,5831.643254548311,0.9956647331844114
covtype_binary_20000,29,650,layer_0::c1: Wilderness_Area_2 IS present,0.39642202854156494,5832.039676576853,0.995732416239778
covtype_binary_20000,29,651,layer_1::c3: projection_2 IS LOW,0.38916975259780884,5832.428846329451,0.9957988610789033
covtype_binary_20000,29,652,layer_0::c0: Soil_Type_39 IS present,0.38795438408851624,5832.816800713539,0.9958650984122689
covtype_binary_20000,29,653,layer_1::c5: ka_concept_1.c2 IS LOW,0.3857632279396057,5833.202563941479,0.9959309616389194
covtype_binary_20000,29,654,layer_1::c5: projection_6 IS MEDIUM,0.3846750557422638,5833.587238997221,0.9959966390766535
covtype_binary_20000,29,655,layer_1::c3: projection_4 IS LOW,0.38413792848587036,5833.971376925707,0.9960622248080464
covtype_binary_20000,29,656,layer_1::c5: ka_concept_1.c2 IS HIGH,0.38412100076675415,5834.355497926474,0.9961278076492877
covtype_binary_20000,29,657,layer_1::c3: ka_concept_1.c4 IS MEDIUM,0.38130003213882446,5834.736797958612,0.9961929088528749
covtype_binary_20000,29,658,layer_0::c0: Soil_Type_12 IS present,0.3760991096496582,5835.112897068262,0.996257122077744
covtype_binary_20000,29,659,layer_0::c8: Wilderness_Area_4 IS present,0.3736586570739746,5835.486555725336,0.9963209186323099
covtype_binary_20000,29,660,layer_1::c0: ka_concept_1.c6 IS LOW,0.36911287903785706,5835.855668604374,0.996383939064147
covtype_binary_20000,29,661,layer_0::c8: Wilderness_Area_4 IS present,0.3679875135421753,5836.223656117916,0.9964467673568758
covtype_binary_20000,29,662,layer_1::c5: ka_concept_1.c7 IS LOW,0.3675585985183716,5836.5912147164345,0.9965095224188625
covtype_binary_20000,29,663,layer_1::c0: projection_3 IS LOW,0.3648964464664459,5836.956111162901,0.9965718229587193
covtype_binary_20000,29,664,layer_1::c2: ka_concept_1.c9 IS HIGH,0.36047622561454773,5837.3165873885155,0.9966333688128344
covtype_binary_20000,29,665,layer_1::c2: projection_7 IS MEDIUM,0.36004480719566345,5837.676632195711,0.9966948410087907
covtype_binary_20000,29,666,layer_1::c3: projection_0 IS LOW,0.3549649119377136,5838.031597107649,0.9967554458895949
covtype_binary_20000,29,667,layer_1::c5: ka_concept_1.c11 IS MEDIUM,0.3498176336288452,5838.381414741278,0.9968151719506119
covtype_binary_20000,29,668,layer_0::c4: Soil_Type_4 IS present,0.34336262941360474,5838.724777370691,0.9968737959174558
covtype_binary_20000,29,669,layer_1::c3: ka_concept_1.c6 IS LOW,0.3341904878616333,5839.058967858553,0.9969308538800927
covtype_binary_20000,29,670,layer_1::c3: ka_concept_1.c11 IS MEDIUM,0.33345043659210205,5839.392418295145,0.9969877854901875
covtype_binary_20000,29,671,layer_0::c2: Soil_Type_4 IS present,0.33059239387512207,5839.72301068902,0.9970442291327892
covtype_binary_20000,29,672,layer_1::c2: ka_concept_1.c4 IS HIGH,0.3302849233150482,5840.053295612335,0.9971006202794511
covtype_binary_20000,29,673,layer_1::c5: ka_concept_1.c0 IS MEDIUM,0.3299756646156311,5840.383271276951,0.9971569586248755
covtype_binary_20000,29,674,layer_1::c3: projection_5 IS LOW,0.32525208592414856,5840.708523362875,0.9972124904908032
covtype_binary_20000,29,675,layer_1::c2: ka_concept_1.c9 IS LOW,0.3245207965373993,5841.033044159412,0.9972678975001474
covtype_binary_20000,29,676,layer_1::c3: ka_concept_1.c1 IS MEDIUM,0.3234822154045105,5841.356526374817,0.9973231271874984
covtype_binary_20000,29,677,layer_0::c11: Vertical_Distance_To_Hydrology IS HIGH,0.31539323925971985,5841.671919614077,0.9973769758047248
covtype_binary_20000,29,678,layer_1::c3: ka_concept_1.c10 IS HIGH,0.3135155141353607,5841.985435128212,0.9974305038288349
covtype_binary_20000,29,679,layer_1::c2: ka_concept_1.c4 IS MEDIUM,0.3057205080986023,5842.291155636311,0.9974827009737628
covtype_binary_20000,29,680,layer_0::c6: Wilderness_Area_2 IS present,0.3004154562950134,5842.591571092606,0.9975339923614694
covtype_binary_20000,29,681,layer_1::c0: ka_concept_1.c1 IS LOW,0.3000965118408203,5842.891667604446,0.9975852292942429
covtype_binary_20000,29,682,layer_1::c5: projection_1 IS HIGH,0.29677656292915344,5843.188444167376,0.9976358993960386
covtype_binary_20000,29,683,layer_0::c7: Hillshade_3pm IS LOW,0.28919485211372375,5843.477639019489,0.9976852750355796
covtype_binary_20000,29,684,layer_1::c3: ka_concept_1.c3 IS HIGH,0.2890714108943939,5843.766710430384,0.9977346295994025
covtype_binary_20000,29,685,layer_0::c6: Hillshade_9am IS LOW,0.28632667660713196,5844.053037106991,0.9977835155414302
covtype_binary_20000,29,686,layer_1::c0: ka_concept_1.c0 IS HIGH,0.28398218750953674,5844.3370192945,0.9978320011974646
covtype_binary_20000,29,687,layer_0::c6: Soil_Type_13 IS present,0.27564820647239685,5844.612667500973,0.9978790639525013
covtype_binary_20000,29,688,layer_1::c5: projection_5 IS MEDIUM,0.2719118297100067,5844.884579330683,0.997925488777814
covtype_binary_20000,29,689,layer_1::c2: ka_concept_1.c3 IS HIGH,0.25735026597976685,5845.1419295966625,0.9979694274367351
covtype_binary_20000,29,690,layer_0::c6: Slope IS MEDIUM,0.25152307748794556,5845.3934526741505,0.9980123711915063
covtype_binary_20000,29,691,layer_0::c2: Soil_Type_39 IS present,0.251485139131546,5845.644937813282,0.998055308468878
covtype_binary_20000,29,692,layer_1::c0: ka_concept_1.c9 IS HIGH,0.23955680429935455,5845.884494617581,0.9980962091637978
covtype_binary_20000,29,693,layer_1::c3: ka_concept_1.c0 IS HIGH,0.22990934550762177,5846.114403963089,0.998135462701293
covtype_binary_20000,29,694,layer_0::c9: Wilderness_Area_3 IS present,0.22751785814762115,5846.341921821237,0.998174307928554
covtype_binary_20000,29,695,layer_0::c4: Wilderness_Area_2 IS present,0.22519242763519287,5846.567114248872,0.9982127561237863
covtype_binary_20000,29,696,layer_1::c0: ka_concept_1.c0 IS MEDIUM,0.2233295887708664,5846.790443837643,0.9982508862675057
covtype_binary_20000,29,697,layer_1::c5: ka_concept_1.c6 IS MEDIUM,0.22276662290096283,5847.013210460544,0.9982889202933319
covtype_binary_20000,29,698,layer_1::c0: projection_5 IS LOW,0.22258731722831726,5847.235797777772,0.9983269237054312
covtype_binary_20000,29,699,layer_1::c0: projection_7 IS MEDIUM,0.2193526327610016,5847.455150410533,0.9983643748441648
covtype_binary_20000,29,700,layer_1::c2: projection_5 IS LOW,0.21719780564308167,5847.672348216176,0.9984014580788149
covtype_binary_20000,29,701,layer_1::c0: projection_0 IS LOW,0.21492768824100494,5847.887275904417,0.9984381537253121
covtype_binary_20000,29,702,layer_1::c2: projection_6 IS MEDIUM,0.21177567541599274,5848.099051579833,0.998474311213374
covtype_binary_20000,29,703,layer_1::c2: projection_5 IS MEDIUM,0.2101646065711975,5848.309216186404,0.9985101936358393
covtype_binary_20000,29,704,layer_1::c0: projection_1 IS LOW,0.20099373161792755,5848.510209918022,0.99854451027035
covtype_binary_20000,29,705,layer_0::c3: Vertical_Distance_To_Hydrology IS HIGH,0.19758421182632446,5848.7077941298485,0.9985782447810123
covtype_binary_20000,29,706,layer_0::c4: Hillshade_9am IS MEDIUM,0.19715437293052673,5848.904948502779,0.9986119059031955
covtype_binary_20000,29,707,layer_0::c3: Soil_Type_2 IS present,0.19639793038368225,5849.101346433163,0.9986454378742743
covtype_binary_20000,29,708,layer_1::c0: ka_concept_1.c5 IS LOW,0.19396813213825226,5849.295314565301,0.9986785549941155
covtype_binary_20000,29,709,layer_1::c3: projection_6 IS MEDIUM,0.19093550741672516,5849.486250072718,0.9987111543392313
covtype_binary_20000,29,710,layer_1::c3: ka_concept_1.c8 IS MEDIUM,0.18173636496067047,5849.667986437678,0.9987421830701447
covtype_binary_20000,29,711,layer_1::c3: projection_5 IS MEDIUM,0.17169266939163208,5849.83967910707,0.9987714969922071
covtype_binary_20000,29,712,layer_1::c0: ka_concept_1.c11 IS LOW,0.17108796536922455,5850.010767072439,0.9988007076702193
covtype_binary_20000,29,713,layer_1::c0: ka_concept_1.c3 IS HIGH,0.1668914258480072,5850.177658498287,0.9988292018526881
covtype_binary_20000,29,714,layer_1::c0: ka_concept_1.c10 IS MEDIUM,0.1658627837896347,5850.343521282077,0.9988575204101098
covtype_binary_20000,29,715,layer_1::c0: ka_concept_1.c2 IS HIGH,0.16418786346912384,5850.507709145546,0.9988855530002627
covtype_binary_20000,29,716,layer_1::c0: ka_concept_1.c1 IS MEDIUM,0.16190683841705322,5850.669615983963,0.9989131961399469
covtype_binary_20000,29,717,layer_1::c2: ka_concept_1.c6 IS MEDIUM,0.15467602014541626,5850.824292004108,0.9989396047269619
covtype_binary_20000,29,718,layer_1::c5: ka_concept_1.c11 IS HIGH,0.1534542441368103,5850.977746248245,0.9989658047142339
covtype_binary_20000,29,719,layer_0::c4: Soil_Type_2 IS present,0.15246181190013885,5851.130208060145,0.9989918352587375
covtype_binary_20000,29,720,layer_1::c3: projection_7 IS LOW,0.1519087553024292,5851.282116815448,0.999017771377206
covtype_binary_20000,29,721,layer_1::c2: ka_concept_1.c0 IS HIGH,0.15183775126934052,5851.433954566717,0.9990436953728118
covtype_binary_20000,29,722,layer_0::c5: Soil_Type_40 IS present,0.14974679052829742,5851.583701357245,0.9990692623685501
covtype_binary_20000,29,723,layer_1::c0: ka_concept_1.c9 IS LOW,0.14893114566802979,5851.7326325029135,0.9990946901052861
covtype_binary_20000,29,724,layer_0::c11: Horizontal_Distance_To_Hydrology IS HIGH,0.14859096705913544,5851.881223469973,0.9991200597616784
covtype_binary_20000,29,725,layer_1::c0: projection_1 IS MEDIUM,0.14642316102981567,5852.027646631002,0.9991450592980347
covtype_binary_20000,29,726,layer_1::c0: ka_concept_1.c1 IS HIGH,0.1412602812051773,5852.168906912208,0.9991691773508812
covtype_binary_20000,29,727,layer_0::c8: Wilderness_Area_2 IS present,0.1384977549314499,5852.307404667139,0.9991928237442204
covtype_binary_20000,29,728,layer_1::c3: ka_concept_1.c2 IS MEDIUM,0.13760775327682495,5852.445012420416,0.999216318183261
covtype_binary_20000,29,729,layer_1::c5: projection_7 IS MEDIUM,0.13596616685390472,5852.58097858727,0.9992395323462907
covtype_binary_20000,29,730,"projection_layer::pursuit_2(Hillshade_Noon, Wilderness_Area_4, Soil_Type_23, Soil_Type_11) IS HIGH",0.13539764285087585,5852.716376230121,0.9992626494424605
covtype_binary_20000,29,731,layer_1::c2: ka_concept_1.c1 IS MEDIUM,0.13362175226211548,5852.849997982383,0.9992854633322178
covtype_binary_20000,29,732,layer_0::c6: Wilderness_Area_2 IS present,0.132559135556221,5852.982557117939,0.9993080957962719
covtype_binary_20000,29,733,layer_0::c9: Wilderness_Area_4 IS absent,0.13194246590137482,5853.11449958384,0.9993306229733253
covtype_binary_20000,29,734,layer_1::c2: projection_2 IS MEDIUM,0.13151462376117706,5853.246014207602,0.9993530771028153
covtype_binary_20000,29,735,layer_1::c2: projection_1 IS HIGH,0.1311788260936737,5853.377193033695,0.9993754738999411
covtype_binary_20000,29,736,layer_1::c0: projection_5 IS MEDIUM,0.1306496113538742,5853.507842645049,0.9993977803416679
covtype_binary_20000,29,737,layer_1::c5: projection_2 IS LOW,0.12230421602725983,5853.630146861076,0.99941866193358
covtype_binary_20000,29,738,layer_1::c0: ka_concept_1.c2 IS LOW,0.11800891160964966,5853.748155772686,0.9994388101673388
covtype_binary_20000,29,739,layer_1::c0: ka_concept_1.c11 IS MEDIUM,0.11407393217086792,5853.862229704857,0.9994582865629756
covtype_binary_20000,29,740,layer_1::c0: ka_concept_1.c6 IS MEDIUM,0.11403773725032806,5853.976267442107,0.9994777567788781
covtype_binary_20000,29,741,layer_1::c3: projection_1 IS LOW,0.11349456757307053,5854.08976200968,0.9994971342567875
covtype_binary_20000,29,742,layer_1::c5: ka_concept_1.c1 IS MEDIUM,0.11332447081804276,5854.203086480498,0.9995164826932531
covtype_binary_20000,29,743,layer_0::c10: Wilderness_Area_4 IS present,0.11148440092802048,5854.314570881426,0.9995355169656629
covtype_binary_20000,29,744,layer_1::c3: ka_concept_1.c1 IS HIGH,0.10796074569225311,5854.422531627119,0.9995539496273266
covtype_binary_20000,29,745,layer_0::c2: Vertical_Distance_To_Hydrology IS HIGH,0.10787172615528107,5854.530403353274,0.999572367090253
covtype_binary_20000,29,746,layer_0::c8: Soil_Type_13 IS present,0.10419406741857529,5854.634597420692,0.9995901566486686
covtype_binary_20000,29,747,layer_1::c3: ka_concept_1.c5 IS LOW,0.09894052147865295,5854.733537942171,0.9996070492437089
covtype_binary_20000,29,748,layer_1::c2: ka_concept_1.c11 IS HIGH,0.09866562485694885,5854.832203567028,0.999623894904316
covtype_binary_20000,29,749,layer_1::c3: projection_1 IS HIGH,0.0984933078289032,5854.930696874857,0.9996407111444012
covtype_binary_20000,29,750,layer_1::c2: ka_concept_1.c3 IS MEDIUM,0.09848087280988693,5855.029177747667,0.9996575252613954
covtype_binary_20000,29,751,layer_1::c3: ka_concept_1.c9 IS LOW,0.0948692113161087,5855.124046958983,0.999673722741908
covtype_binary_20000,29,752,layer_1::c3: ka_concept_1.c0 IS MEDIUM,0.09001525491476059,5855.214062213898,0.9996890914829053
covtype_binary_20000,29,753,"projection_layer::pursuit_3(Slope, Soil_Type_12, Soil_Type_13, Soil_Type_1) IS MEDIUM",0.07800774276256561,5855.29206995666,0.9997024101231228
covtype_binary_20000,29,754,layer_1::c2: projection_3 IS MEDIUM,0.07681581377983093,5855.36888577044,0.9997155252595248
covtype_binary_20000,29,755,layer_1::c2: projection_4 IS MEDIUM,0.07672086358070374,5855.445606634021,0.9997286241846188
covtype_binary_20000,29,756,layer_1::c2: ka_concept_1.c1 IS HIGH,0.07475896179676056,5855.520365595818,0.9997413881447073
covtype_binary_20000,29,757,layer_1::c0: ka_concept_1.c4 IS LOW,0.0688776820898056,5855.589243277907,0.9997531479653902
covtype_binary_20000,29,758,layer_1::c0: projection_1 IS HIGH,0.0644969567656517,5855.653740234673,0.9997641598435943
covtype_binary_20000,29,759,layer_1::c3: projection_6 IS HIGH,0.06383885443210602,5855.717579089105,0.9997750593607957
covtype_binary_20000,29,760,layer_1::c2: projection_0 IS MEDIUM,0.062050629407167435,5855.779629718512,0.9997856535656665
covtype_binary_20000,29,761,layer_1::c3: projection_7 IS MEDIUM,0.061504412442445755,5855.841134130955,0.9997961545122661
covtype_binary_20000,29,762,layer_0::c4: Soil_Type_32 IS present,0.05899287387728691,5855.900127004832,0.9998062266517069
covtype_binary_20000,29,763,layer_1::c0: ka_concept_1.c11 IS HIGH,0.058678049594163895,5855.958805054426,0.9998162450396711
covtype_binary_20000,29,764,layer_1::c0: projection_6 IS HIGH,0.05782331898808479,5856.016628373414,0.999826117495334
covtype_binary_20000,29,765,layer_1::c5: projection_2 IS MEDIUM,0.05599355325102806,5856.072621926665,0.9998356775462193
covtype_binary_20000,29,766,layer_0::c10: Wilderness_Area_4 IS present,0.05547774210572243,5856.128099668771,0.9998451495301661
covtype_binary_20000,29,767,layer_1::c0: projection_2 IS MEDIUM,0.05422937870025635,5856.182329047471,0.999854408374975
covtype_binary_20000,29,768,layer_1::c0: projection_7 IS LOW,0.051647938787937164,5856.233976986259,0.999863226478029
covtype_binary_20000,29,769,layer_1::c5: projection_0 IS MEDIUM,0.049612097442150116,5856.283589083701,0.9998716969920173
covtype_binary_20000,29,770,layer_0::c0: Soil_Type_29 IS present,0.04934237152338028,5856.332931455225,0.9998801214543914
covtype_binary_20000,29,771,layer_1::c3: projection_0 IS MEDIUM,0.0465584322810173,5856.379489887506,0.9998880706013182
covtype_binary_20000,29,772,layer_0::c9: Wilderness_Area_4 IS present,0.04561058059334755,5856.425100468099,0.9998958579169297
covtype_binary_20000,29,773,layer_0::c7: Horizontal_Distance_To_Hydrology IS MEDIUM,0.04534171521663666,5856.470442183316,0.9999035993278516
covtype_binary_20000,29,774,"projection_layer::pursuit_1(Elevation, Vertical_Distance_To_Hydrology, Soil_Type_40, Soil_Type_6) IS MEDIUM",0.043127309530973434,5856.513569492847,0.9999109626625521
covtype_binary_20000,29,775,layer_1::c5: projection_1 IS LOW,0.03776581212878227,5856.5513353049755,0.9999174106028007
covtype_binary_20000,29,776,layer_1::c2: projection_1 IS LOW,0.03677591308951378,5856.588111218065,0.9999236895327859
covtype_binary_20000,29,777,layer_1::c0: ka_concept_1.c3 IS LOW,0.03238697350025177,5856.620498191565,0.999929219117831
covtype_binary_20000,29,778,layer_1::c3: ka_concept_1.c7 IS MEDIUM,0.032009586691856384,5856.652507778257,0.9999346842697961
covtype_binary_20000,29,779,"projection_layer::pursuit_4(Horizontal_Distance_To_Hydrology, Soil_Type_22, Soil_Type_30, Soil_Type_35) IS HIGH",0.030644144862890244,5856.68315192312,0.9999399162932563
covtype_binary_20000,29,780,layer_1::c5: ka_concept_1.c0 IS HIGH,0.028569143265485764,5856.7117210663855,0.999944794041631
covtype_binary_20000,29,781,layer_1::c0: ka_concept_1.c4 IS MEDIUM,0.027969354763627052,5856.739690421149,0.9999495693852061
covtype_binary_20000,29,782,layer_1::c3: projection_4 IS MEDIUM,0.027093883603811264,5856.766784304753,0.9999541952553446
covtype_binary_20000,29,783,layer_1::c2: projection_7 IS HIGH,0.0260139312595129,5856.7927982360125,0.9999586367399821
covtype_binary_20000,29,784,layer_0::c3: Soil_Type_39 IS present,0.024626657366752625,5856.817424893379,0.9999628413686203
covtype_binary_20000,29,785,layer_0::c9: Soil_Type_33 IS present,0.024495188146829605,5856.841920081526,0.9999670235508812
covtype_binary_20000,29,786,layer_1::c3: ka_concept_1.c11 IS HIGH,0.023237118497490883,5856.8651572000235,0.9999709909368097
covtype_binary_20000,29,787,layer_1::c5: ka_concept_1.c4 IS MEDIUM,0.02226843684911728,5856.887425636873,0.999974792935023
covtype_binary_20000,29,788,layer_1::c0: projection_7 IS HIGH,0.01638653501868248,5856.903812171891,0.9999775906876126
covtype_binary_20000,29,789,layer_0::c3: Hillshade_Noon IS MEDIUM,0.015334069728851318,5856.91914624162,0.9999802087476994
covtype_binary_20000,29,790,layer_1::c0: projection_3 IS MEDIUM,0.013806736096739769,5856.932952977717,0.9999825660387085
covtype_binary_20000,29,791,layer_1::c3: projection_2 IS MEDIUM,0.013755694963037968,5856.94670867268,0.9999849146152172
covtype_binary_20000,29,792,layer_1::c3: projection_7 IS HIGH,0.011949678882956505,5856.958658351563,0.9999869548418424
covtype_binary_20000,29,793,layer_1::c5: projection_4 IS HIGH,0.010907912626862526,5856.96956626419,0.9999888172026627
covtype_binary_20000,29,794,layer_1::c5: projection_4 IS MEDIUM,0.009937344118952751,5856.979503608309,0.9999905138536149
covtype_binary_20000,29,795,layer_1::c0: projection_0 IS MEDIUM,0.00859680026769638,5856.988100408576,0.9999919816270145
covtype_binary_20000,29,796,layer_1::c3: projection_3 IS MEDIUM,0.008436177857220173,5856.996536586434,0.9999934219765709
covtype_binary_20000,29,797,layer_1::c0: ka_concept_1.c10 IS HIGH,0.007353717926889658,5857.0038903043605,0.9999946775124943
covtype_binary_20000,29,798,layer_1::c2: projection_4 IS HIGH,0.0033667178358882666,5857.007257022196,0.9999952523285571
covtype_binary_20000,29,799,layer_1::c3: projection_4 IS HIGH,0.003057716879993677,5857.010314739076,0.9999957743873883
covtype_binary_20000,29,800,layer_1::c0: ka_concept_1.c3 IS MEDIUM,0.0030208288226276636,5857.013335567899,0.9999962901481426
covtype_binary_20000,29,801,layer_1::c0: projection_4 IS MEDIUM,0.00252714566886425,5857.015862713568,0.999996721619978
covtype_binary_20000,29,802,layer_1::c0: projection_4 IS HIGH,0.0017967682797461748,5857.017659481848,0.9999970283909397
covtype_binary_20000,29,803,layer_1::c3: projection_5 IS HIGH,0.001047625089995563,5857.018707106938,0.9999972072570518
covtype_binary_20000,29,804,layer_1::c5: projection_7 IS HIGH,0.0010222139535471797,5857.019729320891,0.9999973817845972
covtype_binary_20000,29,805,layer_1::c5: projection_3 IS MEDIUM,0.0009032783564180136,5857.020632599248,0.9999975360056914
covtype_binary_20000,29,806,layer_1::c4: projection_1 IS MEDIUM,0.0007077499758452177,5857.0213403492235,0.999997656843277
covtype_binary_20000,29,807,layer_1::c1: projection_1 IS MEDIUM,0.0006184751982800663,5857.021958824422,0.9999977624385469
covtype_binary_20000,29,808,layer_1::c4: projection_4 IS LOW,0.0004821442416869104,5857.022440968663,0.9999978447573714
covtype_binary_20000,29,809,layer_1::c1: projection_4 IS LOW,0.00042184104677289724,5857.02286280971,0.999997916780339
covtype_binary_20000,29,810,layer_1::c4: projection_0 IS LOW,0.0004040894564241171,5857.023266899167,0.9999979857724915
covtype_binary_20000,29,811,layer_1::c4: projection_5 IS LOW,0.00039477559039369226,5857.023661674757,0.9999980531744426
covtype_binary_20000,29,812,layer_1::c4: projection_3 IS LOW,0.00035842088982462883,5857.024020095647,0.9999981143693792
covtype_binary_20000,29,813,layer_1::c1: projection_0 IS LOW,0.00035359905450604856,5857.024373694701,0.9999981747410606
covtype_binary_20000,29,814,layer_1::c4: projection_2 IS LOW,0.000352163944626227,5857.024725858646,0.9999982348677187
covtype_binary_20000,29,815,layer_1::c1: projection_5 IS LOW,0.0003447840572334826,5857.025070642703,0.9999982937343728
covtype_binary_20000,29,816,layer_1::c4: ka_concept_1.c0 IS LOW,0.0003445007314439863,5857.025415143435,0.9999983525526532
covtype_binary_20000,29,817,layer_1::c4: ka_concept_1.c1 IS LOW,0.0003411137731745839,5857.025756257208,0.9999984107926619
covtype_binary_20000,29,818,layer_1::c4: projection_6 IS LOW,0.0003308688465040177,5857.026087126054,0.9999984672835046
covtype_binary_20000,29,819,layer_1::c1: projection_3 IS LOW,0.0003138585016131401,5857.026400984556,0.9999985208700887
covtype_binary_20000,29,820,layer_1::c4: projection_7 IS LOW,0.00030886061722412705,5857.026709845173,0.9999985736033596
covtype_binary_20000,29,821,layer_1::c1: projection_2 IS LOW,0.00030877540120854974,5857.027018620574,0.9999986263220814
covtype_binary_20000,29,822,layer_1::c1: ka_concept_1.c0 IS LOW,0.00030478520784527063,5857.027323405782,0.9999986783595379
covtype_binary_20000,29,823,layer_1::c4: ka_concept_1.c6 IS HIGH,0.00030212808633223176,5857.027625533869,0.9999987299433313
covtype_binary_20000,29,824,layer_1::c1: ka_concept_1.c1 IS LOW,0.00029855742468498647,5857.027924091293,0.9999987809174882
covtype_binary_20000,29,825,layer_1::c1: projection_6 IS LOW,0.00029030375299043953,5857.028214395046,0.9999988304824557
covtype_binary_20000,29,826,layer_1::c5: projection_5 IS HIGH,0.000278703955700621,5857.028493099002,0.9999988780669337
covtype_binary_20000,29,827,layer_1::c4: ka_concept_1.c8 IS LOW,0.0002748311380855739,5857.02876793014,0.9999989249901866
covtype_binary_20000,29,828,layer_1::c1: projection_7 IS LOW,0.00027053049416281283,5857.029038460634,0.9999989711791698
covtype_binary_20000,29,829,layer_1::c4: ka_concept_1.c11 IS LOW,0.0002655498101375997,5857.029304010444,0.9999990165177767
covtype_binary_20000,29,830,layer_1::c4: ka_concept_1.c9 IS LOW,0.00026373311993665993,5857.029567743564,0.9999990615462112
covtype_binary_20000,29,831,layer_1::c1: ka_concept_1.c6 IS HIGH,0.0002626666391734034,5857.029830410203,0.9999991063925604
covtype_binary_20000,29,832,layer_1::c1: ka_concept_1.c8 IS LOW,0.00024376859073527157,5857.030074178794,0.999999148012354
covtype_binary_20000,29,833,layer_1::c1: ka_concept_1.c11 IS LOW,0.0002327288966625929,5857.030306907691,0.9999991877472871
covtype_binary_20000,29,834,layer_1::c1: ka_concept_1.c9 IS LOW,0.00023123847495298833,5857.030538146166,0.9999992272277534
covtype_binary_20000,29,835,layer_1::c4: ka_concept_1.c4 IS LOW,0.00022957377950660884,5857.030767719945,0.9999992664239981
covtype_binary_20000,29,836,layer_1::c4: ka_concept_1.c3 IS LOW,0.00021291719167493284,5857.030980637137,0.9999993027763827
covtype_binary_20000,29,837,layer_1::c4: ka_concept_1.c10 IS LOW,0.00020769464026670903,5857.031188331777,0.9999993382370959
covtype_binary_20000,29,838,layer_1::c1: ka_concept_1.c4 IS LOW,0.00020224683976266533,5857.031390578617,0.9999993727676796
covtype_binary_20000,29,839,layer_1::c1: ka_concept_1.c3 IS LOW,0.00018817067029885948,5857.031578749287,0.9999994048949706
covtype_binary_20000,29,840,layer_1::c1: ka_concept_1.c10 IS LOW,0.00017987580213230103,5857.031758625089,0.9999994356060387
covtype_binary_20000,29,841,layer_1::c4: ka_concept_1.c2 IS LOW,0.0001684551825746894,5857.031927080272,0.9999994643672089
covtype_binary_20000,29,842,layer_1::c4: ka_concept_1.c5 IS HIGH,0.00014681773609481752,5857.032073898008,0.999999489434113
covtype_binary_20000,29,843,layer_1::c1: ka_concept_1.c2 IS LOW,0.00014669889060314745,5857.032220596899,0.999999514480726
covtype_binary_20000,29,844,layer_1::c1: ka_concept_1.c5 IS HIGH,0.00012845599849242717,5857.032349052897,0.9999995364126415
covtype_binary_20000,29,845,layer_1::c4: ka_concept_1.c5 IS LOW,0.00012625880481209606,5857.032475311702,0.9999995579694195
covtype_binary_20000,29,846,layer_1::c4: projection_1 IS HIGH,0.00012241912190802395,5857.032597730824,0.9999995788706298
covtype_binary_20000,29,847,layer_1::c4: ka_concept_1.c7 IS HIGH,0.00011519410327309743,5857.032712924927,0.9999995985382778
covtype_binary_20000,29,848,layer_1::c1: ka_concept_1.c5 IS LOW,0.00011145150347147137,5857.032824376431,0.9999996175669335
covtype_binary_20000,29,849,layer_1::c1: projection_1 IS HIGH,0.0001075978871085681,5857.032931974318,0.9999996359376425
covtype_binary_20000,29,850,layer_1::c4: projection_6 IS MEDIUM,0.00010185407154494897,5857.033033828389,0.999999653327682
covtype_binary_20000,29,851,layer_1::c1: ka_concept_1.c7 IS HIGH,9.915546252159402e-05,5857.033132983852,0.999999670256975
covtype_binary_20000,29,852,layer_1::c4: ka_concept_1.c7 IS LOW,9.606741514289752e-05,5857.033229051267,0.9999996866590307
covtype_binary_20000,29,853,layer_1::c1: projection_6 IS MEDIUM,8.909515599953011e-05,5857.033318146423,0.9999997018706788
covtype_binary_20000,29,854,layer_1::c4: ka_concept_1.c8 IS MEDIUM,8.50106735015288e-05,5857.0334031570965,0.9999997163849633
covtype_binary_20000,29,855,layer_1::c1: ka_concept_1.c7 IS LOW,8.466030703857541e-05,5857.0334878174035,0.9999997308394281
covtype_binary_20000,29,856,layer_1::c4: ka_concept_1.c3 IS MEDIUM,7.768454088363796e-05,5857.033565501944,0.9999997441028865
covtype_binary_20000,29,857,layer_1::c1: ka_concept_1.c8 IS MEDIUM,7.616419316036627e-05,5857.033641666138,0.9999997571067685
covtype_binary_20000,29,858,layer_1::c1: ka_concept_1.c3 IS MEDIUM,6.71197340125218e-05,5857.033708785872,0.9999997685664462
covtype_binary_20000,29,859,layer_1::c4: ka_concept_1.c5 IS MEDIUM,6.597783794859424e-05,5857.0337747637095,0.9999997798311624
covtype_binary_20000,29,860,layer_1::c4: ka_concept_1.c3 IS HIGH,6.246880366234109e-05,5857.033837232513,0.9999997904967642
covtype_binary_20000,29,861,layer_1::c4: ka_concept_1.c10 IS MEDIUM,5.8425834140507504e-05,5857.033895658347,0.9999998004720903
covtype_binary_20000,29,862,layer_1::c1: ka_concept_1.c5 IS MEDIUM,5.811746450490318e-05,5857.033953775812,0.9999998103947668
covtype_binary_20000,29,863,layer_1::c0: projection_5 IS HIGH,5.736264574807137e-05,5857.034011138458,0.9999998201885695
covtype_binary_20000,29,864,layer_1::c4: ka_concept_1.c10 IS HIGH,5.456175495055504e-05,5857.0340657002125,0.9999998295041624
covtype_binary_20000,29,865,layer_1::c4: ka_concept_1.c2 IS HIGH,5.456009603221901e-05,5857.034120260309,0.9999998388194723
covtype_binary_20000,29,866,layer_1::c1: ka_concept_1.c3 IS HIGH,5.451267497846857e-05,5857.0341747729835,0.9999998481266856
covtype_binary_20000,29,867,layer_1::c1: ka_concept_1.c10 IS MEDIUM,5.149206845089793e-05,5857.034226265052,0.9999998569181762
covtype_binary_20000,29,868,layer_1::c1: ka_concept_1.c10 IS HIGH,4.8815236368682235e-05,5857.034275080288,0.9999998652526382
covtype_binary_20000,29,869,layer_1::c1: ka_concept_1.c2 IS HIGH,4.851745688938536e-05,5857.034323597745,0.9999998735362589
covtype_binary_20000,29,870,layer_1::c2: projection_5 IS HIGH,4.507460107561201e-05,5857.034368672346,0.9999998812320642
covtype_binary_20000,29,871,layer_1::c4: ka_concept_1.c9 IS MEDIUM,3.8062255043769255e-05,5857.034406734601,0.9999998877306175
covtype_binary_20000,29,872,layer_1::c4: ka_concept_1.c7 IS MEDIUM,3.56642558472231e-05,5857.034442398857,0.9999998938197489
covtype_binary_20000,29,873,layer_1::c1: ka_concept_1.c9 IS MEDIUM,3.369088881299831e-05,5857.034476089746,0.9999998995719577
covtype_binary_20000,29,874,layer_1::c1: ka_concept_1.c7 IS MEDIUM,3.0753479222767055e-05,5857.034506843225,0.9999999048226483
covtype_binary_20000,29,875,layer_1::c4: ka_concept_1.c0 IS MEDIUM,2.9206337785581127e-05,5857.034536049563,0.9999999098091881
covtype_binary_20000,29,876,layer_1::c4: projection_6 IS HIGH,2.6206989787169732e-05,5857.034562256553,0.9999999142836344
covtype_binary_20000,29,877,layer_1::c4: ka_concept_1.c2 IS MEDIUM,2.620656778162811e-05,5857.034588463121,0.9999999187580089
covtype_binary_20000,29,878,layer_1::c1: ka_concept_1.c0 IS MEDIUM,2.548367774579674e-05,5857.034613946798,0.9999999231089608
covtype_binary_20000,29,879,layer_1::c4: projection_1 IS LOW,2.440826574456878e-05,5857.034638355064,0.9999999272763024
covtype_binary_20000,29,880,layer_1::c1: ka_concept_1.c2 IS MEDIUM,2.3283128030016087e-05,5857.034661638192,0.9999999312515437
covtype_binary_20000,29,881,layer_1::c1: projection_6 IS HIGH,2.3203285309136845e-05,5857.034684841477,0.9999999352131531
covtype_binary_20000,29,882,"projection_layer::pursuit_3(Slope, Soil_Type_12, Soil_Type_13, Soil_Type_1) IS HIGH",2.2478077880805358e-05,5857.034707319555,0.9999999390509444
covtype_binary_20000,29,883,layer_1::c1: projection_1 IS LOW,2.1277119230944663e-05,5857.0347285966745,0.9999999426836901
covtype_binary_20000,29,884,layer_1::c4: ka_concept_1.c9 IS HIGH,2.06974073080346e-05,5857.034749294082,0.9999999462174588
covtype_binary_20000,29,885,layer_1::c3: projection_0 IS HIGH,1.9569115465856157e-05,5857.034768863197,0.9999999495585888
covtype_binary_20000,29,886,layer_1::c1: ka_concept_1.c9 IS HIGH,1.86147190106567e-05,5857.034787477916,0.9999999527367701
covtype_binary_20000,29,887,layer_1::c4: ka_concept_1.c11 IS MEDIUM,1.4563777767762076e-05,5857.034802041694,0.9999999552233145
covtype_binary_20000,29,888,layer_1::c4: ka_concept_1.c6 IS MEDIUM,1.4450894013862126e-05,5857.034816492588,0.9999999576905857
covtype_binary_20000,29,889,layer_1::c1: ka_concept_1.c6 IS MEDIUM,1.27616040117573e-05,5857.034829254192,0.9999999598694362
covtype_binary_20000,29,890,layer_1::c1: ka_concept_1.c11 IS MEDIUM,1.2722717656288296e-05,5857.03484197691,0.9999999620416475
covtype_binary_20000,29,891,layer_1::c4: ka_concept_1.c8 IS HIGH,1.2101014362997375e-05,5857.034854077924,0.9999999641077124
covtype_binary_20000,29,892,layer_1::c4: ka_concept_1.c1 IS MEDIUM,1.1896760042873211e-05,5857.034865974684,0.999999966138904
covtype_binary_20000,29,893,layer_1::c4: ka_concept_1.c4 IS HIGH,1.1413470019761007e-05,5857.034877388154,0.999999968087581
covtype_binary_20000,29,894,layer_1::c3: projection_2 IS HIGH,1.1324223123665433e-05,5857.034888712377,0.9999999700210206
covtype_binary_20000,29,895,layer_1::c1: ka_concept_1.c1 IS MEDIUM,1.0661779924703296e-05,5857.034899374157,0.9999999718413579
covtype_binary_20000,29,896,layer_1::c1: ka_concept_1.c4 IS HIGH,9.777459126780741e-06,5857.034909151616,0.9999999735107109
covtype_binary_20000,29,897,layer_1::c1: ka_concept_1.c8 IS HIGH,9.2713735284633e-06,5857.03491842299,0.9999999750936575
covtype_binary_20000,29,898,layer_1::c5: projection_0 IS HIGH,8.441896170552354e-06,5857.034926864886,0.9999999765349834
covtype_binary_20000,29,899,layer_1::c2: projection_0 IS HIGH,7.969526450324338e-06,5857.0349348344125,0.9999999778956593
covtype_binary_20000,29,900,layer_1::c4: ka_concept_1.c4 IS MEDIUM,7.718919732724316e-06,5857.034942553332,0.9999999792135479
covtype_binary_20000,29,901,layer_1::c5: projection_2 IS HIGH,6.9765119405929e-06,5857.034949529844,0.9999999804046816
covtype_binary_20000,29,902,layer_1::c5: projection_3 IS HIGH,6.795211447752081e-06,5857.034956325056,0.999999981564861
covtype_binary_20000,29,903,layer_1::c0: projection_2 IS HIGH,6.745960490661673e-06,5857.034963071016,0.9999999827166316
covtype_binary_20000,29,904,layer_1::c4: ka_concept_1.c0 IS HIGH,6.447636224038433e-06,5857.034969518652,0.9999999838174678
covtype_binary_20000,29,905,layer_1::c4: projection_7 IS MEDIUM,6.437492174882209e-06,5857.034975956145,0.999999984916572
covtype_binary_20000,29,906,layer_1::c1: ka_concept_1.c4 IS MEDIUM,6.238455625862116e-06,5857.0349821946,0.9999999859816938
covtype_binary_20000,29,907,layer_1::c4: ka_concept_1.c6 IS LOW,6.201240921654971e-06,5857.034988395841,0.9999999870404617
covtype_binary_20000,29,908,layer_1::c1: ka_concept_1.c0 IS HIGH,5.748902822233504e-06,5857.034994144744,0.9999999880219997
covtype_binary_20000,29,909,layer_1::c2: projection_2 IS HIGH,5.672504357789876e-06,5857.034999817248,0.9999999889904939
covtype_binary_20000,29,910,layer_1::c1: ka_concept_1.c6 IS LOW,5.653892912960146e-06,5857.035005471141,0.9999999899558104
covtype_binary_20000,29,911,layer_1::c1: projection_7 IS MEDIUM,5.428309123090003e-06,5857.03501089945,0.9999999908826119
covtype_binary_20000,29,912,layer_1::c4: ka_concept_1.c11 IS HIGH,5.257225893728901e-06,5857.035016156676,0.9999999917802036
covtype_binary_20000,29,913,layer_1::c0: projection_0 IS HIGH,4.744172656501178e-06,5857.035020900848,0.9999999925901992
covtype_binary_20000,29,914,layer_1::c2: projection_3 IS HIGH,4.702619662566576e-06,5857.035025603468,0.9999999933931003
covtype_binary_20000,29,915,layer_1::c1: ka_concept_1.c11 IS HIGH,4.6320164983626455e-06,5857.035030235485,0.9999999941839469
covtype_binary_20000,29,916,layer_1::c0: projection_3 IS HIGH,4.4519933908304665e-06,5857.035034687478,0.9999999949440574
covtype_binary_20000,29,917,layer_1::c4: projection_4 IS MEDIUM,3.7438796880451264e-06,5857.035038431358,0.9999999955832681
covtype_binary_20000,29,918,layer_1::c1: projection_5 IS MEDIUM,3.2097148050524993e-06,5857.035041641073,0.9999999961312783
covtype_binary_20000,29,919,layer_1::c4: projection_5 IS MEDIUM,3.138913825750933e-06,5857.0350447799865,0.9999999966672003
covtype_binary_20000,29,920,layer_1::c1: projection_4 IS MEDIUM,3.137225576210767e-06,5857.035047917212,0.9999999972028341
covtype_binary_20000,29,921,layer_1::c4: ka_concept_1.c1 IS HIGH,3.0257747312134597e-06,5857.035050942986,0.9999999977194391
covtype_binary_20000,29,922,layer_1::c1: ka_concept_1.c1 IS HIGH,2.6065288238896756e-06,5857.035053549515,0.9999999981644645
covtype_binary_20000,29,923,layer_1::c4: projection_0 IS MEDIUM,2.1119597022334347e-06,5857.035055661475,0.9999999985250496
covtype_binary_20000,29,924,layer_1::c1: projection_0 IS MEDIUM,1.8133335970560438e-06,5857.035057474808,0.9999999988346487
covtype_binary_20000,29,925,layer_1::c4: projection_2 IS MEDIUM,1.7138253269877168e-06,5857.035059188634,0.9999999991272585
covtype_binary_20000,29,926,layer_1::c1: projection_2 IS MEDIUM,1.413833160768263e-06,5857.035060602467,0.999999999368649
covtype_binary_20000,29,927,layer_1::c4: projection_3 IS MEDIUM,1.3548489050663193e-06,5857.0350619573155,0.999999999599969
covtype_binary_20000,29,928,layer_1::c1: projection_3 IS MEDIUM,1.1155107131344266e-06,5857.035063072826,0.9999999997904255
covtype_binary_20000,29,929,layer_1::c3: projection_3 IS HIGH,1.0909604952757945e-06,5857.035064163787,0.9999999999766905
covtype_binary_20000,29,930,layer_1::c4: projection_7 IS HIGH,5.5521816477721586e-08,5857.035064219309,0.9999999999861701
covtype_binary_20000,29,931,layer_1::c1: projection_7 IS HIGH,4.2816068912543415e-08,5857.035064262125,0.9999999999934803
covtype_binary_20000,29,932,layer_1::c4: projection_4 IS HIGH,1.7466280866074158e-08,5857.035064279591,0.9999999999964624
covtype_binary_20000,29,933,layer_1::c1: projection_4 IS HIGH,1.3547627020216169e-08,5857.035064293139,0.9999999999987754
covtype_binary_20000,29,934,layer_1::c1: projection_5 IS HIGH,3.7722456269762006e-09,5857.0350642969115,0.9999999999994196
covtype_binary_20000,29,935,layer_1::c4: projection_5 IS HIGH,3.3747600269862232e-09,5857.035064300287,0.9999999999999958
covtype_binary_20000,29,936,layer_1::c1: projection_0 IS HIGH,2.4493688327575924e-11,5857.035064300311,1.0
