bootstrap_iter,seed,budget,method,f1,roc_auc,pr_auc,fidelity,agreement,effective_selected_rules
0,19,25,budget_prune,0.22192866578599735,0.587172607879925,0.591725306394452,0.24242787481954597,0.5895,25
0,19,25,loro_bce,0.758137205808713,0.8245931207004378,0.7917897799527339,0.07896346916967098,0.92975,25
0,19,25,c_prune_loro_bce,0.7658930373360242,0.8337365853658537,0.8030105132583603,0.05344234391962407,0.96375,25
0,19,50,budget_prune,0.648539778449144,0.7119842401500938,0.7028736674743025,0.20275832028926385,0.69925,50
0,19,50,loro_bce,0.7639484978540773,0.8319434646654158,0.798087477451257,0.058746263706396545,0.953,50
0,19,50,c_prune_loro_bce,0.7705649157581764,0.8411512195121951,0.8115324672334293,0.05597092941421423,0.94425,50
0,19,100,budget_prune,0.7691169215589542,0.832777736085053,0.7968478914282392,0.06742614697021929,0.93325,100
0,19,100,loro_bce,0.7656565656565657,0.8360727954971857,0.8056365356935509,0.05447351730117629,0.95975,100
0,19,100,c_prune_loro_bce,0.7727385377942999,0.8434263914946841,0.8125675271007405,0.059860279489573794,0.9395,79
0,23,25,budget_prune,0.6108094129816395,0.6600003752345216,0.6734029888862906,0.2347987386369176,0.63275,25
0,23,25,loro_bce,0.7612053684477083,0.8408155096935586,0.816449523240124,0.06468717076731778,0.92725,25
0,23,25,c_prune_loro_bce,0.7604373757455268,0.843183239524703,0.8152557891747023,0.052168834648776086,0.9445,25
0,23,50,budget_prune,0.6641179683233206,0.7580475297060664,0.7596810376221044,0.19038145193718772,0.758,50
0,23,50,loro_bce,0.7654626422563088,0.846196372732958,0.819959435563151,0.05426823302309897,0.9465,50
0,23,50,c_prune_loro_bce,0.7742093650404511,0.8531899937460914,0.8248395843886487,0.03484411230847567,0.96825,50
0,23,100,budget_prune,0.7715836211149482,0.8475677298311443,0.8235124498680405,0.05098427164487832,0.953,100
0,23,100,loro_bce,0.7699507389162562,0.8498489055659787,0.8244071475518391,0.0446387071713978,0.9545,100
0,23,100,c_prune_loro_bce,0.7757307786784574,0.8550771732332709,0.8277552702669668,0.039049265659534954,0.96175,76
0,29,25,budget_prune,0.7503700049333991,0.8027864915572234,0.7673965248882268,0.09575672987567453,0.89625,25
0,29,25,loro_bce,0.7695694716242661,0.8278531582238898,0.7874105908900135,0.05833435878542632,0.93925,25
0,29,25,c_prune_loro_bce,0.7844282238442822,0.8361010631644777,0.7923978914409999,0.04068770896677728,0.96775,25
0,29,50,budget_prune,0.7704511650966782,0.8287864915572233,0.786252383365599,0.05633640202470982,0.93825,50
0,29,50,loro_bce,0.7817333660692365,0.8380565353345842,0.8019936933092743,0.036724986320185025,0.9725,50
0,29,50,c_prune_loro_bce,0.7814859926918393,0.8402381488430269,0.79636819847035,0.033579036657208496,0.971,50
0,29,100,budget_prune,0.7830119599707103,0.8372795497185742,0.7951231016254684,0.039965588757634604,0.9625,100
0,29,100,loro_bce,0.7839220462850183,0.8402669168230144,0.8003283881702605,0.03342559026201369,0.975,100
0,29,100,c_prune_loro_bce,0.7865168539325843,0.8434614133833646,0.8009348948672006,0.038107297733356894,0.96325,77
1,19,25,budget_prune,0.22192866578599735,0.587172607879925,0.591725306394452,0.24242787481955294,0.5895,25
1,19,25,loro_bce,0.758137205808713,0.8245931207004378,0.7917897799527339,0.07896346918641337,0.92975,25
1,19,25,c_prune_loro_bce,0.758656330749354,0.8228913070669168,0.7979488736619678,0.05499355439099165,0.97575,25
1,19,50,budget_prune,0.648539778449144,0.7119842401500938,0.7028736674743025,0.20275832031962585,0.69925,50
1,19,50,loro_bce,0.7634435748548346,0.8320577861163228,0.798402095635412,0.0589613945493292,0.9535,50
1,19,50,c_prune_loro_bce,0.7715559960356789,0.8419534709193246,0.8122123510762869,0.05655924565646335,0.94375,50
1,19,100,budget_prune,0.7684340320591861,0.8328252657911195,0.7970360555383658,0.06750315907157552,0.932,100
1,19,100,loro_bce,0.7656565656565657,0.8360782989368354,0.805754026501648,0.05444088279151112,0.95975,100
1,19,100,c_prune_loro_bce,0.7730759712942341,0.8434143839899939,0.8120920674093184,0.05964576104295881,0.9395,77
1,23,25,budget_prune,0.6108094129816395,0.6600003752345216,0.6734029888862906,0.2347987386426193,0.63275,25
1,23,25,loro_bce,0.7612053684477083,0.8408155096935586,0.816449523240124,0.06468717191909415,0.92725,25
1,23,25,c_prune_loro_bce,0.7625935162094764,0.8443594746716697,0.817103877339983,0.05319426980873797,0.9435,25
1,23,50,budget_prune,0.6641179683233206,0.7580475297060664,0.7596810376221044,0.19038145191376127,0.758,50
1,23,50,loro_bce,0.7673328398717,0.8465215759849907,0.8210483981804811,0.05139883779301526,0.94925,50
1,23,50,c_prune_loro_bce,0.7737656595431098,0.8536580362726703,0.825486489019382,0.03519811947777335,0.96525,50
1,23,100,budget_prune,0.771964461994077,0.8475714821763602,0.8235250035241233,0.050969020561696415,0.953,100
1,23,100,loro_bce,0.7687761635065254,0.8495964978111319,0.8243917440877444,0.045069968587383914,0.95275,100
1,23,100,c_prune_loro_bce,0.7791441219872111,0.8555877423389618,0.8280532808396558,0.038456688539866474,0.9625,74
1,29,25,budget_prune,0.7503700049333991,0.8027907442151345,0.7674060847727495,0.09575711036561317,0.89625,25
1,29,25,loro_bce,0.7695694716242661,0.8278531582238898,0.7874105908900135,0.05833437331027317,0.93925,25
1,29,25,c_prune_loro_bce,0.7755501222493888,0.836637148217636,0.7976165917205995,0.03700649059960493,0.97025,25
1,29,50,budget_prune,0.7707196029776675,0.8282641651031897,0.7855833118084197,0.05736537880388519,0.93825,50
1,29,50,loro_bce,0.7837771805521623,0.8392555347091931,0.8023441198264025,0.032321987946093415,0.975,50
1,29,50,c_prune_loro_bce,0.7814859926918393,0.8402591619762352,0.7964330018497862,0.033546664890507547,0.971,50
1,29,100,budget_prune,0.7830119599707103,0.8372797998749218,0.7951219130084939,0.0399654944483883,0.9625,100
1,29,100,loro_bce,0.7837969741337237,0.8401768605378362,0.7996423121757916,0.03203388272482917,0.97525,100
1,29,100,c_prune_loro_bce,0.7859065329092244,0.8433588492808005,0.8011284805514323,0.037831651555082814,0.9625,80
2,19,25,budget_prune,0.22192866578599735,0.587172607879925,0.591725306394452,0.24242787481955294,0.5895,25
2,19,25,loro_bce,0.7372116349047142,0.8116730456535335,0.775472234161016,0.09594995645430528,0.89275,25
2,19,25,c_prune_loro_bce,0.7592783505154639,0.8232635397123201,0.795341773084244,0.056146105464353405,0.97275,25
2,19,50,budget_prune,0.648539778449144,0.7119842401500938,0.7028736674743025,0.20275832034295463,0.69925,50
2,19,50,loro_bce,0.767808047988003,0.8331442151344591,0.7999271547303024,0.05550389333913874,0.9515,50
2,19,50,c_prune_loro_bce,0.7712937670722623,0.8415889931207005,0.8126775064141435,0.05737632440915032,0.9435,50
2,19,100,budget_prune,0.7686235816477553,0.8328517823639774,0.7969595385735686,0.06731667091530827,0.93225,100
2,19,100,loro_bce,0.7669021190716448,0.8361478424015011,0.8046762671394928,0.054529691229394425,0.95875,100
2,19,100,c_prune_loro_bce,0.7710245596626147,0.8422849280800501,0.813606994112862,0.0604743560342539,0.94,76
2,23,25,budget_prune,0.6108094129816395,0.6600003752345216,0.6734029888862906,0.23479873858956096,0.63275,25
2,23,25,loro_bce,0.7612053684477083,0.8408155096935586,0.816449523240124,0.06468717216955021,0.92725,25
2,23,25,c_prune_loro_bce,0.7624473619024028,0.8443854909318323,0.8168508928283511,0.04941940091589812,0.94925,25
2,23,50,budget_prune,0.6641179683233206,0.7580475297060664,0.7596810376221044,0.19038145215095387,0.758,50
2,23,50,loro_bce,0.7673328398717,0.8465215759849907,0.8210483981804811,0.051398837803412395,0.94925,50
2,23,50,c_prune_loro_bce,0.7743677878713479,0.8536510318949343,0.8257651511076787,0.03516973571922367,0.96525,50
2,23,100,budget_prune,0.7709772951628825,0.8475457160725453,0.823503275845927,0.05097198974114383,0.9525,100
2,23,100,loro_bce,0.7687761635065254,0.8495952470293934,0.8243904775166955,0.04507067086322232,0.95275,100
2,23,100,c_prune_loro_bce,0.7776955341722182,0.8558879299562228,0.8297818459921186,0.039065600077156724,0.96025,75
2,29,25,budget_prune,0.37735849056603776,0.6052285178236397,0.6175867313439921,0.23217418956303076,0.54825,25
2,29,25,loro_bce,0.7703957010258915,0.8278183864915573,0.7872411314028808,0.058193218268542034,0.94025,25
2,29,25,c_prune_loro_bce,0.7790499390986602,0.8343459662288931,0.7880583068020851,0.041861232240237335,0.971,25
2,29,50,budget_prune,0.7707196029776675,0.8282641651031897,0.7855833118084197,0.05736537903225247,0.93825,50
2,29,50,loro_bce,0.7829076620825147,0.8381220762976859,0.8018149061873929,0.03685347355003877,0.97225,50
2,29,50,c_prune_loro_bce,0.781973203410475,0.8402068792995623,0.7963720707125636,0.03356984941206681,0.9705,50
2,29,100,budget_prune,0.7830119599707103,0.8372913070669169,0.7951242676851015,0.03996837836455414,0.9625,100
2,29,100,loro_bce,0.7839220462850183,0.8402669168230144,0.8003283881702605,0.033425590223888677,0.975,100
2,29,100,c_prune_loro_bce,0.7861328125,0.8435939962476549,0.800887904919219,0.038227660374015426,0.96475,78
3,19,25,budget_prune,0.22192866578599735,0.587172607879925,0.591725306394452,0.24242787481955294,0.5895,25
3,19,25,loro_bce,0.758137205808713,0.8245931207004378,0.7917897799527339,0.07896346917846421,0.92975,25
3,19,25,c_prune_loro_bce,0.7660862982588947,0.8325243277048154,0.8021214175577198,0.0535952600576663,0.9635,25
3,19,50,budget_prune,0.648539778449144,0.7119842401500938,0.7028736674743025,0.20275832036827804,0.69925,50
3,19,50,loro_bce,0.7666499749624437,0.832676923076923,0.7999257116808086,0.05518541790566366,0.95375,50
3,19,50,c_prune_loro_bce,0.7712937670722623,0.8412002501563476,0.8125398850026913,0.057736591459956826,0.9445,50
3,19,100,budget_prune,0.7687376725838264,0.8327347091932458,0.7966341649671663,0.06745082763354389,0.93225,100
3,19,100,loro_bce,0.7659681898510478,0.8360637898686678,0.8055981109717434,0.05448899932307515,0.9595,100
3,19,100,c_prune_loro_bce,0.7717821782178218,0.8431974984365229,0.8117020995343875,0.05962100345766882,0.93875,78
3,23,25,budget_prune,0.6108094129816395,0.6600003752345216,0.6734029888862906,0.23479873864650647,0.63275,25
3,23,25,loro_bce,0.7635270541082164,0.8429836147592245,0.8184346948040846,0.06130061152227238,0.94,25
3,23,25,c_prune_loro_bce,0.7627494456762749,0.8448042526579111,0.8182562885504117,0.049531348527949416,0.94825,25
3,23,50,budget_prune,0.6641179683233206,0.7580475297060664,0.7596810376221044,0.19038145199082798,0.758,50
3,23,50,loro_bce,0.7675622381069755,0.8461033145716073,0.8202394264761586,0.05060316851811461,0.94875,50
3,23,50,c_prune_loro_bce,0.7741777123220422,0.8538469043151969,0.8264292902118593,0.035090115711379925,0.966,50
3,23,100,budget_prune,0.7715836211149482,0.8475677298311443,0.8235124498680405,0.05098426721904734,0.953,100
3,23,100,loro_bce,0.7706286836935167,0.8496602876798,0.8249610194832819,0.04565762817987178,0.954,100
3,23,100,c_prune_loro_bce,0.7790611943966577,0.8562606629143215,0.8300082208931698,0.04040053563849764,0.96075,76
3,29,25,budget_prune,0.37735849056603776,0.6052285178236397,0.6175867313439921,0.23217419000450934,0.54825,25
3,29,25,loro_bce,0.7702471250305848,0.8296950594121325,0.7894513702654135,0.05566021269605906,0.944,25
3,29,25,c_prune_loro_bce,0.7823972769268174,0.8371537210756722,0.7940628286425204,0.03780222660793967,0.971,25
3,29,50,budget_prune,0.7707196029776675,0.8282641651031897,0.7855833118084197,0.057365379208932234,0.93825,50
3,29,50,loro_bce,0.7837771805521623,0.8392555347091931,0.8023441198264025,0.03232198875602284,0.975,50
3,29,50,c_prune_loro_bce,0.7844764461801318,0.8411294559099436,0.7965756055637804,0.035546272939721804,0.969,50
3,29,100,budget_prune,0.7829059829059829,0.8373683552220139,0.7949412206366843,0.04019602932819228,0.9615,100
3,29,100,loro_bce,0.7837969741337237,0.8401703564727955,0.7996141677394351,0.032044199003506954,0.97525,100
3,29,100,c_prune_loro_bce,0.7853479853479853,0.8437976235146966,0.8013004495212424,0.03784903057262379,0.965,79
4,19,25,budget_prune,0.22192866578599735,0.587172607879925,0.591725306394452,0.24242787481952963,0.5895,25
4,19,25,loro_bce,0.7478260869565218,0.817944215134459,0.782514097027287,0.10285187340324219,0.86675,25
4,19,25,c_prune_loro_bce,0.7651648628240624,0.8318676672920575,0.80281239152536,0.05703648567621224,0.9545,25
4,19,50,budget_prune,0.648539778449144,0.7119842401500938,0.7028736674743025,0.20275832034704094,0.69925,50
4,19,50,loro_bce,0.7678839419709855,0.8328117573483427,0.799602624076665,0.05508246837383761,0.95275,50
4,19,50,c_prune_loro_bce,0.7690007475703962,0.8402816760475298,0.8091936358553002,0.05613300929931472,0.949,50
4,19,100,budget_prune,0.7684340320591861,0.8328450281425891,0.7969655728284568,0.06726753054097429,0.932,100
4,19,100,loro_bce,0.7656565656565657,0.8360948092557849,0.8056751284337692,0.054469011512681575,0.95975,100
4,19,100,c_prune_loro_bce,0.7726027397260274,0.8422681676047529,0.8111581988822093,0.059132452511207516,0.9455,77
4,23,25,budget_prune,0.6108094129816395,0.6600003752345216,0.6734029888862906,0.23479873854259295,0.63275,25
4,23,25,loro_bce,0.7612053684477083,0.8408155096935586,0.816449523240124,0.06468717185145033,0.92725,25
4,23,25,c_prune_loro_bce,0.7645017352503718,0.8449165728580363,0.8182912622233314,0.04939854717850365,0.9515,25
4,23,50,budget_prune,0.6641179683233206,0.7580475297060664,0.7596810376221044,0.19038145204697776,0.758,50
4,23,50,loro_bce,0.7673328398717,0.8465215759849907,0.8210483981804811,0.05139883780698356,0.94925,50
4,23,50,c_prune_loro_bce,0.7760608290409615,0.8539587242026268,0.8257929277397753,0.03680103384820146,0.96575,50
4,23,100,budget_prune,0.7709772951628825,0.8475457160725453,0.823503275845927,0.050971991236095165,0.9525,100
4,23,100,loro_bce,0.7700640078778926,0.8495677298311444,0.8241892309569226,0.04490592293442104,0.9545,100
4,23,100,c_prune_loro_bce,0.7783783783783784,0.8555457160725455,0.8286625694556685,0.03889827611284286,0.963,75
4,29,25,budget_prune,0.37735849056603776,0.6052285178236397,0.6175867313439921,0.23217418956303076,0.54825,25
4,29,25,loro_bce,0.7695694716242661,0.8278531582238898,0.7874105908900135,0.05833438352123814,0.93925,25
4,29,25,c_prune_loro_bce,0.7815474737612887,0.8373295809881176,0.794101050751527,0.036575442218956325,0.9695,25
4,29,50,budget_prune,0.7708333333333334,0.8287169480925578,0.7866612026598356,0.05508791085158235,0.93925,50
4,29,50,loro_bce,0.7843711843711844,0.8393010631644777,0.8022010750889917,0.03238132837656588,0.9755,50
4,29,50,c_prune_loro_bce,0.7816764132553606,0.8404347717323327,0.7967788720109071,0.03316350002647591,0.97025,50
4,29,100,budget_prune,0.7825237979009031,0.8373911194496559,0.7951866504369712,0.04020285113301111,0.962,100
4,29,100,loro_bce,0.7837969741337237,0.8401688555347092,0.7996115766576941,0.03204438301659834,0.97525,100
4,29,100,c_prune_loro_bce,0.78564453125,0.8436072545340839,0.8007645604235544,0.03820157976198549,0.96525,78
5,19,25,budget_prune,0.22192866578599735,0.587172607879925,0.591725306394452,0.24242787481952963,0.5895,25
5,19,25,loro_bce,0.7586379569354031,0.8245801125703565,0.7917784374784672,0.07885368428760185,0.92875,25
5,19,25,c_prune_loro_bce,0.7647058823529411,0.8237848655409632,0.8004176758816667,0.055753708269891594,0.97025,25
5,19,50,budget_prune,0.648539778449144,0.7119842401500938,0.7028736674743025,0.2027583203210043,0.69925,50
5,19,50,loro_bce,0.7639484978540773,0.8319427141963727,0.7980861258026866,0.058745782231984504,0.953,50
5,19,50,c_prune_loro_bce,0.7707920792079208,0.8418746716697936,0.8124784860966201,0.05645793093095966,0.94275,50
5,19,100,budget_prune,0.7684340320591861,0.8326921826141338,0.7966557619155499,0.06767881214579685,0.9315,100
5,19,100,loro_bce,0.7664731128502903,0.8363202001250781,0.8059699988457525,0.054335471914334174,0.959,100
5,19,100,c_prune_loro_bce,0.7722428748451053,0.8438816760475297,0.8139188462295573,0.060066909515431456,0.9415,78
5,23,25,budget_prune,0.6108094129816395,0.6600003752345216,0.6734029888862906,0.23479873864146977,0.63275,25
5,23,25,loro_bce,0.7612053684477083,0.8408155096935586,0.816449523240124,0.06468717216955021,0.92725,25
5,23,25,c_prune_loro_bce,0.7624720774385704,0.8455294559099438,0.8213024711264749,0.051618268559653034,0.94625,25
5,23,50,budget_prune,0.6604955077593248,0.7579084427767355,0.7591132256504178,0.1902771298254359,0.75825,50
5,23,50,loro_bce,0.7673328398717,0.8465215759849907,0.8210483981804811,0.05139883783205861,0.94925,50
5,23,50,c_prune_loro_bce,0.7761706300563864,0.8538734208880551,0.8253942697675667,0.037355540990229155,0.96425,50
5,23,100,budget_prune,0.7715836211149482,0.8475677298311443,0.8235124498680405,0.050984267868679434,0.953,100
5,23,100,loro_bce,0.7706286836935167,0.8496605378361475,0.8249550464716497,0.04565852397621293,0.954,100
5,23,100,c_prune_loro_bce,0.7770951093634799,0.8554358974358975,0.8282437325633917,0.039673481020826,0.96125,75
5,29,25,budget_prune,0.37735849056603776,0.6052285178236397,0.6175867313439921,0.23217419002102604,0.54825,25
5,29,25,loro_bce,0.7695694716242661,0.8278531582238898,0.7874105908900135,0.05833438352123814,0.93925,25
5,29,25,c_prune_loro_bce,0.782798833819242,0.8369498436522826,0.7934834951221859,0.037544370558826444,0.96975,25
5,29,50,budget_prune,0.7707196029776675,0.8282641651031897,0.7855833118084197,0.057365379094385834,0.93825,50
5,29,50,loro_bce,0.7828220858895706,0.8381758599124454,0.802051550693503,0.0367716699788308,0.9725,50
5,29,50,c_prune_loro_bce,0.7858536585365854,0.840199124452783,0.795182485760458,0.03637297407436219,0.97275,50
5,29,100,budget_prune,0.7825237979009031,0.8373913696060038,0.7951871627208609,0.04020293472762772,0.962,100
5,29,100,loro_bce,0.7839220462850183,0.8402669168230144,0.8003283881702605,0.03342559029021528,0.975,100
5,29,100,c_prune_loro_bce,0.7865003668378576,0.8439844903064415,0.8030589802218043,0.038638082710036006,0.965,79
6,19,25,budget_prune,0.22192866578599735,0.587172607879925,0.591725306394452,0.24242787481954087,0.5895,25
6,19,25,loro_bce,0.7586379569354031,0.8245801125703565,0.7917784374784672,0.07885351677570297,0.92875,25
6,19,25,c_prune_loro_bce,0.7655502392344498,0.8339379612257661,0.802718315261721,0.05304874303505986,0.9615,25
6,19,50,budget_prune,0.648539778449144,0.7119842401500938,0.7028736674743025,0.20275832034528563,0.69925,50
6,19,50,loro_bce,0.7666499749624437,0.8326854283927454,0.7998831999941747,0.0551752950948583,0.95375,50
6,19,50,c_prune_loro_bce,0.7705326032852166,0.8400978111319574,0.809541420850464,0.05730127170002913,0.94925,50
6,19,100,budget_prune,0.7686235816477553,0.8328517823639774,0.7969595385735686,0.06731667135573927,0.93225,100
6,19,100,loro_bce,0.7656565656565657,0.8360785490931832,0.8057616885303748,0.054445910060320554,0.95975,100
6,19,100,c_prune_loro_bce,0.772410358565737,0.8428858036272671,0.8125095517366562,0.059420582310020835,0.94575,77
6,23,25,budget_prune,0.6108094129816395,0.6600003752345216,0.6734029888862906,0.23479873854259295,0.63275,25
6,23,25,loro_bce,0.7612053684477083,0.8408155096935586,0.816449523240124,0.06468717049752934,0.92725,25
6,23,25,c_prune_loro_bce,0.7621167161226509,0.8442436522826768,0.8158620852694503,0.04886487616733328,0.948,25
6,23,50,budget_prune,0.663936663936664,0.7580465290806754,0.7596826002211395,0.1903815028763591,0.75825,50
6,23,50,loro_bce,0.7688132247717739,0.8461553470919324,0.8208104746646789,0.05037920679379911,0.94825,50
6,23,50,c_prune_loro_bce,0.7758705247670427,0.8536995622263914,0.8249924035446934,0.036678583075783346,0.9645,50
6,23,100,budget_prune,0.771964461994077,0.8475714821763601,0.8235256575368464,0.050972601352950696,0.953,100
6,23,100,loro_bce,0.7704433497536946,0.8496215134459038,0.8241884716823288,0.04488622035034053,0.9545,100
6,23,100,c_prune_loro_bce,0.7752090506640433,0.8552352720450281,0.8279418052175442,0.03877566125643595,0.963,74
6,29,25,budget_prune,0.749876421156698,0.8029508442776736,0.7673767359521196,0.0957097417564627,0.89625,25
6,29,25,loro_bce,0.7711138310893513,0.8284415259537211,0.7876626814113694,0.05660210376776323,0.943,25
6,29,25,c_prune_loro_bce,0.780345414740939,0.8369736085053158,0.7965559714683456,0.03770894188470186,0.9685,25
6,29,50,budget_prune,0.7707196029776675,0.8282641651031897,0.7855833118084197,0.05736537884883848,0.93825,50
6,29,50,loro_bce,0.784390243902439,0.8392192620387742,0.8026977687846795,0.03103393770033762,0.97625,50
6,29,50,c_prune_loro_bce,0.7811284046692607,0.8406153846153845,0.7975862538829663,0.0329320250399232,0.97175,50
6,29,100,budget_prune,0.7830119599707103,0.8372780487804878,0.7951184240196802,0.039969046731577924,0.9625,100
6,29,100,loro_bce,0.7821637426900585,0.8406146341463414,0.8014649309264497,0.030602996834675843,0.97425,100
6,29,100,c_prune_loro_bce,0.7861328125,0.8436722951844903,0.8015784722223469,0.0377503114920114,0.96475,79
7,19,25,budget_prune,0.22192866578599735,0.587172607879925,0.591725306394452,0.2424278748195498,0.5895,25
7,19,25,loro_bce,0.7564714752450364,0.8243267041901188,0.7913670740797056,0.07884210119816518,0.9295,25
7,19,25,c_prune_loro_bce,0.7681852504404731,0.8338891807379613,0.8034565211878342,0.05317918920696695,0.963,25
7,19,50,budget_prune,0.648539778449144,0.7119842401500938,0.7028736674743025,0.2027583203111104,0.69925,50
7,19,50,loro_bce,0.7672672672672672,0.8326233896185116,0.7990308950005285,0.05513486178119987,0.95325,50
7,19,50,c_prune_loro_bce,0.7707920792079208,0.8418746716697936,0.8124784860966201,0.05645792474912802,0.94275,50
7,19,100,budget_prune,0.76854818831649,0.8327334584115071,0.7966241029336509,0.06741208209358876,0.932,100
7,19,100,loro_bce,0.7662468513853904,0.8360520325203251,0.804394506482722,0.054215824679755255,0.95725,100
7,19,100,c_prune_loro_bce,0.7726258368460204,0.8433786116322701,0.8124906031466477,0.06001929840397969,0.941,77
7,23,25,budget_prune,0.6108094129816395,0.6600003752345216,0.6734029888862906,0.23479873855732455,0.63275,25
7,23,25,loro_bce,0.7612053684477083,0.8408155096935586,0.816449523240124,0.06468717057033092,0.92725,25
7,23,25,c_prune_loro_bce,0.7628712871287129,0.842039774859287,0.805810898058205,0.048647142590877365,0.95,25
7,23,50,budget_prune,0.6641179683233206,0.7580475297060664,0.7596810376221044,0.19038145198480028,0.758,50
7,23,50,loro_bce,0.7673328398717,0.8465215759849907,0.8210483981804811,0.05139883778653156,0.94925,50
7,23,50,c_prune_loro_bce,0.7745891586951189,0.8531569731081927,0.8248061328868682,0.03484787045006304,0.96875,50
7,23,100,budget_prune,0.776040413759923,0.8439917448405253,0.8171437253039648,0.06163647877723263,0.94575,100
7,23,100,loro_bce,0.7699507389162562,0.8498489055659787,0.8244071475518391,0.044638707956066045,0.9545,100
7,23,100,c_prune_loro_bce,0.7770103601381352,0.8555612257661038,0.8288250812923146,0.03956542125446582,0.959,77
7,29,25,budget_prune,0.749876421156698,0.8029508442776736,0.7673767359521196,0.09570974175444047,0.89625,25
7,29,25,loro_bce,0.768892149669846,0.8276340212632894,0.7870391363220419,0.058933215500081446,0.9385,25
7,29,25,c_prune_loro_bce,0.779636005902607,0.8341953721075672,0.7920300999724238,0.04105327562712339,0.96525,25
7,29,50,budget_prune,0.7707196029776675,0.8282641651031897,0.7855833118084197,0.05736537897357702,0.93825,50
7,29,50,loro_bce,0.7811348563006633,0.8379189493433395,0.8017803342824039,0.03734039655068292,0.9715,50
7,29,50,c_prune_loro_bce,0.781973203410475,0.8402586616635397,0.7964262876522745,0.03377077240236273,0.9705,50
7,29,100,budget_prune,0.7825237979009031,0.8373933708567854,0.7951898764839467,0.04020369926616374,0.962,100
7,29,100,loro_bce,0.7820575329107752,0.8401838649155723,0.8001057251053987,0.03394967532432612,0.97325,100
7,29,100,c_prune_loro_bce,0.7862371888726208,0.8434904315196998,0.8006783454692106,0.03829184546047384,0.96375,78
8,19,25,budget_prune,0.22192866578599735,0.587172607879925,0.591725306394452,0.24242787481955294,0.5895,25
8,19,25,loro_bce,0.7370007535795027,0.8111232020012508,0.7750129736858049,0.09640910610947924,0.892,25
8,19,25,c_prune_loro_bce,0.7658610271903323,0.8340170106316447,0.8016643581589314,0.05302558112065405,0.96225,25
8,19,50,budget_prune,0.648539778449144,0.7119842401500938,0.7028736674743025,0.20275832028214935,0.69925,50
8,19,50,loro_bce,0.7673081729567608,0.833167229518449,0.7997210287582347,0.05560892512637334,0.951,50
8,19,50,c_prune_loro_bce,0.7699925724189156,0.8420340212632895,0.8128088713805123,0.05662239238169221,0.9435,50
8,19,100,budget_prune,0.7686235816477553,0.8328285178236399,0.7969414336606532,0.067305511403359,0.93225,100
8,19,100,loro_bce,0.767794043412418,0.8361688555347092,0.8047755200715823,0.054526650953739396,0.95825,100
8,19,100,c_prune_loro_bce,0.7715559960356789,0.8436367729831145,0.813050053637132,0.06009556952605685,0.94075,77
8,23,25,budget_prune,0.6108094129816395,0.6600003752345216,0.6734029888862906,0.2347987387669563,0.63275,25
8,23,25,loro_bce,0.7589535179070358,0.8395779862414009,0.8154075564548785,0.06830957245410406,0.92525,25
8,23,25,c_prune_loro_bce,0.7595125590649092,0.8407607254534084,0.8054469494072525,0.05189761042287085,0.94575,25
8,23,50,budget_prune,0.6641179683233206,0.7580475297060664,0.7596810376221044,0.19038145200592083,0.758,50
8,23,50,loro_bce,0.7655668568593401,0.8462931832395247,0.820574015033992,0.0545476263252275,0.94475,50
8,23,50,c_prune_loro_bce,0.7733529990167158,0.8534801751094434,0.8252729132862309,0.03587901631490448,0.965,50
8,23,100,budget_prune,0.7707870713052061,0.847544215134459,0.8234997129606223,0.0509763689391969,0.95275,100
8,23,100,loro_bce,0.7696850393700787,0.8496112570356472,0.8245380517144325,0.045038478973010686,0.9535,100
8,23,100,c_prune_loro_bce,0.7782983970406905,0.8556105065666041,0.8291109797566061,0.03920333174719739,0.95925,74
8,29,25,budget_prune,0.37735849056603776,0.6052285178236397,0.6175867313439921,0.23217419027298541,0.54825,25
8,29,25,loro_bce,0.7669760625305325,0.8278316447779863,0.7845788854938297,0.05523845377646299,0.94325,25
8,29,25,c_prune_loro_bce,0.7779941577409932,0.8368697936210132,0.7960533714461294,0.035654580588220026,0.97275,25
8,29,50,budget_prune,0.7707196029776675,0.8282641651031897,0.7855833118084197,0.05736537918194641,0.93825,50
8,29,50,loro_bce,0.7805948317893711,0.8391484677923702,0.8002639078818815,0.03281278501263318,0.97375,50
8,29,50,c_prune_loro_bce,0.7808085728202631,0.8396772983114446,0.795354848880254,0.03382904484185419,0.97325,50
8,29,100,budget_prune,0.7829059829059829,0.8373683552220139,0.7949412206366843,0.040196094614361445,0.9615,100
8,29,100,loro_bce,0.7841323923095643,0.8399262038774233,0.7987371057890233,0.033482480365745575,0.974,100
8,29,100,c_prune_loro_bce,0.78564453125,0.8426459036898062,0.7991023729153732,0.03820370640539671,0.96525,75
9,19,25,budget_prune,0.22192866578599735,0.587172607879925,0.591725306394452,0.24242787481955103,0.5895,25
9,19,25,loro_bce,0.758137205808713,0.8245931207004378,0.7917897799527339,0.07896346914256287,0.92975,25
9,19,25,c_prune_loro_bce,0.7632437860908863,0.8336317698561602,0.8018259290148605,0.05279209779408715,0.9605,25
9,19,50,budget_prune,0.648539778449144,0.7119842401500938,0.7028736674743025,0.20275832032061533,0.69925,50
9,19,50,loro_bce,0.7640960809102402,0.8322671669793621,0.800072294854102,0.059116118561672024,0.9555,50
9,19,50,c_prune_loro_bce,0.7701832590391283,0.8420255159474671,0.8127919355793624,0.05661930233689282,0.94375,50
9,19,100,budget_prune,0.7686990866452728,0.8329090681676047,0.7972757613048198,0.06731580535486416,0.9325,100
9,19,100,loro_bce,0.7656565656565657,0.8360765478424015,0.8056594908902137,0.05447771274837142,0.95975,100
9,19,100,c_prune_loro_bce,0.7730426164519326,0.8432452782989368,0.81265286787131,0.060083486529154705,0.93925,79
9,23,25,budget_prune,0.6108094129816395,0.6600003752345216,0.6734029888862906,0.23479873865076584,0.63275,25
9,23,25,loro_bce,0.7589535179070358,0.8395739837398375,0.8154057857937009,0.06830191935003588,0.92525,25
9,23,25,c_prune_loro_bce,0.7606965174129353,0.8408797998749218,0.8059661946423393,0.05189182776730769,0.9445,25
9,23,50,budget_prune,0.6641179683233206,0.7580475297060664,0.7596810376221044,0.19038145211960364,0.758,50
9,23,50,loro_bce,0.7654504839910647,0.846304440275172,0.8205148553129928,0.05452595414503959,0.94425,50
9,23,50,c_prune_loro_bce,0.7749693251533742,0.8535372107567231,0.8250252659088485,0.03682109375335784,0.96575,50
9,23,100,budget_prune,0.7717739945719221,0.8475694809255786,0.8235128552744994,0.05099280220120677,0.95325,100
9,23,100,loro_bce,0.7715337423312884,0.8496535334584114,0.8250751165618002,0.045595857564090306,0.95475,100
9,23,100,c_prune_loro_bce,0.7760314341846758,0.8552140087554722,0.8279733033949731,0.03895761580288776,0.963,75
9,29,25,budget_prune,0.749876421156698,0.8029508442776736,0.7673767359521196,0.09570974180589097,0.89625,25
9,29,25,loro_bce,0.7682539682539683,0.8269743589743589,0.7829843575740157,0.055886866601801095,0.9445,25
9,29,25,c_prune_loro_bce,0.7717338513841671,0.8292657911194498,0.7839778565900437,0.046050121826870724,0.95425,25
9,29,50,budget_prune,0.7707196029776675,0.8282641651031897,0.7855833118084197,0.05736537885350468,0.93825,50
9,29,50,loro_bce,0.780905752753978,0.8376850531582238,0.7987522419427087,0.03698595895109511,0.9725,50
9,29,50,c_prune_loro_bce,0.7800243605359318,0.8393803627267042,0.7948395377126548,0.0343633022895636,0.9725,50
9,29,100,budget_prune,0.7830119599707103,0.837278799249531,0.7951191585405466,0.039968775136827346,0.9625,100
9,29,100,loro_bce,0.782798833819242,0.8393821138211383,0.7993880991560391,0.0350102093203921,0.97275,100
9,29,100,c_prune_loro_bce,0.7874054185989748,0.8427184490306442,0.7987988893365371,0.03866569888132778,0.965,77
10,19,25,budget_prune,0.22192866578599735,0.587172607879925,0.591725306394452,0.24242787481953296,0.5895,25
10,19,25,loro_bce,0.7476454962569428,0.8179494684177611,0.7824869088389248,0.1028505574436684,0.8665,25
10,19,25,c_prune_loro_bce,0.7681487063551872,0.830930831769856,0.7958026583147438,0.05874164179977686,0.957,25
10,19,50,budget_prune,0.648539778449144,0.7119842401500938,0.7028736674743025,0.20275832036397035,0.69925,50
10,19,50,loro_bce,0.7672672672672672,0.8327134459036898,0.7991314730808066,0.05491309942676379,0.95325,50
10,19,50,c_prune_loro_bce,0.7712937670722623,0.8407622263914948,0.811093916315226,0.058688641016914504,0.943,50
10,19,100,budget_prune,0.7696864971611947,0.8328020012507817,0.796798210494547,0.06721540166814916,0.934,100
10,19,100,loro_bce,0.7656565656565657,0.8360948092557849,0.8056751284337692,0.05446901137148383,0.95975,100
10,19,100,c_prune_loro_bce,0.7701092353525323,0.8424387742338962,0.8128095058256354,0.06035485324699292,0.94075,75
10,23,25,budget_prune,0.6108094129816395,0.6600003752345216,0.6734029888862906,0.23479873858956096,0.63275,25
10,23,25,loro_bce,0.7612053684477083,0.8408155096935583,0.816456393447492,0.0646949445853285,0.92725,25
10,23,25,c_prune_loro_bce,0.7612456747404844,0.8446656660412758,0.8176410349910312,0.049904244741484236,0.949,25
10,23,50,budget_prune,0.6641179683233206,0.7580475297060664,0.7596810376221044,0.1903814503359998,0.758,50
10,23,50,loro_bce,0.7671435619141589,0.8465258286429018,0.8210854908218774,0.051397742477097386,0.949,50
10,23,50,c_prune_loro_bce,0.7759509202453988,0.8540522826766729,0.8257524807129838,0.03682320714179032,0.96475,50
10,23,100,budget_prune,0.7715836211149482,0.8475677298311443,0.8235124498680405,0.05098426713746585,0.953,100
10,23,100,loro_bce,0.7704433497536946,0.8495774859287053,0.8242015468747103,0.0449123876506028,0.954,100
10,23,100,c_prune_loro_bce,0.7777504307162195,0.8559459662288932,0.8293028779802676,0.03977421381978444,0.96025,75
10,29,25,budget_prune,0.37735849056603776,0.6052285178236397,0.6175867313439921,0.23217418924173336,0.54825,25
10,29,25,loro_bce,0.7695694716242661,0.8278531582238898,0.7874105908900135,0.05833436624753901,0.93925,25
10,29,25,c_prune_loro_bce,0.7801902903147109,0.8365428392745466,0.7938349289408233,0.03821095145615552,0.97,25
10,29,50,budget_prune,0.7707196029776675,0.8282641651031897,0.7855833118084197,0.057365378903522245,0.93825,50
10,29,50,loro_bce,0.7828220858895706,0.8381758599124454,0.802051550693503,0.036771667428671974,0.9725,50
10,29,50,c_prune_loro_bce,0.7814859926918393,0.8402358974358974,0.7963566512800708,0.03357574373183438,0.971,50
10,29,100,budget_prune,0.7829059829059829,0.8373681050656661,0.7949410900944899,0.04019557832297153,0.9615,100
10,29,100,loro_bce,0.7839220462850183,0.8402669168230144,0.8003283881702605,0.03342559030609866,0.975,100
10,29,100,c_prune_loro_bce,0.7858363858363858,0.8436045028142589,0.8009626898572708,0.037987766159837705,0.965,78
11,19,25,budget_prune,0.22192866578599735,0.587172607879925,0.591725306394452,0.2424278748195394,0.5895,25
11,19,25,loro_bce,0.758137205808713,0.8245931207004378,0.7917897799527339,0.07896346914256287,0.92975,25
11,19,25,c_prune_loro_bce,0.7645722937168812,0.8318421513445904,0.7996199716753359,0.05647759470066289,0.9615,25
11,19,50,budget_prune,0.6500503524672709,0.7123537210756723,0.7030780986715237,0.20295127975438315,0.69875,50
11,19,50,loro_bce,0.767459324155194,0.8326724202626642,0.7992797954240907,0.055344184359133464,0.9535,50
11,19,50,c_prune_loro_bce,0.7701832590391283,0.842020262664165,0.8127842939539742,0.05661771538338679,0.94375,50
11,19,100,budget_prune,0.7684340320591861,0.8328447779862416,0.7970367406837963,0.06750543955093347,0.932,100
11,19,100,loro_bce,0.7664731128502903,0.8363199499687306,0.8059736914804834,0.05433581399414569,0.959,100
11,19,100,c_prune_loro_bce,0.7722428748451053,0.843753095684803,0.8132043195744721,0.06029054148177481,0.94,77
11,23,25,budget_prune,0.6108094129816395,0.6600003752345216,0.6734029888862906,0.23479873863578193,0.63275,25
11,23,25,loro_bce,0.7612053684477083,0.8408155096935586,0.816449523240124,0.06468717180096158,0.92725,25
11,23,25,c_prune_loro_bce,0.7625401531999012,0.8450151344590369,0.8196994656813442,0.04931334703346132,0.94675,25
11,23,50,budget_prune,0.6641179683233206,0.7580475297060664,0.7596810376221044,0.19038145205168636,0.758,50
11,23,50,loro_bce,0.7673328398717,0.8465215759849907,0.8210483981804811,0.051398837834794604,0.94925,50
11,23,50,c_prune_loro_bce,0.7764705882352941,0.8541595997498437,0.8262473936219898,0.03678677545504227,0.9655,50
11,23,100,budget_prune,0.771964461994077,0.8475709818636649,0.8235253346035931,0.05097266821690342,0.953,100
11,23,100,loro_bce,0.7706286836935167,0.8496602876798,0.8249610194832819,0.04565762794866171,0.954,100
11,23,100,c_prune_loro_bce,0.7779690189328744,0.8560870544090056,0.8294870534122831,0.03996156946420085,0.96025,77
11,29,25,budget_prune,0.749876421156698,0.8029508442776736,0.7673767359521196,0.09570974176015981,0.89625,25
11,29,25,loro_bce,0.7695694716242661,0.8278531582238898,0.7874105908900135,0.05833437327498956,0.93925,25
11,29,25,c_prune_loro_bce,0.7793221165569373,0.8340455284552846,0.7894511984993592,0.04093292570448864,0.96,25
11,29,50,budget_prune,0.7707196029776675,0.8282641651031897,0.7855833118084197,0.05736537905712828,0.93825,50
11,29,50,loro_bce,0.7837771805521623,0.8392550343964978,0.8023433998278221,0.03232224119304379,0.975,50
11,29,50,c_prune_loro_bce,0.7814859926918393,0.8402368980612883,0.7963696441998132,0.03358473456104873,0.971,50
11,29,100,budget_prune,0.7839882841103246,0.8372512820512822,0.7947315809568588,0.039960872715164214,0.9615,100
11,29,100,loro_bce,0.7837969741337237,0.8401701063164478,0.7996163528802746,0.03204031987811535,0.97525,100
11,29,100,c_prune_loro_bce,0.7863247863247863,0.8434631644777986,0.8009488037617171,0.03801188098063703,0.9635,77
12,19,25,budget_prune,0.22192866578599735,0.587172607879925,0.591725306394452,0.24242787481952963,0.5895,25
12,19,25,loro_bce,0.7586379569354031,0.8245801125703565,0.7917784374784672,0.0788539912542127,0.92875,25
12,19,25,c_prune_loro_bce,0.7679197994987469,0.8324587867417136,0.7999461144805068,0.05605909687606043,0.95675,25
12,19,50,budget_prune,0.648539778449144,0.7119842401500938,0.7028736674743025,0.20275832024135063,0.69925,50
12,19,50,loro_bce,0.7679599499374218,0.8328372732958099,0.8002182530380487,0.055336724778311176,0.954,50
12,19,50,c_prune_loro_bce,0.7687328852377396,0.8402916823014385,0.8090194869535248,0.05600674378674468,0.95,50
12,19,100,budget_prune,0.768319763138416,0.8314006253908692,0.7946815543770147,0.06886425458600015,0.9315,100
12,19,100,loro_bce,0.7656565656565657,0.8360727954971857,0.8056365356935509,0.054473519295209806,0.95975,100
12,19,100,c_prune_loro_bce,0.7716417910447761,0.8428828017510944,0.8122097425961032,0.059568458649819404,0.94425,76
12,23,25,budget_prune,0.6108094129816395,0.6600003752345216,0.6734029888862906,0.2347987386369176,0.63275,25
12,23,25,loro_bce,0.7612053684477083,0.8408155096935586,0.816449523240124,0.06468717202853003,0.92725,25
12,23,25,c_prune_loro_bce,0.7614565271241021,0.8446824265165729,0.8174990176814398,0.04888282496473473,0.94825,25
12,23,50,budget_prune,0.6641179683233206,0.7580475297060664,0.7596810376221044,0.1903814523199809,0.758,50
12,23,50,loro_bce,0.7673328398717,0.8465215759849907,0.8210483981804811,0.05139883777987473,0.94925,50
12,23,50,c_prune_loro_bce,0.7724036336852443,0.8535659787367105,0.8252185439020467,0.03517932884385998,0.96525,50
12,23,100,budget_prune,0.7723797780517879,0.8474749218261413,0.8235011106771062,0.05094889720818197,0.95275,100
12,23,100,loro_bce,0.7699507389162562,0.8498489055659787,0.8244071475518391,0.04463870686788035,0.9545,100
12,23,100,c_prune_loro_bce,0.7783783783783784,0.8551799874921826,0.8278771633352681,0.03918621896076527,0.962,74
12,29,25,budget_prune,0.749876421156698,0.8029508442776736,0.7673767359521196,0.09570974177339801,0.89625,25
12,29,25,loro_bce,0.7695694716242661,0.8278531582238898,0.7874105908900135,0.05833436624753901,0.93925,25
12,29,25,c_prune_loro_bce,0.7758284600389863,0.8334213883677298,0.7926573510693165,0.04434194698490245,0.95725,25
12,29,50,budget_prune,0.7707196029776675,0.8282641651031897,0.7855833118084197,0.057365379067528206,0.93825,50
12,29,50,loro_bce,0.7817333660692365,0.8380565353345842,0.8019936933092743,0.036724989262071815,0.9725,50
12,29,50,c_prune_loro_bce,0.7814859926918393,0.8402368980612883,0.7963696441998132,0.033584733605837996,0.971,50
12,29,100,budget_prune,0.7830119599707103,0.837278799249531,0.7951191585405466,0.03996877813685516,0.9625,100
12,29,100,loro_bce,0.7839220462850183,0.8402669168230144,0.8003283881702605,0.033425590260846516,0.975,100
12,29,100,c_prune_loro_bce,0.7863247863247863,0.8434826766729204,0.8009638265667275,0.0381032594241513,0.9635,78
13,19,25,budget_prune,0.22192866578599735,0.587172607879925,0.591725306394452,0.24242787481955877,0.5895,25
13,19,25,loro_bce,0.7585,0.8246891807379613,0.7919413533107489,0.07903080701927814,0.92825,25
13,19,25,c_prune_loro_bce,0.7631778058007567,0.8337100687929956,0.8038680058355155,0.05393005145432164,0.958,25
13,19,50,budget_prune,0.6478304742684158,0.7118746716697937,0.7018559117249845,0.20284810916844648,0.69875,50
13,19,50,loro_bce,0.7651515151515151,0.8323774859287054,0.7994018233401182,0.058463290960785515,0.95525,50
13,19,50,c_prune_loro_bce,0.7690007475703962,0.8402814258911819,0.8091933798551294,0.0561328255036412,0.949,50
13,19,100,budget_prune,0.7685093780848964,0.832933583489681,0.7973169914537638,0.06729058958797003,0.93275,100
13,19,100,loro_bce,0.7656565656565657,0.8360948092557849,0.8056751284337692,0.05446901151572871,0.95975,100
13,19,100,c_prune_loro_bce,0.7716849451645065,0.8421563477173233,0.8106787400963571,0.05917126615336308,0.94625,77
13,23,25,budget_prune,0.6108094129816395,0.6600003752345216,0.6734029888862906,0.2347987386665522,0.63275,25
13,23,25,loro_bce,0.7615189873417721,0.8408685428392746,0.8164391802446549,0.06472840976088994,0.927,25
13,23,25,c_prune_loro_bce,0.7711198428290766,0.8419827392120076,0.8136240392592144,0.05435401051469741,0.945,25
13,23,50,budget_prune,0.6641179683233206,0.7580475297060664,0.7596810376221044,0.19038145202248904,0.758,50
13,23,50,loro_bce,0.7673328398717,0.8465215759849907,0.8210483981804811,0.0513988377905217,0.94925,50
13,23,50,c_prune_loro_bce,0.7735756385068763,0.853325578486554,0.8246367859766205,0.0353574825990772,0.9665,50
13,23,100,budget_prune,0.7715836211149482,0.8475707317073171,0.8235194504232585,0.0509830322249471,0.953,100
13,23,100,loro_bce,0.7699507389162562,0.8498491557223264,0.8244050180627628,0.044637106110079317,0.9545,100
13,23,100,c_prune_loro_bce,0.7759213759213759,0.8553888680425265,0.8288135572708567,0.03900064820470893,0.961,74
13,29,25,budget_prune,0.749876421156698,0.8029508442776736,0.7673767359521196,0.09570974177339801,0.89625,25
13,29,25,loro_bce,0.7669760625305325,0.8278316447779863,0.7845788854938297,0.05523843968926856,0.94325,25
13,29,25,c_prune_loro_bce,0.7786445636274988,0.8362301438399,0.7932194592921709,0.03555355022329096,0.97375,25
13,29,50,budget_prune,0.7704511650966782,0.8287864915572233,0.786252383365599,0.0563364019054406,0.93825,50
13,29,50,loro_bce,0.7806546165119688,0.8382426516572858,0.8000287107224582,0.03679273946926064,0.97475,50
13,29,50,c_prune_loro_bce,0.7792397660818714,0.8394871794871794,0.7949158487747401,0.03422280846668149,0.97325,50
13,29,100,budget_prune,0.7833943833943834,0.8372537836147592,0.7948349341364174,0.03980906999456314,0.9615,100
13,29,100,loro_bce,0.7825030376670717,0.8398634146341464,0.7992502019283589,0.03511948674312815,0.9735,100
13,29,100,c_prune_loro_bce,0.7867970660146699,0.8425916197623515,0.7989600391485594,0.03782889643618374,0.96525,78
14,19,25,budget_prune,0.22192866578599735,0.587172607879925,0.591725306394452,0.24242787481955883,0.5895,25
14,19,25,loro_bce,0.7586379569354031,0.8245801125703565,0.7917784374784672,0.07885365934023483,0.92875,25
14,19,25,c_prune_loro_bce,0.7670196671709532,0.8338091307066916,0.8024862156399619,0.052618749189513606,0.96225,25
14,19,50,budget_prune,0.648539778449144,0.7119842401500938,0.7028736674743025,0.20275832036707037,0.69925,50
14,19,50,loro_bce,0.7671507260891337,0.8326819262038775,0.7993818092723395,0.0553310596483395,0.95375,50
14,19,50,c_prune_loro_bce,0.7705326032852166,0.8400958098811756,0.809544320269729,0.05730166178264684,0.94925,50
14,19,100,budget_prune,0.7686990866452728,0.8329090681676047,0.7972757613048198,0.0673158321215087,0.9325,100
14,19,100,loro_bce,0.7656565656565657,0.8360787992495309,0.805756988239347,0.05444427791329856,0.95975,100
14,19,100,c_prune_loro_bce,0.7718337894998756,0.8429916197623515,0.8125287024187361,0.05966339123332244,0.9445,77
14,23,25,budget_prune,0.6108094129816395,0.6600003752345216,0.6734029888862906,0.23479873854259295,0.63275,25
14,23,25,loro_bce,0.7610126582278481,0.8409163227016886,0.8164952823848389,0.0644904948123756,0.9275,25
14,23,25,c_prune_loro_bce,0.759751552795031,0.8438148843026891,0.8163279133787212,0.052252312524343564,0.94375,25
14,23,50,budget_prune,0.6571271326362136,0.7575549718574108,0.7592038763246765,0.1894179750897641,0.752,50
14,23,50,loro_bce,0.7671435619141589,0.8465423389618512,0.8210794847503815,0.05132978467093008,0.949,50
14,23,50,c_prune_loro_bce,0.7758409035109256,0.853502689180738,0.8253753878485135,0.035592559758078776,0.96575,50
14,23,100,budget_prune,0.771964461994077,0.8475714821763602,0.8235250035241233,0.0509690110410393,0.953,100
14,23,100,loro_bce,0.7693822298793994,0.8496235146966853,0.8244549659281653,0.045088983437361736,0.95325,100
14,23,100,c_prune_loro_bce,0.7766035881051856,0.8551862414008755,0.8278442822069224,0.039345278346432054,0.96175,75
14,29,25,budget_prune,0.37735849056603776,0.6052285178236397,0.6175867313439921,0.23217419067754982,0.54825,25
14,29,25,loro_bce,0.7703957010258915,0.8278183864915573,0.7872411314028808,0.058193219049370075,0.94025,25
14,29,25,c_prune_loro_bce,0.7812119737162326,0.8351202001250781,0.7912007558040334,0.04145968983716115,0.971,25
14,29,50,budget_prune,0.7707196029776675,0.8282641651031897,0.7855833118084197,0.05736537905959389,0.93825,50
14,29,50,loro_bce,0.7837771805521623,0.8392555347091931,0.8023441198264025,0.03232198701557315,0.975,50
14,29,50,c_prune_loro_bce,0.7857317371121427,0.8406501563477172,0.7945215397529644,0.03628442107631515,0.967,50
14,29,100,budget_prune,0.78271484375,0.8373866166353973,0.7949281346974809,0.04019614499079187,0.96125,100
14,29,100,loro_bce,0.7840936813857038,0.8402421513445905,0.7998419612523447,0.0324141763493235,0.975,100
14,29,100,c_prune_loro_bce,0.7854349951124144,0.8436517823639774,0.8008021513042921,0.03788220541906002,0.96475,78
15,19,25,budget_prune,0.22192866578599735,0.587172607879925,0.591725306394452,0.24242787481953962,0.5895,25
15,19,25,loro_bce,0.758137205808713,0.8245931207004378,0.7917897799527339,0.07896346913226081,0.92975,25
15,19,25,c_prune_loro_bce,0.760577915376677,0.8228022514071294,0.7967659927297899,0.05494220891728837,0.97325,25
15,19,50,budget_prune,0.648539778449144,0.7119842401500938,0.7028736674743025,0.2027583203312548,0.69925,50
15,19,50,loro_bce,0.7639484978540773,0.8319457160725454,0.7980892071940542,0.058750462806053415,0.953,50
15,19,50,c_prune_loro_bce,0.7697662854301343,0.8416405253283301,0.81271180103227,0.05761897868967414,0.94425,50
15,19,100,budget_prune,0.7684340320591861,0.8327109443402128,0.7966506185647555,0.06764679315709828,0.9315,100
15,19,100,loro_bce,0.7656565656565657,0.8360790494058786,0.8057622047891682,0.05444610557571852,0.95975,100
15,19,100,c_prune_loro_bce,0.7700720855083271,0.8424665415884927,0.8131285578021739,0.060038856299809096,0.941,79
15,23,25,budget_prune,0.6108094129816395,0.6600003752345216,0.6734029888862906,0.23479873865014536,0.63275,25
15,23,25,loro_bce,0.7635270541082164,0.8429846153846154,0.8184364612248012,0.06130067390277219,0.94,25
15,23,25,c_prune_loro_bce,0.7614565271241021,0.8423196998123827,0.8069081117686018,0.04895695458506079,0.94875,25
15,23,50,budget_prune,0.6571271326362136,0.7575549718574108,0.7592038763246765,0.18941799243052684,0.752,50
15,23,50,loro_bce,0.7673328398717,0.8465215759849907,0.8210483981804811,0.05139883781236344,0.94925,50
15,23,50,c_prune_loro_bce,0.7745410036719707,0.8534759224515323,0.8254650546081369,0.03462406398613106,0.96775,50
15,23,100,budget_prune,0.7712450592885376,0.8459021888680425,0.8216616296390511,0.0526421289948777,0.95,100
15,23,100,loro_bce,0.7693822298793994,0.8496002501563478,0.8243858596366871,0.045066107012098934,0.95325,100
15,23,100,c_prune_loro_bce,0.7785959744722631,0.8555354596622889,0.8291374255873571,0.03893593367646998,0.962,76
15,29,25,budget_prune,0.749876421156698,0.8029508442776736,0.7673767359521196,0.09570974175356727,0.89625,25
15,29,25,loro_bce,0.7695694716242661,0.8278531582238898,0.7874105908900135,0.0583343731794954,0.93925,25
15,29,25,c_prune_loro_bce,0.7813637466634312,0.8375904940587867,0.7961221032308848,0.03748314473636779,0.971,25
15,29,50,budget_prune,0.7727722772277228,0.8293103189493434,0.7875048869110831,0.053302993132300636,0.94425,50
15,29,50,loro_bce,0.782117415868337,0.8379909943714823,0.800118980113147,0.035804135138248,0.973,50
15,29,50,c_prune_loro_bce,0.7811284046692607,0.8406153846153845,0.7975862538829663,0.03293199934481395,0.97175,50
15,29,100,budget_prune,0.7830119599707103,0.8372775484677925,0.7951167555076875,0.03996844115836429,0.9625,100
15,29,100,loro_bce,0.7839220462850183,0.8402669168230144,0.8003283881702605,0.03342559030351724,0.975,100
15,29,100,c_prune_loro_bce,0.7861328125,0.8436520325203252,0.8015117604258053,0.037779267790106076,0.96475,79
16,19,25,budget_prune,0.22192866578599735,0.587172607879925,0.591725306394452,0.24242787481955294,0.5895,25
16,19,25,loro_bce,0.758137205808713,0.8245931207004378,0.7917897799527339,0.07896346917233171,0.92975,25
16,19,25,c_prune_loro_bce,0.764898164445562,0.8316347717323326,0.799317903582517,0.05675229735523187,0.959,25
16,19,50,budget_prune,0.648539778449144,0.7119842401500938,0.7028736674743025,0.20275832027957497,0.69925,50
16,19,50,loro_bce,0.7666499749624437,0.832676923076923,0.7999257116808086,0.05518541615092695,0.95375,50
16,19,50,c_prune_loro_bce,0.7699925724189156,0.8420267667292057,0.8127949107149522,0.056623660618326035,0.9435,50
16,19,100,budget_prune,0.7682445759368837,0.8328565353345841,0.7970042411437817,0.0672729358285638,0.93225,100
16,19,100,loro_bce,0.7656565656565657,0.8360745465916197,0.8056483542617702,0.054477860862935185,0.95975,100
16,19,100,c_prune_loro_bce,0.7745292368681863,0.8433681050656661,0.8128224281028251,0.059813739703755975,0.94025,77
16,23,25,budget_prune,0.6108094129816395,0.6600003752345216,0.6734029888862906,0.23479873854259295,0.63275,25
16,23,25,loro_bce,0.7612053684477083,0.8408155096935586,0.816449523240124,0.06468717177569804,0.92725,25
16,23,25,c_prune_loro_bce,0.7645034414945919,0.8453168230143839,0.8203107292220391,0.04882494384754284,0.947,25
16,23,50,budget_prune,0.6641179683233206,0.7580475297060664,0.7596810376221044,0.19038145226193243,0.758,50
16,23,50,loro_bce,0.7673328398717,0.8465215759849907,0.8210483981804811,0.05139883781879685,0.94925,50
16,23,50,c_prune_loro_bce,0.7737512242899118,0.8536485303314572,0.82630265140326,0.0345165731509361,0.9665,50
16,23,100,budget_prune,0.7762271414821944,0.8439794871794871,0.8171322360546323,0.06163711107741428,0.946,100
16,23,100,loro_bce,0.7701375245579568,0.8496562851782365,0.8247797634141392,0.045543068468360516,0.955,100
16,23,100,c_prune_loro_bce,0.7776684702410231,0.8555687304565354,0.828992614216689,0.03870672033912564,0.962,75
16,29,25,budget_prune,0.37735849056603776,0.6052285178236397,0.6175867313439921,0.23217418991453906,0.54825,25
16,29,25,loro_bce,0.7695694716242661,0.8278531582238898,0.7874105908900135,0.05833436578695492,0.93925,25
16,29,25,c_prune_loro_bce,0.7782983970406905,0.8366208880550344,0.7976123583385506,0.03819624668373726,0.967,25
16,29,50,budget_prune,0.7707196029776675,0.8282641651031897,0.7855833118084197,0.05736538132710993,0.93825,50
16,29,50,loro_bce,0.7828220858895706,0.8381758599124454,0.802051550693503,0.036771670293273544,0.9725,50
16,29,50,c_prune_loro_bce,0.7801314828341855,0.8405938711694809,0.7973056584111023,0.03329453579787576,0.972,50
16,29,100,budget_prune,0.7830119599707103,0.8372787992495311,0.7951204848656984,0.039965335090871655,0.9625,100
16,29,100,loro_bce,0.7839220462850183,0.8402669168230144,0.8003283881702605,0.033425590252533596,0.975,100
16,29,100,c_prune_loro_bce,0.7863247863247863,0.843640775484678,0.8015915306666396,0.03822703752145757,0.9635,78
17,19,25,budget_prune,0.22192866578599735,0.587172607879925,0.591725306394452,0.24242787481955294,0.5895,25
17,19,25,loro_bce,0.7586379569354031,0.8245801125703565,0.7917784374784672,0.07885379343705566,0.92875,25
17,19,25,c_prune_loro_bce,0.7528987374388044,0.8224943089430894,0.780674938849856,0.06470267292291085,0.9575,25
17,19,50,budget_prune,0.648539778449144,0.7119842401500938,0.7028736674743025,0.20275832032716215,0.69925,50
17,19,50,loro_bce,0.7679599499374218,0.8328372732958099,0.8002182530380487,0.055336739886386994,0.954,50
17,19,50,c_prune_loro_bce,0.7706832298136645,0.8412350218886804,0.8133409286991372,0.05899796634502932,0.944,50
17,19,100,budget_prune,0.7686990866452728,0.8329090681676047,0.7972757613048198,0.06731579668016761,0.9325,100
17,19,100,loro_bce,0.7656565656565657,0.836049530956848,0.8055267375852692,0.05445388362104062,0.95975,100
17,19,100,c_prune_loro_bce,0.7707196029776675,0.8425235772357723,0.8139197516905543,0.060374796153587165,0.94075,79
17,23,25,budget_prune,0.6108094129816395,0.6600003752345216,0.6734029888862906,0.23479873865076584,0.63275,25
17,23,25,loro_bce,0.7612053684477083,0.8408155096935586,0.816449523240124,0.06468717124630505,0.92725,25
17,23,25,c_prune_loro_bce,0.7640227328885594,0.844304440275172,0.8167204072060655,0.04989444774040612,0.94875,25
17,23,50,budget_prune,0.6571271326362136,0.7575547217010631,0.7592037519705654,0.18941800778982995,0.752,50
17,23,50,loro_bce,0.7682053813873118,0.8462128830519074,0.820716318702803,0.05076077713205142,0.94825,50
17,23,50,c_prune_loro_bce,0.7748588264178738,0.8534216385240776,0.8252353915851687,0.035299582019295075,0.96825,50
17,23,100,budget_prune,0.7715836211149482,0.8475677298311443,0.8235124498680405,0.05098425518380635,0.953,100
17,23,100,loro_bce,0.7693822298793994,0.8495949968730457,0.824377064425307,0.04506680167105817,0.95325,100
17,23,100,c_prune_loro_bce,0.77539975399754,0.8553530956848031,0.8287341124486105,0.03805717560063974,0.96325,75
17,29,25,budget_prune,0.37735849056603776,0.6052285178236397,0.6175867313439921,0.23217419002102604,0.54825,25
17,29,25,loro_bce,0.7669760625305325,0.8278156347717324,0.7845516730434171,0.055263203145412845,0.94325,25
17,29,25,c_prune_loro_bce,0.7759669180248114,0.8318574108818011,0.7878356864090205,0.04315190971046444,0.9585,25
17,29,50,budget_prune,0.7707196029776675,0.8282641651031897,0.7855833118084197,0.057365379122446096,0.93825,50
17,29,50,loro_bce,0.7806546165119688,0.8382426516572858,0.8000287107224582,0.036792766251414165,0.97475,50
17,29,50,c_prune_loro_bce,0.7798589151058136,0.8400672920575359,0.7966995352956363,0.03331010625290187,0.974,50
17,29,100,budget_prune,0.7830119599707103,0.8372915572232645,0.7951245301998334,0.03996837157638589,0.9625,100
17,29,100,loro_bce,0.7825030376670717,0.8398634146341464,0.7992502019283589,0.035119486722467536,0.9735,100
17,29,100,c_prune_loro_bce,0.7870212246889485,0.8431409631019386,0.7996003393632203,0.03823335230656384,0.965,79
18,19,25,budget_prune,0.22192866578599735,0.587172607879925,0.591725306394452,0.24242787481952963,0.5895,25
18,19,25,loro_bce,0.7429334520365012,0.8001618511569731,0.758980952443032,0.14312309275553597,0.7765,25
18,19,25,c_prune_loro_bce,0.7659681898510478,0.8336602876797999,0.8025767788096569,0.054031632199806015,0.9595,25
18,19,50,budget_prune,0.648539778449144,0.7119842401500938,0.7028736674743025,0.20275832029872146,0.69925,50
18,19,50,loro_bce,0.7689233075193604,0.8333533458411507,0.8000881757973823,0.05547499115851608,0.9495,50
18,19,50,c_prune_loro_bce,0.7718253968253969,0.8416010006253908,0.8134171819797099,0.057867655148046704,0.94425,50
18,19,100,budget_prune,0.7686235816477553,0.8328285178236399,0.7969414336606532,0.06730550809780612,0.93225,100
18,19,100,loro_bce,0.7677175283732661,0.8362048780487805,0.8048323070073111,0.054545174659568915,0.958,100
18,19,100,c_prune_loro_bce,0.7739539489972765,0.8433043151969981,0.8129413463993942,0.05996576627421005,0.94,78
18,23,25,budget_prune,0.6108094129816395,0.6600003752345216,0.6734029888862906,0.23479873865076584,0.63275,25
18,23,25,loro_bce,0.7700220426157237,0.8399879924953094,0.8053859469454671,0.04232421619808717,0.95775,25
18,23,25,c_prune_loro_bce,0.7756504663721159,0.8476517823639774,0.8164632387909911,0.03793690793541792,0.9645,25
18,23,50,budget_prune,0.6571271326362136,0.7575552220137587,0.7592031091094078,0.1894171426942457,0.752,50
18,23,50,loro_bce,0.77226745620528,0.8498376485303316,0.8206086950133085,0.034103908313432095,0.96775,50
18,23,50,c_prune_loro_bce,0.7727049582719686,0.8493065666041276,0.8144763817283385,0.03772869882490926,0.964,50
18,23,100,budget_prune,0.7715836211149482,0.8475677298311443,0.8235124498680405,0.05098426725610226,0.953,100
18,23,100,loro_bce,0.7767086109055021,0.8534096310193873,0.822460375104386,0.035027554882225885,0.96375,100
18,23,100,c_prune_loro_bce,0.7784607819031227,0.8523867417135711,0.821358701569104,0.038935716380803086,0.95875,75
18,29,25,budget_prune,0.7503700049333991,0.8027864915572234,0.7673965248882268,0.09575673063341315,0.89625,25
18,29,25,loro_bce,0.7669760625305325,0.8278321450906817,0.7845793113374592,0.05523848375747622,0.94325,25
18,29,25,c_prune_loro_bce,0.778344258315125,0.8337130706691682,0.7889132504388306,0.04158742455041,0.9605,25
18,29,50,budget_prune,0.7715559960356789,0.8287869918699187,0.7863086951356149,0.05645681508855291,0.93775,50
18,29,50,loro_bce,0.7799171338045333,0.8391972482801753,0.8002116043803269,0.03280788437934957,0.973,50
18,29,50,c_prune_loro_bce,0.7798589151058136,0.8400672920575359,0.7966995352956363,0.03331010501496588,0.974,50
18,29,100,budget_prune,0.7830119599707103,0.8372790494058788,0.7951211266847972,0.039965365834523765,0.9625,100
18,29,100,loro_bce,0.7841323923095643,0.8399262038774233,0.7987371057890233,0.033482480382650184,0.974,100
18,29,100,c_prune_loro_bce,0.7865168539325843,0.8432587867417136,0.7998456890183745,0.03840741228420517,0.96525,79
19,19,25,budget_prune,0.22192866578599735,0.587172607879925,0.591725306394452,0.24242787481955883,0.5895,25
19,19,25,loro_bce,0.758137205808713,0.8245931207004378,0.7917897799527339,0.0789634691707943,0.92975,25
19,19,25,c_prune_loro_bce,0.7659681898510478,0.8339889931207004,0.8037837910233779,0.0524917660805443,0.9645,25
19,19,50,budget_prune,0.648539778449144,0.7119842401500938,0.7028736674743025,0.20275832031835678,0.69925,50
19,19,50,loro_bce,0.767459324155194,0.8325928705440901,0.7989526485020623,0.055153568779140114,0.9535,50
19,19,50,c_prune_loro_bce,0.7704144949118888,0.8410701688555348,0.8129750962425035,0.05884125017035099,0.9435,50
19,19,100,budget_prune,0.7685093780848964,0.831328330206379,0.7939172404302448,0.06907095403010619,0.93025,100
19,19,100,loro_bce,0.7656565656565657,0.8360785490931831,0.8057585082438843,0.054446034005705087,0.95975,100
19,19,100,c_prune_loro_bce,0.7697270471464019,0.8423297060662915,0.8136050528059082,0.06028791514047722,0.94125,75
19,23,25,budget_prune,0.6108094129816395,0.6600003752345216,0.6734029888862906,0.23479873854259295,0.63275,25
19,23,25,loro_bce,0.7612053684477083,0.8408155096935586,0.816449523240124,0.06468717124794524,0.92725,25
19,23,25,c_prune_loro_bce,0.7617632491332342,0.8421963727329581,0.8081090052850007,0.050095178660391426,0.9475,25
19,23,50,budget_prune,0.6641179683233206,0.7580475297060664,0.7596810376221044,0.19038145030154008,0.758,50
19,23,50,loro_bce,0.7654626422563088,0.846196372732958,0.819959435563151,0.05426823438180399,0.9465,50
19,23,50,c_prune_loro_bce,0.7770419426048565,0.8540117573483428,0.8257016386817635,0.03833045975906007,0.96475,50
19,23,100,budget_prune,0.7711676129350777,0.8475454659161975,0.8235002621642448,0.05098519687231639,0.95275,100
19,23,100,loro_bce,0.7701375245579568,0.8496562851782365,0.8247797634141392,0.045543068440460945,0.955,100
19,23,100,c_prune_loro_bce,0.7789783889980354,0.8558386491557223,0.8286188052434849,0.04026941782145292,0.961,75
19,29,25,budget_prune,0.37735849056603776,0.6052285178236397,0.6175867313439921,0.23217419027298541,0.54825,25
19,29,25,loro_bce,0.7695694716242661,0.8278531582238898,0.7874105908900135,0.05833437327498956,0.93925,25
19,29,25,c_prune_loro_bce,0.7797517644195668,0.8363139462163852,0.7926966370341096,0.03978193705612158,0.9665,25
19,29,50,budget_prune,0.7707196029776675,0.8282641651031897,0.7855833118084197,0.0573653789685427,0.93825,50
19,29,50,loro_bce,0.7837771805521623,0.8392550343964978,0.8023433998278221,0.032322241422148616,0.975,50
19,29,50,c_prune_loro_bce,0.781973203410475,0.8402068792995623,0.7963720707125636,0.03356983734569851,0.9705,50
19,29,100,budget_prune,0.7830119599707103,0.8372910569105692,0.7951215897475232,0.039967925870550376,0.9625,100
19,29,100,loro_bce,0.7837969741337237,0.8401701063164478,0.799613540155429,0.03204423985457504,0.97525,100
19,29,100,c_prune_loro_bce,0.7846492300171107,0.8431979987492182,0.800392955484068,0.03775999832815114,0.9655,76
20,19,25,budget_prune,0.22192866578599735,0.587172607879925,0.591725306394452,0.24242787481955294,0.5895,25
20,19,25,loro_bce,0.738029581348709,0.8117355847404627,0.7754839875717771,0.09599867178322308,0.8925,25
20,19,25,c_prune_loro_bce,0.7667424816780389,0.8341010631644777,0.8039221658377862,0.052212597601181444,0.9665,25
20,19,50,budget_prune,0.6478304742684158,0.7118746716697937,0.7018559117249845,0.20284810921324709,0.69875,50
20,19,50,loro_bce,0.7677677677677678,0.833117698561601,0.800032232663983,0.055327343035939704,0.95175,50
20,19,50,c_prune_loro_bce,0.7708385170440408,0.8400125078173858,0.809170142156284,0.057294871094599124,0.949,50
20,19,100,budget_prune,0.7684340320591861,0.8327272045028142,0.7966985178696855,0.06765155149679958,0.9315,100
20,19,100,loro_bce,0.7676411290322581,0.8363664790494058,0.8061901111227264,0.054574739921824954,0.95825,100
20,19,100,c_prune_loro_bce,0.7732138411750062,0.8422361475922452,0.8113219092355038,0.05928714445998597,0.9455,79
20,23,25,budget_prune,0.6108094129816395,0.6600003752345216,0.6734029888862906,0.23479873864146977,0.63275,25
20,23,25,loro_bce,0.7615189873417721,0.8408685428392746,0.8164391802446549,0.0647284095808391,0.927,25
20,23,25,c_prune_loro_bce,0.764343757695149,0.8441828642901814,0.8175322692863864,0.05073810896594,0.94875,25
20,23,50,budget_prune,0.663936663936664,0.7580462789243276,0.7596809839630174,0.19038206519413312,0.75825,50
20,23,50,loro_bce,0.7673328398717,0.8465215759849907,0.8210483981804811,0.05139883778991112,0.94925,50
20,23,50,c_prune_loro_bce,0.7718351324828263,0.8534281425891181,0.8252820925166987,0.03472656404900548,0.965,50
20,23,100,budget_prune,0.7712450592885376,0.8459021888680425,0.8216616296390511,0.05264213803362766,0.95,100
20,23,100,loro_bce,0.7701375245579568,0.8496562851782365,0.8247797634141392,0.0455430684405666,0.955,100
20,23,100,c_prune_loro_bce,0.7750184411113843,0.8556470293933709,0.8291135983778832,0.038994717124821235,0.95925,76
20,29,25,budget_prune,0.37735849056603776,0.6052285178236397,0.6175867313439921,0.23217418970081535,0.54825,25
20,29,25,loro_bce,0.769682151589242,0.8279657285803628,0.7876308613711314,0.058336432472719676,0.93925,25
20,29,25,c_prune_loro_bce,0.7767226686145605,0.8353606003752345,0.797441562981775,0.03918945357555335,0.962,25
20,29,50,budget_prune,0.7707196029776675,0.8282641651031897,0.7855833118084197,0.05736537893555915,0.93825,50
20,29,50,loro_bce,0.781648675171737,0.8374966854283927,0.8010757355772298,0.03693510689260863,0.97225,50
20,29,50,c_prune_loro_bce,0.7814859926918393,0.8400823014383991,0.7961027420998243,0.03382351766021789,0.971,50
20,29,100,budget_prune,0.7825237979009031,0.8373916197623514,0.79518857218779,0.04020386236297074,0.962,100
20,29,100,loro_bce,0.7820793766739713,0.8398899312070044,0.8004789901974261,0.03302721149067502,0.975,100
20,29,100,c_prune_loro_bce,0.78662109375,0.8433085678549094,0.8006271825721433,0.03816462125307636,0.96375,78
21,19,25,budget_prune,0.22192866578599735,0.587172607879925,0.591725306394452,0.24242787481954106,0.5895,25
21,19,25,loro_bce,0.7569060773480663,0.8239982489055659,0.7912065067491523,0.0789156191339353,0.92875,25
21,19,25,c_prune_loro_bce,0.7684529828109201,0.8331427141963728,0.8030015665575972,0.05354011653873967,0.96575,25
21,19,50,budget_prune,0.6500503524672709,0.7123537210756723,0.7030780986715237,0.20295127975504956,0.69875,50
21,19,50,loro_bce,0.7672672672672672,0.8326321450906816,0.7990323816140305,0.0551540313939925,0.95325,50
21,19,50,c_prune_loro_bce,0.7732342007434945,0.8418464040025015,0.8125848738653555,0.057868753938208985,0.9425,50
21,19,100,budget_prune,0.7684340320591861,0.8328450281425892,0.7970369926073945,0.06750557819180186,0.932,100
21,19,100,loro_bce,0.7656565656565657,0.8360745465916197,0.8056799199902194,0.054470326853131384,0.95975,100
21,19,100,c_prune_loro_bce,0.7716340193404414,0.8433848655409631,0.8130831088545143,0.05977874239324937,0.9395,78
21,23,25,budget_prune,0.6108094129816395,0.6600003752345216,0.6734029888862906,0.23479878473407867,0.63275,25
21,23,25,loro_bce,0.7612053684477083,0.8408155096935583,0.816456393447492,0.06469494550928775,0.92725,25
21,23,25,c_prune_loro_bce,0.7570140280561122,0.8410706691682301,0.8101237183281271,0.057372013391350736,0.939,25
21,23,50,budget_prune,0.6641179683233206,0.7580475297060664,0.7596810376221044,0.1903814507024564,0.758,50
21,23,50,loro_bce,0.7671435619141589,0.8465258286429018,0.8210854908218774,0.051397733111452994,0.949,50
21,23,50,c_prune_loro_bce,0.7762512266928361,0.8540165103189493,0.8257060442588904,0.036791917616410076,0.965,50
21,23,100,budget_prune,0.7717739945719221,0.8475709818636649,0.8235098773320225,0.050982853331380466,0.95325,100
21,23,100,loro_bce,0.7704433497536946,0.8495779862414009,0.8242024595253723,0.04491449694676129,0.954,100
21,23,100,c_prune_loro_bce,0.7772581836081713,0.8558281425891183,0.829273913405911,0.03981072237430834,0.95925,76
21,29,25,budget_prune,0.7503700049333991,0.8027864915572234,0.7673965248882268,0.09575672964342093,0.89625,25
21,29,25,loro_bce,0.7669760625305325,0.8278316447779863,0.7845788854938297,0.05523845377646299,0.94325,25
21,29,25,c_prune_loro_bce,0.7830972154372252,0.8358446529080676,0.7920551775113532,0.03910569021218218,0.96875,25
21,29,50,budget_prune,0.7707196029776675,0.8282641651031897,0.7855833118084197,0.05736537908204589,0.93825,50
21,29,50,loro_bce,0.7806546165119688,0.8382426516572858,0.8000287107224582,0.03679274134719002,0.97475,50
21,29,50,c_prune_loro_bce,0.7803214807598636,0.8395397123202001,0.7952130621083895,0.034134511319063573,0.97375,50
21,29,100,budget_prune,0.7830119599707103,0.8372775484677925,0.7951167555076875,0.03996844308890475,0.9625,100
21,29,100,loro_bce,0.7825030376670717,0.8398634146341464,0.7992502019283589,0.035119486768984076,0.9735,100
21,29,100,c_prune_loro_bce,0.7868131868131868,0.8428535334584115,0.7988955733917733,0.038644120617138275,0.9645,77
22,19,25,budget_prune,0.22192866578599735,0.587172607879925,0.591725306394452,0.24242787481953695,0.5895,25
22,19,25,loro_bce,0.7569601203912716,0.8241580988117575,0.7915315491676709,0.07821166278717917,0.9305,25
22,19,25,c_prune_loro_bce,0.7659788626069451,0.8336522826766729,0.8012511808315331,0.05295845527168377,0.96225,25
22,19,50,budget_prune,0.6500503524672709,0.7123537210756723,0.7030780986715237,0.20295127975511865,0.69875,50
22,19,50,loro_bce,0.7669586983729663,0.8326524077548467,0.7990439194199425,0.05513888743768341,0.9535,50
22,19,50,c_prune_loro_bce,0.7714427367377293,0.8416170106316447,0.8133162911506656,0.05790579368653547,0.94425,50
22,19,100,budget_prune,0.7684340320591861,0.8327222013758597,0.7967167405304099,0.06764509387888754,0.9315,100
22,19,100,loro_bce,0.7656565656565657,0.836078799249531,0.8056881475678279,0.054470293453065775,0.95975,100
22,19,100,c_prune_loro_bce,0.7734258800198315,0.8434801751094433,0.8132749034977214,0.06005044240420709,0.94025,79
22,23,25,budget_prune,0.6108094129816395,0.6600003752345216,0.6734029888862906,0.23479873863578193,0.63275,25
22,23,25,loro_bce,0.7635270541082164,0.8429836147592245,0.8184346948040846,0.06130060483630614,0.94,25
22,23,25,c_prune_loro_bce,0.7639336140698538,0.8442143839899937,0.8181521375586687,0.049254365208080755,0.94475,25
22,23,50,budget_prune,0.6641179683233206,0.7580475297060664,0.7596810376221044,0.1903814521452575,0.758,50
22,23,50,loro_bce,0.7688132247717739,0.8461553470919324,0.8208104746646789,0.05037920688625701,0.94825,50
22,23,50,c_prune_loro_bce,0.7742569393269467,0.8538321450906817,0.8260594106441591,0.03530466364046308,0.96475,50
22,23,100,budget_prune,0.7717739945719221,0.8475709818636649,0.8235098773320225,0.0509829387341051,0.95325,100
22,23,100,loro_bce,0.7698373583045836,0.8497633520950594,0.8245989221651623,0.045077293661534804,0.9545,100
22,23,100,c_prune_loro_bce,0.7773399014778325,0.8560697936210131,0.8301105172455387,0.03977832190296838,0.9585,74
22,29,25,budget_prune,0.37735849056603776,0.6052285178236397,0.6175867313439921,0.23217419002102604,0.54825,25
22,29,25,loro_bce,0.7695694716242661,0.8278531582238898,0.7874105908900135,0.058334373478508894,0.93925,25
22,29,25,c_prune_loro_bce,0.7757487216946677,0.8330211382113821,0.7899510343580287,0.043728638152214686,0.956,25
22,29,50,budget_prune,0.7704511650966782,0.8287864915572233,0.786252383365599,0.056336402243216455,0.93825,50
22,29,50,loro_bce,0.7817333660692365,0.8380565353345842,0.8019936933092743,0.0367249876840613,0.9725,50
22,29,50,c_prune_loro_bce,0.7814859926918393,0.8402371482176361,0.7963699845918548,0.03358470584673901,0.971,50
22,29,100,budget_prune,0.7825237979009031,0.8373941213258285,0.7951896013750108,0.04020263557860463,0.962,100
22,29,100,loro_bce,0.7839220462850183,0.8402669168230144,0.8003283881702605,0.0334255902640813,0.975,100
22,29,100,c_prune_loro_bce,0.7863247863247863,0.8434706691682301,0.8010077931127324,0.03794210597155798,0.9635,78
23,19,25,budget_prune,0.22192866578599735,0.587172607879925,0.591725306394452,0.24242787481952963,0.5895,25
23,19,25,loro_bce,0.7476454962569428,0.8179479674796748,0.7825071084212964,0.1028482476749618,0.8665,25
23,19,25,c_prune_loro_bce,0.7643055205444921,0.8304895559724829,0.7938184162374253,0.05869822730960133,0.959,25
23,19,50,budget_prune,0.648539778449144,0.7119842401500938,0.7028736674743025,0.20275832037339908,0.69925,50
23,19,50,loro_bce,0.7678839419709855,0.8328137585991245,0.7996069642874135,0.0550825950672352,0.95275,50
23,19,50,c_prune_loro_bce,0.7710303633648581,0.8401163227016886,0.8096218208278942,0.057303819641331924,0.94925,50
23,19,100,budget_prune,0.7684340320591861,0.8328252657911195,0.7970360555383658,0.06750315863966073,0.932,100
23,19,100,loro_bce,0.7656565656565657,0.8360948092557849,0.8056751284337692,0.05446901148171196,0.95975,100
23,19,100,c_prune_loro_bce,0.771414342629482,0.8421575984990619,0.8107836705654861,0.059001495233459794,0.94625,76
23,23,25,budget_prune,0.6108094129816395,0.6600003752345216,0.6734029888862906,0.23479873854259295,0.63275,25
23,23,25,loro_bce,0.7684391080617495,0.8383982489055661,0.7979545232478249,0.04444882659693633,0.95725,25
23,23,25,c_prune_loro_bce,0.77179236043095,0.8461676047529707,0.811830566473426,0.039021849766715466,0.967,25
23,23,50,budget_prune,0.6641179683233206,0.7580475297060664,0.7596810376221044,0.1903814522364327,0.758,50
23,23,50,loro_bce,0.7705200887355188,0.8491364602876798,0.8199662861173286,0.034234224583349404,0.96725,50
23,23,50,c_prune_loro_bce,0.7735756385068763,0.8496025015634772,0.8179155064431047,0.03685493747378504,0.965,50
23,23,100,budget_prune,0.7762271414821944,0.8439794871794871,0.8171322360546323,0.06163720406004713,0.946,100
23,23,100,loro_bce,0.7762736893920749,0.8534969355847405,0.8207871473784016,0.03689171891405879,0.96175,100
23,23,100,c_prune_loro_bce,0.7785696731383632,0.85217861163227,0.8219035702444555,0.03949289485646799,0.95925,73
23,29,25,budget_prune,0.37735849056603776,0.6052285178236397,0.6175867313439921,0.23217419004956605,0.54825,25
23,29,25,loro_bce,0.7657282741738066,0.8204390243902439,0.7609416031851598,0.061445996457547336,0.939,25
23,29,25,c_prune_loro_bce,0.7645153251931224,0.8305896185115698,0.7851645906908191,0.04791622903645897,0.946,25
23,29,50,budget_prune,0.7704511650966782,0.8287864915572233,0.786252383365599,0.05633640202430556,0.93825,50
23,29,50,loro_bce,0.7752203721841332,0.8353881175734835,0.7917071553935332,0.037797134183154765,0.96275,50
23,29,50,c_prune_loro_bce,0.7810823988298391,0.8399599749843651,0.799713800192217,0.03724528623020605,0.97325,50
23,29,100,budget_prune,0.7830119599707103,0.8372780487804878,0.7951184240196802,0.039969031265208246,0.9625,100
23,29,100,loro_bce,0.7825663501339177,0.8395637273295811,0.7970387301731974,0.03826211402329791,0.969,100
23,29,100,c_prune_loro_bce,0.7851016907620681,0.8427924953095685,0.8040358996830039,0.03921917509267807,0.968,79
24,19,25,budget_prune,0.22192866578599735,0.587172607879925,0.591725306394452,0.24242787481952963,0.5895,25
24,19,25,loro_bce,0.7476454962569428,0.8179574734208881,0.7824867904326311,0.10284664275586831,0.8665,25
24,19,25,c_prune_loro_bce,0.7659680638722555,0.8337463414634145,0.8025388668478851,0.054334603745164495,0.95125,25
24,19,50,budget_prune,0.6478304742684158,0.7118746716697937,0.7018559117249845,0.2028481092383304,0.69875,50
24,19,50,loro_bce,0.7628657921291625,0.8324470293933709,0.7995260774107696,0.058931172101039875,0.95425,50
24,19,50,c_prune_loro_bce,0.7710303633648581,0.8399712320200126,0.8093033675216101,0.0571094161040022,0.94725,50
24,19,100,budget_prune,0.7684340320591861,0.8327104440275173,0.7966482096301989,0.06764696615953471,0.9315,100
24,19,100,loro_bce,0.7656565656565657,0.8360963101938712,0.8056922807144118,0.05446975668997112,0.95975,100
24,19,100,c_prune_loro_bce,0.7721393034825871,0.8419594746716698,0.8104130202855774,0.05881965397936142,0.94525,77
24,23,25,budget_prune,0.6108094129816395,0.6600003752345216,0.6734029888862906,0.23479873865202505,0.63275,25
24,23,25,loro_bce,0.7635270541082164,0.8429836147592245,0.8184346948040846,0.06130061535596019,0.94,25
24,23,25,c_prune_loro_bce,0.7621875773323434,0.8414131332082552,0.8029660974540359,0.04862593355722683,0.95125,25
24,23,50,budget_prune,0.6641179683233206,0.7580475297060664,0.7596810376221044,0.19038145187494485,0.758,50
24,23,50,loro_bce,0.7673328398717,0.8465215759849907,0.8210483981804811,0.05139883780828585,0.94925,50
24,23,50,c_prune_loro_bce,0.7740986019131715,0.8531324577861163,0.8243128174004579,0.03499228098897944,0.96775,50
24,23,100,budget_prune,0.771964461994077,0.8475712320200125,0.8235248974157177,0.05096902795696226,0.953,100
24,23,100,loro_bce,0.7699507389162562,0.8498489055659787,0.8244071475518391,0.04463870795692986,0.9545,100
24,23,100,c_prune_loro_bce,0.7777230162641695,0.8557756097560977,0.8297347197527203,0.03998558362270121,0.9595,77
24,29,25,budget_prune,0.7503700049333991,0.8027864915572234,0.7673965248882268,0.09575672927679256,0.89625,25
24,29,25,loro_bce,0.7708129285014691,0.8284402751719824,0.7877309535756833,0.05668251819677859,0.94325,25
24,29,25,c_prune_loro_bce,0.7784228350266086,0.8342609130706692,0.7895308802454807,0.04102614242554194,0.96025,25
24,29,50,budget_prune,0.7707196029776675,0.8282641651031897,0.7855833118084197,0.05736537895978036,0.93825,50
24,29,50,loro_bce,0.7815414825724104,0.8378964352720449,0.8019636809901387,0.036781071576464514,0.97275,50
24,29,50,c_prune_loro_bce,0.7822070977151191,0.8404347717323326,0.7971993503637183,0.033171429936656095,0.97075,50
24,29,100,budget_prune,0.7831384015594542,0.8381408380237648,0.7946608588062581,0.037656108620881416,0.96525,100
24,29,100,loro_bce,0.7821854465806766,0.8401360850531583,0.8008268292838057,0.03287059993772594,0.9735,100
24,29,100,c_prune_loro_bce,0.78662109375,0.8435124452782989,0.8011768359421062,0.037833735288455156,0.96475,79
25,19,25,budget_prune,0.22192866578599735,0.587172607879925,0.591725306394452,0.24242787481952707,0.5895,25
25,19,25,loro_bce,0.7592267135325131,0.8238288930581613,0.7916046670947827,0.07810640969571582,0.9305,25
25,19,25,c_prune_loro_bce,0.7658388241256969,0.831777861163227,0.7998175809800199,0.057292255769034184,0.96275,25
25,19,50,budget_prune,0.648539778449144,0.7119842401500938,0.7028736674743025,0.2027583203375621,0.69925,50
25,19,50,loro_bce,0.7671917979494873,0.8330038774233897,0.7992669283664124,0.05530251066901847,0.9515,50
25,19,50,c_prune_loro_bce,0.7701832590391283,0.8420217636022513,0.8127925920245637,0.05661672427513264,0.94375,50
25,19,100,budget_prune,0.7686235816477553,0.8328517823639774,0.7969595385735686,0.06731666654603545,0.93225,100
25,19,100,loro_bce,0.7681451612903226,0.8366026266416511,0.8065597940571048,0.05441393533407293,0.95875,100
25,19,100,c_prune_loro_bce,0.7736176543515993,0.8434784240150094,0.8125370996935025,0.06016499283109467,0.9405,77
25,23,25,budget_prune,0.6108094129816395,0.6600003752345216,0.6734029888862906,0.23479873854259295,0.63275,25
25,23,25,loro_bce,0.7612053684477083,0.8408155096935586,0.816449523240124,0.06468717273088632,0.92725,25
25,23,25,c_prune_loro_bce,0.7630343464294539,0.8424195121951221,0.8082705637552634,0.04979872783279294,0.94775,25
25,23,50,budget_prune,0.6641179683233206,0.7580475297060664,0.7596810376221044,0.19038145200914625,0.758,50
25,23,50,loro_bce,0.7673328398717,0.8465215759849907,0.8210483981804811,0.05139883780577281,0.94925,50
25,23,50,c_prune_loro_bce,0.7768513977439921,0.8542171357098187,0.826717650185062,0.03663735334797224,0.965,50
25,23,100,budget_prune,0.7709772951628825,0.8475457160725453,0.823503275845927,0.05097199280076964,0.9525,100
25,23,100,loro_bce,0.7701375245579568,0.8496562851782365,0.8247797634141392,0.04554306843211756,0.955,100
25,23,100,c_prune_loro_bce,0.7770669291338582,0.8557646028767981,0.8291530578812033,0.03899155133439315,0.961,75
25,29,25,budget_prune,0.7503700049333991,0.8027864915572234,0.7673965248882268,0.09575673264702808,0.89625,25
25,29,25,loro_bce,0.7702834799608993,0.82770631644778,0.7867882459191015,0.05855123451604383,0.93875,25
25,29,25,c_prune_loro_bce,0.7815980629539951,0.8359732332707942,0.7934564240935338,0.045517838905285435,0.95875,25
25,29,50,budget_prune,0.7707196029776675,0.8282641651031897,0.7855833118084197,0.057365378962250635,0.93825,50
25,29,50,loro_bce,0.7810593116914816,0.8375056910569105,0.7973866999063375,0.03485506525494349,0.9715,50
25,29,50,c_prune_loro_bce,0.7809384877218575,0.8404385240775483,0.7973211767488594,0.03322529938183938,0.971,50
25,29,100,budget_prune,0.7830119599707103,0.8372918073796122,0.7951081155112265,0.03997497085954012,0.9625,100
25,29,100,loro_bce,0.7816540619663332,0.8399094434021264,0.8004277990225451,0.031746616148750594,0.974,100
25,29,100,c_prune_loro_bce,0.7873170731707317,0.8436180112570357,0.8013996982917776,0.03771598485331132,0.96475,77
26,19,25,budget_prune,0.22192866578599735,0.587172607879925,0.591725306394452,0.2424278748195459,0.5895,25
26,19,25,loro_bce,0.7372116349047142,0.8116730456535335,0.775472234161016,0.09594995645430528,0.89275,25
26,19,25,c_prune_loro_bce,0.7632437860908863,0.8300780487804879,0.7963843622661719,0.05759336334635399,0.9575,25
26,19,50,budget_prune,0.648539778449144,0.7119842401500938,0.7028736674743025,0.20275832033328664,0.69925,50
26,19,50,loro_bce,0.7630582891748675,0.8321763602251407,0.7981460549636339,0.05929835220896332,0.952,50
26,19,50,c_prune_loro_bce,0.7701863354037267,0.8412490306441525,0.8134085295306379,0.05891862992401586,0.944,50
26,19,100,budget_prune,0.7684340320591861,0.8328252657911195,0.7970360555383658,0.06750309608238925,0.932,100
26,19,100,loro_bce,0.7671370967741935,0.8363467166979361,0.8049793879326962,0.05435391695050467,0.95775,100
26,19,100,c_prune_loro_bce,0.7693452380952381,0.8426261413383364,0.8134426111719744,0.06020479604888374,0.94125,76
26,23,25,budget_prune,0.6108094129816395,0.6600003752345216,0.6734029888862906,0.23479873865076584,0.63275,25
26,23,25,loro_bce,0.7615189873417721,0.8408685428392746,0.8164391802446549,0.06472841194179446,0.927,25
26,23,25,c_prune_loro_bce,0.7616926503340757,0.8442121325828643,0.8164372072743273,0.048820874207726905,0.94825,25
26,23,50,budget_prune,0.6641179683233206,0.7580475297060664,0.7596810376221044,0.190381450567996,0.758,50
26,23,50,loro_bce,0.7673328398717,0.8465215759849907,0.8210483981804811,0.051398837774310424,0.94925,50
26,23,50,c_prune_loro_bce,0.7719125951387183,0.8533198248905567,0.8245576151843552,0.034848284458974914,0.96375,50
26,23,100,budget_prune,0.7723797780517879,0.8474749218261413,0.8235011106771062,0.05094892846324285,0.95275,100
26,23,100,loro_bce,0.7699507389162562,0.8498491557223264,0.8244050180627628,0.044637106216617865,0.9545,100
26,23,100,c_prune_loro_bce,0.7748768472906404,0.8559139462163852,0.8296959272660489,0.03929674202859455,0.959,77
26,29,25,budget_prune,0.37735849056603776,0.6052285178236397,0.6175867313439921,0.23217419002102604,0.54825,25
26,29,25,loro_bce,0.7703957010258915,0.8278183864915573,0.7872411314028808,0.058193219049370075,0.94025,25
26,29,25,c_prune_loro_bce,0.7805711496216744,0.8363174484052532,0.7920619817480105,0.039465953289447894,0.967,25
26,29,50,budget_prune,0.7707196029776675,0.8282641651031897,0.7855833118084197,0.05736537907296196,0.93825,50
26,29,50,loro_bce,0.7837771805521623,0.8392555347091931,0.8023441198264025,0.03232198866246496,0.975,50
26,29,50,c_prune_loro_bce,0.7816764132553606,0.8404347717323327,0.7967788720109071,0.0331634959866856,0.97025,50
26,29,100,budget_prune,0.7839882841103246,0.8372510318949344,0.7947312472439978,0.039960871453075975,0.9615,100
26,29,100,loro_bce,0.7837969741337237,0.8401713570981862,0.7996143589274266,0.03204424426883487,0.97525,100
26,29,100,c_prune_loro_bce,0.7861328125,0.8436157598499062,0.8010101818399851,0.03825236456070637,0.96475,78
27,19,25,budget_prune,0.22192866578599735,0.587172607879925,0.591725306394452,0.24242787481955294,0.5895,25
27,19,25,loro_bce,0.758137205808713,0.8245931207004378,0.7917897799527339,0.07896346916975273,0.92975,25
27,19,25,c_prune_loro_bce,0.757444642402647,0.8262103814884302,0.7906458810577088,0.06494646461574627,0.96,25
27,19,50,budget_prune,0.648539778449144,0.7119842401500938,0.7028736674743025,0.20275832033644917,0.69925,50
27,19,50,loro_bce,0.7639484978540773,0.8319434646654158,0.798087477451257,0.058746264279497404,0.953,50
27,19,50,c_prune_loro_bce,0.7739216658403569,0.842062789243277,0.8125099720913053,0.0580681075900988,0.94275,50
27,19,100,budget_prune,0.7684340320591861,0.8326926829268293,0.7966562260331075,0.06767904229652182,0.9315,100
27,19,100,loro_bce,0.7656565656565657,0.8360765478424016,0.8057561698377872,0.05444459005365224,0.95975,100
27,19,100,c_prune_loro_bce,0.7733134920634921,0.8432667917448406,0.8136693739568384,0.05934397422605718,0.94125,77
27,23,25,budget_prune,0.6108094129816395,0.6600003752345216,0.6734029888862906,0.23479873864146977,0.63275,25
27,23,25,loro_bce,0.7635270541082164,0.8429836147592245,0.8184346948040846,0.06130060814242141,0.94,25
27,23,25,c_prune_loro_bce,0.764459758798917,0.8450814258911821,0.8187567079371625,0.04989979991267695,0.94925,25
27,23,50,budget_prune,0.6641179683233206,0.7580475297060664,0.7596810376221044,0.19038145212044838,0.758,50
27,23,50,loro_bce,0.7688132247717739,0.8461553470919324,0.8208104746646789,0.05037920697190934,0.94825,50
27,23,50,c_prune_loro_bce,0.7724036336852443,0.8537475922451534,0.825349629799381,0.03513288365622679,0.96175,50
27,23,100,budget_prune,0.7717739945719221,0.8475707317073171,0.8235280875906751,0.05104512614456806,0.95325,100
27,23,100,loro_bce,0.7700640078778926,0.8495677298311444,0.8241892309569226,0.04490592270466938,0.9545,100
27,23,100,c_prune_loro_bce,0.7763028515240905,0.8557768605378361,0.8293864027738187,0.038729075818852036,0.9605,75
27,29,25,budget_prune,0.7503700049333991,0.8027864915572234,0.7673965248882268,0.09575672895886435,0.89625,25
27,29,25,loro_bce,0.7694940112441946,0.8277178236397749,0.7872197499679574,0.05897511806858478,0.937,25
27,29,25,c_prune_loro_bce,0.7760826771653543,0.8347174484052531,0.7983777352805674,0.04138710204536144,0.96775,25
27,29,50,budget_prune,0.7715559960356789,0.8287957473420887,0.7862971682042201,0.0564646627178373,0.93775,50
27,29,50,loro_bce,0.7811348563006633,0.8369618511569732,0.8003207114985753,0.035407900769892926,0.974,50
27,29,50,c_prune_loro_bce,0.7824604141291108,0.839940712945591,0.7960984078989906,0.033610394856168346,0.969,50
27,29,100,budget_prune,0.7830119599707103,0.8372795497185741,0.7951152775156823,0.03997075757806327,0.9625,100
27,29,100,loro_bce,0.7823758519961052,0.8396042526579112,0.8002156698432318,0.033073630153463,0.97275,100
27,29,100,c_prune_loro_bce,0.787109375,0.8430163852407755,0.7999415960933666,0.03783560418586749,0.96525,79
28,19,25,budget_prune,0.22192866578599735,0.587172607879925,0.591725306394452,0.24242787481955114,0.5895,25
28,19,25,loro_bce,0.758137205808713,0.8245931207004378,0.7917897799527339,0.07896346917146772,0.92975,25
28,19,25,c_prune_loro_bce,0.7593928838019408,0.8309305816135084,0.8007079591575652,0.0595797741653557,0.9375,25
28,19,50,budget_prune,0.648539778449144,0.7119842401500938,0.7028736674743025,0.20275832033168664,0.69925,50
28,19,50,loro_bce,0.7679599499374218,0.8328210131332082,0.8002040388404688,0.05536128441716811,0.954,50
28,19,50,c_prune_loro_bce,0.771903698188136,0.841828392745466,0.8111405819830413,0.056696516683681156,0.943,50
28,19,100,budget_prune,0.7686990866452728,0.8329028142589117,0.7971698125668341,0.06708830832085787,0.933,100
28,19,100,loro_bce,0.7664731128502903,0.8363156973108192,0.8059729938510358,0.05433129227937505,0.959,100
28,19,100,c_prune_loro_bce,0.7736503219415553,0.8431562226391495,0.8119602506425933,0.06049804782777464,0.93725,77
28,23,25,budget_prune,0.6108094129816395,0.6600003752345216,0.6734029888862906,0.23479873863578193,0.63275,25
28,23,25,loro_bce,0.7610126582278481,0.8409163227016886,0.8164952823848389,0.06449049491280681,0.9275,25
28,23,25,c_prune_loro_bce,0.762825278810409,0.8438278924327705,0.8169430991372288,0.052709643367793574,0.94675,25
28,23,50,budget_prune,0.6571271326362136,0.7575549718574108,0.7592038763246765,0.18941799308060966,0.752,50
28,23,50,loro_bce,0.7654504839910647,0.846306191369606,0.8205193921689291,0.05452366345599492,0.94425,50
28,23,50,c_prune_loro_bce,0.775049115913556,0.8539071919949969,0.8262239058104422,0.03611334073941364,0.9655,50
28,23,100,budget_prune,0.7711676129350777,0.8475472170106316,0.8235015954912237,0.050970614148958954,0.95275,100
28,23,100,loro_bce,0.7707412862052038,0.8496782989368354,0.825037489316051,0.04565996659031482,0.954,100
28,23,100,c_prune_loro_bce,0.7782983970406905,0.8558248905565978,0.829795768970325,0.03925364196676669,0.95875,75
28,29,25,budget_prune,0.37735849056603776,0.6052285178236397,0.6175867313439921,0.23217419048318363,0.54825,25
28,29,25,loro_bce,0.7669760625305325,0.8278321450906817,0.7845793113374592,0.0552384745216662,0.94325,25
28,29,25,c_prune_loro_bce,0.7793974732750243,0.8359224515322076,0.7918355485710125,0.03678632934567004,0.97225,25
28,29,50,budget_prune,0.7707196029776675,0.8282641651031897,0.7855833118084197,0.05736537892784564,0.93825,50
28,29,50,loro_bce,0.7806546165119688,0.8382574108818011,0.8000617560304294,0.0367751971119437,0.97475,50
28,29,50,c_prune_loro_bce,0.7801556420233463,0.8396065040650407,0.7959787417613282,0.03382814132205077,0.97375,50
28,29,100,budget_prune,0.7825237979009031,0.8373918699186993,0.7952059520886285,0.04020592208393174,0.962,100
28,29,100,loro_bce,0.7841323923095643,0.8399262038774233,0.7987371057890233,0.033482480353326155,0.974,100
28,29,100,c_prune_loro_bce,0.7870212246889485,0.8431509693558474,0.7996201774986734,0.03823155997624109,0.965,79
29,19,25,budget_prune,0.22192866578599735,0.587172607879925,0.591725306394452,0.24242787481955294,0.5895,25
29,19,25,loro_bce,0.7586379569354031,0.8245801125703565,0.7917784374784672,0.07885410720721299,0.92875,25
29,19,25,c_prune_loro_bce,0.7644670050761422,0.8321170731707318,0.7999339371684258,0.056958556161404335,0.96225,25
29,19,50,budget_prune,0.648539778449144,0.7119842401500938,0.7028736674743025,0.20275832029315188,0.69925,50
29,19,50,loro_bce,0.7673019057171514,0.8330864290181363,0.8009541743780944,0.05572508236793081,0.95475,50
29,19,50,c_prune_loro_bce,0.7701832590391283,0.8420180112570357,0.8127997225492236,0.056618105706603826,0.94375,50
29,19,100,budget_prune,0.768319763138416,0.8314006253908692,0.7946815543770147,0.06886430037816064,0.9315,100
29,19,100,loro_bce,0.766750629722922,0.8360640400250156,0.8046078367471191,0.05417583355342093,0.95775,100
29,19,100,c_prune_loro_bce,0.7730426164519326,0.8432242651657285,0.8124900835069185,0.06007929013212292,0.93925,79
29,23,25,budget_prune,0.6108094129816395,0.6600003752345216,0.6734029888862906,0.23479873863578193,0.63275,25
29,23,25,loro_bce,0.7612053684477083,0.8408155096935586,0.816449523240124,0.06468717102612695,0.92725,25
29,23,25,c_prune_loro_bce,0.763627353815659,0.8439394621638523,0.8157313626888663,0.04940710372655111,0.9485,25
29,23,50,budget_prune,0.6641179683233206,0.7580475297060664,0.7596810376221044,0.1903814520074833,0.758,50
29,23,50,loro_bce,0.7671840354767184,0.8464652908067543,0.8211769680333162,0.05104872903500177,0.94875,50
29,23,50,c_prune_loro_bce,0.7724815724815725,0.8534836772983114,0.8249109086135725,0.03509217489519394,0.9625,50
29,23,100,budget_prune,0.7712450592885376,0.8459021888680425,0.8216616296390511,0.05264202741626325,0.95,100
29,23,100,loro_bce,0.7700640078778926,0.8495677298311444,0.8241892309569226,0.04490592238119564,0.9545,100
29,23,100,c_prune_loro_bce,0.7745750184774575,0.8558846779237024,0.8290083467823882,0.03922241551792573,0.95825,76
29,29,25,budget_prune,0.7503700049333991,0.8027864915572234,0.7673965248882268,0.09575672904037544,0.89625,25
29,29,25,loro_bce,0.7695694716242661,0.8278531582238898,0.7874105908900135,0.05833436624753901,0.93925,25
29,29,25,c_prune_loro_bce,0.7763960009753719,0.8377903689806129,0.8012526254773141,0.039462442463611795,0.969,25
29,29,50,budget_prune,0.7707196029776675,0.8282641651031897,0.7855833118084197,0.05736537912513243,0.93825,50
29,29,50,loro_bce,0.7843711843711844,0.839337085678549,0.8022969310694352,0.032392599553939076,0.975,50
29,29,50,c_prune_loro_bce,0.7814859926918393,0.8402368980612883,0.7963696441998132,0.03358472892806794,0.971,50
29,29,100,budget_prune,0.7830119599707103,0.8372750469043152,0.7951183433571275,0.039976501856980984,0.9625,100
29,29,100,loro_bce,0.7837969741337237,0.8401701063164477,0.7996139116594367,0.032045904903888395,0.97525,100
29,29,100,c_prune_loro_bce,0.7863247863247863,0.8434491557223265,0.8008984395296622,0.038073909668179765,0.9635,77
30,19,25,budget_prune,0.22192866578599735,0.587172607879925,0.591725306394452,0.24242787481954206,0.5895,25
30,19,25,loro_bce,0.7586379569354031,0.8245801125703565,0.7917784374784672,0.07885404340604941,0.92875,25
30,19,25,c_prune_loro_bce,0.764616935483871,0.8316933083176986,0.7990091375913417,0.056898464782817695,0.96075,25
30,19,50,budget_prune,0.648539778449144,0.7119842401500938,0.7028736674743025,0.20275832033331118,0.69925,50
30,19,50,loro_bce,0.7666499749624437,0.8326854283927454,0.7998904908899165,0.055175295929630434,0.95375,50
30,19,50,c_prune_loro_bce,0.7701832590391283,0.8420282676672921,0.8127930018805065,0.05661930894524758,0.94375,50
30,19,100,budget_prune,0.7686990866452728,0.8329000625390869,0.7971343518433035,0.06713021273304447,0.933,100
30,19,100,loro_bce,0.7656565656565657,0.8360787992495309,0.8057592146556669,0.0544459689665498,0.95975,100
30,19,100,c_prune_loro_bce,0.771712158808933,0.8432697936210132,0.8136590573453704,0.05956780092924227,0.94075,79
30,23,25,budget_prune,0.6108094129816395,0.6600003752345216,0.6734029888862906,0.23479873854259295,0.63275,25
30,23,25,loro_bce,0.7612053684477083,0.8408155096935586,0.816449523240124,0.06468717128909328,0.92725,25
30,23,25,c_prune_loro_bce,0.7617158442846517,0.8447009380863039,0.8178301080084016,0.04900559479587909,0.94725,25
30,23,50,budget_prune,0.6641179683233206,0.7580475297060664,0.7596810376221044,0.19038145068165066,0.758,50
30,23,50,loro_bce,0.7654626422563088,0.846196372732958,0.819959435563151,0.05426823316518214,0.9465,50
30,23,50,c_prune_loro_bce,0.7762512266928361,0.8540175109443402,0.825719365564074,0.03678128956495472,0.965,50
30,23,100,budget_prune,0.7717739945719221,0.8475694809255786,0.8235128552744994,0.05099276595080096,0.95325,100
30,23,100,loro_bce,0.7700640078778926,0.8495677298311444,0.8241892309569226,0.04490592247839751,0.9545,100
30,23,100,c_prune_loro_bce,0.7783517835178352,0.8554746716697935,0.8285099618721778,0.03890228673829746,0.96225,73
30,29,25,budget_prune,0.7503700049333991,0.8027864915572234,0.7673965248882268,0.09575673124265363,0.89625,25
30,29,25,loro_bce,0.7695694716242661,0.8278531582238898,0.7874105908900135,0.0583343731794954,0.93925,25
30,29,25,c_prune_loro_bce,0.7813567593948267,0.8373701063164478,0.794227731215756,0.03660544091334533,0.96925,25
30,29,50,budget_prune,0.7707196029776675,0.8282641651031897,0.7855833118084197,0.05736537893586611,0.93825,50
30,29,50,loro_bce,0.7837771805521623,0.8392550343964978,0.8023433998278221,0.03232224141888259,0.975,50
30,29,50,c_prune_loro_bce,0.7811284046692607,0.8406206378986867,0.7976066946034224,0.03291889692743122,0.97175,50
30,29,100,budget_prune,0.7829059829059829,0.8373681050656661,0.7949410900944899,0.04019542626335819,0.9615,100
30,29,100,loro_bce,0.7837969741337237,0.8401703564727955,0.7996141677394351,0.03204419260786063,0.97525,100
30,29,100,c_prune_loro_bce,0.7853479853479853,0.8438023764853034,0.8014261425064207,0.03776289661678982,0.9655,79
31,19,25,budget_prune,0.22192866578599735,0.587172607879925,0.591725306394452,0.24242787481952963,0.5895,25
31,19,25,loro_bce,0.7569060773480663,0.8239982489055659,0.7912065067491523,0.07891598079312251,0.92875,25
31,19,25,c_prune_loro_bce,0.7654632668518051,0.8340995622263914,0.804117524849745,0.052330346773572414,0.965,25
31,19,50,budget_prune,0.648539778449144,0.7119842401500938,0.7028736674743025,0.20275832037183478,0.69925,50
31,19,50,loro_bce,0.7671507260891337,0.8326941838649157,0.7990834216048422,0.0553431981584656,0.95375,50
31,19,50,c_prune_loro_bce,0.7707196029776675,0.8414514071294559,0.8125814872411837,0.057490876053287024,0.94275,50
31,19,100,budget_prune,0.7684340320591861,0.8328252657911195,0.7970360555383658,0.06750314872966362,0.932,100
31,19,100,loro_bce,0.7666666666666667,0.8363126954346466,0.8059965581771529,0.054318802252300624,0.95925,100
31,19,100,c_prune_loro_bce,0.7698412698412699,0.842702689180738,0.8140715015418436,0.06050335803782252,0.93975,79
31,23,25,budget_prune,0.6108094129816395,0.6600003752345216,0.6734029888862906,0.23479873854259295,0.63275,25
31,23,25,loro_bce,0.77062423500612,0.8384345215759851,0.7986963438291442,0.04293823782549545,0.96025,25
31,23,25,c_prune_loro_bce,0.7740986019131715,0.8466038774233897,0.8145033748164547,0.03642046628261393,0.97025,25
31,23,50,budget_prune,0.663936663936664,0.7580462789243276,0.7596809839630174,0.19038206518830827,0.75825,50
31,23,50,loro_bce,0.7726377952755905,0.8493193245778612,0.8199655132693149,0.03295624632365884,0.9725,50
31,23,50,c_prune_loro_bce,0.775570272259014,0.8495899937460913,0.8156673461629135,0.037044003811514375,0.96425,50
31,23,100,budget_prune,0.7717739945719221,0.8475704815509693,0.82351487919068,0.05099450513838183,0.95325,100
31,23,100,loro_bce,0.7761341222879684,0.8538083802376485,0.8224573579472363,0.03750713557414324,0.9595,100
31,23,100,c_prune_loro_bce,0.7784607819031227,0.8524502814258912,0.821753550862886,0.03892738237247892,0.95875,76
31,29,25,budget_prune,0.749876421156698,0.8029508442776736,0.7673767359521196,0.09570974177339801,0.89625,25
31,29,25,loro_bce,0.7708129285014691,0.8284402751719824,0.7877309535756833,0.05668251814665512,0.94325,25
31,29,25,c_prune_loro_bce,0.7813567593948267,0.8372572858036273,0.7935456154304616,0.03659497370059549,0.96925,25
31,29,50,budget_prune,0.7719385225582548,0.8287116948092559,0.786127096618446,0.05613279702211197,0.93925,50
31,29,50,loro_bce,0.781648675171737,0.837795622263915,0.8016577771687735,0.03671188192054794,0.97275,50
31,29,50,c_prune_loro_bce,0.7814859926918393,0.8400825515947468,0.7961028586002634,0.0338234957503125,0.971,50
31,29,100,budget_prune,0.7830119599707103,0.8372790494058787,0.7951199611198705,0.039968770091617034,0.9625,100
31,29,100,loro_bce,0.7821854465806766,0.840141588492808,0.8008280609236927,0.032874422526993345,0.9735,100
31,29,100,c_prune_loro_bce,0.7863247863247863,0.8433008130081301,0.8005858497143877,0.03807186069532168,0.9635,78
32,19,25,budget_prune,0.22192866578599735,0.587172607879925,0.591725306394452,0.24242787481954042,0.5895,25
32,19,25,loro_bce,0.758137205808713,0.8245931207004378,0.7917897799527339,0.07896346918511467,0.92975,25
32,19,25,c_prune_loro_bce,0.762455963764469,0.8336100062539088,0.8013522826672999,0.054284390023998694,0.96025,25
32,19,50,budget_prune,0.648539778449144,0.7119842401500938,0.7028736674743025,0.20275832038726463,0.69925,50
32,19,50,loro_bce,0.767459324155194,0.8326724202626642,0.7992797954240907,0.05534419228071798,0.9535,50
32,19,50,c_prune_loro_bce,0.7706832298136645,0.8412370231394621,0.8133545563878739,0.059000071065935175,0.944,50
32,19,100,budget_prune,0.7686990866452728,0.8329028142589117,0.7971698125668341,0.06708829006119249,0.933,100
32,19,100,loro_bce,0.7664731128502903,0.8363189493433396,0.8059716390152313,0.054335184956971934,0.959,100
32,19,100,c_prune_loro_bce,0.7700322500620194,0.8421553470919325,0.8140512636514252,0.05997306959864635,0.9405,78
32,23,25,budget_prune,0.6108094129816395,0.6600003752345216,0.6734029888862906,0.23479873865076584,0.63275,25
32,23,25,loro_bce,0.7586382113821138,0.8394774233896186,0.8153376668033995,0.06855217453771886,0.925,25
32,23,25,c_prune_loro_bce,0.765011119347665,0.8446751719824891,0.8174113150887142,0.048351584364706685,0.94975,25
32,23,50,budget_prune,0.6641179683233206,0.7580475297060664,0.7596810376221044,0.1903814520105231,0.758,50
32,23,50,loro_bce,0.7660208643815202,0.8459196998123827,0.8201213466488506,0.05406564968906618,0.945,50
32,23,50,c_prune_loro_bce,0.7725153374233129,0.8538834271419637,0.8257335336162412,0.03503888997411086,0.96225,50
32,23,100,budget_prune,0.771964461994077,0.8475712320200125,0.8235254585972666,0.05097265576524227,0.953,100
32,23,100,loro_bce,0.7693822298793994,0.8496192620387744,0.824470990101122,0.04510015038131864,0.95325,100
32,23,100,c_prune_loro_bce,0.7737010588524994,0.8560202626641651,0.8290889440911324,0.03950386189692413,0.95775,75
32,29,25,budget_prune,0.37735849056603776,0.6052285178236397,0.6175867313439921,0.23217419004956605,0.54825,25
32,29,25,loro_bce,0.7695694716242661,0.8278531582238898,0.7874105908900135,0.05833437792557759,0.93925,25
32,29,25,c_prune_loro_bce,0.780380673499268,0.8365751094434021,0.7940504393032839,0.03821188146631144,0.96975,25
32,29,50,budget_prune,0.7708333333333334,0.8287169480925578,0.7866612026598356,0.05508791003072791,0.93925,50
32,29,50,loro_bce,0.7837771805521623,0.8392555347091931,0.8023441198264025,0.032321985846266964,0.975,50
32,29,50,c_prune_loro_bce,0.7841603519921779,0.8401926203877423,0.7938762766452963,0.036641421226325833,0.967,50
32,29,100,budget_prune,0.7825237979009031,0.8373908692933083,0.7951855047843917,0.04020383010833149,0.962,100
32,29,100,loro_bce,0.7837969741337237,0.8401698561601001,0.7996134139547207,0.03204422933212551,0.97525,100
32,29,100,c_prune_loro_bce,0.78564453125,0.8435542213883678,0.8009025715197758,0.038362489239182014,0.96525,77
33,19,25,budget_prune,0.22192866578599735,0.587172607879925,0.591725306394452,0.24242787481954087,0.5895,25
33,19,25,loro_bce,0.758137205808713,0.8245931207004378,0.7917897799527339,0.07896346914256287,0.92975,25
33,19,25,c_prune_loro_bce,0.7644982349974786,0.8339267041901188,0.8032513832150097,0.05272886098196269,0.96275,25
33,19,50,budget_prune,0.648539778449144,0.7119842401500938,0.7028736674743025,0.20275832027395121,0.69925,50
33,19,50,loro_bce,0.7666499749624437,0.832676923076923,0.7999257116808086,0.05518541677687617,0.95375,50
33,19,50,c_prune_loro_bce,0.7705326032852166,0.840098311444653,0.8095533961662484,0.0573039399499429,0.94925,50
33,19,100,budget_prune,0.7686235816477553,0.8328285178236399,0.7969414336606532,0.067305557248762,0.93225,100
33,19,100,loro_bce,0.7656565656565657,0.8360787992495309,0.805756988239347,0.054444287417091834,0.95975,100
33,19,100,c_prune_loro_bce,0.7711083437110834,0.841649530956848,0.811215942697235,0.0584741554085317,0.946,77
33,23,25,budget_prune,0.6108094129816395,0.6600003752345216,0.6734029888862906,0.23479873865076584,0.63275,25
33,23,25,loro_bce,0.7612053684477083,0.8408155096935586,0.816449523240124,0.06468717124794524,0.92725,25
33,23,25,c_prune_loro_bce,0.7613861386138614,0.8418599124452784,0.8121880290163215,0.0513921490611813,0.944,25
33,23,50,budget_prune,0.6641179683233206,0.7580475297060664,0.7596810376221044,0.19038145210734525,0.758,50
33,23,50,loro_bce,0.7654626422563088,0.846196372732958,0.819959435563151,0.054268233255549234,0.9465,50
33,23,50,c_prune_loro_bce,0.7754601226993865,0.853826641651032,0.8259392737153297,0.03633742736360304,0.96425,50
33,23,100,budget_prune,0.7717739945719221,0.8475694809255786,0.8235128552744994,0.050992768870274575,0.95325,100
33,23,100,loro_bce,0.7699507389162562,0.8498479049405878,0.8244029988978541,0.04463835676796334,0.9545,100
33,23,100,c_prune_loro_bce,0.7767419038272817,0.8553881175734833,0.8284541444034078,0.03847784496857642,0.963,74
33,29,25,budget_prune,0.7503700049333991,0.8027907442151345,0.7674060847727495,0.09575711036561317,0.89625,25
33,29,25,loro_bce,0.7669760625305325,0.8278321450906817,0.7845793113374592,0.05523845750302501,0.94325,25
33,29,25,c_prune_loro_bce,0.774938574938575,0.8334504065040651,0.7912529603363877,0.04175169764070234,0.97075,25
33,29,50,budget_prune,0.7715559960356789,0.8287957473420887,0.7862971682042201,0.056464662707052284,0.93775,50
33,29,50,loro_bce,0.7806546165119688,0.8382426516572858,0.8000287107224582,0.03679271174813667,0.97475,50
33,29,50,c_prune_loro_bce,0.7803214807598636,0.8395264540337711,0.7952583485714606,0.03408624191286592,0.97375,50
33,29,100,budget_prune,0.7829059829059829,0.8373683552220137,0.794941677107752,0.0401962706766428,0.9615,100
33,29,100,loro_bce,0.7825030376670717,0.8398634146341464,0.7992502019283589,0.03511948671370636,0.9735,100
33,29,100,c_prune_loro_bce,0.7867090153921329,0.8424993120700437,0.7990140702001797,0.03767433378549076,0.965,77
34,19,25,budget_prune,0.22192866578599735,0.587172607879925,0.591725306394452,0.24242787481955294,0.5895,25
34,19,25,loro_bce,0.7586379569354031,0.8245801125703565,0.7917784374784672,0.07885379343705566,0.92875,25
34,19,25,c_prune_loro_bce,0.7676767676767676,0.8339879924953095,0.8023503570532193,0.052501889666699615,0.96475,25
34,19,50,budget_prune,0.648539778449144,0.7119842401500938,0.7028736674743025,0.20275832033292282,0.69925,50
34,19,50,loro_bce,0.7666499749624437,0.8326854283927454,0.7998904908899165,0.055175294798991505,0.95375,50
34,19,50,c_prune_loro_bce,0.7706832298136645,0.8412350218886804,0.8133411813884697,0.05899797953940693,0.944,50
34,19,100,budget_prune,0.7682445759368837,0.8328565353345841,0.7970042411437817,0.06727290372650395,0.93225,100
34,19,100,loro_bce,0.766590966439566,0.8358343964978111,0.8042017436577096,0.054354517836867525,0.959,100
34,19,100,c_prune_loro_bce,0.7693071765582319,0.8427424640400251,0.8143355592717679,0.06083125874482084,0.9425,77
34,23,25,budget_prune,0.6108094129816395,0.6600003752345216,0.6734029888862906,0.23479873865202505,0.63275,25
34,23,25,loro_bce,0.7612053684477083,0.8408155096935586,0.816449523240124,0.06468717106035762,0.92725,25
34,23,25,c_prune_loro_bce,0.762046696472926,0.8416162601626016,0.8055529234073556,0.05197305590194137,0.945,25
34,23,50,budget_prune,0.6641179683233206,0.7580475297060664,0.7596810376221044,0.19038145187494485,0.758,50
34,23,50,loro_bce,0.7675622381069755,0.8461033145716073,0.8202394264761586,0.05060316824024136,0.94875,50
34,23,50,c_prune_loro_bce,0.7774233128834356,0.8541468417761101,0.8264178888877824,0.036675105507781885,0.96475,50
34,23,100,budget_prune,0.771964461994077,0.8475712320200125,0.8235248974157177,0.05096901345665918,0.953,100
34,23,100,loro_bce,0.7701375245579568,0.8496562851782365,0.8247797634141392,0.045543068452580354,0.955,100
34,23,100,c_prune_loro_bce,0.7784872298624754,0.8559959974984366,0.8293661769271233,0.03887088517082581,0.9625,76
34,29,25,budget_prune,0.749876421156698,0.8029508442776736,0.7673767359521196,0.09570974175692092,0.89625,25
34,29,25,loro_bce,0.7695694716242661,0.8278531582238898,0.7874105908900135,0.05833436196853046,0.93925,25
34,29,25,c_prune_loro_bce,0.7719470328592447,0.832193871169481,0.7900611188536626,0.044508718379046706,0.96025,25
34,29,50,budget_prune,0.7707196029776675,0.8282641651031897,0.7855833118084197,0.05736537892776723,0.93825,50
34,29,50,loro_bce,0.7828220858895706,0.8377933708567855,0.8017537956560687,0.03461799576062021,0.9745,50
34,29,50,c_prune_loro_bce,0.7814859926918393,0.8402356472795497,0.7963564970100168,0.03357569198035765,0.971,50
34,29,100,budget_prune,0.7830119599707103,0.8372777986241401,0.7951167111491793,0.03996838876542411,0.9625,100
34,29,100,loro_bce,0.7824817518248175,0.8400697936210131,0.800261424334924,0.0328747721531938,0.97375,100
34,29,100,c_prune_loro_bce,0.7863247863247863,0.8434714196372732,0.8009482362752129,0.03810816227345946,0.9635,78
35,19,25,budget_prune,0.22192866578599735,0.587172607879925,0.591725306394452,0.24242787481955294,0.5895,25
35,19,25,loro_bce,0.7424883151569107,0.7999882426516574,0.7588129536549786,0.14285105736613712,0.776,25
35,19,25,c_prune_loro_bce,0.7688866799204771,0.8328107567229518,0.8026564560697196,0.06016470427775831,0.94575,25
35,19,50,budget_prune,0.648539778449144,0.7119842401500938,0.7028736674743025,0.20275832035995495,0.69925,50
35,19,50,loro_bce,0.7706013363028953,0.8345348342714196,0.8035637548781608,0.058922379010344715,0.9405,50
35,19,50,c_prune_loro_bce,0.7726935443977244,0.8419134459036899,0.8123367783581795,0.05720307099269753,0.9395,50
35,19,100,budget_prune,0.7685093780848964,0.8329425891181989,0.7973730576083805,0.0672504361540105,0.93275,100
35,19,100,loro_bce,0.7712712712712713,0.837463664790494,0.8071286186285355,0.056214356268024276,0.94775,100
35,19,100,c_prune_loro_bce,0.7742574257425743,0.8437916197623515,0.814310010699015,0.06018868326273725,0.93625,79
35,23,25,budget_prune,0.6108094129816395,0.6600003752345216,0.6734029888862906,0.23479873876644303,0.63275,25
35,23,25,loro_bce,0.7612053684477083,0.8408155096935586,0.816449523240124,0.06468717081481638,0.92725,25
35,23,25,c_prune_loro_bce,0.7595190380761523,0.8417305816135083,0.8052551622581834,0.05442653265040731,0.9405,25
35,23,50,budget_prune,0.6641179683233206,0.7580475297060664,0.7596810376221044,0.19038145217996466,0.758,50
35,23,50,loro_bce,0.7673328398717,0.8465215759849907,0.8210483981804811,0.05139883780924586,0.94925,50
35,23,50,c_prune_loro_bce,0.7744471744471745,0.8534378986866792,0.8257568908609224,0.03514118075485948,0.966,50
35,23,100,budget_prune,0.7709772951628825,0.8475457160725453,0.823503275845927,0.05097198384176786,0.9525,100
35,23,100,loro_bce,0.7700640078778926,0.8495677298311444,0.8241892309569226,0.04490592232445476,0.9545,100
35,23,100,c_prune_loro_bce,0.7767373090192213,0.8556140087554721,0.8294351288674393,0.038543222911769176,0.961,76
35,29,25,budget_prune,0.37735849056603776,0.6052285178236397,0.6175867313439921,0.23217419048318363,0.54825,25
35,29,25,loro_bce,0.768892149669846,0.8276340212632894,0.7870391363220419,0.05893321548996762,0.9385,25
35,29,25,c_prune_loro_bce,0.7804284323271665,0.836992120075047,0.7934574222379508,0.03787647885064338,0.97025,25
35,29,50,budget_prune,0.7707196029776675,0.8282641651031897,0.7855833118084197,0.05736537906392113,0.93825,50
35,29,50,loro_bce,0.7835912552198477,0.8379739837398374,0.8017727677521076,0.0373731235660086,0.972,50
35,29,50,c_prune_loro_bce,0.7815924032140248,0.8406946841776111,0.7978323242584264,0.032838572685045225,0.971,50
35,29,100,budget_prune,0.78271484375,0.8373866166353973,0.7949281346974809,0.040196155259465356,0.96125,100
35,29,100,loro_bce,0.7820575329107752,0.8401838649155723,0.8001057251053987,0.03394967505372832,0.97325,100
35,29,100,c_prune_loro_bce,0.7861328125,0.8436482801751093,0.8011469102504025,0.038131512053464836,0.96425,78
36,19,25,budget_prune,0.22192866578599735,0.587172607879925,0.591725306394452,0.2424278748195241,0.5895,25
36,19,25,loro_bce,0.7586379569354031,0.8245801125703565,0.7917784374784672,0.07885389054332795,0.92875,25
36,19,25,c_prune_loro_bce,0.7641129032258065,0.8314669168230144,0.8001129940283882,0.05774980540114323,0.96025,25
36,19,50,budget_prune,0.648539778449144,0.7119842401500938,0.7028736674743025,0.20275832030921534,0.69925,50
36,19,50,loro_bce,0.7679599499374218,0.8328372732958099,0.8002182530380487,0.05533673312355339,0.954,50
36,19,50,c_prune_loro_bce,0.7707196029776675,0.8414481550969355,0.812572354827526,0.05749199641398641,0.94275,50
36,19,100,budget_prune,0.7685093780848964,0.8313603502188868,0.7948003065943408,0.0691172155150673,0.93125,100
36,19,100,loro_bce,0.7656565656565657,0.8360777986241401,0.8057617553338758,0.054446673384151115,0.95975,100
36,19,100,c_prune_loro_bce,0.7700322500620194,0.8423227016885554,0.8136103518830833,0.060282806023507496,0.941,77
36,23,25,budget_prune,0.6108094129816395,0.6600003752345216,0.6734029888862906,0.23479873864146977,0.63275,25
36,23,25,loro_bce,0.7633894895649987,0.8425160725453407,0.8167606197124588,0.05988439541129695,0.93375,25
36,23,25,c_prune_loro_bce,0.7621178225205071,0.8419814884302689,0.8063580062449901,0.05001438239041866,0.94675,25
36,23,50,budget_prune,0.6571271326362136,0.7575552220137587,0.7592031091094078,0.1894171428908498,0.752,50
36,23,50,loro_bce,0.7674532940019666,0.8466401500938086,0.8206945126263219,0.04807264960484899,0.95,50
36,23,50,c_prune_loro_bce,0.775570272259014,0.8540803001876174,0.8258629135659568,0.0365874471542918,0.96575,50
36,23,100,budget_prune,0.7717739945719221,0.8475707317073171,0.8235280388082157,0.051044973869744464,0.95325,100
36,23,100,loro_bce,0.7700640078778926,0.8495677298311444,0.8241892309569226,0.04490592251282356,0.9545,100
36,23,100,c_prune_loro_bce,0.7776141384388807,0.8554266416510319,0.8285899086989097,0.03891247339347354,0.963,75
36,29,25,budget_prune,0.7503700049333991,0.8027864915572234,0.7673965248882268,0.09575672927679256,0.89625,25
36,29,25,loro_bce,0.7721518987341772,0.8217298311444654,0.7560704300017242,0.058668424163699225,0.94325,25
36,29,25,c_prune_loro_bce,0.7635916359163591,0.8335146966854283,0.7870364496353002,0.04201037132321976,0.9555,25
36,29,50,budget_prune,0.7707196029776675,0.8282641651031897,0.7855833118084197,0.057365378907744145,0.93825,50
36,29,50,loro_bce,0.7770171149144254,0.835193746091307,0.7903408726101457,0.03379473894953852,0.96975,50
36,29,50,c_prune_loro_bce,0.7806420233463035,0.8401148217636021,0.7994735103059414,0.036721050611635685,0.97175,50
36,29,100,budget_prune,0.7830119599707103,0.8372928080050029,0.7951252772286275,0.039966418863470264,0.9625,100
36,29,100,loro_bce,0.7804522246535376,0.8386091307066917,0.7955452828156455,0.035458068714698046,0.9725,100
36,29,100,c_prune_loro_bce,0.7833128834355828,0.8425643527204503,0.8046135715916296,0.03766918918634533,0.97,79
37,19,25,budget_prune,0.22192866578599735,0.587172607879925,0.591725306394452,0.24242787481951467,0.5895,25
37,19,25,loro_bce,0.7532090094453863,0.8204275171982489,0.7816361710087976,0.10212490808224456,0.8745,25
37,19,25,c_prune_loro_bce,0.7666499749624437,0.8338731707317073,0.8035314899314017,0.05384266031206676,0.95325,25
37,19,50,budget_prune,0.648539778449144,0.7119842401500938,0.7028736674743025,0.20275832039000222,0.69925,50
37,19,50,loro_bce,0.7676919229807452,0.833318574108818,0.8004326474755376,0.05516988555443772,0.9505,50
37,19,50,c_prune_loro_bce,0.771485345255837,0.8416145090681674,0.8127756215372051,0.05735236218608487,0.94375,50
37,19,100,budget_prune,0.770528404862317,0.8349971232020013,0.7992663743876154,0.060708687406693086,0.939,100
37,19,100,loro_bce,0.7668263171162087,0.8361701063164477,0.8047890933431148,0.0544798903033768,0.958,100
37,19,100,c_prune_loro_bce,0.769116186693148,0.8424672920575359,0.814254287377228,0.05989233555878801,0.94125,79
37,23,25,budget_prune,0.6108094129816395,0.6600003752345216,0.6734029888862906,0.23479873854259295,0.63275,25
37,23,25,loro_bce,0.7612053684477083,0.8408155096935583,0.816456393447492,0.06469494563875229,0.92725,25
37,23,25,c_prune_loro_bce,0.7614565271241021,0.8423934959349592,0.8072569406393335,0.04887309619432214,0.94875,25
37,23,50,budget_prune,0.6641179683233206,0.7580475297060664,0.7596810376221044,0.1903814519888711,0.758,50
37,23,50,loro_bce,0.7671435619141589,0.8465258286429018,0.8210854908218774,0.0513977516295779,0.949,50
37,23,50,c_prune_loro_bce,0.774288518155054,0.8537353345841152,0.8257957261756559,0.035067209338890154,0.966,50
37,23,100,budget_prune,0.771964461994077,0.8475712320200125,0.8235254585972666,0.05097263226362554,0.953,100
37,23,100,loro_bce,0.7702536321103176,0.84957698561601,0.8241997301776591,0.04491570062848909,0.95425,100
37,23,100,c_prune_loro_bce,0.7775590551181102,0.8559001876172608,0.8293154951677546,0.03956183867686795,0.9595,75
37,29,25,budget_prune,0.7503700049333991,0.8027864915572234,0.7673965248882268,0.09575672927679256,0.89625,25
37,29,25,loro_bce,0.7669760625305325,0.8278316447779863,0.7845788854938297,0.055238404010776405,0.94325,25
37,29,25,c_prune_loro_bce,0.7795868772782503,0.8359202001250783,0.7917756959963962,0.036898196499864803,0.972,25
37,29,50,budget_prune,0.7715559960356789,0.8287957473420887,0.7862971682042201,0.056464662697291994,0.93775,50
37,29,50,loro_bce,0.7805948317893711,0.8391494684177612,0.8002735474764127,0.03281138633325834,0.97375,50
37,29,50,c_prune_loro_bce,0.7802385008517888,0.8400752970606631,0.7966752749740681,0.03328699412813694,0.9745,50
37,29,100,budget_prune,0.7829059829059829,0.8373683552220139,0.7949412206366843,0.04019603009397545,0.9615,100
37,29,100,loro_bce,0.7841323923095643,0.8399262038774233,0.7987371057890233,0.03348248044777464,0.974,100
37,29,100,c_prune_loro_bce,0.7870212246889485,0.8431502188868043,0.799894300151172,0.03825496660045167,0.965,78
38,19,25,budget_prune,0.22192866578599735,0.587172607879925,0.591725306394452,0.24242787481955883,0.5895,25
38,19,25,loro_bce,0.7586379569354031,0.8245801125703565,0.7917784374784672,0.07885379343705566,0.92875,25
38,19,25,c_prune_loro_bce,0.7644982349974786,0.8339512195121952,0.8022088885148234,0.052863084257977706,0.96425,25
38,19,50,budget_prune,0.648539778449144,0.7119842401500938,0.7028736674743025,0.2027583203295589,0.69925,50
38,19,50,loro_bce,0.767459324155194,0.8326711694809256,0.7992783215520982,0.05534394681889152,0.9535,50
38,19,50,c_prune_loro_bce,0.7705326032852166,0.840095559724828,0.8095441882284096,0.057301712391826055,0.94925,50
38,19,100,budget_prune,0.7684340320591861,0.8327141963727329,0.7966510579350126,0.06768632618987584,0.9315,100
38,19,100,loro_bce,0.7656565656565657,0.8360767979987493,0.8057592997243577,0.05444586120608885,0.95975,100
38,19,100,c_prune_loro_bce,0.7723759660932435,0.8422201375859912,0.811252821256102,0.059197643462780024,0.946,77
38,23,25,budget_prune,0.6108094129816395,0.6600003752345216,0.6734029888862906,0.23479873864146977,0.63275,25
38,23,25,loro_bce,0.7612053684477083,0.8408155096935586,0.816449523240124,0.06468717103761708,0.92725,25
38,23,25,c_prune_loro_bce,0.7630860828578516,0.8449798624140087,0.8183216616855125,0.049934736883353655,0.94775,25
38,23,50,budget_prune,0.6604955077593248,0.7579084427767355,0.7591132256504178,0.1902771288467095,0.75825,50
38,23,50,loro_bce,0.7673328398717,0.8465215759849907,0.8210483981804811,0.0513988377939628,0.94925,50
38,23,50,c_prune_loro_bce,0.774288518155054,0.8536482801751095,0.8256785853785538,0.03509946098456845,0.966,50
38,23,100,budget_prune,0.7715836211149482,0.8475677298311443,0.8235124498680405,0.05098426636216027,0.953,100
38,23,100,loro_bce,0.7705563761693747,0.8495772357723579,0.8241878199034554,0.04490436705484454,0.9545,100
38,23,100,c_prune_loro_bce,0.7766035881051856,0.855240775484678,0.8281319953521674,0.03915979806385324,0.96175,75
38,29,25,budget_prune,0.7503700049333991,0.8027864915572234,0.7673965248882268,0.0957567289415552,0.89625,25
38,29,25,loro_bce,0.7704356338717572,0.8297113195747342,0.7895312128144973,0.05562996354360885,0.94425,25
38,29,25,c_prune_loro_bce,0.7808319143760643,0.8372790494058786,0.7941735691117644,0.03741142420983247,0.9715,25
38,29,50,budget_prune,0.7715559960356789,0.8287869918699187,0.7863086951356149,0.05645681425772582,0.93775,50
38,29,50,loro_bce,0.7825233186057928,0.8380607879924953,0.8018927501116113,0.03683069860304723,0.97125,50
38,29,50,c_prune_loro_bce,0.7807486631016043,0.8404005003126954,0.7977714092659175,0.03301783378350956,0.97225,50
38,29,100,budget_prune,0.7825237979009031,0.8373913696060038,0.7951881283002543,0.04020388966642116,0.962,100
38,29,100,loro_bce,0.7839220462850183,0.8402669168230144,0.8003283881702605,0.033425590286415854,0.975,100
38,29,100,c_prune_loro_bce,0.7867090153921329,0.8434579111944965,0.8014282424550918,0.037007628542565355,0.9655,78
39,19,25,budget_prune,0.22192866578599735,0.587172607879925,0.591725306394452,0.24242787481955294,0.5895,25
39,19,25,loro_bce,0.758137205808713,0.8245931207004378,0.7917897799527339,0.07896346917078502,0.92975,25
39,19,25,c_prune_loro_bce,0.7671717171717172,0.8339604752970607,0.8045637954854838,0.05320086908758686,0.96375,25
39,19,50,budget_prune,0.648539778449144,0.7119842401500938,0.7028736674743025,0.202758320379372,0.69925,50
39,19,50,loro_bce,0.767459324155194,0.8326724202626642,0.7992797954240907,0.05534418474120959,0.9535,50
39,19,50,c_prune_loro_bce,0.7739216658403569,0.842101813633521,0.8125654107744492,0.05882503843274001,0.93925,50
39,19,100,budget_prune,0.7684340320591861,0.8328252657911195,0.7970360555383658,0.06750306280319728,0.932,100
39,19,100,loro_bce,0.7666666666666667,0.836299937460913,0.8060119897637014,0.05429975269660746,0.95925,100
39,19,100,c_prune_loro_bce,0.7725470763131813,0.8430093808630394,0.8106175253145547,0.061230477983795925,0.93475,78
39,23,25,budget_prune,0.6108094129816395,0.6600003752345216,0.6734029888862906,0.2347987386369176,0.63275,25
39,23,25,loro_bce,0.7612053684477083,0.8408155096935586,0.816449523240124,0.06468717123897304,0.92725,25
39,23,25,c_prune_loro_bce,0.7648362472297464,0.8448050031269543,0.8179962170170726,0.05041119151985997,0.95025,25
39,23,50,budget_prune,0.6641179683233206,0.7580475297060664,0.7596810376221044,0.19038145197180611,0.758,50
39,23,50,loro_bce,0.7673328398717,0.8465215759849907,0.8210483981804811,0.05139883774803656,0.94925,50
39,23,50,c_prune_loro_bce,0.7741777123220422,0.8536370231394622,0.8256902813161554,0.03513200303926106,0.9655,50
39,23,100,budget_prune,0.7711676129350777,0.8475472170106316,0.8235015954912237,0.05097060817945646,0.95275,100
39,23,100,loro_bce,0.7698373583045836,0.8497651031894935,0.8245996579442068,0.045073442933717074,0.9545,100
39,23,100,c_prune_loro_bce,0.7772581836081713,0.8557901188242651,0.8292261417157349,0.039607855802356276,0.95975,76
39,29,25,budget_prune,0.37735849056603776,0.6052285178236397,0.6175867313439921,0.23217418991453906,0.54825,25
39,29,25,loro_bce,0.7695694716242661,0.8278531582238898,0.7874105908900135,0.05833437149576683,0.93925,25
39,29,25,c_prune_loro_bce,0.7821229050279329,0.8369003126954346,0.7933488402645276,0.03758744845140363,0.97,25
39,29,50,budget_prune,0.7707196029776675,0.8282641651031897,0.7855833118084197,0.05736537896435909,0.93825,50
39,29,50,loro_bce,0.7828220858895706,0.8377933708567855,0.8017537956560687,0.03461799588338253,0.9745,50
39,29,50,c_prune_loro_bce,0.7839024390243903,0.841128205128205,0.7984852066413635,0.03669223087547938,0.97125,50
39,29,100,budget_prune,0.7825237979009031,0.8373941213258285,0.7951909859532953,0.04020748071994208,0.962,100
39,29,100,loro_bce,0.7834146341463415,0.840099061913696,0.7997593122280289,0.03150122567581962,0.97525,100
39,29,100,c_prune_loro_bce,0.7862035225048923,0.8435156973108193,0.8024775049075672,0.037885958101518985,0.96425,78
40,19,25,budget_prune,0.22192866578599735,0.587172607879925,0.591725306394452,0.24242787481952963,0.5895,25
40,19,25,loro_bce,0.7476454962569428,0.8179494684177611,0.7824869088389248,0.1028505574436684,0.8665,25
40,19,25,c_prune_loro_bce,0.7626008064516129,0.8329671044402751,0.8004259907004794,0.054243582499635096,0.95975,25
40,19,50,budget_prune,0.648539778449144,0.7119842401500938,0.7028736674743025,0.20275832027794946,0.69925,50
40,19,50,loro_bce,0.7682682682682682,0.8328705440900563,0.8000424780576699,0.05505856265024048,0.95375,50
40,19,50,c_prune_loro_bce,0.7710303633648581,0.8401163227016886,0.8096218208278942,0.057303820098255714,0.94925,50
40,19,100,budget_prune,0.7686990866452728,0.832912320200125,0.7972717057270108,0.06727603513589585,0.9325,100
40,19,100,loro_bce,0.7656565656565657,0.8360963101938712,0.8056922807144118,0.054469756326777724,0.95975,100
40,19,100,c_prune_loro_bce,0.772218073188947,0.8422321450906818,0.8108701096937978,0.05918951949508603,0.9455,77
40,23,25,budget_prune,0.6108094129816395,0.6600003752345216,0.6734029888862906,0.23479873864951117,0.63275,25
40,23,25,loro_bce,0.7612053684477083,0.8408155096935586,0.816449523240124,0.0646871707168861,0.92725,25
40,23,25,c_prune_loro_bce,0.7605354486861676,0.8422411507191995,0.8090198931589577,0.050835953697711427,0.9435,25
40,23,50,budget_prune,0.6641179683233206,0.7580475297060664,0.7596810376221044,0.19038145076561955,0.758,50
40,23,50,loro_bce,0.7673328398717,0.8465215759849907,0.8210483981804811,0.05139883780369141,0.94925,50
40,23,50,c_prune_loro_bce,0.7732615083251714,0.8539439649781114,0.8263242396722292,0.03524839198198865,0.963,50
40,23,100,budget_prune,0.771964461994077,0.8475712320200125,0.8235248974157177,0.050969064809079895,0.953,100
40,23,100,loro_bce,0.7713444553483808,0.84964602876798,0.8250397129108067,0.04557882662741974,0.955,100
40,23,100,c_prune_loro_bce,0.7751290243303023,0.8558401500938086,0.82902720344658,0.0386581230047202,0.95875,75
40,29,25,budget_prune,0.749876421156698,0.8029508442776736,0.7673767359521196,0.0957097417564627,0.89625,25
40,29,25,loro_bce,0.7669760625305325,0.8278321450906817,0.7845793113374592,0.0552384572964413,0.94325,25
40,29,25,c_prune_loro_bce,0.7788907891522111,0.8364240150093808,0.7920817489632505,0.03591524215491272,0.971,25
40,29,50,budget_prune,0.7707196029776675,0.8282641651031897,0.7855833118084197,0.057365379208953286,0.93825,50
40,29,50,loro_bce,0.7805948317893711,0.8391494684177612,0.8002735474764127,0.03281138689225101,0.97375,50
40,29,50,c_prune_loro_bce,0.7816987101484546,0.8396620387742338,0.7963434993229082,0.033140428384654926,0.9735,50
40,29,100,budget_prune,0.7830119599707103,0.8372795497185742,0.7951231016254684,0.039965543159486555,0.9625,100
40,29,100,loro_bce,0.7841323923095643,0.8399262038774233,0.7987371057890233,0.03348248036689425,0.974,100
40,29,100,c_prune_loro_bce,0.7870212246889485,0.8431639774859286,0.7999119707096276,0.03825323379596484,0.965,78
41,19,25,budget_prune,0.22192866578599735,0.587172607879925,0.591725306394452,0.24242787481951467,0.5895,25
41,19,25,loro_bce,0.7476454962569428,0.8179574734208881,0.7824867904326311,0.10284694362490893,0.8665,25
41,19,25,c_prune_loro_bce,0.7660642570281124,0.8336272670419012,0.8033987171913827,0.05399556461434809,0.95775,25
41,19,50,budget_prune,0.648539778449144,0.7119842401500938,0.7028736674743025,0.20275832028311008,0.69925,50
41,19,50,loro_bce,0.7678839419709855,0.8328137585991245,0.7996069642874135,0.055082605835141296,0.95275,50
41,19,50,c_prune_loro_bce,0.7709163346613546,0.8395944965603502,0.8091369222491127,0.05681731498194055,0.94775,50
41,19,100,budget_prune,0.7707196029776675,0.8350223889931208,0.7993134912062821,0.06078461353412531,0.93925,100
41,19,100,loro_bce,0.7656565656565657,0.8360948092557849,0.8056751284337692,0.054469011466023266,0.95975,100
41,19,100,c_prune_loro_bce,0.7719472767968167,0.8422286429018135,0.8109600200545362,0.05903749148050845,0.945,77
41,23,25,budget_prune,0.6108094129816395,0.6600003752345216,0.6734029888862906,0.23479873898736406,0.63275,25
41,23,25,loro_bce,0.7612053684477083,0.8408155096935586,0.816449523240124,0.06468717200479798,0.92725,25
41,23,25,c_prune_loro_bce,0.7625828627547262,0.8443872420262665,0.8184973452234016,0.051256304154584514,0.94825,25
41,23,50,budget_prune,0.6641179683233206,0.7580475297060664,0.7596810376221044,0.19038145227421907,0.758,50
41,23,50,loro_bce,0.7688132247717739,0.8461553470919324,0.8208104746646789,0.05037920697336419,0.94825,50
41,23,50,c_prune_loro_bce,0.7732743797592729,0.8538273921200751,0.8264896335711476,0.03509391317490617,0.96525,50
41,23,100,budget_prune,0.771964461994077,0.8475712320200125,0.8235248974157177,0.050969023652813514,0.953,100
41,23,100,loro_bce,0.7701375245579568,0.8496562851782365,0.8247797634141392,0.045543068446425694,0.955,100
41,23,100,c_prune_loro_bce,0.7749876907927129,0.855664540337711,0.8297694750837314,0.03815299964629936,0.9625,75
41,29,25,budget_prune,0.37735849056603776,0.6052285178236397,0.6175867313439921,0.23217418934130263,0.54825,25
41,29,25,loro_bce,0.7695694716242661,0.8278531582238898,0.7874105908900135,0.05833436624753901,0.93925,25
41,29,25,c_prune_loro_bce,0.7781021897810219,0.8345155722326455,0.7896310169866788,0.04148117551670498,0.95775,25
41,29,50,budget_prune,0.7707196029776675,0.8282641651031897,0.7855833118084197,0.057365378907588194,0.93825,50
41,29,50,loro_bce,0.7817333660692365,0.8380565353345842,0.8019936933092743,0.036724987298526655,0.9725,50
41,29,50,c_prune_loro_bce,0.7811284046692607,0.8406153846153845,0.7975862538829663,0.032932000642720734,0.97175,50
41,29,100,budget_prune,0.7830119599707103,0.8372797998749218,0.7951163433175269,0.039970764097761576,0.9625,100
41,29,100,loro_bce,0.7839220462850183,0.8402669168230144,0.8003283881702605,0.03342559029756596,0.975,100
41,29,100,c_prune_loro_bce,0.7861328125,0.8436520325203252,0.8015117604258053,0.03777926778134461,0.96475,79
42,19,25,budget_prune,0.22192866578599735,0.587172607879925,0.591725306394452,0.24242787481951467,0.5895,25
42,19,25,loro_bce,0.7672209026128266,0.801601751094434,0.7251923787396548,0.08982929298341209,0.90275,25
42,19,25,c_prune_loro_bce,0.7691165553080921,0.8379742338961852,0.8067935135341098,0.05838769667028672,0.9385,25
42,19,50,budget_prune,0.648539778449144,0.7119842401500938,0.7028736674743025,0.20275832034304983,0.69925,50
42,19,50,loro_bce,0.767583353614018,0.8314078799249531,0.8011066085878301,0.06301287183126969,0.9305,50
42,19,50,c_prune_loro_bce,0.7760455332838406,0.8428792995622265,0.8129788554411082,0.05819707264692827,0.9385,50
42,19,100,budget_prune,0.768319763138416,0.8313020637898685,0.7943092893029791,0.06902723207374867,0.9305,100
42,19,100,loro_bce,0.7723357125276888,0.8394459036898061,0.8106180415706163,0.057244561821189074,0.936,100
42,19,100,c_prune_loro_bce,0.7780241438778024,0.8441260787992496,0.8134829795050773,0.05862080984715134,0.935,78
42,23,25,budget_prune,0.6108094129816395,0.6600003752345216,0.6734029888862906,0.23479873864146977,0.63275,25
42,23,25,loro_bce,0.7635270541082164,0.842983114446529,0.8184339891446356,0.06130062679769711,0.94,25
42,23,25,c_prune_loro_bce,0.7649244488481546,0.8449728580362725,0.8196011302801823,0.048820468936199714,0.95125,25
42,23,50,budget_prune,0.6571271326362136,0.7575552220137587,0.7592031091094078,0.18941714132278104,0.752,50
42,23,50,loro_bce,0.7671840354767184,0.8464652908067543,0.8211769680333162,0.05104872902328144,0.94875,50
42,23,50,c_prune_loro_bce,0.7716458180034339,0.8536697936210131,0.8252792633086167,0.03473526311171919,0.96375,50
42,23,100,budget_prune,0.770941438102298,0.8459086929330832,0.8216703245595214,0.05269969072280072,0.95025,100
42,23,100,loro_bce,0.7693822298793994,0.8496002501563478,0.8243858596366871,0.04506610642539072,0.95325,100
42,23,100,c_prune_loro_bce,0.7763837638376384,0.8561941213258287,0.8300698623093029,0.03935640859616384,0.95675,77
42,29,25,budget_prune,0.37735849056603776,0.6052285178236397,0.6175867313439921,0.23217419004956605,0.54825,25
42,29,25,loro_bce,0.768892149669846,0.8276340212632894,0.7870391363220419,0.05893321548996762,0.9385,25
42,29,25,c_prune_loro_bce,0.7788344306266765,0.8376270168855535,0.7974450554464031,0.037472944079264416,0.969,25
42,29,50,budget_prune,0.7707196029776675,0.8282641651031897,0.7855833118084197,0.057365378861455533,0.93825,50
42,29,50,loro_bce,0.7843711843711844,0.8391054409005629,0.8021302180819536,0.033009521663296765,0.9735,50
42,29,50,c_prune_loro_bce,0.7818669266390446,0.8404552845528455,0.7967624997188107,0.03338832240870122,0.97,50
42,29,100,budget_prune,0.7829059829059829,0.8373646028767981,0.7949362534717941,0.040199164586473914,0.9615,100
42,29,100,loro_bce,0.78369140625,0.8401450906816761,0.7995532064565971,0.03250207274911028,0.97375,100
42,29,100,c_prune_loro_bce,0.7862371888726208,0.8434984365228266,0.8007296738410317,0.0383192483746345,0.96375,78
43,19,25,budget_prune,0.22192866578599735,0.587172607879925,0.591725306394452,0.2424278748195459,0.5895,25
43,19,25,loro_bce,0.7593984962406015,0.8244647904940589,0.7921024695010098,0.07825000743933683,0.93025,25
43,19,25,c_prune_loro_bce,0.7673304764305521,0.8340717948717948,0.8034817488431094,0.052343151483612314,0.9645,25
43,19,50,budget_prune,0.648539778449144,0.7119842401500938,0.7028736674743025,0.2027583202654889,0.69925,50
43,19,50,loro_bce,0.767808047988003,0.8331452157598499,0.7999305915532354,0.0555041427161091,0.9515,50
43,19,50,c_prune_loro_bce,0.7711442786069652,0.8402228893058161,0.8096788966316303,0.05729158067192944,0.94875,50
43,19,100,budget_prune,0.7714285714285715,0.8335764853033145,0.7976983603637736,0.06709728354590476,0.93275,100
43,19,100,loro_bce,0.7678346357448954,0.8365621013133208,0.8064211224378154,0.05439783940470221,0.959,100
43,19,100,c_prune_loro_bce,0.7702265372168284,0.8418181363352095,0.8116225894181122,0.058551571299065824,0.9465,78
43,23,25,budget_prune,0.6108094129816395,0.6600003752345216,0.6734029888862906,0.23479873854259295,0.63275,25
43,23,25,loro_bce,0.7635270541082164,0.8429846153846154,0.8184364612248012,0.06130067390277219,0.94,25
43,23,25,c_prune_loro_bce,0.7618574621306183,0.8439564727954972,0.8173201584217891,0.04917686325043506,0.94725,25
43,23,50,budget_prune,0.6641179683233206,0.7580475297060664,0.7596810376221044,0.1903814504175616,0.758,50
43,23,50,loro_bce,0.7648373479016638,0.8462944340212633,0.8205202370577953,0.0545975054107441,0.94375,50
43,23,50,c_prune_loro_bce,0.7759000734753857,0.8543149468417761,0.8260075558647567,0.036548043321557484,0.96175,50
43,23,100,budget_prune,0.7707870713052061,0.847544215134459,0.8234997129606223,0.0509763698692006,0.95275,100
43,23,100,loro_bce,0.7687761635065254,0.8495952470293934,0.8243904775166955,0.04507067038010898,0.95275,100
43,23,100,c_prune_loro_bce,0.7772581836081713,0.8564993120700438,0.8301480902076016,0.03945670389814364,0.95775,77
43,29,25,budget_prune,0.37735849056603776,0.6052285178236397,0.6175867313439921,0.23217419002102604,0.54825,25
43,29,25,loro_bce,0.7456291553804482,0.8166201375859913,0.7546281004784957,0.06688366280922754,0.9235,25
43,29,25,c_prune_loro_bce,0.7624336069531628,0.8278258911819888,0.7808155141984505,0.05000836005325084,0.93675,25
43,29,50,budget_prune,0.7707196029776675,0.8282641651031897,0.7855833118084197,0.057365378825916136,0.93825,50
43,29,50,loro_bce,0.7673509286412512,0.8339064415259536,0.7917255627526727,0.03689553397039845,0.95975,50
43,29,50,c_prune_loro_bce,0.7800486618004866,0.8400400250156348,0.797558960982988,0.037252875828558664,0.97025,50
43,29,100,budget_prune,0.78271484375,0.8373866166353973,0.7949281346974809,0.040196117319566536,0.96125,100
43,29,100,loro_bce,0.7793153678077204,0.8385110694183866,0.7976474207708527,0.035752068909931455,0.9725,100
43,29,100,c_prune_loro_bce,0.7834394904458599,0.8428843026891807,0.8030875155436097,0.03925146571339514,0.96725,78
44,19,25,budget_prune,0.22192866578599735,0.587172607879925,0.591725306394452,0.2424278748195459,0.5895,25
44,19,25,loro_bce,0.758137205808713,0.8245931207004378,0.7917897799527339,0.07896346916967098,0.92975,25
44,19,25,c_prune_loro_bce,0.7683049147442327,0.8335207004377736,0.8030466370316763,0.0532935914097682,0.95875,25
44,19,50,budget_prune,0.648539778449144,0.7119842401500938,0.7028736674743025,0.2027583203154729,0.69925,50
44,19,50,loro_bce,0.7634435748548346,0.8320577861163228,0.798402095635412,0.0589613947597958,0.9535,50
44,19,50,c_prune_loro_bce,0.7716340193404414,0.8416085053158224,0.8120387751734464,0.05616925363432685,0.9445,50
44,19,100,budget_prune,0.7686990866452728,0.8329383364602878,0.7973015134194835,0.06728155068213619,0.9325,100
44,19,100,loro_bce,0.7656565656565657,0.8360785490931832,0.8057618927813528,0.054446006765121645,0.95975,100
44,19,100,c_prune_loro_bce,0.7731217455988099,0.8437753595997499,0.8132887470097373,0.059859778175103844,0.9405,78
44,23,25,budget_prune,0.6108094129816395,0.6600003752345216,0.6734029888862906,0.23479873865076584,0.63275,25
44,23,25,loro_bce,0.7612053684477083,0.8408155096935586,0.816449523240124,0.06468717185145033,0.92725,25
44,23,25,c_prune_loro_bce,0.7629427792915532,0.8447392120075048,0.8178572467667498,0.0488284661401526,0.94825,25
44,23,50,budget_prune,0.6641179683233206,0.7580475297060664,0.7596810376221044,0.1903814505242845,0.758,50
44,23,50,loro_bce,0.7654626422563088,0.846196372732958,0.819959435563151,0.05426823308148579,0.9465,50
44,23,50,c_prune_loro_bce,0.772783099975436,0.8535737335834896,0.8252789233661284,0.03521857411079873,0.96475,50
44,23,100,budget_prune,0.7707870713052061,0.847544215134459,0.8234997129606223,0.05097640399993345,0.95275,100
44,23,100,loro_bce,0.7687761635065254,0.8495964978111319,0.8243917440877444,0.04506996719545829,0.95275,100
44,23,100,c_prune_loro_bce,0.7773677736777368,0.855788367729831,0.8289759624206015,0.03966639687823369,0.95925,75
44,29,25,budget_prune,0.749876421156698,0.8029508442776736,0.7673767359521196,0.09570974176015981,0.89625,25
44,29,25,loro_bce,0.7703957010258915,0.8278183864915573,0.7872411314028808,0.058193218268542034,0.94025,25
44,29,25,c_prune_loro_bce,0.7799171338045333,0.8368200125078173,0.7930291212461129,0.0379708123052693,0.9695,25
44,29,50,budget_prune,0.7707196029776675,0.8282641651031897,0.7855833118084197,0.05736537875269053,0.93825,50
44,29,50,loro_bce,0.7828220858895706,0.8377933708567855,0.8017537956560687,0.034617996552362015,0.9745,50
44,29,50,c_prune_loro_bce,0.7814859926918393,0.8402368980612883,0.7963696441998132,0.03358473329519565,0.971,50
44,29,100,budget_prune,0.7830119599707103,0.8372923076923078,0.7951138067670458,0.03997114582792896,0.9625,100
44,29,100,loro_bce,0.7824817518248175,0.8400710444027518,0.8002482875519792,0.03288421090085923,0.97375,100
44,29,100,c_prune_loro_bce,0.7861328125,0.8435997498436524,0.8008984546712551,0.038223737718375686,0.96475,78
45,19,25,budget_prune,0.22192866578599735,0.587172607879925,0.591725306394452,0.24242787481954087,0.5895,25
45,19,25,loro_bce,0.7586379569354031,0.8245801125703565,0.7917784374784672,0.0788538169292696,0.92875,25
45,19,25,c_prune_loro_bce,0.7660862982588947,0.8326556597873671,0.8028075094697119,0.05499793481541915,0.962,25
45,19,50,budget_prune,0.648539778449144,0.7119842401500938,0.7028736674743025,0.20275832034970254,0.69925,50
45,19,50,loro_bce,0.7679599499374218,0.8328372732958099,0.8002182530380487,0.05533672792356786,0.954,50
45,19,50,c_prune_loro_bce,0.7714498880875404,0.8402031269543465,0.8096878705951605,0.057274293165825864,0.9485,50
45,19,100,budget_prune,0.7686990866452728,0.8328990619136959,0.7972692838261863,0.06732053651641377,0.9325,100
45,19,100,loro_bce,0.7666666666666667,0.8362961851156973,0.8060191123941784,0.05428731152675819,0.95925,100
45,19,100,c_prune_loro_bce,0.772444665506093,0.8420642901813634,0.8109724287389138,0.059082589196240536,0.9445,79
45,23,25,budget_prune,0.6108094129816395,0.6600003752345216,0.6734029888862906,0.23479873865493278,0.63275,25
45,23,25,loro_bce,0.7612053684477083,0.8408155096935586,0.816449523240124,0.06468717103761708,0.92725,25
45,23,25,c_prune_loro_bce,0.7617148554336989,0.8443749843652282,0.8179028003771045,0.053545664892415266,0.9445,25
45,23,50,budget_prune,0.6641179683233206,0.7580475297060664,0.7596810376221044,0.19038145034382564,0.758,50
45,23,50,loro_bce,0.7673328398717,0.8465215759849907,0.8210483981804811,0.05139883773237956,0.94925,50
45,23,50,c_prune_loro_bce,0.773686794305351,0.8537505941213258,0.8260952766319635,0.03515304849532701,0.9655,50
45,23,100,budget_prune,0.771964461994077,0.8475714821763602,0.8235250035241233,0.050969008713466706,0.953,100
45,23,100,loro_bce,0.7701375245579568,0.8496562851782365,0.8247797634141392,0.04554306851762641,0.955,100
45,23,100,c_prune_loro_bce,0.7760826771653543,0.8556945590994371,0.8297662772577583,0.03821646119483683,0.962,76
45,29,25,budget_prune,0.37735849056603776,0.6052285178236397,0.6175867313439921,0.23217419020313984,0.54825,25
45,29,25,loro_bce,0.7669760625305325,0.8278156347717324,0.7845516730434171,0.05526316068137068,0.94325,25
45,29,25,c_prune_loro_bce,0.7792144425469627,0.8364225140712944,0.7923055584519348,0.035979727743414944,0.972,25
45,29,50,budget_prune,0.7707196029776675,0.8282641651031897,0.7855833118084197,0.057365379575411844,0.93825,50
45,29,50,loro_bce,0.7805948317893711,0.8391484677923702,0.8002639078818815,0.03281278505126555,0.97375,50
45,29,50,c_prune_loro_bce,0.7803214807598636,0.8395397123202001,0.7952130621083895,0.03413452336500539,0.97375,50
45,29,100,budget_prune,0.78271484375,0.8373866166353973,0.7949281346974809,0.040196099900775335,0.96125,100
45,29,100,loro_bce,0.7823758519961052,0.8399844903064416,0.8002368101652988,0.03250076813026454,0.97375,100
45,29,100,c_prune_loro_bce,0.7857491459248414,0.842663664790494,0.7989812181898773,0.03835944664719166,0.96475,76
46,19,25,budget_prune,0.22192866578599735,0.587172607879925,0.591725306394452,0.2424278748195447,0.5895,25
46,19,25,loro_bce,0.758137205808713,0.8245931207004378,0.7917897799527339,0.07896346917846421,0.92975,25
46,19,25,c_prune_loro_bce,0.7652392947103275,0.8334111319574735,0.8017903768452829,0.05352359880522497,0.96075,25
46,19,50,budget_prune,0.648539778449144,0.7119842401500938,0.7028736674743025,0.20275832030929586,0.69925,50
46,19,50,loro_bce,0.7666499749624437,0.832676923076923,0.7999257116808086,0.0551854150701417,0.95375,50
46,19,50,c_prune_loro_bce,0.7693456083602886,0.8403619762351469,0.8093735669617984,0.055986137338571114,0.9495,50
46,19,100,budget_prune,0.7684340320591861,0.8326924327704815,0.796656104634033,0.06767885979888401,0.9315,100
46,19,100,loro_bce,0.7666666666666667,0.8362961851156973,0.8060191123941784,0.05428731280039938,0.95925,100
46,19,100,c_prune_loro_bce,0.7717201891959173,0.8422396497811132,0.8108397946714581,0.05932670862742178,0.9455,77
46,23,25,budget_prune,0.6108094129816395,0.6600003752345216,0.6734029888862906,0.23479873864146977,0.63275,25
46,23,25,loro_bce,0.7635270541082164,0.8429846153846154,0.8184364612248012,0.06130067368008987,0.94,25
46,23,25,c_prune_loro_bce,0.7652859960552268,0.8444497811131958,0.8171402346509953,0.05056348326826616,0.9485,25
46,23,50,budget_prune,0.6571271326362136,0.7575549718574108,0.7592038763246765,0.18941799092145195,0.752,50
46,23,50,loro_bce,0.7673328398717,0.8465215759849907,0.8210483981804811,0.051398837799570815,0.94925,50
46,23,50,c_prune_loro_bce,0.7741777123220422,0.8536045028142589,0.8254975148878532,0.03514374248397713,0.9655,50
46,23,100,budget_prune,0.771964461994077,0.8475684803001876,0.8235199124009664,0.051031690860795065,0.9535,100
46,23,100,loro_bce,0.7699507389162562,0.8498491557223264,0.8244050180627628,0.04463710617521549,0.9545,100
46,23,100,c_prune_loro_bce,0.7785959744722631,0.8555397123202001,0.8292844766664411,0.03892512671178819,0.962,75
46,29,25,budget_prune,0.7503700049333991,0.8027864915572234,0.7673965248882268,0.09575672927679256,0.89625,25
46,29,25,loro_bce,0.7669760625305325,0.8278321450906817,0.7845793113374592,0.0552384745216662,0.94325,25
46,29,25,c_prune_loro_bce,0.7778590587661546,0.8370118824265165,0.7984135050684951,0.03566622258299985,0.9735,25
46,29,50,budget_prune,0.7707196029776675,0.8282641651031897,0.7855833118084197,0.057365379054275724,0.93825,50
46,29,50,loro_bce,0.7805948317893711,0.8391467166979362,0.8002682901979792,0.03281117382574925,0.97375,50
46,29,50,c_prune_loro_bce,0.7792397660818714,0.8394871794871794,0.7949158487747401,0.034222808472925144,0.97325,50
46,29,100,budget_prune,0.7830119599707103,0.8372792995622262,0.7951196380792811,0.0399687792764775,0.9625,100
46,29,100,loro_bce,0.7841323923095643,0.8399262038774233,0.7987371057890233,0.0334824803236832,0.974,100
46,29,100,c_prune_loro_bce,0.7870936201417746,0.8431161976235146,0.7994466889080122,0.03881964041370124,0.9645,78
47,19,25,budget_prune,0.22192866578599735,0.587172607879925,0.591725306394452,0.24242787481952707,0.5895,25
47,19,25,loro_bce,0.758137205808713,0.8245931207004378,0.7917897799527339,0.07896346917846421,0.92975,25
47,19,25,c_prune_loro_bce,0.7629077832006165,0.8225473420888055,0.7940942228303632,0.05533149613180089,0.9735,25
47,19,50,budget_prune,0.648539778449144,0.7119842401500938,0.7028736674743025,0.2027583203098564,0.69925,50
47,19,50,loro_bce,0.7647652700656234,0.8322281425891181,0.7990487514778986,0.058763523737629705,0.95575,50
47,19,50,c_prune_loro_bce,0.7697662854301343,0.8416400250156346,0.8127114487039793,0.05761897766337293,0.94425,50
47,19,100,budget_prune,0.7686990866452728,0.8329330831769856,0.7972945333216424,0.06728462616084538,0.9325,100
47,19,100,loro_bce,0.7656565656565657,0.8360770481550971,0.8057573413493425,0.054443371113971524,0.95975,100
47,19,100,c_prune_loro_bce,0.7698807157057654,0.842303439649781,0.8131905226650396,0.06012349101120695,0.94125,77
47,23,25,budget_prune,0.6108094129816395,0.6600003752345216,0.6734029888862906,0.23479873862867734,0.63275,25
47,23,25,loro_bce,0.7583227445997459,0.8394799249530956,0.8153623681684098,0.06853756944647774,0.92475,25
47,23,25,c_prune_loro_bce,0.7647058823529411,0.8450494058786742,0.8177421687152424,0.048007448221457805,0.95,25
47,23,50,budget_prune,0.6641179683233206,0.7580475297060664,0.7596810376221044,0.19038145204529414,0.758,50
47,23,50,loro_bce,0.7651439920556107,0.8462941838649155,0.820522295775253,0.054594864753004776,0.944,50
47,23,50,c_prune_loro_bce,0.7760901518863302,0.8540225140712947,0.8249834150262609,0.036587558386442856,0.9635,50
47,23,100,budget_prune,0.7717739945719221,0.8475694809255786,0.8235128552744994,0.05099276146049619,0.95325,100
47,23,100,loro_bce,0.7693822298793994,0.8496245153220764,0.8244571745143234,0.045091866842719854,0.95325,100
47,23,100,c_prune_loro_bce,0.7748768472906404,0.8560122576610381,0.8289652436762018,0.03950897444020574,0.957,74
47,29,25,budget_prune,0.37735849056603776,0.6052285178236397,0.6175867313439921,0.232174189435285,0.54825,25
47,29,25,loro_bce,0.7695694716242661,0.8278531582238898,0.7874105908900135,0.05833436367501603,0.93925,25
47,29,25,c_prune_loro_bce,0.7825024437927663,0.8370036272670419,0.7932050879575938,0.03707105877713029,0.96775,25
47,29,50,budget_prune,0.7707196029776675,0.8282641651031897,0.7855833118084197,0.057365379075883426,0.93825,50
47,29,50,loro_bce,0.7828220858895706,0.8381758599124454,0.802051550693503,0.036771668800731946,0.9725,50
47,29,50,c_prune_loro_bce,0.7814859926918393,0.8402368980612883,0.7963696441998132,0.03358472878089695,0.971,50
47,29,100,budget_prune,0.7825237979009031,0.8373926203877423,0.7951897068156868,0.04020302353778358,0.962,100
47,29,100,loro_bce,0.7839220462850183,0.8402669168230144,0.8003283881702605,0.03342559023752269,0.975,100
47,29,100,c_prune_loro_bce,0.7865168539325843,0.8434814258911819,0.8009653810675719,0.03809918631882227,0.96325,78
48,19,25,budget_prune,0.22192866578599735,0.587172607879925,0.591725306394452,0.24242787481955883,0.5895,25
48,19,25,loro_bce,0.758707090954648,0.8242033771106942,0.79214436897291,0.07841469026821062,0.9295,25
48,19,25,c_prune_loro_bce,0.766204287515763,0.834095559724828,0.8043269949689793,0.05235160217929734,0.9645,25
48,19,50,budget_prune,0.648539778449144,0.7119842401500938,0.7028736674743025,0.2027583203699069,0.69925,50
48,19,50,loro_bce,0.7671917979494873,0.8330038774233897,0.7992669283664124,0.05530251098522181,0.9515,50
48,19,50,c_prune_loro_bce,0.7699925724189156,0.8420337711069419,0.8128087270726113,0.05662237705890557,0.9435,50
48,19,100,budget_prune,0.7686235816477553,0.8326926829268293,0.7966558975448056,0.06767970840031114,0.93175,100
48,19,100,loro_bce,0.7667087011349306,0.8361746091307066,0.8048460918010555,0.05448884065161782,0.9585,100
48,19,100,c_prune_loro_bce,0.7707971194437546,0.8431156973108193,0.813816978726599,0.05915893938036323,0.9425,77
48,23,25,budget_prune,0.6108094129816395,0.6600003752345216,0.6734029888862906,0.23479873864951117,0.63275,25
48,23,25,loro_bce,0.7612053684477083,0.8408155096935586,0.816449523240124,0.06468717128909328,0.92725,25
48,23,25,c_prune_loro_bce,0.7628409928729417,0.8447982489055661,0.8191663716324776,0.05105453072890237,0.94725,25
48,23,50,budget_prune,0.6641179683233206,0.7580475297060664,0.7596810376221044,0.1903814519082714,0.758,50
48,23,50,loro_bce,0.7649540828989824,0.8463694809255785,0.8207281127090141,0.05458235291795385,0.94475,50
48,23,50,c_prune_loro_bce,0.7769607843137255,0.8540120075046904,0.8259803325532007,0.03666403190386021,0.9665,50
48,23,100,budget_prune,0.7707870713052061,0.847544215134459,0.8234997129606223,0.050976405322823624,0.95275,100
48,23,100,loro_bce,0.7706286836935167,0.8496602876798,0.8249610194832819,0.04565762824782456,0.954,100
48,23,100,c_prune_loro_bce,0.7768229806039774,0.8556755472170104,0.8288803857407877,0.0390605214560019,0.96125,74
48,29,25,budget_prune,0.37735849056603776,0.6052285178236397,0.6175867313439921,0.23217418972962836,0.54825,25
48,29,25,loro_bce,0.7693812668134018,0.8280455284552846,0.7877626862186862,0.058277673711392135,0.9395,25
48,29,25,c_prune_loro_bce,0.7815699658703071,0.8373473420888055,0.7962120902341983,0.03543610874505019,0.97375,25
48,29,50,budget_prune,0.7707196029776675,0.8282641651031897,0.7855833118084197,0.05736537896116851,0.93825,50
48,29,50,loro_bce,0.7828850855745721,0.8387467166979361,0.8015114058965687,0.032410847491652614,0.97325,50
48,29,50,c_prune_loro_bce,0.7814859926918393,0.8400825515947468,0.7961028586002634,0.03382349284831675,0.971,50
48,29,100,budget_prune,0.78271484375,0.8373866166353973,0.7949281346974809,0.040196158545008895,0.96125,100
48,29,100,loro_bce,0.7834146341463415,0.8398298936835523,0.8001198762585813,0.031786319894325,0.97425,100
48,29,100,c_prune_loro_bce,0.7852250489236791,0.8434726704190119,0.8011394281860169,0.03855548115946818,0.96225,79
49,19,25,budget_prune,0.22192866578599735,0.587172607879925,0.591725306394452,0.24242787481954098,0.5895,25
49,19,25,loro_bce,0.7586379569354031,0.8245801125703565,0.7917784374784672,0.07885381613863131,0.92875,25
49,19,25,c_prune_loro_bce,0.7561099796334012,0.8241816135084428,0.7911385065321497,0.0676966575137327,0.96025,25
49,19,50,budget_prune,0.648539778449144,0.7119842401500938,0.7028736674743025,0.2027583202987079,0.69925,50
49,19,50,loro_bce,0.7647652700656234,0.832227392120075,0.7990430697993715,0.05876335897538312,0.95575,50
49,19,50,c_prune_loro_bce,0.7720258835241414,0.8404918073796123,0.8083398694056207,0.05759323900257113,0.94775,50
49,19,100,budget_prune,0.7685093780848964,0.8329105691056911,0.7972327873428658,0.0672831601257681,0.93275,100
49,19,100,loro_bce,0.7656565656565657,0.8360765478424016,0.8057561698377872,0.05444459017763882,0.95975,100
49,19,100,c_prune_loro_bce,0.772218073188947,0.8422656660412757,0.8108004431372795,0.05887446554457967,0.946,75
49,23,25,budget_prune,0.6108094129816395,0.6600003752345216,0.6734029888862906,0.23479873865076584,0.63275,25
49,23,25,loro_bce,0.7583227445997459,0.8394799249530956,0.8153623681684098,0.06853756931590946,0.92475,25
49,23,25,c_prune_loro_bce,0.7637892653969824,0.8443867417135709,0.8180750921743265,0.04943598329506342,0.94825,25
49,23,50,budget_prune,0.6641179683233206,0.7580475297060664,0.7596810376221044,0.1903814520781642,0.758,50
49,23,50,loro_bce,0.7651439920556107,0.8462944340212631,0.8205226926458468,0.05459486495933899,0.944,50
49,23,50,c_prune_loro_bce,0.7727384162784996,0.8536045028142589,0.8259404664058776,0.035210825008765566,0.96575,50
49,23,100,budget_prune,0.771964461994077,0.8475712320200125,0.8235248974157177,0.05096889942022146,0.953,100
49,23,100,loro_bce,0.771042944785276,0.8496382739212007,0.8250593593742043,0.04560557301302349,0.95475,100
49,23,100,c_prune_loro_bce,0.7766323024054983,0.8554218886804251,0.8284982174314296,0.0385683588267315,0.9635,75
49,29,25,budget_prune,0.749876421156698,0.8029508442776736,0.7673767359521196,0.09570974175356727,0.89625,25
49,29,25,loro_bce,0.7695694716242661,0.8278531582238898,0.7874105908900135,0.05833436624753901,0.93925,25
49,29,25,c_prune_loro_bce,0.7815757575757576,0.838027517198249,0.7999648554755053,0.03728147692089755,0.968,25
49,29,50,budget_prune,0.7704511650966782,0.8287864915572233,0.786252383365599,0.05633640200801909,0.93825,50
49,29,50,loro_bce,0.7817333660692365,0.8380565353345842,0.8019936933092743,0.03672498851091083,0.9725,50
49,29,50,c_prune_loro_bce,0.7808319143760643,0.840568105065666,0.7978223484976761,0.033153466812634765,0.9725,50
49,29,100,budget_prune,0.7830119599707103,0.8372803001876172,0.7951238352343822,0.03996794983575904,0.9625,100
49,29,100,loro_bce,0.7839220462850183,0.8402669168230144,0.8003283881702605,0.03342559032678533,0.975,100
49,29,100,c_prune_loro_bce,0.7868131868131868,0.8438646654158849,0.8021518787544982,0.03786848095090972,0.964,79
50,19,25,budget_prune,0.22192866578599735,0.587172607879925,0.591725306394452,0.24242787481954098,0.5895,25
50,19,25,loro_bce,0.758137205808713,0.8245931207004378,0.7917897799527339,0.07896346914256287,0.92975,25
50,19,25,c_prune_loro_bce,0.7606989111167384,0.8273430894308942,0.7919721684732077,0.05531158471893218,0.963,25
50,19,50,budget_prune,0.648539778449144,0.7119842401500938,0.7028736674743025,0.20275832031102425,0.69925,50
50,19,50,loro_bce,0.767459324155194,0.8326724202626642,0.7992797954240907,0.055344186329359474,0.9535,50
50,19,50,c_prune_loro_bce,0.7714427367377293,0.841609756097561,0.8133128791311812,0.05790355166204148,0.94425,50
50,19,100,budget_prune,0.7686235816477553,0.8328285178236399,0.7969414336606532,0.06730550432533725,0.93225,100
50,19,100,loro_bce,0.7664731128502903,0.8363159474671669,0.8059732347704647,0.05433126835775121,0.959,100
50,19,100,c_prune_loro_bce,0.7729300941993059,0.843362851782364,0.8122577128741548,0.05998080800577321,0.94075,78
50,23,25,budget_prune,0.6108094129816395,0.6600003752345216,0.6734029888862906,0.23479873863578193,0.63275,25
50,23,25,loro_bce,0.760770400405474,0.840950343964978,0.816876000567101,0.06463058974098829,0.927,25
50,23,25,c_prune_loro_bce,0.7605633802816901,0.841494684177611,0.8123146813433648,0.05380468650167747,0.94325,25
50,23,50,budget_prune,0.6571271326362136,0.7575552220137587,0.7592031091094078,0.1894171417298233,0.752,50
50,23,50,loro_bce,0.7666831438457736,0.8464367729831145,0.8213772326199815,0.0505658474462565,0.949,50
50,23,50,c_prune_loro_bce,0.7743677878713479,0.8539932457786117,0.8258572914683648,0.036637269092737235,0.96525,50
50,23,100,budget_prune,0.7712450592885376,0.8458799249530957,0.8216699390341039,0.052687204227744575,0.951,100
50,23,100,loro_bce,0.7704433497536946,0.8496107567229518,0.8242779295394964,0.044915917723917544,0.9545,100
50,23,100,c_prune_loro_bce,0.7771765863256271,0.8558288930581612,0.8291142607181778,0.03980382668610676,0.9595,77
50,29,25,budget_prune,0.749876421156698,0.8029508442776736,0.7673767359521196,0.09570974177339801,0.89625,25
50,29,25,loro_bce,0.7703957010258915,0.8278183864915573,0.7872411314028808,0.05819321899190275,0.94025,25
50,29,25,c_prune_loro_bce,0.7837706511175899,0.8359444652908068,0.796612834905073,0.04020858011380781,0.96775,25
50,29,50,budget_prune,0.7707196029776675,0.8282641651031897,0.7855833118084197,0.05736537893525214,0.93825,50
50,29,50,loro_bce,0.7817333660692365,0.8380565353345842,0.8019936933092743,0.03672499017181454,0.9725,50
50,29,50,c_prune_loro_bce,0.7814859926918393,0.8402368980612883,0.7963696441998132,0.03358472168734417,0.971,50
50,29,100,budget_prune,0.7839882841103246,0.8372490306441527,0.7947313810608769,0.03995743265008703,0.9615,100
50,29,100,loro_bce,0.7841130604288499,0.8402363977485929,0.8002761734110396,0.03338371766726587,0.97525,100
50,29,100,c_prune_loro_bce,0.7865168539325843,0.8434806754221389,0.8010094550365089,0.03804235079447284,0.96325,78
51,19,25,budget_prune,0.22192866578599735,0.587172607879925,0.591725306394452,0.24242787481955294,0.5895,25
51,19,25,loro_bce,0.758137205808713,0.8245931207004378,0.7917897799527339,0.07896346914256287,0.92975,25
51,19,25,c_prune_loro_bce,0.757427021441488,0.8229028142589118,0.7953760624181088,0.05604797846561331,0.972,25
51,19,50,budget_prune,0.648539778449144,0.7119842401500938,0.7028736674743025,0.2027583203151858,0.69925,50
51,19,50,loro_bce,0.767459324155194,0.8326724202626642,0.7992797954240907,0.05534418212028883,0.9535,50
51,19,50,c_prune_loro_bce,0.7705326032852166,0.8400958098811756,0.809544320269729,0.057301711365277626,0.94925,50
51,19,100,budget_prune,0.7675622381069755,0.8312067542213883,0.7936104916225906,0.06924922403608352,0.929,100
51,19,100,loro_bce,0.7656565656565657,0.8360785490931831,0.8057541753559494,0.05444088687571166,0.95975,100
51,19,100,c_prune_loro_bce,0.7716064757160648,0.8421565978736709,0.810774995042731,0.05900883600731169,0.9465,75
51,23,25,budget_prune,0.6108094129816395,0.6600003752345216,0.6734029888862906,0.23479873870471113,0.63275,25
51,23,25,loro_bce,0.7615189873417721,0.8408685428392746,0.8164391802446549,0.0647284101912023,0.927,25
51,23,25,c_prune_loro_bce,0.7654320987654321,0.8450218886804253,0.8181224167984409,0.046783830962745306,0.951,25
51,23,50,budget_prune,0.6601307189542484,0.7579109443402126,0.759111714467951,0.19027738799996313,0.7585,50
51,23,50,loro_bce,0.7673328398717,0.8465215759849907,0.8210483981804811,0.05139883776072193,0.94925,50
51,23,50,c_prune_loro_bce,0.774288518155054,0.8537055659787367,0.8256793865973036,0.03511973799027469,0.966,50
51,23,100,budget_prune,0.7715836211149482,0.8475677298311443,0.8235124498680405,0.05098426371116401,0.953,100
51,23,100,loro_bce,0.7693822298793994,0.8496002501563478,0.8243858596366871,0.04506610633891456,0.95325,100
51,23,100,c_prune_loro_bce,0.7778869778869779,0.855589493433396,0.8299035748246703,0.03830315675246578,0.962,74
51,29,25,budget_prune,0.7503700049333991,0.8027864915572234,0.7673965248882268,0.09575672893187448,0.89625,25
51,29,25,loro_bce,0.76840303252629,0.8300147592245154,0.7857834364357196,0.04471201642238715,0.962,25
51,29,25,c_prune_loro_bce,0.7769643728648121,0.8335039399624766,0.7885776160878493,0.0394152720620521,0.96125,25
51,29,50,budget_prune,0.7707196029776675,0.8282641651031897,0.7855833118084197,0.05736537904312543,0.93825,50
51,29,50,loro_bce,0.7833537331701347,0.8379824890556598,0.7997890784944328,0.034731646232874516,0.9775,50
51,29,50,c_prune_loro_bce,0.7803214807598636,0.8395397123202001,0.7952130621083895,0.03413452300517598,0.97375,50
51,29,100,budget_prune,0.7839882841103246,0.8372510318949343,0.7947315096292069,0.039960834191544566,0.9615,100
51,29,100,loro_bce,0.7819951338199513,0.8398133833646029,0.7991656497486053,0.03457453931964517,0.97375,100
51,29,100,c_prune_loro_bce,0.7868131868131868,0.8428535334584115,0.7988955733917733,0.03864412059741888,0.9645,77
52,19,25,budget_prune,0.22192866578599735,0.587172607879925,0.591725306394452,0.24242787481954087,0.5895,25
52,19,25,loro_bce,0.7586379569354031,0.8245801125703565,0.7917784374784672,0.07885368428760185,0.92875,25
52,19,25,c_prune_loro_bce,0.7655502392344498,0.8335754846779239,0.8016566275128584,0.05245617158789102,0.965,25
52,19,50,budget_prune,0.648539778449144,0.7119842401500938,0.7028736674743025,0.20275832033212465,0.69925,50
52,19,50,loro_bce,0.7671507260891337,0.8326819262038775,0.7993818092723395,0.05533106309303108,0.95375,50
52,19,50,c_prune_loro_bce,0.7706832298136645,0.8412370231394621,0.8133545563878739,0.05900007008575981,0.944,50
52,19,100,budget_prune,0.7686990866452728,0.8329090681676047,0.7972757613048198,0.06731581021169154,0.9325,100
52,19,100,loro_bce,0.7664731128502903,0.836318699186992,0.805971532435409,0.05433522780178392,0.959,100
52,19,100,c_prune_loro_bce,0.7704511650966782,0.8426989368355221,0.8141043497061088,0.060511296873920525,0.93975,79
52,23,25,budget_prune,0.6108094129816395,0.6600003752345216,0.6734029888862906,0.23479873863578193,0.63275,25
52,23,25,loro_bce,0.7612053684477083,0.8408155096935586,0.816449523240124,0.06468717356845842,0.92725,25
52,23,25,c_prune_loro_bce,0.7626324870594035,0.8454271419637274,0.8188169339387594,0.048711534100898776,0.94925,25
52,23,50,budget_prune,0.6641179683233206,0.7580465290806754,0.7596801348702932,0.19038357544145082,0.758,50
52,23,50,loro_bce,0.7673328398717,0.8465215759849907,0.8210483981804811,0.05139883780057129,0.94925,50
52,23,50,c_prune_loro_bce,0.7743677878713479,0.8539917448405254,0.8258476872941685,0.03667804682671269,0.96525,50
52,23,100,budget_prune,0.771964461994077,0.8475714821763602,0.8235250035241233,0.0509690285927269,0.953,100
52,23,100,loro_bce,0.7699507389162562,0.8498479049405878,0.8244029988978541,0.04463835848437507,0.9545,100
52,23,100,c_prune_loro_bce,0.7777230162641695,0.855884177611007,0.829346488250675,0.03979287227419367,0.9595,75
52,29,25,budget_prune,0.37735849056603776,0.6052285178236397,0.6175867313439921,0.23217418924173336,0.54825,25
52,29,25,loro_bce,0.7697947214076246,0.8276935584740461,0.7872196737200249,0.05876383561098987,0.93875,25
52,29,25,c_prune_loro_bce,0.7800486618004866,0.8346106316447779,0.7904409045035208,0.039776442057318395,0.96025,25
52,29,50,budget_prune,0.7707196029776675,0.8282641651031897,0.7855833118084197,0.057365378812623,0.93825,50
52,29,50,loro_bce,0.7842658196921574,0.8392853033145714,0.8023803133415208,0.033025854820449424,0.974,50
52,29,50,c_prune_loro_bce,0.7805115712545676,0.8402391494684178,0.7986381974350321,0.03509817067009754,0.967,50
52,29,100,budget_prune,0.7830119599707103,0.8372795497185741,0.7951152775156823,0.03997075586254122,0.9625,100
52,29,100,loro_bce,0.7819512195121952,0.8404277673545966,0.8013883148978613,0.031815942527700966,0.97425,100
52,29,100,c_prune_loro_bce,0.7831825959423124,0.8427242026266417,0.8027708264570415,0.038337468008427716,0.963,77
53,19,25,budget_prune,0.22192866578599735,0.587172607879925,0.591725306394452,0.24242787481955294,0.5895,25
53,19,25,loro_bce,0.7476454962569428,0.8179494684177611,0.7824869088389248,0.10285053203949815,0.8665,25
53,19,25,c_prune_loro_bce,0.7662468513853904,0.833921200750469,0.8036973351100504,0.052176782156314744,0.96375,25
53,19,50,budget_prune,0.648539778449144,0.7119842401500938,0.7028736674743025,0.2027583203672389,0.69925,50
53,19,50,loro_bce,0.7628657921291625,0.8324462789243278,0.7995236490312615,0.05893163010913363,0.95425,50
53,19,50,c_prune_loro_bce,0.7718337894998756,0.8406013758599125,0.8085740415742428,0.05793576523007358,0.9475,50
53,19,100,budget_prune,0.7691169215589542,0.8327714821763603,0.7968083918067577,0.0674314231969426,0.93325,100
53,19,100,loro_bce,0.7666666666666667,0.8363111944965603,0.8059662386769985,0.05427937483467927,0.95925,100
53,19,100,c_prune_loro_bce,0.7723759660932435,0.8429731081926204,0.8123906116962195,0.059425108325840956,0.946,76
53,23,25,budget_prune,0.6108094129816395,0.6600003752345216,0.6734029888862906,0.23479873855732455,0.63275,25
53,23,25,loro_bce,0.7612053684477083,0.8408155096935586,0.816449523240124,0.06468717202853003,0.92725,25
53,23,25,c_prune_loro_bce,0.7609828741623231,0.8415121951219511,0.8067115039257149,0.04972726280861445,0.94825,25
53,23,50,budget_prune,0.6641179683233206,0.7580475297060664,0.7596810376221044,0.1903814519457904,0.758,50
53,23,50,loro_bce,0.7673328398717,0.8465215759849907,0.8210483981804811,0.051398837797886836,0.94925,50
53,23,50,c_prune_loro_bce,0.7722918201915991,0.8535169480925578,0.8253323158041981,0.03517063972404268,0.96375,50
53,23,100,budget_prune,0.7717739945719221,0.8475672295184491,0.8235071981008428,0.05098114210488414,0.95325,100
53,23,100,loro_bce,0.7713444553483808,0.8496457786116323,0.8250395080882019,0.0455788216489628,0.955,100
53,23,100,c_prune_loro_bce,0.7752698724239451,0.855492182614134,0.8287151262191745,0.03800717499285704,0.9615,74
53,29,25,budget_prune,0.37735849056603776,0.6052285178236397,0.6175867313439921,0.23217418956303076,0.54825,25
53,29,25,loro_bce,0.7703957010258915,0.8278183864915573,0.7872411314028808,0.058193218527861815,0.94025,25
53,29,25,c_prune_loro_bce,0.7831793874574623,0.8368462789243277,0.7933524447381368,0.03793696193251751,0.96775,25
53,29,50,budget_prune,0.7707196029776675,0.8282641651031897,0.7855833118084197,0.05736537913174498,0.93825,50
53,29,50,loro_bce,0.7837771805521623,0.8392550343964978,0.8023433998278221,0.03232224155877234,0.975,50
53,29,50,c_prune_loro_bce,0.7837573385518591,0.840930081300813,0.796890654014965,0.03579494400378203,0.96975,50
53,29,100,budget_prune,0.78271484375,0.8373866166353973,0.7949281346974809,0.040196131463239665,0.96125,100
53,29,100,loro_bce,0.78369140625,0.8401450906816761,0.7995541535526671,0.032501858373259425,0.97375,100
53,29,100,c_prune_loro_bce,0.78515625,0.8436097560975611,0.8011812767636053,0.03809677114381513,0.96525,78
54,19,25,budget_prune,0.22192866578599735,0.587172607879925,0.591725306394452,0.24242787481953296,0.5895,25
54,19,25,loro_bce,0.7586379569354031,0.8245801125703565,0.7917784374784672,0.07885379343705566,0.92875,25
54,19,25,c_prune_loro_bce,0.7650025214321735,0.8336015009380863,0.801746059961792,0.053584889826341776,0.96325,25
54,19,50,budget_prune,0.648539778449144,0.7119842401500938,0.7028736674743025,0.2027583202601828,0.69925,50
54,19,50,loro_bce,0.7672672672672672,0.8326233896185116,0.7990308950005285,0.055134865444340035,0.95325,50
54,19,50,c_prune_loro_bce,0.7714427367377293,0.8416125078173857,0.8132846923528236,0.05790890606709513,0.94425,50
54,19,100,budget_prune,0.7684340320591861,0.8328252657911195,0.7970360555383658,0.0675036260830407,0.932,100
54,19,100,loro_bce,0.7666666666666667,0.8362979362101313,0.8060199772769965,0.05428769518792732,0.95925,100
54,19,100,c_prune_loro_bce,0.7743373792420114,0.8435402126328955,0.8130007132375555,0.06022061745303161,0.9395,78
54,23,25,budget_prune,0.6108094129816395,0.6600003752345216,0.6734029888862906,0.23479873863364667,0.63275,25
54,23,25,loro_bce,0.7615189873417721,0.8408685428392746,0.8164391802446549,0.06472840577567116,0.927,25
54,23,25,c_prune_loro_bce,0.761315854563443,0.8451477173233272,0.8199137711256728,0.048618557823610194,0.94975,25
54,23,50,budget_prune,0.6641179683233206,0.7580402751719824,0.7596686862488863,0.1904034270080999,0.758,50
54,23,50,loro_bce,0.7675622381069755,0.8461033145716073,0.8202394264761586,0.050603169446087864,0.94875,50
54,23,50,c_prune_loro_bce,0.7745891586951189,0.8537058161350843,0.8255756356850077,0.03513425381418801,0.96625,50
54,23,100,budget_prune,0.7723797780517879,0.8474674171357099,0.8234921532356004,0.0509499532211939,0.95275,100
54,23,100,loro_bce,0.7700640078778926,0.8495677298311444,0.8241892309569226,0.044905922416863885,0.9545,100
54,23,100,c_prune_loro_bce,0.7781871775976419,0.8556670419011883,0.8293632960418166,0.039101265890145426,0.96175,75
54,29,25,budget_prune,0.7503700049333991,0.8027864915572234,0.7673965248882268,0.09575673135610296,0.89625,25
54,29,25,loro_bce,0.7695694716242661,0.8278531582238898,0.7874105908900135,0.05833437339939997,0.93925,25
54,29,25,c_prune_loro_bce,0.7792081612824873,0.8344750469043152,0.7900477060595517,0.041010157548943355,0.96,25
54,29,50,budget_prune,0.7727722772277228,0.8293103189493434,0.7875048869110831,0.05330299306090477,0.94425,50
54,29,50,loro_bce,0.783014236622484,0.838013258286429,0.8017624429152009,0.03680955455987674,0.97175,50
54,29,50,c_prune_loro_bce,0.7819329771733852,0.8399862414008755,0.7952378788429666,0.032550904053732795,0.97225,50
54,29,100,budget_prune,0.7830119599707103,0.8372780487804878,0.7951184240196802,0.03996903040901464,0.9625,100
54,29,100,loro_bce,0.7839220462850183,0.8402669168230144,0.8003283881702605,0.03342559025592044,0.975,100
54,29,100,c_prune_loro_bce,0.7863080684596577,0.8434474046278925,0.8014132739860202,0.03697666578406474,0.96575,79
55,19,25,budget_prune,0.22192866578599735,0.587172607879925,0.591725306394452,0.24242787481953296,0.5895,25
55,19,25,loro_bce,0.7372116349047142,0.8116730456535335,0.775472234161016,0.09594988995583943,0.89275,25
55,19,25,c_prune_loro_bce,0.7655816300782236,0.8337488430268918,0.8035442504999566,0.053423063394796355,0.962,25
55,19,50,budget_prune,0.6506572295247725,0.7123774859287054,0.7028332067344782,0.20268840970058163,0.70025,50
55,19,50,loro_bce,0.7628188936600152,0.8323909943714821,0.7994965923976569,0.05951293895783211,0.952,50
55,19,50,c_prune_loro_bce,0.7717553455992043,0.8410048780487804,0.8130040923836993,0.058771690584621374,0.94475,50
55,19,100,budget_prune,0.7685093780848964,0.8328963101938712,0.7971288413152833,0.06709396988209046,0.93325,100
55,19,100,loro_bce,0.7678346357448954,0.8365621013133208,0.8064211224378154,0.054397839294179934,0.959,100
55,19,100,c_prune_loro_bce,0.7693452380952381,0.8420853033145718,0.8141370603991495,0.05990823004545207,0.94125,77
55,23,25,budget_prune,0.6108094129816395,0.6600003752345216,0.6734029888862906,0.23479873854259295,0.63275,25
55,23,25,loro_bce,0.7612053684477083,0.8407712320200126,0.8163195172707738,0.06477107088633208,0.92675,25
55,23,25,c_prune_loro_bce,0.7609780439121756,0.8441305816135083,0.815689761597731,0.05374121349787529,0.943,25
55,23,50,budget_prune,0.6641179683233206,0.7580475297060664,0.7596810376221044,0.1903814519906686,0.758,50
55,23,50,loro_bce,0.7660208643815202,0.8459196998123827,0.8201213466488506,0.05406564968935413,0.945,50
55,23,50,c_prune_loro_bce,0.7779681762545899,0.8539772357723576,0.8255432319410169,0.03773140181050708,0.96375,50
55,23,100,budget_prune,0.771964461994077,0.8475712320200125,0.8235248974157177,0.050969013618163486,0.953,100
55,23,100,loro_bce,0.7693822298793994,0.8496212632895561,0.8244740546583293,0.04509986520114144,0.95325,100
55,23,100,c_prune_loro_bce,0.7763837638376384,0.8554293933708568,0.8289100174766832,0.03990579590328606,0.95975,75
55,29,25,budget_prune,0.7503700049333991,0.8027864915572234,0.7673965248882268,0.09575673039697731,0.89625,25
55,29,25,loro_bce,0.7695694716242661,0.8278531582238898,0.7874105908900135,0.05833436624753901,0.93925,25
55,29,25,c_prune_loro_bce,0.781524926686217,0.8365310819262038,0.7967229774672977,0.03740679641610231,0.97425,25
55,29,50,budget_prune,0.7707196029776675,0.8282641651031897,0.7855833118084197,0.0573653787994121,0.93825,50
55,29,50,loro_bce,0.7828220858895706,0.8381758599124454,0.802051550693503,0.03677166898224935,0.9725,50
55,29,50,c_prune_loro_bce,0.7811284046692607,0.8406153846153845,0.7975862538829663,0.032931978090556716,0.97175,50
55,29,100,budget_prune,0.7825237979009031,0.8373933708567854,0.795190366407572,0.040203605513740935,0.962,100
55,29,100,loro_bce,0.7839220462850183,0.8402669168230144,0.8003283881702605,0.03342559026282586,0.975,100
55,29,100,c_prune_loro_bce,0.7861328125,0.8436707942464039,0.8015592605997881,0.037808035239919505,0.96475,79
56,19,25,budget_prune,0.22192866578599735,0.587172607879925,0.591725306394452,0.24242787481955294,0.5895,25
56,19,25,loro_bce,0.758137205808713,0.8245931207004378,0.7917897799527339,0.07896346913226081,0.92975,25
56,19,25,c_prune_loro_bce,0.7672544080604534,0.83496110068793,0.8022087165358163,0.054136048294605915,0.96075,25
56,19,50,budget_prune,0.648539778449144,0.7119842401500938,0.7028736674743025,0.20275832036546598,0.69925,50
56,19,50,loro_bce,0.767459324155194,0.8326724202626642,0.7992797954240907,0.05534418220391065,0.9535,50
56,19,50,c_prune_loro_bce,0.7706832298136645,0.8412370231394621,0.8133545563878739,0.059000070502830806,0.944,50
56,19,100,budget_prune,0.7687376725838264,0.8327242026266417,0.7966416221088619,0.06744035632611135,0.93225,100
56,19,100,loro_bce,0.7664731128502903,0.8363154471544716,0.8059659928422509,0.05433178630761378,0.959,100
56,19,100,c_prune_loro_bce,0.769154475576494,0.8427477173233271,0.8145856680701395,0.06083690921513969,0.9415,78
56,23,25,budget_prune,0.6108094129816395,0.6600003752345216,0.6734029888862906,0.23479873864951117,0.63275,25
56,23,25,loro_bce,0.7635270541082164,0.8429836147592245,0.8184346948040846,0.061300603133456595,0.94,25
56,23,25,c_prune_loro_bce,0.763816604708798,0.8445460913070669,0.8174755998092372,0.04864697188552806,0.94925,25
56,23,50,budget_prune,0.6641179683233206,0.7580475297060664,0.7596810376221044,0.19038144904911117,0.758,50
56,23,50,loro_bce,0.7673328398717,0.8465215759849907,0.8210483981804811,0.05139883780189432,0.94925,50
56,23,50,c_prune_loro_bce,0.7745891586951189,0.8531474671669794,0.8246632899710892,0.03488641307943274,0.96875,50
56,23,100,budget_prune,0.7723797780517879,0.8474754221388369,0.8235010366203677,0.05093792159866719,0.95275,100
56,23,100,loro_bce,0.7700640078778926,0.8495677298311444,0.8241892309569226,0.04490592244535544,0.9545,100
56,23,100,c_prune_loro_bce,0.7760826771653543,0.8552170106316448,0.8286267141777929,0.039273626645493824,0.9605,76
56,29,25,budget_prune,0.37735849056603776,0.6052285178236397,0.6175867313439921,0.23217419020313984,0.54825,25
56,29,25,loro_bce,0.7669760625305325,0.8278156347717324,0.7845516730434171,0.05526318807763954,0.94325,25
56,29,25,c_prune_loro_bce,0.7784256559766763,0.8364577861163228,0.79549218349967,0.036480651931275795,0.97175,25
56,29,50,budget_prune,0.7673956262425448,0.8234311444652908,0.7811185810718825,0.06247820333302101,0.93025,50
56,29,50,loro_bce,0.7797604497677829,0.8379116948092559,0.7997002000495552,0.03465704945202391,0.977,50
56,29,50,c_prune_loro_bce,0.7808085728202631,0.8396772983114446,0.795354848880254,0.03382904484132264,0.97325,50
56,29,100,budget_prune,0.7825237979009031,0.8373936210131332,0.7951891371859785,0.04020257800240084,0.962,100
56,29,100,loro_bce,0.7813411078717201,0.8397315822388993,0.7992172408185679,0.03453713621686508,0.97225,100
56,29,100,c_prune_loro_bce,0.78564453125,0.8426591619762351,0.7990586231588321,0.03827845100107212,0.96525,76
57,19,25,budget_prune,0.22192866578599735,0.587172607879925,0.591725306394452,0.24242787481952502,0.5895,25
57,19,25,loro_bce,0.7586379569354031,0.8245801125703565,0.7917784374784672,0.07885348955551402,0.92875,25
57,19,25,c_prune_loro_bce,0.7682651267888526,0.8325210756722953,0.8020629483020426,0.05454263591208025,0.959,25
57,19,50,budget_prune,0.648539778449144,0.7119842401500938,0.7028736674743025,0.20275832029457938,0.69925,50
57,19,50,loro_bce,0.7634435748548346,0.8320570356472796,0.7984000599727255,0.05896086139344832,0.9535,50
57,19,50,c_prune_loro_bce,0.7716340193404414,0.8416245153220763,0.8120694553837071,0.056171961299490696,0.9445,50
57,19,100,budget_prune,0.7691169215589542,0.8327729831144466,0.796860969061947,0.06740032986852748,0.93325,100
57,19,100,loro_bce,0.7656565656565657,0.8360787992495309,0.805758651482033,0.05444604432218341,0.95975,100
57,19,100,c_prune_loro_bce,0.7715207144629125,0.8432855534709194,0.8127897566020947,0.05974588920486819,0.9395,80
57,23,25,budget_prune,0.6108094129816395,0.6600003752345216,0.6734029888862906,0.23479873869938137,0.63275,25
57,23,25,loro_bce,0.7612053684477083,0.8408155096935586,0.816449523240124,0.06468717126944007,0.92725,25
57,23,25,c_prune_loro_bce,0.7615729218516675,0.8440642901813633,0.8147387989318761,0.05334083078114479,0.945,25
57,23,50,budget_prune,0.6604955077593248,0.7579084427767355,0.7591132256504178,0.19027712985333775,0.75825,50
57,23,50,loro_bce,0.7675622381069755,0.8461033145716073,0.8202394264761586,0.05060316880572738,0.94875,50
57,23,50,c_prune_loro_bce,0.772369714847591,0.8534143839899936,0.8247484710653209,0.0347635462200925,0.9635,50
57,23,100,budget_prune,0.7715836211149482,0.847570981863665,0.8235199712134631,0.05098307014979552,0.953,100
57,23,100,loro_bce,0.7700640078778926,0.8495677298311444,0.8241892309569226,0.04490592243781228,0.9545,100
57,23,100,c_prune_loro_bce,0.7756504663721159,0.855410631644778,0.8278116389070334,0.038545394083894007,0.961,76
57,29,25,budget_prune,0.7503700049333991,0.8027864915572234,0.7673965248882268,0.09575673034449847,0.89625,25
57,29,25,loro_bce,0.7703957010258915,0.8278183864915573,0.7872411314028808,0.05819322237231335,0.94025,25
57,29,25,c_prune_loro_bce,0.7805948317893711,0.8369636022514071,0.7934717176770245,0.037574110784732724,0.97025,25
57,29,50,budget_prune,0.7707196029776675,0.8282641651031897,0.7855833118084197,0.05736537945818464,0.93825,50
57,29,50,loro_bce,0.7828220858895706,0.8381758599124454,0.802051550693503,0.03677166376918855,0.9725,50
57,29,50,c_prune_loro_bce,0.7814859926918393,0.8402358974358974,0.7963566512800708,0.0335757414216711,0.971,50
57,29,100,budget_prune,0.7835202340321794,0.8381613508442777,0.7948246394917093,0.03768772059952431,0.96475,100
57,29,100,loro_bce,0.7839220462850183,0.8402669168230144,0.8003283881702605,0.03342559021763691,0.975,100
57,29,100,c_prune_loro_bce,0.7863247863247863,0.8434681676047528,0.8009596563368283,0.038015130072031625,0.9635,78
58,19,25,budget_prune,0.22192866578599735,0.587172607879925,0.591725306394452,0.2424278748195437,0.5895,25
58,19,25,loro_bce,0.7586379569354031,0.8245801125703565,0.7917784374784672,0.07885379343705566,0.92875,25
58,19,25,c_prune_loro_bce,0.7544940934771444,0.8256687929956221,0.7884865728353825,0.06498094468118817,0.96625,25
58,19,50,budget_prune,0.648539778449144,0.7119842401500938,0.7028736674743025,0.20275832032310478,0.69925,50
58,19,50,loro_bce,0.7670340681362725,0.8326986866791746,0.7995566493486974,0.05526478137924008,0.95425,50
58,19,50,c_prune_loro_bce,0.7709108960039712,0.8410121325828642,0.8128806145341432,0.05884513220856952,0.9435,50
58,19,100,budget_prune,0.7684340320591861,0.8328252657911195,0.7970360555383658,0.06750316562347664,0.932,100
58,19,100,loro_bce,0.7656565656565657,0.8360775484677925,0.8056592294492607,0.05447790024759879,0.95975,100
58,19,100,c_prune_loro_bce,0.7692307692307693,0.8429595997498436,0.8147943481737091,0.06079319552170732,0.94125,77
58,23,25,budget_prune,0.6108094129816395,0.6600003752345216,0.6734029888862906,0.2347987386853819,0.63275,25
58,23,25,loro_bce,0.7612053684477083,0.8408155096935586,0.816449523240124,0.06468717128447139,0.92725,25
58,23,25,c_prune_loro_bce,0.7629171817058097,0.8431674796747969,0.8135125188264083,0.05229021219449001,0.94475,25
58,23,50,budget_prune,0.6641179683233206,0.7580475297060664,0.7596810376221044,0.19038145212707552,0.758,50
58,23,50,loro_bce,0.7682053813873118,0.8462128830519074,0.820716318702803,0.05076077712843595,0.94825,50
58,23,50,c_prune_loro_bce,0.7733398676794904,0.8536100062539087,0.8262106509289692,0.034570800307492947,0.96575,50
58,23,100,budget_prune,0.7715836211149482,0.8475724828017511,0.8235197643442174,0.05098438775132911,0.953,100
58,23,100,loro_bce,0.7701375245579568,0.8496562851782365,0.8247797634141392,0.04554306843308012,0.955,100
58,23,100,c_prune_loro_bce,0.7768757687576876,0.8555902439024389,0.8291033918378949,0.03872030529835734,0.96125,76
58,29,25,budget_prune,0.749876421156698,0.8029508442776736,0.7673767359521196,0.09570974177339801,0.89625,25
58,29,25,loro_bce,0.7669760625305325,0.8278321450906817,0.7845793113374592,0.0552384745216662,0.94325,25
58,29,25,c_prune_loro_bce,0.7787005373717636,0.8380420262664166,0.8000144166073737,0.034847749098716775,0.97275,25
58,29,50,budget_prune,0.7710245596626147,0.8287422138836773,0.7867235806014907,0.05524887337899959,0.9395,50
58,29,50,loro_bce,0.7805948317893711,0.8391494684177612,0.8002735474764127,0.032811386370643,0.97375,50
58,29,50,c_prune_loro_bce,0.7804045820131611,0.8398981863664791,0.7958192512961475,0.033797234240266566,0.9735,50
58,29,100,budget_prune,0.7830119599707103,0.8372800500312696,0.7951236756160789,0.03996542571341204,0.9625,100
58,29,100,loro_bce,0.7841323923095643,0.8399262038774233,0.7987371057890233,0.03348248039745283,0.974,100
58,29,100,c_prune_loro_bce,0.7856269860669763,0.8429508442776735,0.7994039192017027,0.03871934849058046,0.9645,78
59,19,25,budget_prune,0.22192866578599735,0.587172607879925,0.591725306394452,0.24242787481952963,0.5895,25
59,19,25,loro_bce,0.7586379569354031,0.8245801125703565,0.7917784374784672,0.07885368428760185,0.92875,25
59,19,25,c_prune_loro_bce,0.7644982349974786,0.8339099437148219,0.8017788511379392,0.05287913144838618,0.96425,25
59,19,50,budget_prune,0.648539778449144,0.7119842401500938,0.7028736674743025,0.2027583203847038,0.69925,50
59,19,50,loro_bce,0.7672672672672672,0.8326233896185116,0.7990308950005285,0.055134863747179526,0.95325,50
59,19,50,c_prune_loro_bce,0.7717472118959108,0.8407349593495935,0.8110460702122714,0.057045324345989544,0.945,50
59,19,100,budget_prune,0.7684340320591861,0.8327141963727329,0.7966510579350126,0.06768681695307466,0.9315,100
59,19,100,loro_bce,0.7656565656565657,0.836073545966229,0.8056330730563647,0.05447700537303315,0.95975,100
59,19,100,c_prune_loro_bce,0.7726258368460204,0.8429320825515948,0.8108647987962154,0.05914456713218029,0.942,77
59,23,25,budget_prune,0.6108094129816395,0.6600003752345216,0.6734029888862906,0.23479873865077766,0.63275,25
59,23,25,loro_bce,0.7612053684477083,0.8408155096935586,0.816449523240124,0.06468717202853003,0.92725,25
59,23,25,c_prune_loro_bce,0.7632683288077018,0.8440755472170106,0.8181597999828899,0.04942849081416403,0.94675,25
59,23,50,budget_prune,0.663936663936664,0.7580462789243276,0.7596809839630174,0.19038206517804618,0.75825,50
59,23,50,loro_bce,0.7673328398717,0.8465215759849907,0.8210483981804811,0.0513988377950484,0.94925,50
59,23,50,c_prune_loro_bce,0.7728946722317702,0.8537886178861789,0.8256245839734261,0.035102872184805164,0.96225,50
59,23,100,budget_prune,0.7709772951628825,0.8475459662288931,0.8235034116383206,0.05097199611750476,0.9525,100
59,23,100,loro_bce,0.7699507389162562,0.8498489055659787,0.8244071475518391,0.04463870740332162,0.9545,100
59,23,100,c_prune_loro_bce,0.7757307786784574,0.855566479049406,0.8284749507776068,0.038233998030394234,0.95925,75
59,29,25,budget_prune,0.7503700049333991,0.8027864915572234,0.7673965248882268,0.09575673039892396,0.89625,25
59,29,25,loro_bce,0.7695694716242661,0.8278531582238898,0.7874105908900135,0.05833436624753901,0.93925,25
59,29,25,c_prune_loro_bce,0.77997557997558,0.8382404002501563,0.7965642615391371,0.03568065324714391,0.9725,25
59,29,50,budget_prune,0.7707196029776675,0.8282641651031897,0.7855833118084197,0.05736537886424495,0.93825,50
59,29,50,loro_bce,0.784964608249939,0.838895559724828,0.8019851402728516,0.03099698368403547,0.977,50
59,29,50,c_prune_loro_bce,0.7808319143760643,0.840568105065666,0.7978223484976761,0.03315346683921481,0.9725,50
59,29,100,budget_prune,0.7825237979009031,0.8373913696060038,0.7951871033111342,0.04020289194928405,0.962,100
59,29,100,loro_bce,0.7834146341463415,0.8401003126954346,0.7997627361718463,0.03150291502463345,0.97525,100
59,29,100,c_prune_loro_bce,0.7868131868131868,0.8438494058786741,0.8020834722597753,0.0379291550790625,0.9645,79
60,19,25,budget_prune,0.22192866578599735,0.587172607879925,0.591725306394452,0.2424278748195447,0.5895,25
60,19,25,loro_bce,0.7658664131209888,0.8024077548467792,0.7252285153597045,0.0894876177829558,0.902,25
60,19,25,c_prune_loro_bce,0.7706286836935167,0.8345005628517824,0.8060974936706771,0.057625396022199155,0.93925,25
60,19,50,budget_prune,0.648539778449144,0.7119842401500938,0.7028736674743025,0.20275832036604777,0.69925,50
60,19,50,loro_bce,0.7674362089914946,0.831879674796748,0.8010968158127675,0.06197582096860374,0.9285,50
60,19,50,c_prune_loro_bce,0.7770669291338582,0.840046779237023,0.8100054363833912,0.057267707977294594,0.93825,50
60,19,100,budget_prune,0.7686990866452728,0.8329338336460288,0.7972961330434425,0.0672864225994536,0.9325,100
60,19,100,loro_bce,0.7727944800394283,0.8388015009380864,0.8093018941496023,0.05778675018557147,0.93625,100
60,19,100,c_prune_loro_bce,0.7747969480679301,0.841302564102564,0.8093948431330587,0.059642326822067576,0.9345,78
60,23,25,budget_prune,0.6108094129816395,0.6600003752345216,0.6734029888862906,0.23479873864146977,0.63275,25
60,23,25,loro_bce,0.7615189873417721,0.8408685428392746,0.8164391802446549,0.0647284093303032,0.927,25
60,23,25,c_prune_loro_bce,0.7630143777887952,0.844792995622264,0.8177667503649915,0.04886013755747831,0.9475,25
60,23,50,budget_prune,0.6641179683233206,0.7580475297060664,0.7596810376221044,0.19038145203611784,0.758,50
60,23,50,loro_bce,0.7654626422563088,0.846196372732958,0.819959435563151,0.05426823311119537,0.9465,50
60,23,50,c_prune_loro_bce,0.7767419038272817,0.854070794246404,0.8258668713197095,0.03681479594088013,0.9645,50
60,23,100,budget_prune,0.7717739945719221,0.8475694809255786,0.8235128552744994,0.05099274249713595,0.95325,100
60,23,100,loro_bce,0.7693822298793994,0.8495954971857411,0.8243778505316598,0.04506724981502447,0.95325,100
60,23,100,c_prune_loro_bce,0.7774495322501231,0.8559787367104442,0.8298739467627092,0.04008830035867686,0.9585,76
60,29,25,budget_prune,0.37735849056603776,0.6052285178236397,0.6175867313439921,0.23217418934130263,0.54825,25
60,29,25,loro_bce,0.7695694716242661,0.8278531582238898,0.7874105908900135,0.05833436277455054,0.93925,25
60,29,25,c_prune_loro_bce,0.7837311251826595,0.835846904315197,0.7918959167782254,0.04065782534251352,0.96575,25
60,29,50,budget_prune,0.7707196029776675,0.8282641651031897,0.7855833118084197,0.05736537905946751,0.93825,50
60,29,50,loro_bce,0.7837771805521623,0.8392555347091931,0.8023441198264025,0.03232198798969506,0.975,50
60,29,50,c_prune_loro_bce,0.7851743477200682,0.8398419011882428,0.7908861823280006,0.036642650989955027,0.969,50
60,29,100,budget_prune,0.7823328452903856,0.8374021263289556,0.7952427336338959,0.040199613851421484,0.96175,100
60,29,100,loro_bce,0.7837969741337237,0.8401706066291431,0.799622735171522,0.03204034219741256,0.97525,100
60,29,100,c_prune_loro_bce,0.7859409323895533,0.8435707317073171,0.8004352830318845,0.03842543365956674,0.965,78
61,19,25,budget_prune,0.22192866578599735,0.587172607879925,0.591725306394452,0.24242787481952707,0.5895,25
61,19,25,loro_bce,0.758137205808713,0.8245888680425266,0.7917817637396005,0.07896166732717083,0.92975,25
61,19,25,c_prune_loro_bce,0.7576385292594511,0.8220505315822388,0.7982186028648375,0.05814302421835176,0.96825,25
61,19,50,budget_prune,0.648539778449144,0.7119842401500938,0.7028736674743025,0.2027583203085244,0.69925,50
61,19,50,loro_bce,0.7627460878344271,0.8323069418386492,0.7993058164420328,0.05919640933593753,0.95425,50
61,19,50,c_prune_loro_bce,0.7716770186335403,0.8411817385866167,0.8122485844590196,0.05918850925542235,0.9425,50
61,19,100,budget_prune,0.7686235816477553,0.8326926829268293,0.7966558975448056,0.06767970967085718,0.93175,100
61,19,100,loro_bce,0.7666666666666667,0.8362961851156973,0.8060191123941784,0.05428731301816478,0.95925,100
61,19,100,c_prune_loro_bce,0.769154475576494,0.8423412132582866,0.8138984819355282,0.06020159393245394,0.94,77
61,23,25,budget_prune,0.6108094129816395,0.6600003752345216,0.6734029888862906,0.23479873854259295,0.63275,25
61,23,25,loro_bce,0.7586382113821138,0.8394774233896186,0.8153376668033995,0.06855217455705451,0.925,25
61,23,25,c_prune_loro_bce,0.7625828627547262,0.844384990619137,0.8184879063049895,0.05125537439225626,0.94825,25
61,23,50,budget_prune,0.6641179683233206,0.7580475297060664,0.7596810376221044,0.19038145200914625,0.758,50
61,23,50,loro_bce,0.7646474677259185,0.8462756722951845,0.8205772147863492,0.05461914431305844,0.944,50
61,23,50,c_prune_loro_bce,0.7760608290409615,0.853917698561601,0.8263030227482346,0.03644979765625081,0.96675,50
61,23,100,budget_prune,0.771964461994077,0.8475712320200125,0.8235248974157177,0.0509690148070928,0.953,100
61,23,100,loro_bce,0.771232204221895,0.8496640400250157,0.8251095028699815,0.04563401146571556,0.9545,100
61,23,100,c_prune_loro_bce,0.7769325153374234,0.855878674171357,0.828849333117539,0.03871261341385313,0.96325,75
61,29,25,budget_prune,0.37735849056603776,0.6052285178236397,0.6175867313439921,0.23217419004956605,0.54825,25
61,29,25,loro_bce,0.7707412862052038,0.8303209505941213,0.788706067861867,0.046646685601027055,0.95525,25
61,29,25,c_prune_loro_bce,0.7779397473275025,0.8356717948717949,0.7946136231950051,0.03576931563591987,0.97425,25
61,29,50,budget_prune,0.7707196029776675,0.8282641651031897,0.7855833118084197,0.0573653788228853,0.93825,50
61,29,50,loro_bce,0.7779141104294478,0.8357185741088181,0.7928971487662186,0.03828616861726741,0.976,50
61,29,50,c_prune_loro_bce,0.7800243605359318,0.8394256410256411,0.7949365500463349,0.034569001498550446,0.972,50
61,29,100,budget_prune,0.7825237979009031,0.8373921200750468,0.7951877138596406,0.04020516788810636,0.962,100
61,29,100,loro_bce,0.7822070977151191,0.8392722951844903,0.7992961497556657,0.03519138973350123,0.97275,100
61,29,100,c_prune_loro_bce,0.7870053737176356,0.8430176360225141,0.7991739746007096,0.03921809773681252,0.96475,78
62,19,25,budget_prune,0.22192866578599735,0.587172607879925,0.591725306394452,0.24242787481954597,0.5895,25
62,19,25,loro_bce,0.7651966626936829,0.8074939337085678,0.7409556999432027,0.08740068671032065,0.904,25
62,19,25,c_prune_loro_bce,0.7702503681885126,0.8339046904315197,0.8022593975952352,0.057828836357890094,0.93775,25
62,19,50,budget_prune,0.648539778449144,0.7119842401500938,0.7028736674743025,0.20275832034464428,0.69925,50
62,19,50,loro_bce,0.7702471250305848,0.8338694183864915,0.8037783844630855,0.05833354427203866,0.9365,50
62,19,50,c_prune_loro_bce,0.7761267954432888,0.8429613508442776,0.8134592753567498,0.05774554239799681,0.93925,50
62,19,100,budget_prune,0.7684340320591861,0.832702689180738,0.7966540058866898,0.06768475476056167,0.9315,100
62,19,100,loro_bce,0.7732873336619024,0.8389641025641026,0.8097032451951175,0.05765923054925337,0.93625,100
62,19,100,c_prune_loro_bce,0.77731196054254,0.8440687929956223,0.8134702022174188,0.05834823993062376,0.9355,77
62,23,25,budget_prune,0.6108094129816395,0.6600003752345216,0.6734029888862906,0.23479873854259295,0.63275,25
62,23,25,loro_bce,0.7612053684477083,0.8408155096935586,0.816449523240124,0.06468717128909328,0.92725,25
62,23,25,c_prune_loro_bce,0.7605843030453082,0.8431642276422765,0.8178811235690773,0.05164431975673363,0.94225,25
62,23,50,budget_prune,0.6641179683233206,0.7580475297060664,0.7596810376221044,0.19038145201194773,0.758,50
62,23,50,loro_bce,0.7649540828989824,0.8463694809255785,0.8207281127090141,0.054582352748421166,0.94475,50
62,23,50,c_prune_loro_bce,0.773955773955774,0.8541185741088179,0.8273482754167262,0.03535383035592396,0.9655,50
62,23,100,budget_prune,0.7717739945719221,0.8475694809255786,0.8235128552744994,0.050992760060573704,0.95325,100
62,23,100,loro_bce,0.7706286836935167,0.8496602876798,0.8249610194832819,0.045657628350342934,0.954,100
62,23,100,c_prune_loro_bce,0.7775590551181102,0.8561103189493432,0.8303496288953247,0.038682568034683486,0.9605,75
62,29,25,budget_prune,0.37735849056603776,0.6052285178236397,0.6175867313439921,0.23217419004956605,0.54825,25
62,29,25,loro_bce,0.7669760625305325,0.8278321450906817,0.7845793113374592,0.0552384745216662,0.94325,25
62,29,25,c_prune_loro_bce,0.777967340970022,0.8339329580988116,0.7884632656637958,0.039983553198193376,0.9615,25
62,29,50,budget_prune,0.7707196029776675,0.8282641651031897,0.7855833118084197,0.05736537903816379,0.93825,50
62,29,50,loro_bce,0.7795371498172959,0.8388332707942464,0.7999073631323297,0.031300576561713124,0.9755,50
62,29,50,c_prune_loro_bce,0.7803214807598636,0.8395397123202001,0.7952130621083895,0.03413442010677744,0.97375,50
62,29,100,budget_prune,0.7830119599707103,0.837278799249531,0.7951191585405466,0.03996878001246877,0.9625,100
62,29,100,loro_bce,0.7823758519961052,0.8399844903064416,0.8002368101652988,0.032500768064027616,0.97375,100
62,29,100,c_prune_loro_bce,0.7868131868131868,0.8428455284552845,0.7988343600144475,0.03862217805178341,0.9645,77
63,19,25,budget_prune,0.22192866578599735,0.587172607879925,0.591725306394452,0.24242787481955294,0.5895,25
63,19,25,loro_bce,0.758137205808713,0.8245931207004378,0.7917897799527339,0.07896346917846421,0.92975,25
63,19,25,c_prune_loro_bce,0.7651954602774275,0.8301390869293307,0.7975873763392672,0.051011659095763974,0.964,25
63,19,50,budget_prune,0.648539778449144,0.7119842401500938,0.7028736674743025,0.20275832033493985,0.69925,50
63,19,50,loro_bce,0.767342849987478,0.8326686679174483,0.7993843748576461,0.05535377416496767,0.954,50
63,19,50,c_prune_loro_bce,0.7707244212098581,0.8401505941213259,0.8092821362628678,0.05728753165247701,0.948,50
63,19,100,budget_prune,0.7686990866452728,0.832912320200125,0.7972717057270108,0.06727603385227277,0.9325,100
63,19,100,loro_bce,0.7666666666666667,0.8362961851156973,0.8060191123941784,0.054287312605865695,0.95925,100
63,19,100,c_prune_loro_bce,0.7686939182452642,0.842057535959975,0.8115653425632772,0.05867193406491099,0.94725,76
63,23,25,budget_prune,0.6108094129816395,0.6600003752345216,0.6734029888862906,0.23479873864146977,0.63275,25
63,23,25,loro_bce,0.7635270541082164,0.8429836147592245,0.8184346948040846,0.06130061618187864,0.94,25
63,23,25,c_prune_loro_bce,0.7632491332342743,0.8445458411507192,0.8176558534418031,0.048073193089018466,0.949,25
63,23,50,budget_prune,0.6571271326362136,0.7575552220137587,0.7592031091094078,0.18941714245010116,0.752,50
63,23,50,loro_bce,0.7688132247717739,0.8461553470919324,0.8208104746646789,0.05037920690415224,0.94825,50
63,23,50,c_prune_loro_bce,0.7721363747853814,0.8536605378361476,0.8252256510892996,0.03474454608803889,0.96375,50
63,23,100,budget_prune,0.771964461994077,0.8475712320200125,0.8235248974157177,0.050969012982150785,0.953,100
63,23,100,loro_bce,0.7687761635065254,0.8495964978111319,0.8243917440877444,0.04506996619787659,0.95275,100
63,23,100,c_prune_loro_bce,0.7755102040816326,0.8557125703564727,0.8292348458612466,0.03849887757379625,0.96025,76
63,29,25,budget_prune,0.37735849056603776,0.6052285178236397,0.6175867313439921,0.23217419004956605,0.54825,25
63,29,25,loro_bce,0.7669760625305325,0.8278156347717324,0.7845516730434171,0.05526318847942524,0.94325,25
63,29,25,c_prune_loro_bce,0.777804818690679,0.835950469043152,0.7922789091434213,0.036830107838445786,0.9735,25
63,29,50,budget_prune,0.7715559960356789,0.8287957473420887,0.7862971682042201,0.05646466288852255,0.93775,50
63,29,50,loro_bce,0.7806546165119688,0.8382426516572858,0.8000287107224582,0.036792740008390244,0.97475,50
63,29,50,c_prune_loro_bce,0.7803214807598636,0.8395397123202001,0.7952130621083895,0.03413445879007799,0.97375,50
63,29,100,budget_prune,0.7823328452903856,0.8374436522826767,0.7952755918287444,0.04016673523466892,0.96175,100
63,29,100,loro_bce,0.7841323923095643,0.8399262038774233,0.7987371057890233,0.033482480347349,0.974,100
63,29,100,c_prune_loro_bce,0.7868131868131868,0.8428712945590995,0.7990371214924996,0.038474665313807485,0.9645,78
64,19,25,budget_prune,0.22192866578599735,0.587172607879925,0.591725306394452,0.24242787481954098,0.5895,25
64,19,25,loro_bce,0.758137205808713,0.8245931207004378,0.7917897799527339,0.07896346918015208,0.92975,25
64,19,25,c_prune_loro_bce,0.7694235588972431,0.833328330206379,0.8027077793290116,0.05343222883760759,0.95825,25
64,19,50,budget_prune,0.648539778449144,0.7119842401500938,0.7028736674743025,0.20275832030505098,0.69925,50
64,19,50,loro_bce,0.767459324155194,0.8326724202626642,0.7992797954240907,0.05534418575702112,0.9535,50
64,19,50,c_prune_loro_bce,0.7706832298136645,0.8412370231394621,0.8133545563878739,0.0590000707372491,0.944,50
64,19,100,budget_prune,0.7686235816477553,0.8328315196998124,0.7969392758891555,0.06731063476532305,0.93225,100
64,19,100,loro_bce,0.7664731128502903,0.8363202001250782,0.8059737628972021,0.05433560301604115,0.959,100
64,19,100,c_prune_loro_bce,0.7692307692307693,0.8429020637898685,0.8145838974255123,0.06034235990824164,0.94175,79
64,23,25,budget_prune,0.6108094129816395,0.6600003752345216,0.6734029888862906,0.23479873864146977,0.63275,25
64,23,25,loro_bce,0.7635270541082164,0.8429836147592245,0.8184346948040846,0.06130060818532352,0.94,25
64,23,25,c_prune_loro_bce,0.7637892653969824,0.8446118824265166,0.8169077304435642,0.04854577959125503,0.94875,25
64,23,50,budget_prune,0.7513051732320836,0.8132655409631019,0.789950208104913,0.1288156549065917,0.8515,50
64,23,50,loro_bce,0.7671840354767184,0.8464652908067543,0.8211769680333162,0.05104872901763276,0.94875,50
64,23,50,c_prune_loro_bce,0.774288518155054,0.8537055659787367,0.8256793865973036,0.0351197374796993,0.966,50
64,23,100,budget_prune,0.7715836211149482,0.8475707317073171,0.8235194504232585,0.05098299808505186,0.953,100
64,23,100,loro_bce,0.7687761635065254,0.8495964978111319,0.8243917440877444,0.04506996773143165,0.95275,100
64,23,100,c_prune_loro_bce,0.7779960707269156,0.8556665415884929,0.8292720160823518,0.0388772637954803,0.9615,75
64,29,25,budget_prune,0.37735849056603776,0.6052285178236397,0.6175867313439921,0.23217419004956605,0.54825,25
64,29,25,loro_bce,0.7695694716242661,0.8278531582238898,0.7874105908900135,0.0583343731794954,0.93925,25
64,29,25,c_prune_loro_bce,0.783284742468416,0.8368775484677923,0.7934682116423821,0.037946209191895904,0.96875,25
64,29,50,budget_prune,0.7727722772277228,0.8293103189493434,0.7875048869110831,0.05330299296159067,0.94425,50
64,29,50,loro_bce,0.782117415868337,0.8379909943714823,0.800118980113147,0.03580413537102866,0.973,50
64,29,50,c_prune_loro_bce,0.7845627747923791,0.841111444652908,0.7965579791141839,0.03567773876053553,0.96925,50
64,29,100,budget_prune,0.7825237979009031,0.8373933708567856,0.7951897700716255,0.04020223727429176,0.962,100
64,29,100,loro_bce,0.7839220462850183,0.8402669168230144,0.8003283881702605,0.033425590204247485,0.975,100
64,29,100,c_prune_loro_bce,0.7852430979721475,0.8433200750469043,0.8009351399217433,0.03757565297133818,0.9655,76
65,19,25,budget_prune,0.22192866578599735,0.587172607879925,0.591725306394452,0.24242787481955294,0.5895,25
65,19,25,loro_bce,0.758137205808713,0.8245931207004378,0.7917897799527339,0.07896346914256287,0.92975,25
65,19,25,c_prune_loro_bce,0.7667844522968198,0.8337340838023765,0.803479125545403,0.0537267937189571,0.96275,25
65,19,50,budget_prune,0.648539778449144,0.7119842401500938,0.7028736674743025,0.20275832033007596,0.69925,50
65,19,50,loro_bce,0.767459324155194,0.8326724202626642,0.7992797954240907,0.05534418565703016,0.9535,50
65,19,50,c_prune_loro_bce,0.7711022840119166,0.8415617260787993,0.8126910386710615,0.05742909796201897,0.94325,50
65,19,100,budget_prune,0.7686235816477553,0.8328285178236399,0.7969414336606532,0.06730551168055168,0.93225,100
65,19,100,loro_bce,0.7666666666666667,0.8362961851156973,0.8060191123941784,0.054287312514378315,0.95925,100
65,19,100,c_prune_loro_bce,0.7690014903129657,0.8429305816135084,0.8143789467277597,0.060726332632319836,0.94225,76
65,23,25,budget_prune,0.6108094129816395,0.6600003752345216,0.6734029888862906,0.2347987386288325,0.63275,25
65,23,25,loro_bce,0.7612053684477083,0.8408155096935586,0.816449523240124,0.06468717177795415,0.92725,25
65,23,25,c_prune_loro_bce,0.7646043874784323,0.8450138836772983,0.8183532202290555,0.0500660099341468,0.94875,25
65,23,50,budget_prune,0.6641179683233206,0.7580475297060664,0.7596810376221044,0.19038145199193665,0.758,50
65,23,50,loro_bce,0.7673328398717,0.8465215759849907,0.8210483981804811,0.0513988378013198,0.94925,50
65,23,50,c_prune_loro_bce,0.7725153374233129,0.8538799249530957,0.8257283977509386,0.0350385873915195,0.96225,50
65,23,100,budget_prune,0.7715836211149482,0.8475677298311443,0.8235124498680405,0.05098427572818468,0.953,100
65,23,100,loro_bce,0.7700640078778926,0.8495677298311444,0.8241892309569226,0.04490592249567596,0.9545,100
65,23,100,c_prune_loro_bce,0.7760826771653543,0.8560242651657286,0.8292899857641199,0.03910387902044867,0.958,76
65,29,25,budget_prune,0.37735849056603776,0.6052285178236397,0.6175867313439921,0.23217419048318363,0.54825,25
65,29,25,loro_bce,0.7695694716242661,0.8278531582238898,0.7874105908900135,0.05833436392279651,0.93925,25
65,29,25,c_prune_loro_bce,0.7775073028237586,0.8327667292057535,0.7891628753486528,0.04392537146094621,0.95675,25
65,29,50,budget_prune,0.7707196029776675,0.8282641651031897,0.7855833118084197,0.05736537904826706,0.93825,50
65,29,50,loro_bce,0.782117415868337,0.8379909943714823,0.800118980113147,0.03580413536387559,0.973,50
65,29,50,c_prune_loro_bce,0.7814859926918393,0.8402368980612883,0.7963696441998132,0.03358471745072984,0.971,50
65,29,100,budget_prune,0.78271484375,0.8373866166353973,0.7949281346974809,0.04019610905984189,0.96125,100
65,29,100,loro_bce,0.7839220462850183,0.8402669168230144,0.8003283881702605,0.03342559029510738,0.975,100
65,29,100,c_prune_loro_bce,0.7861328125,0.8436302689180737,0.8010193403570289,0.03808746568471919,0.96475,77
66,19,25,budget_prune,0.22192866578599735,0.587172607879925,0.591725306394452,0.24242787481955883,0.5895,25
66,19,25,loro_bce,0.7586379569354031,0.8245801125703565,0.7917784374784672,0.07885365934023483,0.92875,25
66,19,25,c_prune_loro_bce,0.7659681898510478,0.833984990619137,0.8035640732687233,0.052199178022555005,0.9655,25
66,19,50,budget_prune,0.648539778449144,0.7119842401500938,0.7028736674743025,0.20275832033696356,0.69925,50
66,19,50,loro_bce,0.7679599499374218,0.8328372732958099,0.8002182530380487,0.055336725324513114,0.954,50
66,19,50,c_prune_loro_bce,0.7705326032852166,0.8395627267041902,0.8090454036029243,0.05681623529633254,0.94725,50
66,19,100,budget_prune,0.7688132247717739,0.8327957473420887,0.7969024826847712,0.06740904067042758,0.9335,100
66,19,100,loro_bce,0.7656565656565657,0.8360787992495309,0.8056623797815144,0.05447858871606757,0.95975,100
66,19,100,c_prune_loro_bce,0.7716064757160648,0.842190368980613,0.8109677090838381,0.058642137196264564,0.947,76
66,23,25,budget_prune,0.6108094129816395,0.6600003752345216,0.6734029888862906,0.23479873854259295,0.63275,25
66,23,25,loro_bce,0.7612053684477083,0.8408145090681676,0.8164547454764868,0.0646938409671416,0.92725,25
66,23,25,c_prune_loro_bce,0.7646043874784323,0.8445463414634148,0.8171852247944293,0.050899282025660485,0.94875,25
66,23,50,budget_prune,0.6641179683233206,0.7580475297060664,0.7596810376221044,0.19038145180880808,0.758,50
66,23,50,loro_bce,0.7682053813873118,0.8462166353971232,0.8207207667486043,0.05075992907557378,0.94825,50
66,23,50,c_prune_loro_bce,0.7746202841744243,0.8534846779237022,0.8255275061292879,0.03459138324251442,0.9675,50
66,23,100,budget_prune,0.7715836211149482,0.8475677298311443,0.8235124498680405,0.05098424757154423,0.953,100
66,23,100,loro_bce,0.7704433497536946,0.8495779862414009,0.8242024595253723,0.04491449576819138,0.954,100
66,23,100,c_prune_loro_bce,0.7773955773955774,0.8553731081926205,0.8285038937637694,0.03869850998465048,0.963,75
66,29,25,budget_prune,0.37735849056603776,0.6052285178236397,0.6175867313439921,0.23217418956303076,0.54825,25
66,29,25,loro_bce,0.7695694716242661,0.8278531582238898,0.7874105908900135,0.05833436341238853,0.93925,25
66,29,25,c_prune_loro_bce,0.7777507894097644,0.8331807379612258,0.7897175839647786,0.04403552330415613,0.9565,25
66,29,50,budget_prune,0.7707196029776675,0.8282641651031897,0.7855833118084197,0.057365378954199096,0.93825,50
66,29,50,loro_bce,0.7828220858895706,0.8377933708567855,0.8017537956560687,0.03461799678429056,0.9745,50
66,29,50,c_prune_loro_bce,0.7812119737162326,0.8402151344590368,0.7971159265165761,0.0335263038103701,0.972,50
66,29,100,budget_prune,0.7829059829059829,0.8373681050656661,0.7949410900944899,0.040195457541208526,0.9615,100
66,29,100,loro_bce,0.7818889970788705,0.840080550343965,0.8003133165552179,0.033334693191972006,0.97275,100
66,29,100,c_prune_loro_bce,0.7872132747681796,0.8439857410881801,0.8017484893715497,0.03807095159630973,0.96425,79
67,19,25,budget_prune,0.22192866578599735,0.587172607879925,0.591725306394452,0.24242787481952882,0.5895,25
67,19,25,loro_bce,0.7476454962569428,0.8179479674796748,0.7825071084212964,0.1028482476749618,0.8665,25
67,19,25,c_prune_loro_bce,0.7635903919089759,0.831234521575985,0.7977598333216299,0.05826168417710817,0.9595,25
67,19,50,budget_prune,0.648539778449144,0.7119842401500938,0.7028736674743025,0.20275832031413982,0.69925,50
67,19,50,loro_bce,0.7677677677677678,0.8328492808005004,0.8002766636557577,0.05496934206640122,0.95375,50
67,19,50,c_prune_loro_bce,0.7712937670722623,0.8415569731081927,0.8125435587920311,0.05740769782712353,0.9435,50
67,19,100,budget_prune,0.7686235816477553,0.8328285178236399,0.7969414336606532,0.0673055897304082,0.93225,100
67,19,100,loro_bce,0.7663551401869159,0.8363292057535959,0.8057476725371562,0.05431458383561152,0.9595,100
67,19,100,c_prune_loro_bce,0.7698412698412699,0.8427151969981239,0.8138885052953342,0.06034260728719856,0.94075,77
67,23,25,budget_prune,0.6108094129816395,0.6600003752345216,0.6734029888862906,0.23479873854259295,0.63275,25
67,23,25,loro_bce,0.7612053684477083,0.8408145090681676,0.8164547454764868,0.06469398386255568,0.92725,25
67,23,25,c_prune_loro_bce,0.7628712871287129,0.8420340212632896,0.8057529875447552,0.04864485571350013,0.95,25
67,23,50,budget_prune,0.6641179683233206,0.7580475297060664,0.7596810376221044,0.1903814519995094,0.758,50
67,23,50,loro_bce,0.7671435619141589,0.8465258286429018,0.8210854908218774,0.051397735870121565,0.949,50
67,23,50,c_prune_loro_bce,0.7751102400783929,0.8535967479674796,0.824954437596607,0.037440544119570776,0.964,50
67,23,100,budget_prune,0.7704472448727453,0.8458731707317073,0.8216776664644306,0.052629374297115,0.95025,100
67,23,100,loro_bce,0.7696850393700787,0.8495959974984365,0.8244887421452529,0.04502045372864882,0.9535,100
67,23,100,c_prune_loro_bce,0.7779690189328744,0.8556107567229518,0.8283741442327284,0.04042472411711476,0.96075,76
67,29,25,budget_prune,0.37735849056603776,0.6052285178236397,0.6175867313439921,0.23217418934130263,0.54825,25
67,29,25,loro_bce,0.7695694716242661,0.8278531582238898,0.7874105908900135,0.058334373478508894,0.93925,25
67,29,25,c_prune_loro_bce,0.7800243605359318,0.836791994996873,0.7929187455359068,0.037619601113108886,0.97,25
67,29,50,budget_prune,0.7707196029776675,0.8282641651031897,0.7855833118084197,0.05736537905014187,0.93825,50
67,29,50,loro_bce,0.7837771805521623,0.8392570356472795,0.8023440530958773,0.03232273141652816,0.975,50
67,29,50,c_prune_loro_bce,0.7814859926918393,0.8402356472795497,0.7963564970100168,0.03357572264367127,0.971,50
67,29,100,budget_prune,0.7830119599707103,0.837278799249531,0.7951191585405466,0.03996877858788511,0.9625,100
67,29,100,loro_bce,0.7837969741337237,0.8401703564727955,0.7996141677394351,0.03204419610254787,0.97525,100
67,29,100,c_prune_loro_bce,0.7860283341475329,0.8434684177611007,0.8009251668206014,0.03807603878796525,0.96375,78
68,19,25,budget_prune,0.22192866578599735,0.587172607879925,0.591725306394452,0.24242787481955294,0.5895,25
68,19,25,loro_bce,0.7586379569354031,0.8245801125703565,0.7917784374784672,0.07885368428760185,0.92875,25
68,19,25,c_prune_loro_bce,0.7638853664722293,0.8323772357723577,0.8009450078934626,0.05652576130085804,0.963,25
68,19,50,budget_prune,0.648539778449144,0.7119842401500938,0.7028736674743025,0.20275832033292282,0.69925,50
68,19,50,loro_bce,0.7672672672672672,0.8326233896185116,0.7990308950005285,0.05513486336775599,0.95325,50
68,19,50,c_prune_loro_bce,0.7711022840119166,0.8415617260787993,0.8126910386710615,0.057429097986579816,0.94325,50
68,19,100,budget_prune,0.7684340320591861,0.8328252657911195,0.7970360555383658,0.06750317251699013,0.932,100
68,19,100,loro_bce,0.7662468513853904,0.8360520325203251,0.804394506482722,0.054215798689339435,0.95725,100
68,19,100,c_prune_loro_bce,0.7695360952617216,0.8426869293308318,0.8139112253704256,0.060518834884371875,0.9395,77
68,23,25,budget_prune,0.6108094129816395,0.6600003752345216,0.6734029888862906,0.23479873898736406,0.63275,25
68,23,25,loro_bce,0.7612053684477083,0.8408155096935586,0.816449523240124,0.06468717099255344,0.92725,25
68,23,25,c_prune_loro_bce,0.7645607107601184,0.8423864915572233,0.8062145345937376,0.048694170231296977,0.95,25
68,23,50,budget_prune,0.6604955077593248,0.7579084427767355,0.7591132256504178,0.1902771298241493,0.75825,50
68,23,50,loro_bce,0.7673328398717,0.8465215759849907,0.8210483981804811,0.051398837807071364,0.94925,50
68,23,50,c_prune_loro_bce,0.774288518155054,0.8536780487804878,0.8257447875432797,0.03513980575807963,0.966,50
68,23,100,budget_prune,0.7715836211149482,0.8475677298311443,0.8235124498680405,0.05098425384421362,0.953,100
68,23,100,loro_bce,0.7693822298793994,0.8495954971857411,0.8243778505316598,0.045067250332248406,0.95325,100
68,23,100,c_prune_loro_bce,0.777695897813805,0.8553703564727955,0.8283297551803201,0.03872692181564945,0.96225,75
68,29,25,budget_prune,0.7503700049333991,0.8027907442151345,0.7674060847727495,0.09575711036561317,0.89625,25
68,29,25,loro_bce,0.768892149669846,0.8276340212632894,0.7870391363220419,0.05893321548996762,0.9385,25
68,29,25,c_prune_loro_bce,0.7793221165569373,0.8375049405878674,0.7978404187838328,0.036615447068139344,0.9705,25
68,29,50,budget_prune,0.7707558859975217,0.8286429018136335,0.7866293894582592,0.05483435868170373,0.9405,50
68,29,50,loro_bce,0.7840742550073277,0.8390749218261415,0.802052159144078,0.03296649748750695,0.97325,50
68,29,50,c_prune_loro_bce,0.7818669266390446,0.8404552845528455,0.7967624997188107,0.03338832191370502,0.97,50
68,29,100,budget_prune,0.7830119599707103,0.8373020637898687,0.7951629228706201,0.03998186946277649,0.9625,100
68,29,100,loro_bce,0.78369140625,0.8401450906816761,0.7995541535526671,0.03250185817343521,0.97375,100
68,29,100,c_prune_loro_bce,0.7859409323895533,0.8434644152595372,0.8006158779107562,0.03835862763161867,0.9635,77
69,19,25,budget_prune,0.22192866578599735,0.587172607879925,0.591725306394452,0.24242787481955294,0.5895,25
69,19,25,loro_bce,0.7586379569354031,0.8245801125703565,0.7917784374784672,0.07885379343705566,0.92875,25
69,19,25,c_prune_loro_bce,0.7672608586492593,0.8336585365853658,0.8032435038592015,0.05337572903194906,0.9595,25
69,19,50,budget_prune,0.648539778449144,0.7119842401500938,0.7028736674743025,0.20275832035280594,0.69925,50
69,19,50,loro_bce,0.7672672672672672,0.8326233896185116,0.7990308950005285,0.05513486324104434,0.95325,50
69,19,50,c_prune_loro_bce,0.7720953326713009,0.8402193871169481,0.810170627520908,0.05668800666077846,0.94625,50
69,19,100,budget_prune,0.7684340320591861,0.8328415259537211,0.7970271584582633,0.06750936072300862,0.932,100
69,19,100,loro_bce,0.7656565656565657,0.83607779862414,0.8056591543620817,0.05447764491144397,0.95975,100
69,19,100,c_prune_loro_bce,0.7735708982925018,0.8437853658536586,0.8130122567555134,0.059699651128007625,0.9405,78
69,23,25,budget_prune,0.6108094129816395,0.6600003752345216,0.6734029888862906,0.23479873865076584,0.63275,25
69,23,25,loro_bce,0.7612053684477083,0.8408145090681676,0.8164547454764868,0.06469398386255568,0.92725,25
69,23,25,c_prune_loro_bce,0.7631513954062732,0.8446196372732957,0.8188149528122056,0.049453693639391345,0.94725,25
69,23,50,budget_prune,0.663936663936664,0.7580462789243276,0.7596809839630174,0.19038206518477238,0.75825,50
69,23,50,loro_bce,0.7671435619141589,0.8465258286429018,0.8210854908218774,0.05139772995772778,0.949,50
69,23,50,c_prune_loro_bce,0.7767703994119088,0.8542931832395246,0.8263042383894823,0.03707248779917414,0.96625,50
69,23,100,budget_prune,0.771964461994077,0.8475712320200125,0.8235248974157177,0.05096901571965265,0.953,100
69,23,100,loro_bce,0.7715337423312884,0.8496537836147592,0.8250696576028261,0.04559954902214586,0.95475,100
69,23,100,c_prune_loro_bce,0.7767133382461312,0.8556860537836146,0.8289282799236116,0.03900309354504945,0.96125,73
69,29,25,budget_prune,0.7503700049333991,0.8027864915572234,0.7673965248882268,0.09575673039892396,0.89625,25
69,29,25,loro_bce,0.7695694716242661,0.8278531582238898,0.7874105908900135,0.058334383864854344,0.93925,25
69,29,25,c_prune_loro_bce,0.7797023664308368,0.8362056285178237,0.7921369103032545,0.03964790439810218,0.9665,25
69,29,50,budget_prune,0.7727722772277228,0.8293103189493434,0.7875048869110831,0.053302993026819075,0.94425,50
69,29,50,loro_bce,0.7834597504281869,0.8392307692307693,0.8023030088356052,0.03230217156483286,0.9745,50
69,29,50,c_prune_loro_bce,0.7816764132553606,0.8404307692307693,0.7967627575740202,0.03317162132607743,0.97025,50
69,29,100,budget_prune,0.7830119599707103,0.8372790494058787,0.795115997999164,0.039967685869506414,0.9625,100
69,29,100,loro_bce,0.7837969741337237,0.8401701063164477,0.7996139116594367,0.032045914525857484,0.97525,100
69,29,100,c_prune_loro_bce,0.7863247863247863,0.8434576610381489,0.8009209519490724,0.0380688454219827,0.9635,77
70,19,25,budget_prune,0.22192866578599735,0.587172607879925,0.591725306394452,0.24242787481955294,0.5895,25
70,19,25,loro_bce,0.7363659210856999,0.810436272670419,0.7717546577878054,0.09630821865559994,0.8945,25
70,19,25,c_prune_loro_bce,0.7639657775541017,0.8337906191369606,0.8024988647687858,0.053497796555363124,0.96075,25
70,19,50,budget_prune,0.648539778449144,0.7119842401500938,0.7028736674743025,0.2027583203638294,0.69925,50
70,19,50,loro_bce,0.7633973710819009,0.8319819887429644,0.7993256293666,0.060392972915172156,0.95375,50
70,19,50,c_prune_loro_bce,0.7719123505976095,0.8398386491557224,0.8094396638666788,0.05690812898934505,0.94725,50
70,19,100,budget_prune,0.7684340320591861,0.8328252657911195,0.7970360555383658,0.06750312066957553,0.932,100
70,19,100,loro_bce,0.767794043412418,0.8361686053783615,0.804775364198856,0.05452665013607581,0.95825,100
70,19,100,c_prune_loro_bce,0.772218073188947,0.8422594121325829,0.8107786030301705,0.058859318152963,0.946,75
70,23,25,budget_prune,0.6108094129816395,0.6600003752345216,0.6734029888862906,0.23479873865076584,0.63275,25
70,23,25,loro_bce,0.7612053684477083,0.8408155096935586,0.816449523240124,0.06468717216955021,0.92725,25
70,23,25,c_prune_loro_bce,0.7633474050161411,0.8447857410881802,0.8188195322364797,0.04966502658514377,0.94825,25
70,23,50,budget_prune,0.663936663936664,0.7580462789243276,0.7596809839630174,0.19038206521326617,0.75825,50
70,23,50,loro_bce,0.7673328398717,0.8465215759849907,0.8210483981804811,0.05139883776857239,0.94925,50
70,23,50,c_prune_loro_bce,0.7735756385068763,0.8536630393996248,0.8254811379600631,0.03518193937286056,0.9655,50
70,23,100,budget_prune,0.7717739945719221,0.8475672295184491,0.8235071981008428,0.05098114261302715,0.95325,100
70,23,100,loro_bce,0.7687761635065254,0.8495952470293934,0.8243904775166955,0.04507067064186869,0.95275,100
70,23,100,c_prune_loro_bce,0.7771765863256271,0.8554296435272044,0.8283611450240919,0.03871311906722826,0.9625,74
70,29,25,budget_prune,0.749876421156698,0.8029508442776736,0.7673767359521196,0.09570974176360818,0.89625,25
70,29,25,loro_bce,0.7669760625305325,0.8278156347717324,0.7845516730434171,0.05526320353285486,0.94325,25
70,29,25,c_prune_loro_bce,0.780345414740939,0.836133583489681,0.7915613565049514,0.03714192693654944,0.971,25
70,29,50,budget_prune,0.7707196029776675,0.8282641651031897,0.7855833118084197,0.057365378974597134,0.93825,50
70,29,50,loro_bce,0.7806546165119688,0.8382426516572858,0.8000287107224582,0.03679273112058979,0.97475,50
70,29,50,c_prune_loro_bce,0.7805352798053528,0.8400500312695435,0.7966654502608763,0.03332568882456213,0.97475,50
70,29,100,budget_prune,0.7830119599707103,0.8372795497185741,0.795121583118737,0.03996715068177504,0.9625,100
70,29,100,loro_bce,0.7825030376670717,0.8398634146341464,0.7992502019283589,0.035119486722393733,0.9735,100
70,29,100,c_prune_loro_bce,0.7883817427385892,0.8433963727329581,0.8001267315832734,0.0383319901082451,0.965,78
71,19,25,budget_prune,0.22192866578599735,0.587172607879925,0.591725306394452,0.24242787481956235,0.5895,25
71,19,25,loro_bce,0.7586379569354031,0.8245801125703565,0.7917784374784672,0.07885368428760185,0.92875,25
71,19,25,c_prune_loro_bce,0.7651209677419355,0.8338106316447779,0.8028903048270359,0.05239896870005107,0.96475,25
71,19,50,budget_prune,0.648539778449144,0.7119842401500938,0.7028736674743025,0.20275832035432184,0.69925,50
71,19,50,loro_bce,0.7679599499374218,0.8328372732958099,0.8002182530380487,0.05533671616819686,0.954,50
71,19,50,c_prune_loro_bce,0.7709108960039712,0.8410121325828642,0.8128806145341432,0.05884513252146346,0.9435,50
71,19,100,budget_prune,0.7686990866452728,0.8329090681676047,0.7972757613048198,0.06731589397139658,0.9325,100
71,19,100,loro_bce,0.7656565656565657,0.8360767979987492,0.8057562021942357,0.054444594205660765,0.95975,100
71,19,100,c_prune_loro_bce,0.7688492063492064,0.8427309568480299,0.8145230001681293,0.06086707939444535,0.94175,77
71,23,25,budget_prune,0.6108094129816395,0.6600003752345216,0.6734029888862906,0.23479873864951117,0.63275,25
71,23,25,loro_bce,0.7615189873417721,0.8408685428392746,0.8164391802446549,0.06472841059106256,0.927,25
71,23,25,c_prune_loro_bce,0.7621648460774578,0.8435419637273296,0.8159616275200929,0.05219542231736968,0.945,25
71,23,50,budget_prune,0.6641179683233206,0.7580475297060664,0.7596810376221044,0.19038145201092624,0.758,50
71,23,50,loro_bce,0.7673328398717,0.8465215759849907,0.8210483981804811,0.05139883779160763,0.94925,50
71,23,50,c_prune_loro_bce,0.7765801077902988,0.8542341463414633,0.8260062372808399,0.03663721000211386,0.961,50
71,23,100,budget_prune,0.7715836211149482,0.8475677298311443,0.8235124498680405,0.05098426431669512,0.953,100
71,23,100,loro_bce,0.7704433497536946,0.8496245153220764,0.8241940154621639,0.04488475049821714,0.9545,100
71,23,100,c_prune_loro_bce,0.7774772559626261,0.8561350844277675,0.8294906269115817,0.03867484996847754,0.95975,77
71,29,25,budget_prune,0.7503700049333991,0.8027864915572234,0.7673965248882268,0.09575673193443344,0.89625,25
71,29,25,loro_bce,0.7669760625305325,0.8278321450906817,0.7845793113374592,0.055238479156007415,0.94325,25
71,29,25,c_prune_loro_bce,0.7756598240469208,0.8355634771732332,0.7931851201616806,0.03898995715963775,0.97225,25
71,29,50,budget_prune,0.7715559960356789,0.8287957473420887,0.7862971682042201,0.0564646629377173,0.93775,50
71,29,50,loro_bce,0.7765748031496063,0.838289430894309,0.7999925420438528,0.03775194401110608,0.97125,50
71,29,50,c_prune_loro_bce,0.7820575329107752,0.8396790494058788,0.7994356211464815,0.033293028719937896,0.97475,50
71,29,100,budget_prune,0.7833292712649281,0.8381385866166355,0.794701384720375,0.037522005673837386,0.966,100
71,29,100,loro_bce,0.7824390243902439,0.8400973108192622,0.7999691040501631,0.035723286361955944,0.97475,100
71,29,100,c_prune_loro_bce,0.7883675464320625,0.8425263289555973,0.8019197849698543,0.03666982786658807,0.96975,80
72,19,25,budget_prune,0.22192866578599735,0.587172607879925,0.591725306394452,0.24242787481954076,0.5895,25
72,19,25,loro_bce,0.7586379569354031,0.8245801125703565,0.7917784374784672,0.07885348955551402,0.92875,25
72,19,25,c_prune_loro_bce,0.765625,0.8335244527829894,0.8021771966012596,0.05313395401848186,0.96175,25
72,19,50,budget_prune,0.648539778449144,0.7119842401500938,0.7028736674743025,0.20275832032495752,0.69925,50
72,19,50,loro_bce,0.7683049147442327,0.8327514696685427,0.7997775914517116,0.05530049448853446,0.95525,50
72,19,50,c_prune_loro_bce,0.7715911902994308,0.8418711694809256,0.8123123178351188,0.05632677484751667,0.943,50
72,19,100,budget_prune,0.7706057596822244,0.834879549718574,0.7986962947701975,0.06082742482296645,0.93975,100
72,19,100,loro_bce,0.7656565656565657,0.8360785490931831,0.8057585082438843,0.05444603134529017,0.95975,100
72,19,100,c_prune_loro_bce,0.7722428748451053,0.8437666041275798,0.813365885049417,0.06052878513986093,0.9395,78
72,23,25,budget_prune,0.6108094129816395,0.6600003752345216,0.6734029888862906,0.23479873864146977,0.63275,25
72,23,25,loro_bce,0.7635270541082164,0.8429846153846154,0.8184364612248012,0.06130067353003341,0.94,25
72,23,25,c_prune_loro_bce,0.7627538385339276,0.8445883677298313,0.817609743366025,0.05000414311197731,0.946,25
72,23,50,budget_prune,0.6641179683233206,0.7580475297060664,0.7596810376221044,0.1903814520801698,0.758,50
72,23,50,loro_bce,0.7654626422563088,0.846196372732958,0.819959435563151,0.0542682333699286,0.9465,50
72,23,50,c_prune_loro_bce,0.7749693251533742,0.8538971857410882,0.8268091439042704,0.03567376940213522,0.96675,50
72,23,100,budget_prune,0.7758537758537759,0.843987492182614,0.8171416026673678,0.0616495608790278,0.9455,100
72,23,100,loro_bce,0.7700640078778926,0.8495677298311444,0.8241892309569226,0.04490592245276667,0.9545,100
72,23,100,c_prune_loro_bce,0.7763837638376384,0.8556412757973734,0.8302664614887278,0.038458679120764755,0.96075,74
72,29,25,budget_prune,0.7503700049333991,0.8027864915572234,0.7673965248882268,0.09575672975709795,0.89625,25
72,29,25,loro_bce,0.7669760625305325,0.8278156347717324,0.7845516730434171,0.05526318894125686,0.94325,25
72,29,25,c_prune_loro_bce,0.7783731125182659,0.8368918073796122,0.7963215437335653,0.03549065645210438,0.97375,25
72,29,50,budget_prune,0.7707196029776675,0.8282641651031897,0.7855833118084197,0.05736537898384731,0.93825,50
72,29,50,loro_bce,0.7795371498172959,0.8388332707942464,0.7999073631323297,0.03130057678641378,0.9755,50
72,29,50,c_prune_loro_bce,0.7803214807598636,0.8395397123202001,0.7952130621083895,0.03413447106446175,0.97375,50
72,29,100,budget_prune,0.78271484375,0.8373866166353973,0.7949281346974809,0.040196062019861645,0.96125,100
72,29,100,loro_bce,0.7823758519961052,0.8399844903064416,0.8002368101652988,0.0325007680952684,0.97375,100
72,29,100,c_prune_loro_bce,0.7868131868131868,0.8428762976860538,0.7989486772521492,0.03857973066971903,0.9645,78
73,19,25,budget_prune,0.22192866578599735,0.587172607879925,0.591725306394452,0.24242787481955294,0.5895,25
73,19,25,loro_bce,0.758137205808713,0.8245931207004378,0.7917897799527339,0.07896346917846421,0.92975,25
73,19,25,c_prune_loro_bce,0.7666415473499121,0.833626516572858,0.8018005506118637,0.053631594699642446,0.9605,25
73,19,50,budget_prune,0.648539778449144,0.7119842401500938,0.7028736674743025,0.202758320304715,0.69925,50
73,19,50,loro_bce,0.767459324155194,0.8326724202626642,0.7992797954240907,0.05534418375818409,0.9535,50
73,19,50,c_prune_loro_bce,0.7712937670722623,0.8415879924953095,0.8130812108331834,0.057844948280593424,0.9445,50
73,19,100,budget_prune,0.7686990866452728,0.832912320200125,0.7972717057270108,0.06727604284920764,0.9325,100
73,19,100,loro_bce,0.7666666666666667,0.8362979362101313,0.8060199772769965,0.05428769218974236,0.95925,100
73,19,100,c_prune_loro_bce,0.7734258800198315,0.8434791744840525,0.8132814408241744,0.06005210400325234,0.94025,79
73,23,25,budget_prune,0.6108094129816395,0.6600003752345216,0.6734029888862906,0.23479873870471113,0.63275,25
73,23,25,loro_bce,0.7612053684477083,0.8408155096935586,0.816449523240124,0.06468717201661772,0.92725,25
73,23,25,c_prune_loro_bce,0.7621407333994054,0.8414351469668543,0.80685931100909,0.051106873006895794,0.946,25
73,23,50,budget_prune,0.663936663936664,0.7580462789243276,0.7596809839630174,0.19038206519410575,0.75825,50
73,23,50,loro_bce,0.7654626422563088,0.846196372732958,0.819959435563151,0.05426823321880609,0.9465,50
73,23,50,c_prune_loro_bce,0.7749693251533742,0.8540217636022516,0.8251106499097645,0.03588786838074961,0.96325,50
73,23,100,budget_prune,0.7715836211149482,0.8475707317073171,0.8235194504232585,0.05098297041557205,0.953,100
73,23,100,loro_bce,0.7687761635065254,0.8495949968730456,0.8243840435478289,0.04506995393285929,0.95275,100
73,23,100,c_prune_loro_bce,0.7765748031496063,0.8561033145716072,0.8292152678133331,0.03914280632394206,0.957,74
73,29,25,budget_prune,0.37735849056603776,0.6052285178236397,0.6175867313439921,0.23217418991453906,0.54825,25
73,29,25,loro_bce,0.7695694716242661,0.8278531582238898,0.7874105908900135,0.05833436624753901,0.93925,25
73,29,25,c_prune_loro_bce,0.7802974884174592,0.836472545340838,0.7933956815341258,0.03932825293071098,0.9685,25
73,29,50,budget_prune,0.7707196029776675,0.8282641651031897,0.7855833118084197,0.05736537887612171,0.93825,50
73,29,50,loro_bce,0.7837771805521623,0.8392550343964978,0.8023433998278221,0.032322241130686435,0.975,50
73,29,50,c_prune_loro_bce,0.7813794784304168,0.8402461538461539,0.7963935420369931,0.03367460128505375,0.9705,50
73,29,100,budget_prune,0.7825237979009031,0.8373923702313947,0.7951893394602771,0.040203824542444186,0.962,100
73,29,100,loro_bce,0.7839024390243903,0.8402371482176361,0.7998341920877804,0.032416989075726405,0.97525,100
73,29,100,c_prune_loro_bce,0.7860283341475329,0.8434966854283927,0.8010538954260837,0.03815321369721094,0.96325,77
74,19,25,budget_prune,0.22192866578599735,0.587172607879925,0.591725306394452,0.24242787481953695,0.5895,25
74,19,25,loro_bce,0.7569601203912716,0.8241580988117575,0.7915315491676709,0.07821122354093342,0.9305,25
74,19,25,c_prune_loro_bce,0.7608471074380165,0.8226303939962476,0.7947589042829462,0.05544300521852074,0.97475,25
74,19,50,budget_prune,0.648539778449144,0.7119842401500938,0.7028736674743025,0.2027583203234803,0.69925,50
74,19,50,loro_bce,0.7681123088493357,0.8327737335834897,0.799705800131037,0.055291344149456224,0.9555,50
74,19,50,c_prune_loro_bce,0.7690007475703962,0.8402746716697936,0.8090740513843262,0.05613949908929912,0.9495,50
74,19,100,budget_prune,0.7686990866452728,0.8329033145716073,0.7972649784224838,0.06731559636240672,0.9325,100
74,19,100,loro_bce,0.7656565656565657,0.8360765478424014,0.8056813937277602,0.05447181623004307,0.95975,100
74,19,100,c_prune_loro_bce,0.7726027397260274,0.8422939337085678,0.8112229640998412,0.05928680260878502,0.945,77
74,23,25,budget_prune,0.6108094129816395,0.6600003752345216,0.6734029888862906,0.23479873865202505,0.63275,25
74,23,25,loro_bce,0.7612053684477083,0.8408155096935586,0.816449523240124,0.06468717177627184,0.92725,25
74,23,25,c_prune_loro_bce,0.7597709733632064,0.84100162601626,0.8141797103079079,0.05567961950299832,0.94225,25
74,23,50,budget_prune,0.6641179683233206,0.7580475297060664,0.7596810376221044,0.19038145192951778,0.758,50
74,23,50,loro_bce,0.7675622381069755,0.8461033145716073,0.8202394264761586,0.05060316849383596,0.94875,50
74,23,50,c_prune_loro_bce,0.7764705882352941,0.8541671044402752,0.8262800545000989,0.03677516112843609,0.9655,50
74,23,100,budget_prune,0.771964461994077,0.8475712320200125,0.8235254585972666,0.050972654512086026,0.953,100
74,23,100,loro_bce,0.7706286836935167,0.8496605378361475,0.8249550464716497,0.04565852862142018,0.954,100
74,23,100,c_prune_loro_bce,0.7767944936086529,0.8559412132582863,0.8292492355650469,0.03900341379661553,0.961,77
74,29,25,budget_prune,0.37735849056603776,0.6052285178236397,0.6175867313439921,0.23217418991453906,0.54825,25
74,29,25,loro_bce,0.7664054848188051,0.8237520950594122,0.7671238383516258,0.05258157016692937,0.94325,25
74,29,25,c_prune_loro_bce,0.7623541097591259,0.8299202001250782,0.7858925109520987,0.04510593724227777,0.948,25
74,29,50,budget_prune,0.7707196029776675,0.8282641651031897,0.7855833118084197,0.05736537904890996,0.93825,50
74,29,50,loro_bce,0.7718351324828263,0.8343382113821138,0.7936162291756241,0.035844072753444985,0.96125,50
74,29,50,c_prune_loro_bce,0.7800243605359318,0.839965478424015,0.7997997155141737,0.037745747211131005,0.973,50
74,29,100,budget_prune,0.7825237979009031,0.8373908692933083,0.7951855047843917,0.04020384959536158,0.962,100
74,29,100,loro_bce,0.7797517644195668,0.8384167604752971,0.7978294795868556,0.03650849720102816,0.971,100
74,29,100,c_prune_loro_bce,0.7857843137254902,0.8427552220137586,0.8042752795387967,0.039449413146072476,0.96775,76
75,19,25,budget_prune,0.22192866578599735,0.587172607879925,0.591725306394452,0.2424278748195447,0.5895,25
75,19,25,loro_bce,0.7569060773480663,0.8239982489055659,0.7912065067491523,0.07891544907849894,0.92875,25
75,19,25,c_prune_loro_bce,0.7653138391731787,0.8337445903689806,0.8028654612965391,0.05284687474828256,0.9635,25
75,19,50,budget_prune,0.648539778449144,0.7119842401500938,0.7028736674743025,0.20275832035859243,0.69925,50
75,19,50,loro_bce,0.7671507260891337,0.8326941838649157,0.7990834216048422,0.0553431750622086,0.95375,50
75,19,50,c_prune_loro_bce,0.7701832590391283,0.8420280175109444,0.8127925840057625,0.05661930939460433,0.94375,50
75,19,100,budget_prune,0.768319763138416,0.8314006253908692,0.7946815543770147,0.06886436873193219,0.9315,100
75,19,100,loro_bce,0.7656565656565657,0.8360767979987491,0.8056805883727829,0.05447147252793356,0.95975,100
75,19,100,c_prune_loro_bce,0.7726597325408618,0.8433550969355847,0.8125479375963803,0.06016607696964976,0.93875,79
75,23,25,budget_prune,0.6108094129816395,0.6600003752345216,0.6734029888862906,0.23479873854259295,0.63275,25
75,23,25,loro_bce,0.7612053684477083,0.8408155096935586,0.816449523240124,0.06468717286976286,0.92725,25
75,23,25,c_prune_loro_bce,0.760248447204969,0.8440607879924954,0.8168557766477552,0.05511785526294895,0.94575,25
75,23,50,budget_prune,0.6641179683233206,0.7580475297060664,0.7596810376221044,0.19038145117866503,0.758,50
75,23,50,loro_bce,0.7673328398717,0.8465215759849907,0.8210483981804811,0.051398837782536615,0.94925,50
75,23,50,c_prune_loro_bce,0.7761413843888071,0.8538126328955598,0.8251522508167715,0.03737093424617008,0.9635,50
75,23,100,budget_prune,0.7715836211149482,0.8475707317073171,0.8235194504232585,0.05098302659975125,0.953,100
75,23,100,loro_bce,0.7704433497536946,0.8496245153220764,0.8241940154621639,0.04488475050849071,0.9545,100
75,23,100,c_prune_loro_bce,0.7769041769041769,0.855244277673546,0.8280322020806565,0.03961242556016031,0.961,75
75,29,25,budget_prune,0.7503700049333991,0.8027864915572234,0.7673965248882268,0.09575672927679256,0.89625,25
75,29,25,loro_bce,0.7695694716242661,0.8278531582238898,0.7874105908900135,0.05833436624753901,0.93925,25
75,29,25,c_prune_loro_bce,0.7791125275802893,0.834794746716698,0.7935636901339235,0.04137580584798813,0.9685,25
75,29,50,budget_prune,0.7707196029776675,0.8282641651031897,0.7855833118084197,0.05736537908100797,0.93825,50
75,29,50,loro_bce,0.7817333660692365,0.8380565353345842,0.8019936933092743,0.036724990623637536,0.9725,50
75,29,50,c_prune_loro_bce,0.7811284046692607,0.8406306441525954,0.7976430308472684,0.03293943389251794,0.97175,50
75,29,100,budget_prune,0.7830119599707103,0.837279549718574,0.7951198571567756,0.03996878068688089,0.9625,100
75,29,100,loro_bce,0.7839220462850183,0.8402669168230144,0.8003283881702605,0.03342559029064249,0.975,100
75,29,100,c_prune_loro_bce,0.7859409323895533,0.8432332707942465,0.8009596751813954,0.03676621006010161,0.966,77
76,19,25,budget_prune,0.22192866578599735,0.587172607879925,0.591725306394452,0.24242787481956235,0.5895,25
76,19,25,loro_bce,0.7592267135325131,0.8238288930581613,0.7916046670947827,0.07810640965430948,0.9305,25
76,19,25,c_prune_loro_bce,0.7645722937168812,0.8317873671044401,0.80037277778291,0.05633013603125329,0.961,25
76,19,50,budget_prune,0.6478304742684158,0.7118746716697937,0.7018559117249845,0.2028481091437501,0.69875,50
76,19,50,loro_bce,0.7671917979494873,0.8330046278924328,0.7992717081740268,0.05530155843094684,0.9515,50
76,19,50,c_prune_loro_bce,0.7707558859975217,0.8418356472795496,0.8119141296604535,0.05643486008811883,0.944,50
76,19,100,budget_prune,0.7688516510596353,0.8327407129455909,0.7966206263447546,0.0674166249961771,0.93175,100
76,19,100,loro_bce,0.7681451612903226,0.8366023764853033,0.8065587788222366,0.05441393602476303,0.95875,100
76,19,100,c_prune_loro_bce,0.7747836835599505,0.8433083176985616,0.8121633663318434,0.05946478404304371,0.9395,77
76,23,25,budget_prune,0.6108094129816395,0.6600003752345216,0.6734029888862906,0.23479873865202505,0.63275,25
76,23,25,loro_bce,0.7634543178973717,0.8430216385240775,0.8185285473083718,0.06124354573242618,0.94075,25
76,23,25,c_prune_loro_bce,0.7622326038849274,0.8434461538461537,0.8170917803256758,0.055918703831820064,0.94075,25
76,23,50,budget_prune,0.6641179683233206,0.7580475297060664,0.7596810376221044,0.19038145187142186,0.758,50
76,23,50,loro_bce,0.7688132247717739,0.8461553470919324,0.8208104746646789,0.0503792068845221,0.94825,50
76,23,50,c_prune_loro_bce,0.7737512242899118,0.8536485303314572,0.82630265140326,0.03451657374358754,0.9665,50
76,23,100,budget_prune,0.771964461994077,0.8475684803001876,0.8235199124009664,0.05103166719327123,0.9535,100
76,23,100,loro_bce,0.7701375245579568,0.8496562851782365,0.8247797634141392,0.04554306844165468,0.955,100
76,23,100,c_prune_loro_bce,0.7767944936086529,0.8560835522201377,0.8296938022476784,0.0396612352120102,0.961,77
76,29,25,budget_prune,0.7503700049333991,0.8027864915572234,0.7673965248882268,0.09575672927679256,0.89625,25
76,29,25,loro_bce,0.7695694716242661,0.8278531582238898,0.7874105908900135,0.05833436624753901,0.93925,25
76,29,25,c_prune_loro_bce,0.781524926686217,0.8374331457160726,0.7937749585502129,0.037324611198320035,0.96675,25
76,29,50,budget_prune,0.7707196029776675,0.8282641651031897,0.7855833118084197,0.05736537902912535,0.93825,50
76,29,50,loro_bce,0.7828220858895706,0.8377931207004378,0.8017537258640637,0.034617997838720146,0.9745,50
76,29,50,c_prune_loro_bce,0.780107264748903,0.840158348968105,0.7982147611637828,0.03380412914604847,0.96875,50
76,29,100,budget_prune,0.7830119599707103,0.8372757973733582,0.795111847268608,0.039974822012302055,0.9625,100
76,29,100,loro_bce,0.7824817518248175,0.8400712945590995,0.8002484006161316,0.03288420941945746,0.97375,100
76,29,100,c_prune_loro_bce,0.7840547811200782,0.8435602251407128,0.803705635607538,0.03805737382722772,0.964,78
77,19,25,budget_prune,0.22192866578599735,0.587172607879925,0.591725306394452,0.24242787481955294,0.5895,25
77,19,25,loro_bce,0.7372116349047142,0.8116730456535335,0.775472234161016,0.09594988995583943,0.89275,25
77,19,25,c_prune_loro_bce,0.7688833124215809,0.8338146341463416,0.8033250108803418,0.0529659596810901,0.9595,25
77,19,50,budget_prune,0.648539778449144,0.7119842401500938,0.7028736674743025,0.20275832037460165,0.69925,50
77,19,50,loro_bce,0.7642604745078243,0.8322851782363977,0.7982414399554643,0.05913427860131258,0.95225,50
77,19,50,c_prune_loro_bce,0.7718253968253969,0.8413846153846153,0.812821640452523,0.05768378885827475,0.94375,50
77,19,100,budget_prune,0.7686235816477553,0.8328285178236399,0.7969414336606532,0.06730553910607355,0.93225,100
77,19,100,loro_bce,0.7676411290322581,0.8363664790494058,0.8061901111227264,0.05457473996340579,0.95825,100
77,19,100,c_prune_loro_bce,0.7738743196437408,0.8433080675422139,0.8122282531323582,0.05968716778665393,0.93975,76
77,23,25,budget_prune,0.6108094129816395,0.6600003752345216,0.6734029888862906,0.23479873854259295,0.63275,25
77,23,25,loro_bce,0.7586382113821138,0.8394536585365854,0.8152386893024635,0.06851776074221137,0.925,25
77,23,25,c_prune_loro_bce,0.7593556381660471,0.8414589118198873,0.8117429938944469,0.0526371956029962,0.94375,25
77,23,50,budget_prune,0.6641179683233206,0.7580475297060664,0.7596810376221044,0.19038145211705135,0.758,50
77,23,50,loro_bce,0.7660208643815202,0.8459126954346465,0.8200806100864795,0.054051410736049584,0.945,50
77,23,50,c_prune_loro_bce,0.7742569393269467,0.8538736710444028,0.8261737627250135,0.03541429499046248,0.96475,50
77,23,100,budget_prune,0.7717739945719221,0.8475704815509693,0.82351487919068,0.05099450206492923,0.95325,100
77,23,100,loro_bce,0.7687761635065254,0.8495952470293934,0.8243904775166955,0.045070670282633715,0.95275,100
77,23,100,c_prune_loro_bce,0.7776684702410231,0.8556732958098812,0.8297486145255977,0.03839071271224724,0.96,72
77,29,25,budget_prune,0.37735849056603776,0.6052285178236397,0.6175867313439921,0.23217419048318363,0.54825,25
77,29,25,loro_bce,0.7708129285014691,0.8284402751719824,0.7877309535756833,0.05668251756216385,0.94325,25
77,29,25,c_prune_loro_bce,0.7794296855959054,0.8367242026266416,0.7923584653238144,0.03740127033612977,0.9715,25
77,29,50,budget_prune,0.7707196029776675,0.8282641651031897,0.7855833118084197,0.05736537861327325,0.93825,50
77,29,50,loro_bce,0.7841603519921779,0.8390844277673546,0.8021955674238448,0.03241388020217524,0.9725,50
77,29,50,c_prune_loro_bce,0.7814859926918393,0.8400825515947468,0.7961028586002634,0.03382349633445509,0.971,50
77,29,100,budget_prune,0.7825237979009031,0.8373908692933083,0.7951858204030474,0.04020461071146396,0.962,100
77,29,100,loro_bce,0.7826510721247564,0.8401413383364604,0.8004469271582325,0.03152350652410537,0.97375,100
77,29,100,c_prune_loro_bce,0.7863247863247863,0.8432820512820514,0.8005301178104163,0.038139974472925796,0.9635,77
78,19,25,budget_prune,0.22192866578599735,0.587172607879925,0.591725306394452,0.24242787481954206,0.5895,25
78,19,25,loro_bce,0.75671604318353,0.8239944965603504,0.7912193061503651,0.07891809231991687,0.9285,25
78,19,25,c_prune_loro_bce,0.7689603214465093,0.8347382113821138,0.803825643896775,0.05338926900792534,0.95925,25
78,19,50,budget_prune,0.648539778449144,0.7119842401500938,0.7028736674743025,0.202758320351778,0.69925,50
78,19,50,loro_bce,0.7672672672672672,0.8326321450906816,0.7990323816140305,0.055154027678578785,0.95325,50
78,19,50,c_prune_loro_bce,0.7701832590391283,0.8420280175109444,0.8127925840057625,0.056619309546421984,0.94375,50
78,19,100,budget_prune,0.7686235816477553,0.8328285178236399,0.7969414336606532,0.06730550809436527,0.93225,100
78,19,100,loro_bce,0.7656565656565657,0.8360722951844903,0.805667217765322,0.05447075543497352,0.95975,100
78,19,100,c_prune_loro_bce,0.7728174603174603,0.8434931832395247,0.8134346342830933,0.05966467477288201,0.94075,79
78,23,25,budget_prune,0.6108094129816395,0.6600003752345216,0.6734029888862906,0.23479873898736406,0.63275,25
78,23,25,loro_bce,0.7635270541082164,0.8429846153846154,0.8184364612248012,0.06130067502428793,0.94,25
78,23,25,c_prune_loro_bce,0.7616451932606542,0.844459287054409,0.8172884269530997,0.049149646229236586,0.9485,25
78,23,50,budget_prune,0.6641179683233206,0.7580475297060664,0.7596810376221044,0.1903814504439731,0.758,50
78,23,50,loro_bce,0.7673328398717,0.8465215759849907,0.8210483981804811,0.051398837809368256,0.94925,50
78,23,50,c_prune_loro_bce,0.7769607843137255,0.8538474046278923,0.8255824710540679,0.03613506064410719,0.966,50
78,23,100,budget_prune,0.771964461994077,0.8475714821763602,0.8235250035241233,0.050969071843306187,0.953,100
78,23,100,loro_bce,0.7693822298793994,0.8495954971857411,0.8243778505316598,0.045067250391005884,0.95325,100
78,23,100,c_prune_loro_bce,0.7776684702410231,0.8559702313946218,0.8299222737909111,0.03985313874735104,0.959,77
78,29,25,budget_prune,0.7503700049333991,0.8027864915572234,0.7673965248882268,0.09575673193443344,0.89625,25
78,29,25,loro_bce,0.7669760625305325,0.8278316447779863,0.7845788854938297,0.05523845377646299,0.94325,25
78,29,25,c_prune_loro_bce,0.7785071723802577,0.8359752345215761,0.7932725746671112,0.03625515665078842,0.9725,25
78,29,50,budget_prune,0.7707196029776675,0.8282641651031897,0.7855833118084197,0.057365379055673044,0.93825,50
78,29,50,loro_bce,0.7796445093742391,0.8388357723577234,0.7998687552733008,0.031281520282784976,0.975,50
78,29,50,c_prune_loro_bce,0.7805352798053528,0.8400500312695435,0.7966654502608763,0.03332568882400946,0.97475,50
78,29,100,budget_prune,0.7830119599707103,0.8372803001876172,0.7951235610613769,0.03996709838539829,0.9625,100
78,29,100,loro_bce,0.7823758519961052,0.8399844903064416,0.8002368101652988,0.03250076805635197,0.97375,100
78,29,100,c_prune_loro_bce,0.7873900293255132,0.84323176985616,0.8001670858136503,0.03813314795854129,0.96575,78
79,19,25,budget_prune,0.22192866578599735,0.587172607879925,0.591725306394452,0.24242787481955294,0.5895,25
79,19,25,loro_bce,0.7588794397198599,0.8245776110068792,0.7921953728240743,0.07833668413375798,0.92975,25
79,19,25,c_prune_loro_bce,0.7636916835699797,0.8307194496560348,0.7975456105356963,0.06082564813224226,0.96075,25
79,19,50,budget_prune,0.648539778449144,0.7119842401500938,0.7028736674743025,0.2027583203092251,0.69925,50
79,19,50,loro_bce,0.7694618272841052,0.8330426516572857,0.8002901489171363,0.05541058530036762,0.953,50
79,19,50,c_prune_loro_bce,0.7707558859975217,0.8419872420262664,0.8123881787059448,0.05654498414858505,0.9435,50
79,19,100,budget_prune,0.7682445759368837,0.8328565353345841,0.7970042411437817,0.06727314527557948,0.93225,100
79,19,100,loro_bce,0.7663551401869159,0.8363289555972484,0.8057510825021316,0.05431146551044993,0.9595,100
79,19,100,c_prune_loro_bce,0.7728511270745603,0.843264540337711,0.8119545683338428,0.059771904600493315,0.9405,78
79,23,25,budget_prune,0.6108094129816395,0.6600003752345216,0.6734029888862906,0.23479873854259295,0.63275,25
79,23,25,loro_bce,0.7635270541082164,0.8429836147592245,0.8184346948040846,0.061300611368129435,0.94,25
79,23,25,c_prune_loro_bce,0.7647058823529411,0.8450113821138212,0.8171710869340791,0.0482346766868506,0.9505,25
79,23,50,budget_prune,0.6641179683233206,0.7580475297060664,0.7596810376221044,0.19038145195657713,0.758,50
79,23,50,loro_bce,0.7673328398717,0.8465215759849907,0.8210483981804811,0.05139883778529477,0.94925,50
79,23,50,c_prune_loro_bce,0.7718005404077622,0.8536830519074421,0.8250245075529081,0.03511031597725556,0.96225,50
79,23,100,budget_prune,0.771964461994077,0.8475712320200125,0.8235248974157177,0.0509690114653628,0.953,100
79,23,100,loro_bce,0.7693822298793994,0.8495957473420889,0.8243781285783576,0.04506725717946171,0.95325,100
79,23,100,c_prune_loro_bce,0.7753498649643997,0.8556570356472795,0.8290190931045838,0.038523476966745906,0.96075,74
79,29,25,budget_prune,0.749876421156698,0.8029508442776736,0.7673767359521196,0.09570974175356727,0.89625,25
79,29,25,loro_bce,0.7708129285014691,0.8284402751719824,0.7877309535756833,0.056682517976391865,0.94325,25
79,29,25,c_prune_loro_bce,0.7778587035688274,0.8337751094434022,0.7892934694834451,0.04073539302177614,0.9615,25
79,29,50,budget_prune,0.7707196029776675,0.8282641651031897,0.7855833118084197,0.057365379093750855,0.93825,50
79,29,50,loro_bce,0.77880859375,0.8380127579737336,0.7998613301058596,0.036860900028877555,0.97375,50
79,29,50,c_prune_loro_bce,0.7806420233463035,0.8398363977485929,0.796202741341039,0.03358215990813924,0.97425,50
79,29,100,budget_prune,0.78271484375,0.8373866166353973,0.7949281346974809,0.04019609739270657,0.96125,100
79,29,100,loro_bce,0.7820170109356015,0.8396202626641651,0.7996665413198696,0.03486310207499031,0.973,100
79,29,100,c_prune_loro_bce,0.7874054185989748,0.8429898686679176,0.7996987593720193,0.03815534999958579,0.966,79
80,19,25,budget_prune,0.22192866578599735,0.587172607879925,0.591725306394452,0.24242787481955883,0.5895,25
80,19,25,loro_bce,0.758137205808713,0.8245931207004378,0.7917897799527339,0.0789634691689378,0.92975,25
80,19,25,c_prune_loro_bce,0.7653138391731787,0.833837148217636,0.8018331492708628,0.05274547396772378,0.964,25
80,19,50,budget_prune,0.648539778449144,0.7119842401500938,0.7028736674743025,0.20275832033241104,0.69925,50
80,19,50,loro_bce,0.7639484978540773,0.8319434646654158,0.798087477451257,0.05874626367749876,0.953,50
80,19,50,c_prune_loro_bce,0.7720953326713009,0.8411367104440275,0.8126591991164301,0.057474897467694686,0.94475,50
80,19,100,budget_prune,0.7684340320591861,0.8327071919949969,0.7966552502236495,0.06764285502582933,0.9315,100
80,19,100,loro_bce,0.7656565656565657,0.8360787992495309,0.805756988239347,0.05444427001595037,0.95975,100
80,19,100,c_prune_loro_bce,0.7732342007434945,0.8434241400875546,0.8125753156687583,0.05938327815797618,0.9415,76
80,23,25,budget_prune,0.6108094129816395,0.6600003752345216,0.6734029888862906,0.2347987386426193,0.63275,25
80,23,25,loro_bce,0.7612053684477083,0.8408155096935586,0.816449523240124,0.06468716968148128,0.92725,25
80,23,25,c_prune_loro_bce,0.7635201573254671,0.8458356472795499,0.822275976075027,0.05111538329785978,0.945,25
80,23,50,budget_prune,0.6641179683233206,0.7580475297060664,0.7596810376221044,0.19038145206098187,0.758,50
80,23,50,loro_bce,0.7673328398717,0.8465215759849907,0.8210483981804811,0.05139883776919289,0.94925,50
80,23,50,c_prune_loro_bce,0.773686794305351,0.8538589118198875,0.8263789888400704,0.035167269696790196,0.9655,50
80,23,100,budget_prune,0.7723797780517879,0.8474754221388369,0.8235010366203677,0.05093802837358195,0.95275,100
80,23,100,loro_bce,0.7701375245579568,0.8496562851782365,0.8247797634141392,0.04554306844447885,0.955,100
80,23,100,c_prune_loro_bce,0.7772861356932154,0.8561723577235772,0.8298436120899839,0.03964285789006218,0.9605,74
80,29,25,budget_prune,0.749876421156698,0.8029508442776736,0.7673767359521196,0.095709741763793,0.89625,25
80,29,25,loro_bce,0.7695694716242661,0.8278531582238898,0.7874105908900135,0.05833436624753901,0.93925,25
80,29,25,c_prune_loro_bce,0.7779941577409932,0.8328695434646655,0.7890830934386983,0.04393240769095386,0.95675,25
80,29,50,budget_prune,0.7704511650966782,0.8287864915572233,0.786252383365599,0.056336402178666395,0.93825,50
80,29,50,loro_bce,0.7828220858895706,0.8377933708567855,0.8017537956560687,0.03461799749579498,0.9745,50
80,29,50,c_prune_loro_bce,0.7811890838206628,0.8402619136960601,0.7964430608163942,0.033630922216385896,0.97075,50
80,29,100,budget_prune,0.7830119599707103,0.8372787992495309,0.7951186130035697,0.03996869253120239,0.9625,100
80,29,100,loro_bce,0.7818889970788705,0.840080550343965,0.8003133165552179,0.033334755181118815,0.97275,100
80,29,100,c_prune_loro_bce,0.787197654532128,0.8431587242026266,0.8006424172730553,0.03739874721950722,0.965,79
81,19,25,budget_prune,0.22192866578599735,0.587172607879925,0.591725306394452,0.24242787481955294,0.5895,25
81,19,25,loro_bce,0.758137205808713,0.8245931207004378,0.7917897799527339,0.07896346914256287,0.92975,25
81,19,25,c_prune_loro_bce,0.7666666666666667,0.8330041275797373,0.8023542309014537,0.053501445734114576,0.96475,25
81,19,50,budget_prune,0.648539778449144,0.7119842401500938,0.7028736674743025,0.2027583203562868,0.69925,50
81,19,50,loro_bce,0.767459324155194,0.8327517198248907,0.7999250607862345,0.05538778332189717,0.9535,50
81,19,50,c_prune_loro_bce,0.7701832590391283,0.8420282676672921,0.8127930018805065,0.05661930894960693,0.94375,50
81,19,100,budget_prune,0.7686235816477553,0.8328285178236399,0.7969414336606532,0.06730550055191863,0.93225,100
81,19,100,loro_bce,0.7656565656565657,0.8360770481550971,0.8057573413493425,0.05444333768494879,0.95975,100
81,19,100,c_prune_loro_bce,0.7737623762376238,0.8433418386491557,0.812728076574394,0.06021813219905661,0.93775,79
81,23,25,budget_prune,0.6108094129816395,0.6600003752345216,0.6734029888862906,0.23479873864951117,0.63275,25
81,23,25,loro_bce,0.7633894895649987,0.8425165728580362,0.81676499893093,0.059883111178251666,0.93375,25
81,23,25,c_prune_loro_bce,0.7619047619047619,0.8443154471544716,0.8166670590601011,0.04989904397400744,0.947,25
81,23,50,budget_prune,0.6571271326362136,0.7575577235772357,0.7592055704880909,0.1894182319711307,0.752,50
81,23,50,loro_bce,0.7659259259259259,0.8468315196998123,0.8204802292040838,0.05216046189557939,0.949,50
81,23,50,c_prune_loro_bce,0.771757783770532,0.8536843026891808,0.8254269220428936,0.034820489637582434,0.96325,50
81,23,100,budget_prune,0.7712450592885376,0.8459021888680425,0.8216616296390511,0.052642133434484414,0.95,100
81,23,100,loro_bce,0.7700640078778926,0.8495677298311444,0.8241892309569226,0.04490592246094953,0.9545,100
81,23,100,c_prune_loro_bce,0.774526678141136,0.855540712945591,0.829027754939545,0.03784839771739643,0.96025,74
81,29,25,budget_prune,0.37735849056603776,0.6052285178236397,0.6175867313439921,0.23217418926778916,0.54825,25
81,29,25,loro_bce,0.7669760625305325,0.8278321450906817,0.7845793113374592,0.05523841293253031,0.94325,25
81,29,25,c_prune_loro_bce,0.7766942954656265,0.8368377736085053,0.798087536807158,0.03631905160429839,0.97225,25
81,29,50,budget_prune,0.7704511650966782,0.8287864915572233,0.786252383365599,0.05633640608677148,0.93825,50
81,29,50,loro_bce,0.7806546165119688,0.8382426516572858,0.8000287107224582,0.03679274169866754,0.97475,50
81,29,50,c_prune_loro_bce,0.7803214807598636,0.8395397123202001,0.7952130621083895,0.03413448482283695,0.97375,50
81,29,100,budget_prune,0.7829059829059829,0.8373653533458413,0.794939356854524,0.04019912017554555,0.9615,100
81,29,100,loro_bce,0.7825030376670717,0.8398634146341464,0.7992502019283589,0.03511948671840192,0.9735,100
81,29,100,c_prune_loro_bce,0.7868131868131868,0.8428632895559725,0.7989011542877347,0.03862281947993041,0.9645,78
82,19,25,budget_prune,0.22192866578599735,0.587172607879925,0.591725306394452,0.24242787481952963,0.5895,25
82,19,25,loro_bce,0.7608750314307267,0.8283864915572232,0.7961987714028907,0.0733786972529809,0.93,25
82,19,25,c_prune_loro_bce,0.7591542031975245,0.8224765478424015,0.7981540995508423,0.05964919800077993,0.96825,25
82,19,50,budget_prune,0.648539778449144,0.7119842401500938,0.7028736674743025,0.20275832027033264,0.69925,50
82,19,50,loro_bce,0.767575681761321,0.8327587242026266,0.7999370896415534,0.05545604697558561,0.953,50
82,19,50,c_prune_loro_bce,0.7690393230462916,0.8402836772983114,0.8090123726360166,0.055976695081278484,0.94975,50
82,19,100,budget_prune,0.7682445759368837,0.8328565353345841,0.7970042411437817,0.06727290323399504,0.93225,100
82,19,100,loro_bce,0.7658499621116444,0.8360895559724827,0.8058731977336747,0.054578885038287846,0.9595,100
82,19,100,c_prune_loro_bce,0.7716849451645065,0.8421686053783615,0.8108170005629458,0.058976449113564984,0.94725,76
82,23,25,budget_prune,0.6108094129816395,0.6600003752345216,0.6734029888862906,0.23479873863578193,0.63275,25
82,23,25,loro_bce,0.7612053684477083,0.8407677298311443,0.816330253680126,0.06474922455053038,0.92675,25
82,23,25,c_prune_loro_bce,0.7641114123736751,0.8444287679799874,0.8181609873996343,0.04954822755036114,0.94925,25
82,23,50,budget_prune,0.6641179683233206,0.7580475297060664,0.7596810376221044,0.19038145208297944,0.758,50
82,23,50,loro_bce,0.7648373479016638,0.8462969355847405,0.8205287835022719,0.05459476729413403,0.94375,50
82,23,50,c_prune_loro_bce,0.7747482191107836,0.8540065040650406,0.8265371009473315,0.035415612248192174,0.96525,50
82,23,100,budget_prune,0.7711676129350777,0.8475472170106316,0.8235015954912237,0.050970615669425554,0.95275,100
82,23,100,loro_bce,0.7696850393700787,0.8495989993746094,0.8244925970866027,0.045018443110737605,0.9535,100
82,23,100,c_prune_loro_bce,0.7782694198623402,0.8554013758599124,0.8289235910896359,0.03809353635883558,0.9615,74
82,29,25,budget_prune,0.7503700049333991,0.8027864915572234,0.7673965248882268,0.09575672902681416,0.89625,25
82,29,25,loro_bce,0.769682151589242,0.8279837398373984,0.7877824809328836,0.058305080170058705,0.93925,25
82,29,25,c_prune_loro_bce,0.7757694186614558,0.8359929956222639,0.7933584543955314,0.03673497303639011,0.97175,25
82,29,50,budget_prune,0.7715559960356789,0.8287869918699187,0.7863086951356149,0.05645681438355086,0.93775,50
82,29,50,loro_bce,0.780905752753978,0.8376850531582238,0.7987522419427087,0.03698595894495667,0.9725,50
82,29,50,c_prune_loro_bce,0.7807017543859649,0.8395171982489057,0.7950748483268351,0.03406644697810917,0.97275,50
82,29,100,budget_prune,0.7830119599707103,0.837278799249531,0.7951191585405466,0.03996877918158741,0.9625,100
82,29,100,loro_bce,0.782798833819242,0.8393821138211383,0.7993880991560391,0.03501020932065137,0.97275,100
82,29,100,c_prune_loro_bce,0.7880859375,0.8430056285178236,0.7991354682208122,0.0387498897274842,0.96575,78
83,19,25,budget_prune,0.22192866578599735,0.587172607879925,0.591725306394452,0.24242787481955294,0.5895,25
83,19,25,loro_bce,0.7363659210856999,0.810436272670419,0.7717546577878054,0.09630822049716525,0.8945,25
83,19,25,c_prune_loro_bce,0.7663551401869159,0.834128330206379,0.8043142597521329,0.052216167650217686,0.9665,25
83,19,50,budget_prune,0.648539778449144,0.7119842401500938,0.7028736674743025,0.20275832035804933,0.69925,50
83,19,50,loro_bce,0.7633973710819009,0.8319819887429644,0.7993256293666,0.06039297371205906,0.95375,50
83,19,50,c_prune_loro_bce,0.7685023673062547,0.8400808005003128,0.8091751056217159,0.05583012936211712,0.9505,50
83,19,100,budget_prune,0.7684340320591861,0.8327141963727329,0.7966510579350126,0.06768634392506935,0.9315,100
83,19,100,loro_bce,0.767794043412418,0.8361686053783615,0.804775364198856,0.054526650236845296,0.95825,100
83,19,100,c_prune_loro_bce,0.770802192326856,0.8424395247029394,0.8116477505684836,0.05932177244550519,0.94625,77
83,23,25,budget_prune,0.6108094129816395,0.6600003752345216,0.6734029888862906,0.2347987386853819,0.63275,25
83,23,25,loro_bce,0.7612053684477083,0.8408155096935586,0.816449523240124,0.06468717072060266,0.92725,25
83,23,25,c_prune_loro_bce,0.7628712871287129,0.8444035021888681,0.8174090247464344,0.04956728735985217,0.947,25
83,23,50,budget_prune,0.6641179683233206,0.7580475297060664,0.7596810376221044,0.19038145203306914,0.758,50
83,23,50,loro_bce,0.7673328398717,0.8465215759849907,0.8210483981804811,0.05139883777940482,0.94925,50
83,23,50,c_prune_loro_bce,0.7758705247670427,0.8539989993746091,0.8257455315302562,0.03614353992451136,0.963,50
83,23,100,budget_prune,0.7715836211149482,0.8475677298311443,0.8235124498680405,0.05098426997806948,0.953,100
83,23,100,loro_bce,0.7701375245579568,0.8496562851782365,0.8247797634141392,0.0455430684571601,0.955,100
83,23,100,c_prune_loro_bce,0.7744471744471745,0.8555994996873046,0.8285240522169744,0.03854216465915809,0.959,76
83,29,25,budget_prune,0.37735849056603776,0.6052285178236397,0.6175867313439921,0.2321741894040799,0.54825,25
83,29,25,loro_bce,0.7669760625305325,0.8278156347717324,0.7845516730434171,0.05526319113518513,0.94325,25
83,29,25,c_prune_loro_bce,0.7777507894097644,0.8363869918699186,0.7959812138920908,0.03638662468991182,0.971,25
83,29,50,budget_prune,0.7646622123236823,0.8224570356472796,0.7792582650832955,0.06670518675737193,0.925,50
83,29,50,loro_bce,0.7806546165119688,0.8382574108818011,0.8000617560304294,0.036775197247435595,0.97475,50
83,29,50,c_prune_loro_bce,0.7803214807598636,0.8395397123202001,0.7952130621083895,0.03413451659863638,0.97375,50
83,29,100,budget_prune,0.7823328452903856,0.8374401500938087,0.7952733898275406,0.04016531034696601,0.96175,100
83,29,100,loro_bce,0.7825030376670717,0.8398634146341464,0.7992502019283589,0.03511948670546286,0.9735,100
83,29,100,c_prune_loro_bce,0.7868131868131868,0.8428762976860538,0.7989486772521492,0.038579730731750306,0.9645,78
84,19,25,budget_prune,0.22192866578599735,0.587172607879925,0.591725306394452,0.2424278748195241,0.5895,25
84,19,25,loro_bce,0.758137205808713,0.8245931207004378,0.7917897799527339,0.07896346917233171,0.92975,25
84,19,25,c_prune_loro_bce,0.7612281146917026,0.8312965603502188,0.7999346197438355,0.05840081290820157,0.9615,25
84,19,50,budget_prune,0.648539778449144,0.7119842401500938,0.7028736674743025,0.20275832029330076,0.69925,50
84,19,50,loro_bce,0.7666499749624437,0.832676923076923,0.7999257116808086,0.055185416822127215,0.95375,50
84,19,50,c_prune_loro_bce,0.7706832298136645,0.8412347717323326,0.8133407735551235,0.05899796889460521,0.944,50
84,19,100,budget_prune,0.7686235816477553,0.8328517823639774,0.7969595385735686,0.0673166692691016,0.93225,100
84,19,100,loro_bce,0.7659681898510478,0.8360650406504064,0.8056048207590605,0.05449114182218055,0.9595,100
84,19,100,c_prune_loro_bce,0.7696503843292835,0.842702689180738,0.8135934458416121,0.060321577107080096,0.9405,76
84,23,25,budget_prune,0.6108094129816395,0.6600003752345216,0.6734029888862906,0.23479873854259295,0.63275,25
84,23,25,loro_bce,0.7649088220798422,0.8375071919949968,0.8113470052080751,0.07521870263475294,0.9265,25
84,23,25,c_prune_loro_bce,0.7631318136769079,0.8427339587242026,0.8059953628046068,0.04907643393718193,0.946,25
84,23,50,budget_prune,0.6571271326362136,0.7575549718574108,0.7592038763246765,0.18941800493529196,0.752,50
84,23,50,loro_bce,0.7673328398717,0.8465215759849907,0.8210483981804811,0.0513988378423971,0.94925,50
84,23,50,c_prune_loro_bce,0.7742569393269467,0.8540575359599751,0.8265528113185397,0.03576326905548862,0.96575,50
84,23,100,budget_prune,0.7765215299494828,0.8440235146966855,0.8172060681080536,0.06165594915331283,0.94625,100
84,23,100,loro_bce,0.7699507389162562,0.8498489055659787,0.8244071475518391,0.04463870686742298,0.9545,100
84,23,100,c_prune_loro_bce,0.7770137524557956,0.8555664790494059,0.8296742887933428,0.03822956654042383,0.963,74
84,29,25,budget_prune,0.37735849056603776,0.6052285178236397,0.6175867313439921,0.2321741894040799,0.54825,25
84,29,25,loro_bce,0.7695694716242661,0.8278531582238898,0.7874105908900135,0.058334373478508894,0.93925,25
84,29,25,c_prune_loro_bce,0.7784256559766763,0.834564602876798,0.7936646572160502,0.0404559085660509,0.96075,25
84,29,50,budget_prune,0.7710245596626147,0.8287424640400249,0.7867237158847578,0.05524887325501577,0.9395,50
84,29,50,loro_bce,0.7828220858895706,0.8381375859912445,0.8020265450813212,0.036752987727947335,0.9725,50
84,29,50,c_prune_loro_bce,0.7814859926918393,0.8402368980612883,0.7963696441998132,0.03358471976844866,0.971,50
84,29,100,budget_prune,0.7825237979009031,0.8373936210131332,0.7951899939330354,0.04020231714818213,0.962,100
84,29,100,loro_bce,0.7839220462850183,0.8402669168230144,0.8003283881702605,0.03342559027827915,0.975,100
84,29,100,c_prune_loro_bce,0.7863247863247863,0.8434834271419636,0.8009656723129025,0.03810269238712389,0.9635,79
85,19,25,budget_prune,0.22192866578599735,0.587172607879925,0.591725306394452,0.24242787481955294,0.5895,25
85,19,25,loro_bce,0.758137205808713,0.8245931207004378,0.7917897799527339,0.07896346917846421,0.92975,25
85,19,25,c_prune_loro_bce,0.7660110943015633,0.8335262038774234,0.802027870567533,0.053105678577342816,0.96475,25
85,19,50,budget_prune,0.648539778449144,0.7119842401500938,0.7028736674743025,0.20275832033644917,0.69925,50
85,19,50,loro_bce,0.7639484978540773,0.8319434646654158,0.798087477451257,0.0587462623279107,0.953,50
85,19,50,c_prune_loro_bce,0.7724000992802185,0.8410759224515323,0.8125643803951501,0.05759532462813215,0.9445,50
85,19,100,budget_prune,0.7684340320591861,0.8327104440275173,0.7966482096301989,0.06764689535449916,0.9315,100
85,19,100,loro_bce,0.7666666666666667,0.8362961851156973,0.8060191123941784,0.054287311985297765,0.95925,100
85,19,100,c_prune_loro_bce,0.7726597325408618,0.8431684803001875,0.8119136940052621,0.060131020884000914,0.93875,79
85,23,25,budget_prune,0.6108094129816395,0.6600003752345216,0.6734029888862906,0.23479873898736406,0.63275,25
85,23,25,loro_bce,0.7612053684477083,0.8407652282676674,0.8163170359120093,0.06475766655143661,0.92675,25
85,23,25,c_prune_loro_bce,0.7627538385339276,0.8444755472170107,0.816927052842739,0.04947861969128524,0.9475,25
85,23,50,budget_prune,0.6641179683233206,0.7580475297060664,0.7596810376221044,0.19038145223184375,0.758,50
85,23,50,loro_bce,0.7671435619141589,0.8465258286429018,0.8210854908218774,0.05139774249678733,0.949,50
85,23,50,c_prune_loro_bce,0.7737512242899118,0.8535212007504691,0.8255042051049639,0.03461619026969514,0.9675,50
85,23,100,budget_prune,0.7717739945719221,0.8475672295184491,0.8235071981008428,0.0509811923118356,0.95325,100
85,23,100,loro_bce,0.7704433497536946,0.8495774859287053,0.8242015468747103,0.04491238764486384,0.954,100
85,23,100,c_prune_loro_bce,0.7779141104294478,0.8554731707317074,0.8290127085163962,0.039414019899433425,0.96175,75
85,29,25,budget_prune,0.7503700049333991,0.8027864915572234,0.7673965248882268,0.09575673275131283,0.89625,25
85,29,25,loro_bce,0.7695694716242661,0.8278531582238898,0.7874105908900135,0.058334363443043095,0.93925,25
85,29,25,c_prune_loro_bce,0.7805711496216744,0.8362736710444026,0.7916779339161593,0.039846109114139106,0.967,25
85,29,50,budget_prune,0.7704511650966782,0.8287864915572233,0.786252383365599,0.05633640196747291,0.93825,50
85,29,50,loro_bce,0.7828220858895706,0.8377931207004378,0.8017537258640637,0.03461799784169056,0.9745,50
85,29,50,c_prune_loro_bce,0.7814859926918393,0.8402368980612883,0.7963696441998132,0.03358473144135417,0.971,50
85,29,100,budget_prune,0.7830119599707103,0.837278799249531,0.7951191585405466,0.039968771505053464,0.9625,100
85,29,100,loro_bce,0.7824817518248175,0.8400677923702313,0.8002391217931613,0.03288475629611289,0.97375,100
85,29,100,c_prune_loro_bce,0.7865168539325843,0.8434806754221389,0.8010094550365089,0.038042350801919395,0.96325,78
86,19,25,budget_prune,0.22192866578599735,0.587172607879925,0.591725306394452,0.24242787481955883,0.5895,25
86,19,25,loro_bce,0.7586379569354031,0.8245801125703565,0.7917784374784672,0.07885348955551402,0.92875,25
86,19,25,c_prune_loro_bce,0.7616846430405753,0.824629143214509,0.7992953221846235,0.05573008506926537,0.97325,25
86,19,50,budget_prune,0.648539778449144,0.7119842401500938,0.7028736674743025,0.20275832037246466,0.69925,50
86,19,50,loro_bce,0.7671507260891337,0.8326819262038775,0.7993818092723395,0.055331071270356656,0.95375,50
86,19,50,c_prune_loro_bce,0.7709108960039712,0.8410729205753597,0.8129755483879859,0.058730035329879256,0.9435,50
86,19,100,budget_prune,0.7691169215589542,0.8327714821763603,0.7968083918067577,0.06743141888569928,0.93325,100
86,19,100,loro_bce,0.766590966439566,0.8358343964978111,0.8042017436577096,0.05435453314704464,0.959,100
86,19,100,c_prune_loro_bce,0.7692307692307693,0.8423982489055661,0.8138330832478438,0.060284150710381644,0.93975,77
86,23,25,budget_prune,0.6108094129816395,0.6600003752345216,0.6734029888862906,0.2347987386369176,0.63275,25
86,23,25,loro_bce,0.7612053684477083,0.8408155096935586,0.816449523240124,0.06468717060317247,0.92725,25
86,23,25,c_prune_loro_bce,0.7614565271241021,0.8423934959349592,0.8072569406393335,0.048873096194215135,0.94875,25
86,23,50,budget_prune,0.6641179683233206,0.7580475297060664,0.7596810376221044,0.19038145230518125,0.758,50
86,23,50,loro_bce,0.7654626422563088,0.846196372732958,0.819959435563151,0.054268233146501185,0.9465,50
86,23,50,c_prune_loro_bce,0.7718351324828263,0.8537153220762977,0.8255132868310452,0.03472476922475684,0.9635,50
86,23,100,budget_prune,0.7712450592885376,0.8459021888680425,0.8216616296390511,0.052642163117357796,0.95,100
86,23,100,loro_bce,0.7700640078778926,0.8495677298311444,0.8241892309569226,0.04490592250731645,0.9545,100
86,23,100,c_prune_loro_bce,0.7749693251533742,0.8554871794871797,0.8281472851347056,0.03868196047322828,0.96025,75
86,29,25,budget_prune,0.37735849056603776,0.6052285178236397,0.6175867313439921,0.23217418926778916,0.54825,25
86,29,25,loro_bce,0.7695694716242661,0.8278531582238898,0.7874105908900135,0.058334373478508894,0.93925,25
86,29,25,c_prune_loro_bce,0.7791125275802893,0.834794746716698,0.7935636901339235,0.0413758058734649,0.9685,25
86,29,50,budget_prune,0.7707196029776675,0.8282641651031897,0.7855833118084197,0.05736538079066238,0.93825,50
86,29,50,loro_bce,0.7837771805521623,0.8392550343964978,0.8023433998278221,0.03232224134575248,0.975,50
86,29,50,c_prune_loro_bce,0.7812119737162326,0.840233646028768,0.7972705554462773,0.033396852984942625,0.972,50
86,29,100,budget_prune,0.7829059829059829,0.837368105065666,0.7949429108493495,0.040195597373777224,0.9615,100
86,29,100,loro_bce,0.7837969741337237,0.8401701063164478,0.799613793283982,0.03204417339539239,0.97525,100
86,29,100,c_prune_loro_bce,0.7858363858363858,0.8438241400875547,0.80145042789118,0.037889299416877305,0.965,79
87,19,25,budget_prune,0.22192866578599735,0.587172607879925,0.591725306394452,0.24242787481955294,0.5895,25
87,19,25,loro_bce,0.7651966626936829,0.8066066291432145,0.7377221104136275,0.08753491429721842,0.904,25
87,19,25,c_prune_loro_bce,0.7705521472392638,0.8343627267041902,0.8061495977407912,0.05781158418234288,0.938,25
87,19,50,budget_prune,0.648539778449144,0.7119842401500938,0.7028736674743025,0.20275832030380367,0.69925,50
87,19,50,loro_bce,0.7689301416707377,0.833486679174484,0.8033718783144992,0.05918970343075554,0.93325,50
87,19,50,c_prune_loro_bce,0.7738271604938272,0.8411994996873046,0.8111470780871103,0.057103752626517526,0.93775,50
87,19,100,budget_prune,0.7686990866452728,0.8328990619136959,0.7972692838261863,0.06732057998128982,0.9325,100
87,19,100,loro_bce,0.7732085693179019,0.8389538461538462,0.8097570150303817,0.05735646275134813,0.936,100
87,19,100,c_prune_loro_bce,0.7736361392248827,0.8425080675422139,0.8122008729842048,0.05990011011192118,0.9335,76
87,23,25,budget_prune,0.6108094129816395,0.6600003752345216,0.6734029888862906,0.23479878473407867,0.63275,25
87,23,25,loro_bce,0.7612053684477083,0.8408155096935586,0.816449523240124,0.06468717126944007,0.92725,25
87,23,25,c_prune_loro_bce,0.7613127797115863,0.8421555972482802,0.8054855387939546,0.05347844765046647,0.9445,25
87,23,50,budget_prune,0.6641179683233206,0.7580475297060664,0.7596810376221044,0.19038145050144126,0.758,50
87,23,50,loro_bce,0.7673328398717,0.8465215759849907,0.8210483981804811,0.051398837791321185,0.94925,50
87,23,50,c_prune_loro_bce,0.7740514075887392,0.8540312695434646,0.8264504427039332,0.035099376001569135,0.96325,50
87,23,100,budget_prune,0.771964461994077,0.8475712320200125,0.8235254585972666,0.05097265557082929,0.953,100
87,23,100,loro_bce,0.7701375245579568,0.8496547842401501,0.8247777036587245,0.04554661622961644,0.955,100
87,23,100,c_prune_loro_bce,0.7767419038272817,0.8563419637273296,0.8295045163860943,0.0387902489589564,0.9615,76
87,29,25,budget_prune,0.37735849056603776,0.6052285178236397,0.6175867313439921,0.23217418924173336,0.54825,25
87,29,25,loro_bce,0.75079950799508,0.8192282676672921,0.7591372165909329,0.06363022930862595,0.9265,25
87,29,25,c_prune_loro_bce,0.759209563308124,0.8289788617886179,0.7848194379391912,0.0439257950806162,0.949,25
87,29,50,budget_prune,0.7707196029776675,0.8282641651031897,0.7855833118084197,0.05736537955130836,0.93825,50
87,29,50,loro_bce,0.7685909980430529,0.8340908067542214,0.7919060037831367,0.03709194246927607,0.95925,50
87,29,50,c_prune_loro_bce,0.7815474737612887,0.8399667292057535,0.7991377788806824,0.0364718765021891,0.974,50
87,29,100,budget_prune,0.782608695652174,0.8373653533458412,0.794937915335713,0.04020251585739383,0.96125,100
87,29,100,loro_bce,0.779504613890238,0.8384863039399626,0.7974207224244173,0.03577682672277014,0.97175,100
87,29,100,c_prune_loro_bce,0.7835455435847208,0.8430436522826766,0.8045871218944756,0.038039872338295554,0.96775,77
88,19,25,budget_prune,0.22192866578599735,0.587172607879925,0.591725306394452,0.24242787481955294,0.5895,25
88,19,25,loro_bce,0.7697115384615385,0.8206121325828644,0.7656512854228464,0.07132696001713663,0.91925,25
88,19,25,c_prune_loro_bce,0.7718351324828263,0.8369713570981863,0.8003430528056289,0.058388839590219635,0.93725,25
88,19,50,budget_prune,0.648539778449144,0.7119842401500938,0.7028736674743025,0.20275832029668858,0.69925,50
88,19,50,loro_bce,0.7740209194843104,0.8334041275797373,0.785787344668881,0.06491379763487211,0.9315,50
88,19,50,c_prune_loro_bce,0.7752891951759784,0.8404187617260788,0.80954617013946,0.058311356485779536,0.939,50
88,19,100,budget_prune,0.769306686405132,0.8328200125078173,0.796832921338952,0.06719013750024916,0.9335,100
88,19,100,loro_bce,0.7741617357001972,0.840719449656035,0.8113626411136419,0.05857615139963446,0.94025,100
88,19,100,c_prune_loro_bce,0.7754800590841949,0.8429726078799249,0.8132046399899171,0.061259817375959896,0.93575,77
88,23,25,budget_prune,0.6108094129816395,0.6600003752345216,0.6734029888862906,0.23479873865076584,0.63275,25
88,23,25,loro_bce,0.7615189873417721,0.8408685428392746,0.8164391802446549,0.0647284095808391,0.927,25
88,23,25,c_prune_loro_bce,0.7630541871921183,0.8444893058161351,0.8164049569347798,0.050735977501959045,0.9475,25
88,23,50,budget_prune,0.6641179683233206,0.7580475297060664,0.7596810376221044,0.19038145182122226,0.758,50
88,23,50,loro_bce,0.7673328398717,0.8465215759849907,0.8210483981804811,0.05139883782282121,0.94925,50
88,23,50,c_prune_loro_bce,0.7740986019131715,0.8532440275171982,0.8248825271480209,0.03479263961791266,0.96825,50
88,23,100,budget_prune,0.771964461994077,0.8475714821763602,0.8235250035241233,0.05096903007495189,0.953,100
88,23,100,loro_bce,0.7700640078778926,0.8495677298311444,0.8241892309569226,0.044905922623668076,0.9545,100
88,23,100,c_prune_loro_bce,0.7764937300221293,0.8553676047529706,0.8294218074347933,0.0382348190382841,0.96275,76
88,29,25,budget_prune,0.7503700049333991,0.8027864915572234,0.7673965248882268,0.09575673193443344,0.89625,25
88,29,25,loro_bce,0.7669760625305325,0.8278156347717324,0.7845516730434171,0.05526315817601346,0.94325,25
88,29,25,c_prune_loro_bce,0.7759961127308066,0.8360592870544091,0.7966559034452563,0.037302927860655234,0.97125,25
88,29,50,budget_prune,0.7715559960356789,0.8287869918699187,0.7863086951356149,0.05645681418452828,0.93775,50
88,29,50,loro_bce,0.7796445093742391,0.8388357723577234,0.7998687552733008,0.031281520402775306,0.975,50
88,29,50,c_prune_loro_bce,0.7805115712545676,0.839685053158224,0.7953397048215534,0.03387834548777543,0.9735,50
88,29,100,budget_prune,0.7835202340321794,0.8381633520950594,0.7948294651526279,0.03768715339571796,0.96475,100
88,29,100,loro_bce,0.7823758519961052,0.8399844903064416,0.8002368101652988,0.03250076809255558,0.97375,100
88,29,100,c_prune_loro_bce,0.7868131868131868,0.8428720450281427,0.7989155338069459,0.03864808632678357,0.9645,78
89,19,25,budget_prune,0.22192866578599735,0.587172607879925,0.591725306394452,0.24242787481955294,0.5895,25
89,19,25,loro_bce,0.758137205808713,0.8245931207004378,0.7917897799527339,0.07896346914256287,0.92975,25
89,19,25,c_prune_loro_bce,0.766449020592667,0.8335309568480299,0.8027867052163687,0.05302893647793579,0.96025,25
89,19,50,budget_prune,0.648539778449144,0.7119842401500938,0.7028736674743025,0.20275832028490542,0.69925,50
89,19,50,loro_bce,0.767459324155194,0.8327632270168855,0.8000359464994883,0.05537626615088988,0.9535,50
89,19,50,c_prune_loro_bce,0.7706832298136645,0.8412347717323326,0.8133407735551235,0.0589979671709937,0.944,50
89,19,100,budget_prune,0.7686990866452728,0.832903564727955,0.7972715259695555,0.06728898852941424,0.9325,100
89,19,100,loro_bce,0.7659681898510478,0.8360662914321451,0.8056068290670846,0.054489807607720576,0.9595,100
89,19,100,c_prune_loro_bce,0.7703373015873016,0.8425548467792371,0.8136561751857431,0.060167907448522275,0.94125,78
89,23,25,budget_prune,0.6108094129816395,0.6600003752345216,0.6734029888862906,0.23479873864951117,0.63275,25
89,23,25,loro_bce,0.7587083651156877,0.8395827392120075,0.8158536281517871,0.06845764585810414,0.92525,25
89,23,25,c_prune_loro_bce,0.7645034414945919,0.8447829893683552,0.8183553439737014,0.049485337230353615,0.953,25
89,23,50,budget_prune,0.6641179683233206,0.7580475297060664,0.7596810376221044,0.19038145179431876,0.758,50
89,23,50,loro_bce,0.7648809523809523,0.8465676047529707,0.8213824072017868,0.054320164337374285,0.9455,50
89,23,50,c_prune_loro_bce,0.7762512266928361,0.8540175109443402,0.825719365564074,0.03678113811464584,0.965,50
89,23,100,budget_prune,0.771964461994077,0.8475712320200125,0.8235254585972666,0.05097264282113584,0.953,100
89,23,100,loro_bce,0.7695716395864106,0.8496757973733583,0.8245928538230128,0.04508987927995632,0.953,100
89,23,100,c_prune_loro_bce,0.7791697371653157,0.8558646654158849,0.8290094278601713,0.038934795555097046,0.96225,75
89,29,25,budget_prune,0.7503700049333991,0.8027864915572234,0.7673965248882268,0.0957567289415552,0.89625,25
89,29,25,loro_bce,0.7669760625305325,0.8278156347717324,0.7845516730434171,0.05526316126325452,0.94325,25
89,29,25,c_prune_loro_bce,0.7765905779504614,0.8321653533458412,0.7878064136228644,0.04327517354702384,0.95825,25
89,29,50,budget_prune,0.7707196029776675,0.8282641651031897,0.7855833118084197,0.05736537896595825,0.93825,50
89,29,50,loro_bce,0.7806546165119688,0.8382426516572858,0.8000287107224582,0.036792756290793836,0.97475,50
89,29,50,c_prune_loro_bce,0.7802385008517888,0.8400752970606631,0.7966752749740681,0.03328699227103733,0.9745,50
89,29,100,budget_prune,0.7830119599707103,0.8372925578486554,0.795125762058945,0.039966648536660036,0.9625,100
89,29,100,loro_bce,0.7825030376670717,0.8398634146341464,0.7992502019283589,0.03511948674796426,0.9735,100
89,29,100,c_prune_loro_bce,0.7870212246889485,0.8431472170106317,0.7996003139650534,0.03822455824657612,0.965,78
90,19,25,budget_prune,0.22192866578599735,0.587172607879925,0.591725306394452,0.24242787481953296,0.5895,25
90,19,25,loro_bce,0.7564714752450364,0.8243267041901188,0.7913670740797056,0.07884232189868427,0.9295,25
90,19,25,c_prune_loro_bce,0.7632311977715878,0.8322591619762352,0.800225533768834,0.05644386972646008,0.964,25
90,19,50,budget_prune,0.648539778449144,0.7119842401500938,0.7028736674743025,0.20275832034305988,0.69925,50
90,19,50,loro_bce,0.7666499749624437,0.8326766729205753,0.7998996756315414,0.05518521005024536,0.95375,50
90,19,50,c_prune_loro_bce,0.7699925724189156,0.8420270168855534,0.8127951221121785,0.05662367324838831,0.9435,50
90,19,100,budget_prune,0.7708333333333334,0.8349846153846154,0.7991811999127214,0.060748783859119256,0.93875,100
90,19,100,loro_bce,0.7656565656565657,0.8360757973733584,0.8056532415188068,0.05447806870431046,0.95975,100
90,19,100,c_prune_loro_bce,0.7731882265644323,0.8431499687304564,0.811999734625094,0.05973228399656769,0.9385,78
90,23,25,budget_prune,0.6108094129816395,0.6600003752345216,0.6734029888862906,0.23479873864951117,0.63275,25
90,23,25,loro_bce,0.7612053684477083,0.8408155096935586,0.816449523240124,0.06468717082884975,0.92725,25
90,23,25,c_prune_loro_bce,0.7631513954062732,0.8444470293933708,0.8179785949971146,0.04973381858120628,0.94775,25
90,23,50,budget_prune,0.6641179683233206,0.7580475297060664,0.7596810376221044,0.1903814524202922,0.758,50
90,23,50,loro_bce,0.7649540828989824,0.8463694809255785,0.8207281127090141,0.05458235263986802,0.94475,50
90,23,50,c_prune_loro_bce,0.7764705882352941,0.8540320200125078,0.8262755817543112,0.03663708174675692,0.9665,50
90,23,100,budget_prune,0.7717739945719221,0.8475694809255786,0.8235128552744994,0.05099276452472429,0.95325,100
90,23,100,loro_bce,0.7706286836935167,0.849661038148843,0.8249555925555139,0.04565777229437992,0.954,100
90,23,100,c_prune_loro_bce,0.7775049115913556,0.8556252657911193,0.8289969619090467,0.03908319468908739,0.9615,75
90,29,25,budget_prune,0.37735849056603776,0.6052285178236397,0.6175867313439921,0.23217418926778916,0.54825,25
90,29,25,loro_bce,0.7695694716242661,0.8278531582238898,0.7874105908900135,0.05833436279171121,0.93925,25
90,29,25,c_prune_loro_bce,0.7813567593948267,0.8373375859912446,0.7941194243063663,0.03657556967606823,0.96975,25
90,29,50,budget_prune,0.7707196029776675,0.8282641651031897,0.7855833118084197,0.05736537937512651,0.93825,50
90,29,50,loro_bce,0.7817333660692365,0.8380565353345842,0.8019936933092743,0.03672498588266633,0.9725,50
90,29,50,c_prune_loro_bce,0.7811284046692607,0.8406206378986867,0.7976066946034224,0.03291889460791731,0.97175,50
90,29,100,budget_prune,0.78271484375,0.8373866166353973,0.7949281346974809,0.04019612796527444,0.96125,100
90,29,100,loro_bce,0.7839220462850183,0.8402669168230144,0.8003283881702605,0.03342559029362841,0.975,100
90,29,100,c_prune_loro_bce,0.7861328125,0.8436452782989369,0.8014815644665259,0.03777618536744039,0.96475,78
91,19,25,budget_prune,0.22192866578599735,0.587172607879925,0.591725306394452,0.2424278748195447,0.5895,25
91,19,25,loro_bce,0.7668845315904139,0.8184650406504066,0.7582928366540944,0.08079756061251818,0.92,25
91,19,25,c_prune_loro_bce,0.7740182761175599,0.8392162601626016,0.8100387593342772,0.058267474585559954,0.943,25
91,19,50,budget_prune,0.648539778449144,0.7119842401500938,0.7028736674743025,0.20275832033548136,0.69925,50
91,19,50,loro_bce,0.7756001959823616,0.8390128830519075,0.8094232456421324,0.0584598707215612,0.93525,50
91,19,50,c_prune_loro_bce,0.7743691241959426,0.8421125703564728,0.8139590488341373,0.05764613183556445,0.94025,50
91,19,100,budget_prune,0.7686990866452728,0.8329090681676047,0.7972757613048198,0.06731586190939813,0.9325,100
91,19,100,loro_bce,0.7739709144688193,0.8431847404627894,0.8180866614366823,0.05943985788977325,0.9385,100
91,19,100,c_prune_loro_bce,0.7760751359367276,0.8435652282676672,0.8149304129295983,0.06012758371719474,0.93775,77
91,23,25,budget_prune,0.6108094129816395,0.6600003752345216,0.6734029888862906,0.23479873854259295,0.63275,25
91,23,25,loro_bce,0.7612053684477083,0.8407644777986242,0.8163177385920664,0.06475671695571904,0.92675,25
91,23,25,c_prune_loro_bce,0.7603801900950475,0.8417368355222015,0.8028388221410212,0.05396753343418801,0.9415,25
91,23,50,budget_prune,0.6641179683233206,0.7580475297060664,0.7596810376221044,0.19038145198955977,0.758,50
91,23,50,loro_bce,0.7671435619141589,0.8465258286429018,0.8210854908218774,0.051397743488765676,0.949,50
91,23,50,c_prune_loro_bce,0.7730844793713163,0.8533455909943715,0.8247125073593408,0.03535551976232232,0.9665,50
91,23,100,budget_prune,0.7715836211149482,0.8475677298311443,0.8235124498680405,0.05098426813876247,0.953,100
91,23,100,loro_bce,0.7696850393700787,0.8495974984365227,0.8244890371474531,0.04501941480577844,0.9535,100
91,23,100,c_prune_loro_bce,0.7759213759213759,0.8553638524077548,0.8286776716905705,0.03880583302161319,0.962,74
91,29,25,budget_prune,0.7503700049333991,0.8027864915572234,0.7673965248882268,0.09575673039892396,0.89625,25
91,29,25,loro_bce,0.7669760625305325,0.8278321450906817,0.7845793113374592,0.05523842017449745,0.94325,25
91,29,25,c_prune_loro_bce,0.7783467446964155,0.8337470919324578,0.7921434152407449,0.04641974943532062,0.956,25
91,29,50,budget_prune,0.7707196029776675,0.8282641651031897,0.7855833118084197,0.05736537851580069,0.93825,50
91,29,50,loro_bce,0.7806546165119688,0.8382426516572858,0.8000287107224582,0.03679271978241288,0.97475,50
91,29,50,c_prune_loro_bce,0.7803214807598636,0.8395397123202001,0.7952130621083895,0.03413450087178464,0.97375,50
91,29,100,budget_prune,0.7830119599707103,0.8372795497185742,0.7951231016254684,0.03996553661098636,0.9625,100
91,29,100,loro_bce,0.7825030376670717,0.8398634146341464,0.7992502019283589,0.035119486714780046,0.9735,100
91,29,100,c_prune_loro_bce,0.78564453125,0.8425876172607879,0.7987082865897092,0.038551650619888814,0.96425,77
92,19,25,budget_prune,0.22192866578599735,0.587172607879925,0.591725306394452,0.2424278748195459,0.5895,25
92,19,25,loro_bce,0.7476454962569428,0.8179479674796748,0.7825071084212964,0.1028483166413457,0.8665,25
92,19,25,c_prune_loro_bce,0.7627291242362525,0.825736335209506,0.7898962024328264,0.05871700275139578,0.96825,25
92,19,50,budget_prune,0.648539778449144,0.7119842401500938,0.7028736674743025,0.2027583203768982,0.69925,50
92,19,50,loro_bce,0.7672672672672672,0.8327144465290807,0.7991163798180798,0.05491284206146754,0.95325,50
92,19,50,c_prune_loro_bce,0.7702970297029703,0.8420225140712947,0.8127261849173333,0.05660728172521041,0.94375,50
92,19,100,budget_prune,0.7687376725838264,0.8327897435897436,0.7969714945928528,0.06751870805162583,0.93175,100
92,19,100,loro_bce,0.7656565656565657,0.8360830519074421,0.805688797135463,0.05446001296498018,0.95975,100
92,19,100,c_prune_loro_bce,0.7730426164519326,0.8435171982489056,0.8125306566233067,0.060202840599582856,0.93975,77
92,23,25,budget_prune,0.6108094129816395,0.6600003752345216,0.6734029888862906,0.23479873866058573,0.63275,25
92,23,25,loro_bce,0.7612053684477083,0.8408145090681676,0.8164547454764868,0.06469397088406262,0.92725,25
92,23,25,c_prune_loro_bce,0.7619519445132524,0.8422071294559099,0.808068666489369,0.05011486353265056,0.94725,25
92,23,50,budget_prune,0.6604955077593248,0.7579084427767355,0.7591132256504178,0.19027712994934456,0.75825,50
92,23,50,loro_bce,0.7682053813873118,0.8462166353971232,0.8207207667486043,0.05075992907385759,0.94825,50
92,23,50,c_prune_loro_bce,0.7741777123220422,0.8538691682301438,0.8265802699008394,0.03507238614218849,0.9665,50
92,23,100,budget_prune,0.7715836211149482,0.8475677298311443,0.8235124498680405,0.050984268664693716,0.953,100
92,23,100,loro_bce,0.771042944785276,0.8496747967479675,0.8250356761542396,0.045660365907180915,0.95425,100
92,23,100,c_prune_loro_bce,0.7771765863256271,0.8557113195747343,0.8291733430002389,0.03868865330924355,0.962,74
92,29,25,budget_prune,0.37735849056603776,0.6052285178236397,0.6175867313439921,0.2321741897774364,0.54825,25
92,29,25,loro_bce,0.7669760625305325,0.8278156347717324,0.7845516730434171,0.05526320189264814,0.94325,25
92,29,25,c_prune_loro_bce,0.7836456558773425,0.8361588492808005,0.7922634288408765,0.040450341425819665,0.9665,25
92,29,50,budget_prune,0.7710245596626147,0.8287422138836773,0.7867235806014907,0.05524887338093101,0.9395,50
92,29,50,loro_bce,0.7806546165119688,0.8382574108818011,0.8000617560304294,0.03677519707338319,0.97475,50
92,29,50,c_prune_loro_bce,0.7802385008517888,0.8400752970606631,0.7966752749740681,0.033286989810396135,0.9745,50
92,29,100,budget_prune,0.78271484375,0.8373866166353973,0.7949281346974809,0.04019618288250611,0.96125,100
92,29,100,loro_bce,0.7825030376670717,0.8398634146341464,0.7992502019283589,0.03511948672275579,0.9735,100
92,29,100,c_prune_loro_bce,0.7870212246889485,0.8431639774859286,0.7999119707096276,0.03825323378558684,0.965,78
93,19,25,budget_prune,0.22192866578599735,0.587172607879925,0.591725306394452,0.24242787481954106,0.5895,25
93,19,25,loro_bce,0.7586379569354031,0.8245801125703565,0.7917784374784672,0.0788538169292696,0.92875,25
93,19,25,c_prune_loro_bce,0.7560225525371604,0.82498411507192,0.787883363873984,0.064966050170732,0.96775,25
93,19,50,budget_prune,0.648539778449144,0.7119842401500938,0.7028736674743025,0.20275832031707874,0.69925,50
93,19,50,loro_bce,0.7678437265214124,0.8327534709193246,0.7995482601604643,0.05547285099163293,0.954,50
93,19,50,c_prune_loro_bce,0.7706832298136645,0.8412347717323326,0.8133407735551235,0.05899796748136563,0.944,50
93,19,100,budget_prune,0.7714285714285715,0.8335544715447154,0.7976283947830315,0.06712627444576053,0.93275,100
93,19,100,loro_bce,0.7656565656565657,0.836077048155097,0.8056601020723473,0.05447777861985726,0.95975,100
93,19,100,c_prune_loro_bce,0.769421692727724,0.8424888055034397,0.8138778254708009,0.059925108565558036,0.9405,79
93,23,25,budget_prune,0.6108094129816395,0.6600003752345216,0.6734029888862906,0.23479873854259295,0.63275,25
93,23,25,loro_bce,0.7635270541082164,0.8429836147592245,0.8184346948040846,0.06130060564846613,0.94,25
93,23,25,c_prune_loro_bce,0.7637172516065249,0.8445440900562852,0.8169587112121568,0.04836111913839733,0.949,25
93,23,50,budget_prune,0.6641179683233206,0.7580475297060664,0.7596810376221044,0.19038145211240812,0.758,50
93,23,50,loro_bce,0.7688132247717739,0.8461553470919324,0.8208104746646789,0.05037920690606697,0.94825,50
93,23,50,c_prune_loro_bce,0.7742093650404511,0.8531829893683552,0.8247770904745738,0.03487270710196195,0.96825,50
93,23,100,budget_prune,0.7707870713052061,0.847544215134459,0.8234997129606223,0.050976491447683854,0.95275,100
93,23,100,loro_bce,0.7699507389162562,0.8498491557223264,0.8244050180627628,0.04463710616998091,0.9545,100
93,23,100,c_prune_loro_bce,0.7761928184948352,0.8553100687929955,0.8289483312170927,0.038822336439795595,0.9615,76
93,29,25,budget_prune,0.749876421156698,0.8029508442776736,0.7673767359521196,0.09570974176015981,0.89625,25
93,29,25,loro_bce,0.767203513909224,0.8280445278298936,0.7848438492180629,0.05479218346982623,0.94475,25
93,29,25,c_prune_loro_bce,0.7783731125182659,0.8362131332082551,0.7937749504900584,0.03922496613264929,0.97575,25
93,29,50,budget_prune,0.7704511650966782,0.8287864915572233,0.786252383365599,0.056336402178736485,0.93825,50
93,29,50,loro_bce,0.7804639804639805,0.8383939962476548,0.8002961895990364,0.03669805732710435,0.9755,50
93,29,50,c_prune_loro_bce,0.7812119737162326,0.8396767979987493,0.7985716887951171,0.03286486495484044,0.975,50
93,29,100,budget_prune,0.7829059829059829,0.8373681050656661,0.7949410900944899,0.04019562015941194,0.9615,100
93,29,100,loro_bce,0.7831793874574623,0.8400620387742338,0.7996223335910293,0.034841376739774305,0.97325,100
93,29,100,c_prune_loro_bce,0.7878787878787878,0.8429198248905566,0.8016857246229664,0.03759468975981513,0.96575,78
94,19,25,budget_prune,0.22192866578599735,0.587172607879925,0.591725306394452,0.24242787481953296,0.5895,25
94,19,25,loro_bce,0.7651966626936829,0.8066068792995622,0.7377248379136464,0.08753511131939674,0.904,25
94,19,25,c_prune_loro_bce,0.7715686274509804,0.8339754846779237,0.803124468115129,0.0581268548013059,0.93725,25
94,19,50,budget_prune,0.6487166582788123,0.7119829893683552,0.7028373469005759,0.20269960868842515,0.69875,50
94,19,50,loro_bce,0.7681088964511424,0.8321305816135085,0.8014846590311728,0.06204218427997922,0.92875,50
94,19,50,c_prune_loro_bce,0.7760455332838406,0.8429038148843027,0.8132159018052747,0.05817364749602447,0.9385,50
94,19,100,budget_prune,0.7684340320591861,0.8328480300187617,0.7971179369961354,0.06748583514704973,0.932,100
94,19,100,loro_bce,0.7729064039408867,0.8388165103189493,0.8093325636361707,0.057871908209664404,0.93575,100
94,19,100,c_prune_loro_bce,0.7759940726105211,0.8440175109443402,0.8126394436136022,0.061188756818304824,0.9325,79
94,23,25,budget_prune,0.6108094129816395,0.6600003752345216,0.6734029888862906,0.23479873865202505,0.63275,25
94,23,25,loro_bce,0.7612053684477083,0.8408155096935586,0.816449523240124,0.06468717287460159,0.92725,25
94,23,25,c_prune_loro_bce,0.7646332427759941,0.8413093183239525,0.8139838084109836,0.05052220076415365,0.94875,25
94,23,50,budget_prune,0.6641179683233206,0.7580475297060664,0.7596810376221044,0.19038145180742186,0.758,50
94,23,50,loro_bce,0.7667905824039652,0.8458976860537836,0.8198251787349418,0.053697111669799104,0.94475,50
94,23,50,c_prune_loro_bce,0.7758705247670427,0.853644277673546,0.8250922962682411,0.0367471315043997,0.9645,50
94,23,100,budget_prune,0.7717739945719221,0.8475694809255786,0.8235128552744994,0.05099276816502103,0.95325,100
94,23,100,loro_bce,0.7687761635065254,0.8495949968730456,0.8243840435478289,0.045069953177642744,0.95275,100
94,23,100,c_prune_loro_bce,0.775811209439528,0.8552025015634772,0.8279731400861923,0.03885675369626746,0.9625,77
94,29,25,budget_prune,0.37735849056603776,0.6052285178236397,0.6175867313439921,0.23217418972962836,0.54825,25
94,29,25,loro_bce,0.7669760625305325,0.8278316447779863,0.7845788854938297,0.05523844015915393,0.94325,25
94,29,25,c_prune_loro_bce,0.7794224702742053,0.8366113821138211,0.7958479930912286,0.036264687124957846,0.972,25
94,29,50,budget_prune,0.7707196029776675,0.8282641651031897,0.7855833118084197,0.057365378930416634,0.93825,50
94,29,50,loro_bce,0.7806546165119688,0.8382426516572858,0.8000287107224582,0.03679272651709171,0.97475,50
94,29,50,c_prune_loro_bce,0.7802385008517888,0.8400740462789243,0.7966852504470405,0.03328726329502696,0.9745,50
94,29,100,budget_prune,0.7825237979009031,0.8373941213258285,0.7951909859532953,0.04020750529478213,0.962,100
94,29,100,loro_bce,0.7825030376670717,0.8398634146341464,0.7992502019283589,0.03511948674445014,0.9735,100
94,29,100,c_prune_loro_bce,0.7872132747681796,0.8431684803001877,0.7999445507351177,0.03819578205739275,0.96525,79
95,19,25,budget_prune,0.22192866578599735,0.587172607879925,0.591725306394452,0.24242787481953962,0.5895,25
95,19,25,loro_bce,0.7586379569354031,0.8245801125703565,0.7917784374784672,0.07885379343705566,0.92875,25
95,19,25,c_prune_loro_bce,0.7684976172560822,0.833361851156973,0.8011927014441345,0.05395113955896509,0.958,25
95,19,50,budget_prune,0.648539778449144,0.7119842401500938,0.7028736674743025,0.20275832029878632,0.69925,50
95,19,50,loro_bce,0.767459324155194,0.8326711694809256,0.7992783215520982,0.05534395095599822,0.9535,50
95,19,50,c_prune_loro_bce,0.7708385170440408,0.8413303314571609,0.8122779351399371,0.05738310658261521,0.945,50
95,19,100,budget_prune,0.7686235816477553,0.8328315196998124,0.7969392758891555,0.06731062480538699,0.93225,100
95,19,100,loro_bce,0.7656565656565657,0.8360767979987492,0.8057593921678534,0.05444587784494301,0.95975,100
95,19,100,c_prune_loro_bce,0.7708747514910537,0.8424908067542214,0.8136460442132194,0.0595737868407197,0.94175,79
95,23,25,budget_prune,0.6108094129816395,0.6600003752345216,0.6734029888862906,0.23479873854259295,0.63275,25
95,23,25,loro_bce,0.7612053684477083,0.8408155096935583,0.816456393447492,0.0646949449294906,0.92725,25
95,23,25,c_prune_loro_bce,0.7618577075098815,0.8443217010631645,0.818047862347306,0.04992420816937279,0.946,25
95,23,50,budget_prune,0.6641179683233206,0.7580475297060664,0.7596810376221044,0.19038145226193243,0.758,50
95,23,50,loro_bce,0.7651439920556107,0.8462941838649155,0.820522295775253,0.054594864730523676,0.944,50
95,23,50,c_prune_loro_bce,0.7777232580961727,0.8541588492808005,0.8264412593914519,0.0366807557973721,0.965,50
95,23,100,budget_prune,0.7709772951628825,0.8475457160725453,0.823503275845927,0.05097195385023092,0.9525,100
95,23,100,loro_bce,0.7715337423312884,0.8496537836147592,0.8250696576028261,0.04559954995939563,0.95475,100
95,23,100,c_prune_loro_bce,0.7766035881051856,0.8557420888055034,0.8291292344249073,0.03901722743564593,0.96075,74
95,29,25,budget_prune,0.749876421156698,0.8029508442776736,0.7673767359521196,0.09570974180589097,0.89625,25
95,29,25,loro_bce,0.769682151589242,0.8279657285803628,0.7876308613711314,0.05833643250808144,0.93925,25
95,29,25,c_prune_loro_bce,0.77685546875,0.8338346466541589,0.7893699282588348,0.043454425666198004,0.95775,25
95,29,50,budget_prune,0.7707196029776675,0.8282641651031897,0.7855833118084197,0.05736537888584293,0.93825,50
95,29,50,loro_bce,0.7828850855745721,0.8388615384615384,0.8017419454124106,0.03243743178439783,0.97325,50
95,29,50,c_prune_loro_bce,0.7814859926918393,0.8400825515947468,0.7961028586002634,0.03382349138764035,0.971,50
95,29,100,budget_prune,0.7830119599707103,0.8372918073796123,0.7951316936129293,0.03996638885128807,0.9625,100
95,29,100,loro_bce,0.7834146341463415,0.8398298936835521,0.8001198026866896,0.03178616499038358,0.97425,100
95,29,100,c_prune_loro_bce,0.7884849963405709,0.843626516572858,0.8008950489424252,0.03837832383151768,0.9635,78
96,19,25,budget_prune,0.22192866578599735,0.587172607879925,0.591725306394452,0.24242787481955153,0.5895,25
96,19,25,loro_bce,0.758137205808713,0.8245888680425266,0.7917817637396005,0.0789616673288201,0.92975,25
96,19,25,c_prune_loro_bce,0.7645875251509054,0.8335782363977486,0.8010083407644952,0.05371305966042898,0.96125,25
96,19,50,budget_prune,0.648539778449144,0.7119842401500938,0.7028736674743025,0.20275832033773775,0.69925,50
96,19,50,loro_bce,0.7676514772158237,0.8329598499061914,0.800138585554161,0.0556741843325038,0.95375,50
96,19,50,c_prune_loro_bce,0.7714427367377293,0.8416125078173857,0.8132846923528236,0.05790890304029412,0.94425,50
96,19,100,budget_prune,0.7686235816477553,0.8328285178236399,0.7969414336606532,0.06730551936132063,0.93225,100
96,19,100,loro_bce,0.766750629722922,0.8360605378361475,0.8046003857504662,0.054176493016531095,0.95775,100
96,19,100,c_prune_loro_bce,0.7713293650793651,0.8428420262664164,0.8132039763687704,0.058951598132861084,0.94125,78
96,23,25,budget_prune,0.6108094129816395,0.6600003752345216,0.6734029888862906,0.23479878473407867,0.63275,25
96,23,25,loro_bce,0.7612053684477083,0.8408155096935586,0.816449523240124,0.0646871721104595,0.92725,25
96,23,25,c_prune_loro_bce,0.7635285396590067,0.844960100062539,0.8179196769425374,0.04845474906560672,0.95025,25
96,23,50,budget_prune,0.6571271326362136,0.7575549718574108,0.7592038763246765,0.1894179881356087,0.752,50
96,23,50,loro_bce,0.7673328398717,0.8465215759849907,0.8210483981804811,0.0513988378221962,0.94925,50
96,23,50,c_prune_loro_bce,0.7722140402552774,0.8542263914946842,0.8265804425170278,0.03556611819130916,0.9625,50
96,23,100,budget_prune,0.771964461994077,0.8475714821763602,0.8235250035241233,0.05096902441684597,0.953,100
96,23,100,loro_bce,0.7698373583045836,0.8497631019387116,0.8245986957688249,0.04507729201799275,0.9545,100
96,23,100,c_prune_loro_bce,0.7754299754299754,0.8555767354596625,0.8290292660669394,0.0379230605387231,0.9605,75
96,29,25,budget_prune,0.37735849056603776,0.6052285178236397,0.6175867313439921,0.23217418991453906,0.54825,25
96,29,25,loro_bce,0.7695694716242661,0.8278531582238898,0.7874105908900135,0.058334373478508894,0.93925,25
96,29,25,c_prune_loro_bce,0.7819951338199513,0.8367704815509694,0.794316846054892,0.038153479623565786,0.97025,25
96,29,50,budget_prune,0.7707196029776675,0.8282641651031897,0.7855833118084197,0.057365379177402046,0.93825,50
96,29,50,loro_bce,0.7828220858895706,0.8381758599124454,0.802051550693503,0.03677166645101931,0.9725,50
96,29,50,c_prune_loro_bce,0.7829476248477466,0.8402626641651032,0.7975601044867098,0.03284434728309905,0.9705,50
96,29,100,budget_prune,0.7825237979009031,0.8373941213258287,0.7951901864107582,0.040202791225827525,0.962,100
96,29,100,loro_bce,0.7839220462850183,0.8402669168230144,0.8003283881702605,0.033425590275790056,0.975,100
96,29,100,c_prune_loro_bce,0.78564453125,0.8438186366479049,0.8014909407284474,0.03777736875743463,0.96525,78
97,19,25,budget_prune,0.22192866578599735,0.587172607879925,0.591725306394452,0.24242787481955883,0.5895,25
97,19,25,loro_bce,0.7370007535795027,0.8111232020012508,0.7750129736858049,0.09640907740997558,0.892,25
97,19,25,c_prune_loro_bce,0.76431829700963,0.8315797373358349,0.7986515690784292,0.05709099645311563,0.96425,25
97,19,50,budget_prune,0.648539778449144,0.7119842401500938,0.7028736674743025,0.20275832030714244,0.69925,50
97,19,50,loro_bce,0.7673081729567608,0.8331662288930581,0.7997200557838141,0.05561048298045414,0.951,50
97,19,50,c_prune_loro_bce,0.7705326032852166,0.840122076297686,0.8094679664202487,0.05731926433047947,0.94925,50
97,19,100,budget_prune,0.7684340320591861,0.8328252657911195,0.7970360555383658,0.06750315105703471,0.932,100
97,19,100,loro_bce,0.767794043412418,0.8361686053783615,0.804775364198856,0.05452664981410378,0.95825,100
97,19,100,c_prune_loro_bce,0.771485345255837,0.8425606003752346,0.8117489240692928,0.05924247266374091,0.94475,77
97,23,25,budget_prune,0.6108094129816395,0.6600003752345216,0.6734029888862906,0.23479873863578193,0.63275,25
97,23,25,loro_bce,0.7634543178973717,0.8430216385240775,0.8185285473083718,0.061243547121615685,0.94075,25
97,23,25,c_prune_loro_bce,0.7616451932606542,0.8445080675422139,0.8174197181802306,0.04906715166057667,0.9485,25
97,23,50,budget_prune,0.6641179683233206,0.7580475297060664,0.7596810376221044,0.19038145036604415,0.758,50
97,23,50,loro_bce,0.7671840354767184,0.8464652908067543,0.8211769680333162,0.051048729032414204,0.94875,50
97,23,50,c_prune_loro_bce,0.7746686303387335,0.8537393370856785,0.8258508748230284,0.035111242073036106,0.9655,50
97,23,100,budget_prune,0.7712450592885376,0.845879674796748,0.8216695585119361,0.05268716401573205,0.951,100
97,23,100,loro_bce,0.7687761635065254,0.8495964978111319,0.8243917440877444,0.045069968074704855,0.95275,100
97,23,100,c_prune_loro_bce,0.7764937300221293,0.8553543464665416,0.8280772552017078,0.03917548595310193,0.96225,74
97,29,25,budget_prune,0.749876421156698,0.8029508442776736,0.7673767359521196,0.09570974179251869,0.89625,25
97,29,25,loro_bce,0.7695694716242661,0.8278531582238898,0.7874105908900135,0.058334373478508894,0.93925,25
97,29,25,c_prune_loro_bce,0.783284742468416,0.8368772983114446,0.7934680795095148,0.03794621710379304,0.96875,25
97,29,50,budget_prune,0.7707196029776675,0.8282641651031897,0.7855833118084197,0.05736537848380411,0.93825,50
97,29,50,loro_bce,0.7837771805521623,0.8392555347091931,0.8023441198264025,0.032321988779450264,0.975,50
97,29,50,c_prune_loro_bce,0.7811284046692607,0.8403669793621014,0.7976151920424888,0.03307916209461631,0.97175,50
97,29,100,budget_prune,0.7830119599707103,0.8372775484677925,0.7951167555076875,0.039968458764303806,0.9625,100
97,29,100,loro_bce,0.7837969741337237,0.8401703564727955,0.7996141677394351,0.03204417395860977,0.97525,100
97,29,100,c_prune_loro_bce,0.7849278199168094,0.844031019387117,0.8024318487804957,0.03792062445385327,0.964,80
98,19,25,budget_prune,0.22192866578599735,0.587172607879925,0.591725306394452,0.24242787481955294,0.5895,25
98,19,25,loro_bce,0.758137205808713,0.8245931207004378,0.7917897799527339,0.07896346917846421,0.92975,25
98,19,25,c_prune_loro_bce,0.7647798742138365,0.8338133833646029,0.8030615440086182,0.053218139369563135,0.9605,25
98,19,50,budget_prune,0.648539778449144,0.7119842401500938,0.7028736674743025,0.20275832037360755,0.69925,50
98,19,50,loro_bce,0.7666499749624437,0.832676923076923,0.7999257116808086,0.05518541653540811,0.95375,50
98,19,50,c_prune_loro_bce,0.7701832590391283,0.8420197623514697,0.8127998576554637,0.05661319157026378,0.94375,50
98,19,100,budget_prune,0.7684340320591861,0.8328477798624141,0.7969712367484263,0.06727833438519198,0.932,100
98,19,100,loro_bce,0.7664731128502903,0.8363156973108192,0.8059729938510358,0.05433129223597945,0.959,100
98,19,100,c_prune_loro_bce,0.7733465444637107,0.843232770481551,0.812520620399815,0.060059290316327806,0.939,80
98,23,25,budget_prune,0.6108094129816395,0.6600003752345216,0.6734029888862906,0.23479873864146977,0.63275,25
98,23,25,loro_bce,0.7612053684477083,0.8408155096935586,0.816449523240124,0.06468717195978448,0.92725,25
98,23,25,c_prune_loro_bce,0.7635101636093208,0.8441233270794247,0.8158099546037166,0.04938231280996001,0.9475,25
98,23,50,budget_prune,0.6641179683233206,0.7580475297060664,0.7596810376221044,0.19038145200989318,0.758,50
98,23,50,loro_bce,0.7675622381069755,0.8461033145716073,0.8202394264761586,0.05060316876249405,0.94875,50
98,23,50,c_prune_loro_bce,0.7736080451312239,0.8532582864290181,0.8249684883719592,0.034784295074400576,0.96825,50
98,23,100,budget_prune,0.7715836211149482,0.8475707317073171,0.8235194504232585,0.05098302893136737,0.953,100
98,23,100,loro_bce,0.7704433497536946,0.8496215134459038,0.8241884716823288,0.04488621220429597,0.9545,100
98,23,100,c_prune_loro_bce,0.7755402750491159,0.8551712320200127,0.8279058648281763,0.03902976793995519,0.962,77
98,29,25,budget_prune,0.37735849056603776,0.6052285178236397,0.6175867313439921,0.23217419002102604,0.54825,25
98,29,25,loro_bce,0.7695694716242661,0.8278531582238898,0.7874105908900135,0.05833437149576683,0.93925,25
98,29,25,c_prune_loro_bce,0.7809152872444012,0.836585866166354,0.7949960879953315,0.03873338990824228,0.97025,25
98,29,50,budget_prune,0.7704511650966782,0.8287864915572233,0.786252383365599,0.05633640204588752,0.93825,50
98,29,50,loro_bce,0.7825233186057928,0.8380607879924953,0.8018927501116113,0.036830698134918904,0.97125,50
98,29,50,c_prune_loro_bce,0.7810823988298391,0.8404140087554722,0.7967331953579337,0.03321567018177659,0.97075,50
98,29,100,budget_prune,0.7825237979009031,0.8373913696060038,0.7951871033111342,0.04020286433658123,0.962,100
98,29,100,loro_bce,0.7839220462850183,0.8402669168230144,0.8003283881702605,0.03342559027940635,0.975,100
98,29,100,c_prune_loro_bce,0.7863247863247863,0.8436267667292057,0.8009952995788343,0.038000726947915515,0.9645,78
99,19,25,budget_prune,0.22192866578599735,0.587172607879925,0.591725306394452,0.24242787481952707,0.5895,25
99,19,25,loro_bce,0.7372116349047142,0.8116730456535335,0.775472234161016,0.09595003131623495,0.89275,25
99,19,25,c_prune_loro_bce,0.7636455953287636,0.8334951844903065,0.8001039747517994,0.0570636369545148,0.964,25
99,19,50,budget_prune,0.648539778449144,0.7119842401500938,0.7028736674743025,0.2027583203331352,0.69925,50
99,19,50,loro_bce,0.7628188936600152,0.8323949968730455,0.7995018660772422,0.05951069517106146,0.952,50
99,19,50,c_prune_loro_bce,0.7712937670722623,0.8410554096310194,0.8130262878734791,0.05864375215491083,0.9445,50
99,19,100,budget_prune,0.7685093780848964,0.8313603502188868,0.7948003065943408,0.06911711510096512,0.93125,100
99,19,100,loro_bce,0.7678346357448954,0.8365621013133208,0.8064211224378154,0.054397837646098554,0.959,100
99,19,100,c_prune_loro_bce,0.7690782953419227,0.8424960600375233,0.8143374534125958,0.06027825112724829,0.93875,78
99,23,25,budget_prune,0.6108094129816395,0.6600003752345216,0.6734029888862906,0.2347987386853819,0.63275,25
99,23,25,loro_bce,0.7635270541082164,0.8429836147592245,0.8184346948040846,0.06130059269060948,0.94,25
99,23,25,c_prune_loro_bce,0.7610794751176033,0.8445986241400875,0.817334891436869,0.048937079292283615,0.94875,25
99,23,50,budget_prune,0.6641179683233206,0.7580475297060664,0.7596810376221044,0.19038145212707552,0.758,50
99,23,50,loro_bce,0.7671840354767184,0.8464652908067543,0.8211769680333162,0.05104872903613212,0.94875,50
99,23,50,c_prune_loro_bce,0.7716458180034339,0.853657535959975,0.8252060743522118,0.03471557690805733,0.96375,50
99,23,100,budget_prune,0.7709772951628825,0.8475459662288931,0.8235034116383206,0.050972051352524715,0.9525,100
99,23,100,loro_bce,0.7700640078778926,0.8495677298311444,0.8241892309569226,0.044905922511949116,0.9545,100
99,23,100,c_prune_loro_bce,0.7763837638376384,0.8557305816135085,0.8293830284807095,0.0384812438070516,0.96025,76
99,29,25,budget_prune,0.37735849056603776,0.6052285178236397,0.6175867313439921,0.23217419047070625,0.54825,25
99,29,25,loro_bce,0.7685546875,0.8269686053783616,0.782987925416128,0.055895467265598665,0.94425,25
99,29,25,c_prune_loro_bce,0.7791380999020568,0.8335877423389619,0.7908409067826793,0.04047510545604122,0.96875,25
99,29,50,budget_prune,0.7704511650966782,0.8287864915572233,0.786252383365599,0.05633640211700004,0.93825,50
99,29,50,loro_bce,0.7800342549547346,0.837531707317073,0.7985453887101208,0.03699532996717646,0.972,50
99,29,50,c_prune_loro_bce,0.7805352798053528,0.8398686679174483,0.7962901043449148,0.03352979464022026,0.97375,50
99,29,100,budget_prune,0.7829059829059829,0.8373648530331458,0.7949370344033848,0.04019919507252934,0.9615,100
99,29,100,loro_bce,0.782798833819242,0.8393821138211383,0.7993880991560391,0.03501020932210555,0.97275,100
99,29,100,c_prune_loro_bce,0.7859409323895533,0.8430791744840527,0.7995692082439263,0.03863736715675147,0.9655,79
