dataset,seed,rank,source,rule_local_index,rule_name,importance
covtype_binary_20000,19,1,layer_0,549,c9: Elevation IS LOW,151.3431396484375
covtype_binary_20000,19,2,layer_0,397,c6: Elevation IS MEDIUM,148.08375549316406
covtype_binary_20000,19,3,projection_layer,6,"pursuit_2(Hillshade_Noon, Wilderness_Area_4, Soil_Type_23, Soil_Type_11) IS LOW",137.97491455078125
covtype_binary_20000,19,4,layer_0,346,c5: Elevation IS MEDIUM,131.0266876220703
covtype_binary_20000,19,5,layer_0,507,c8: Horizontal_Distance_To_Roadways IS LOW,128.1863555908203
covtype_binary_20000,19,6,layer_0,457,c7: Horizontal_Distance_To_Roadways IS MEDIUM,124.46824645996094
covtype_binary_20000,19,7,layer_0,396,c6: Elevation IS LOW,115.87568664550781
covtype_binary_20000,19,8,layer_0,517,c8: Horizontal_Distance_To_Fire_Points IS MEDIUM,102.18980407714844
covtype_binary_20000,19,9,layer_0,550,c9: Elevation IS MEDIUM,101.00293731689453
covtype_binary_20000,19,10,layer_0,619,c10: Horizontal_Distance_To_Fire_Points IS MEDIUM,97.74615478515625
covtype_binary_20000,19,11,layer_0,447,c7: Elevation IS LOW,94.1645736694336
covtype_binary_20000,19,12,layer_0,509,c8: Horizontal_Distance_To_Roadways IS HIGH,89.06118774414062
covtype_binary_20000,19,13,layer_0,696,c11: Vertical_Distance_To_Hydrology IS LOW,79.59654998779297
covtype_binary_20000,19,14,layer_0,500,c8: Elevation IS HIGH,78.59813690185547
covtype_binary_20000,19,15,layer_0,449,c7: Elevation IS HIGH,76.71902465820312
covtype_binary_20000,19,16,layer_0,148,c2: Vertical_Distance_To_Hydrology IS MEDIUM,76.0661849975586
covtype_binary_20000,19,17,layer_0,345,c5: Elevation IS LOW,73.50299072265625
covtype_binary_20000,19,18,layer_0,241,c4: Aspect IS MEDIUM,71.93243408203125
covtype_binary_20000,19,19,layer_0,618,c10: Horizontal_Distance_To_Fire_Points IS LOW,65.85242462158203
covtype_binary_20000,19,20,layer_0,660,c11: Horizontal_Distance_To_Roadways IS LOW,65.4048843383789
covtype_binary_20000,19,21,layer_0,516,c8: Horizontal_Distance_To_Fire_Points IS LOW,64.70681762695312
covtype_binary_20000,19,22,layer_0,448,c7: Elevation IS MEDIUM,64.43341827392578
covtype_binary_20000,19,23,layer_0,435,c7: Soil_Type_4 IS absent,64.33113861083984
covtype_binary_20000,19,24,layer_0,458,c7: Horizontal_Distance_To_Roadways IS HIGH,63.647056579589844
covtype_binary_20000,19,25,layer_0,422,c7: Hillshade_3pm IS HIGH,61.85893630981445
covtype_binary_20000,19,26,layer_0,144,c2: Soil_Type_29 IS absent,59.34469223022461
covtype_binary_20000,19,27,layer_0,122,c2: Horizontal_Distance_To_Fire_Points IS HIGH,58.82160568237305
covtype_binary_20000,19,28,projection_layer,12,"pursuit_4(Horizontal_Distance_To_Hydrology, Soil_Type_22, Soil_Type_30, Soil_Type_35) IS LOW",58.603668212890625
covtype_binary_20000,19,29,projection_layer,9,"pursuit_3(Slope, Soil_Type_12, Soil_Type_13, Soil_Type_1) IS LOW",58.279136657714844
covtype_binary_20000,19,30,layer_0,406,c6: Horizontal_Distance_To_Roadways IS MEDIUM,56.87509536743164
covtype_binary_20000,19,31,layer_0,675,c11: Soil_Type_33 IS absent,56.49126434326172
covtype_binary_20000,19,32,layer_0,611,c10: Horizontal_Distance_To_Roadways IS HIGH,55.987510681152344
covtype_binary_20000,19,33,layer_0,498,c8: Elevation IS LOW,55.053306579589844
covtype_binary_20000,19,34,layer_0,398,c6: Elevation IS HIGH,54.31267166137695
covtype_binary_20000,19,35,layer_0,559,c9: Horizontal_Distance_To_Roadways IS MEDIUM,51.8850212097168
covtype_binary_20000,19,36,layer_0,277,c4: Hillshade_9am IS MEDIUM,51.4569206237793
covtype_binary_20000,19,37,layer_0,610,c10: Horizontal_Distance_To_Roadways IS MEDIUM,50.255313873291016
covtype_binary_20000,19,38,layer_0,0,c0: Elevation IS LOW,50.069610595703125
covtype_binary_20000,19,39,layer_0,600,c10: Elevation IS LOW,47.015071868896484
covtype_binary_20000,19,40,layer_0,120,c2: Horizontal_Distance_To_Fire_Points IS LOW,46.76763153076172
covtype_binary_20000,19,41,layer_0,567,c9: Horizontal_Distance_To_Fire_Points IS LOW,45.03184509277344
covtype_binary_20000,19,42,layer_0,121,c2: Horizontal_Distance_To_Fire_Points IS MEDIUM,44.36455154418945
covtype_binary_20000,19,43,layer_0,209,c3: Hillshade_Noon IS HIGH,44.230892181396484
covtype_binary_20000,19,44,layer_0,477,c7: Wilderness_Area_3 IS absent,44.153446197509766
covtype_binary_20000,19,45,projection_layer,22,"pursuit_7(Aspect, Soil_Type_39, Soil_Type_2, Soil_Type_5) IS MEDIUM",44.13990783691406
covtype_binary_20000,19,46,layer_0,291,c4: Soil_Type_13 IS absent,43.85457229614258
covtype_binary_20000,19,47,layer_0,441,c7: Wilderness_Area_3 IS absent,43.74663543701172
covtype_binary_20000,19,48,layer_0,102,c1: Soil_Type_23 IS absent,43.27853775024414
covtype_binary_20000,19,49,layer_0,467,c7: Horizontal_Distance_To_Fire_Points IS HIGH,42.9942512512207
covtype_binary_20000,19,50,layer_0,336,c5: Slope IS LOW,42.743309020996094
covtype_binary_20000,19,51,layer_0,560,c9: Horizontal_Distance_To_Roadways IS HIGH,42.4892463684082
covtype_binary_20000,19,52,layer_0,707,c11: Hillshade_Noon IS HIGH,42.12956619262695
covtype_binary_20000,19,53,layer_0,156,c2: Hillshade_Noon IS LOW,41.149375915527344
covtype_binary_20000,19,54,layer_0,456,c7: Horizontal_Distance_To_Roadways IS LOW,40.281429290771484
covtype_binary_20000,19,55,layer_0,36,c0: Aspect IS LOW,40.10990524291992
covtype_binary_20000,19,56,projection_layer,23,"pursuit_7(Aspect, Soil_Type_39, Soil_Type_2, Soil_Type_5) IS HIGH",39.606048583984375
covtype_binary_20000,19,57,layer_0,569,c9: Horizontal_Distance_To_Fire_Points IS HIGH,39.478248596191406
covtype_binary_20000,19,58,layer_0,356,c5: Horizontal_Distance_To_Roadways IS HIGH,39.34406280517578
covtype_binary_20000,19,59,projection_layer,2,"pursuit_0(Horizontal_Distance_To_Fire_Points, Hillshade_3pm, Soil_Type_29, Soil_Type_4) IS HIGH",39.261600494384766
covtype_binary_20000,19,60,layer_0,355,c5: Horizontal_Distance_To_Roadways IS MEDIUM,39.12286376953125
covtype_binary_20000,19,61,layer_0,669,c11: Horizontal_Distance_To_Fire_Points IS LOW,38.637027740478516
covtype_binary_20000,19,62,layer_0,645,c10: Vertical_Distance_To_Hydrology IS LOW,38.60183334350586
covtype_binary_20000,19,63,layer_0,78,c1: Horizontal_Distance_To_Hydrology IS LOW,38.33317184448242
covtype_binary_20000,19,64,layer_0,37,c0: Aspect IS MEDIUM,38.16694259643555
covtype_binary_20000,19,65,layer_0,296,c4: Elevation IS HIGH,38.04952621459961
covtype_binary_20000,19,66,layer_0,208,c3: Hillshade_Noon IS MEDIUM,36.74870681762695
covtype_binary_20000,19,67,projection_layer,15,"pursuit_5(Hillshade_9am, Wilderness_Area_1, Soil_Type_10, Soil_Type_32) IS LOW",36.38190460205078
covtype_binary_20000,19,68,layer_0,295,c4: Elevation IS MEDIUM,36.080894470214844
covtype_binary_20000,19,69,layer_0,311,c5: Hillshade_Noon IS HIGH,35.99402618408203
covtype_binary_20000,19,70,layer_0,416,c6: Horizontal_Distance_To_Fire_Points IS HIGH,35.99015808105469
covtype_binary_20000,19,71,layer_0,60,c1: Horizontal_Distance_To_Roadways IS LOW,35.714332580566406
covtype_binary_20000,19,72,layer_0,535,c8: Aspect IS MEDIUM,34.91367721557617
covtype_binary_20000,19,73,layer_0,430,c7: Hillshade_9am IS MEDIUM,34.55895233154297
covtype_binary_20000,19,74,layer_0,357,c5: Wilderness_Area_2 IS absent,33.956199645996094
covtype_binary_20000,19,75,layer_0,195,c3: Soil_Type_29 IS absent,33.93009948730469
covtype_binary_20000,19,76,layer_0,347,c5: Elevation IS HIGH,33.352333068847656
covtype_binary_20000,19,77,layer_0,479,c7: Wilderness_Area_3 IS present,32.79206085205078
covtype_binary_20000,19,78,layer_0,375,c6: Soil_Type_2 IS absent,31.66709327697754
covtype_binary_20000,19,79,layer_0,70,c1: Horizontal_Distance_To_Fire_Points IS MEDIUM,31.46607780456543
covtype_binary_20000,19,80,layer_0,1,c0: Elevation IS MEDIUM,31.148130416870117
covtype_binary_20000,19,81,layer_0,577,c9: Horizontal_Distance_To_Hydrology IS MEDIUM,30.744644165039062
covtype_binary_20000,19,82,layer_0,268,c4: Hillshade_3pm IS MEDIUM,30.703208923339844
covtype_binary_20000,19,83,layer_0,443,c7: Wilderness_Area_3 IS present,30.13503074645996
covtype_binary_20000,19,84,layer_0,286,c4: Slope IS MEDIUM,29.349464416503906
covtype_binary_20000,19,85,layer_0,80,c1: Horizontal_Distance_To_Hydrology IS HIGH,29.34946060180664
covtype_binary_20000,19,86,layer_0,414,c6: Horizontal_Distance_To_Fire_Points IS LOW,29.335569381713867
covtype_binary_20000,19,87,layer_0,518,c8: Horizontal_Distance_To_Fire_Points IS HIGH,29.237548828125
covtype_binary_20000,19,88,layer_0,276,c4: Hillshade_9am IS LOW,29.028656005859375
covtype_binary_20000,19,89,layer_0,715,c11: Hillshade_3pm IS MEDIUM,28.907072067260742
covtype_binary_20000,19,90,layer_0,537,c8: Wilderness_Area_1 IS absent,28.734851837158203
covtype_binary_20000,19,91,projection_layer,16,"pursuit_5(Hillshade_9am, Wilderness_Area_1, Soil_Type_10, Soil_Type_32) IS MEDIUM",28.553207397460938
covtype_binary_20000,19,92,layer_0,362,c6: Hillshade_Noon IS HIGH,28.23893165588379
covtype_binary_20000,19,93,layer_0,697,c11: Vertical_Distance_To_Hydrology IS MEDIUM,27.859500885009766
covtype_binary_20000,19,94,layer_0,601,c10: Elevation IS MEDIUM,27.69416618347168
covtype_binary_20000,19,95,layer_0,536,c8: Aspect IS HIGH,27.248395919799805
covtype_binary_20000,19,96,layer_0,309,c5: Hillshade_Noon IS LOW,26.984865188598633
covtype_binary_20000,19,97,layer_0,167,c2: Hillshade_3pm IS HIGH,26.482057571411133
covtype_binary_20000,19,98,layer_0,465,c7: Horizontal_Distance_To_Fire_Points IS LOW,26.460437774658203
covtype_binary_20000,19,99,layer_0,15,c0: Soil_Type_22 IS absent,26.42128562927246
covtype_binary_20000,19,100,layer_0,321,c5: Wilderness_Area_2 IS absent,26.411212921142578
covtype_binary_20000,19,101,layer_0,176,c2: Hillshade_9am IS HIGH,26.303577423095703
covtype_binary_20000,19,102,layer_0,662,c11: Horizontal_Distance_To_Roadways IS HIGH,25.9322452545166
covtype_binary_20000,19,103,layer_0,190,c3: Aspect IS MEDIUM,25.693832397460938
covtype_binary_20000,19,104,layer_0,540,c9: Slope IS LOW,25.535367965698242
covtype_binary_20000,19,105,layer_0,218,c3: Hillshade_3pm IS HIGH,25.301979064941406
covtype_binary_20000,19,106,layer_0,319,c5: Hillshade_3pm IS MEDIUM,25.060997009277344
covtype_binary_20000,19,107,layer_0,180,c3: Horizontal_Distance_To_Hydrology IS LOW,24.855388641357422
covtype_binary_20000,19,108,layer_0,199,c3: Vertical_Distance_To_Hydrology IS MEDIUM,24.70319175720215
covtype_binary_20000,19,109,layer_0,444,c7: Soil_Type_13 IS absent,24.639265060424805
covtype_binary_20000,19,110,layer_0,106,c1: Hillshade_Noon IS MEDIUM,24.443767547607422
covtype_binary_20000,19,111,layer_0,594,c9: Vertical_Distance_To_Hydrology IS LOW,24.02691078186035
covtype_binary_20000,19,112,layer_0,370,c6: Hillshade_3pm IS MEDIUM,23.90195655822754
covtype_binary_20000,19,113,layer_0,342,c5: Soil_Type_13 IS absent,23.842700958251953
covtype_binary_20000,19,114,layer_0,501,c8: Wilderness_Area_1 IS absent,23.56849479675293
covtype_binary_20000,19,115,layer_0,270,c4: Wilderness_Area_2 IS absent,23.551132202148438
covtype_binary_20000,19,116,layer_0,361,c6: Hillshade_Noon IS MEDIUM,23.165796279907227
covtype_binary_20000,19,117,layer_0,2,c0: Elevation IS HIGH,23.119476318359375
covtype_binary_20000,19,118,layer_0,656,c10: Hillshade_Noon IS HIGH,22.867488861083984
covtype_binary_20000,19,119,layer_0,339,c5: Wilderness_Area_3 IS absent,22.74665069580078
covtype_binary_20000,19,120,layer_0,175,c2: Hillshade_9am IS MEDIUM,22.577146530151367
covtype_binary_20000,19,121,layer_0,267,c4: Hillshade_3pm IS LOW,22.52130126953125
covtype_binary_20000,19,122,layer_0,716,c11: Hillshade_3pm IS HIGH,22.473041534423828
covtype_binary_20000,19,123,layer_0,240,c4: Aspect IS LOW,22.353172302246094
covtype_binary_20000,19,124,layer_0,246,c4: Soil_Type_29 IS absent,22.34332275390625
covtype_binary_20000,19,125,layer_0,51,c0: Soil_Type_23 IS absent,22.001375198364258
covtype_binary_20000,19,126,layer_0,140,c2: Aspect IS HIGH,21.990766525268555
covtype_binary_20000,19,127,layer_0,46,c0: Vertical_Distance_To_Hydrology IS MEDIUM,21.985807418823242
covtype_binary_20000,19,128,layer_0,513,c8: Soil_Type_30 IS absent,21.95635223388672
covtype_binary_20000,19,129,layer_0,168,c2: Wilderness_Area_2 IS absent,21.949438095092773
covtype_binary_20000,19,130,layer_0,132,c2: Wilderness_Area_2 IS absent,21.857158660888672
covtype_binary_20000,19,131,layer_0,337,c5: Slope IS MEDIUM,21.48737144470215
covtype_binary_20000,19,132,projection_layer,13,"pursuit_4(Horizontal_Distance_To_Hydrology, Soil_Type_22, Soil_Type_30, Soil_Type_35) IS MEDIUM",21.352880477905273
covtype_binary_20000,19,133,layer_0,158,c2: Hillshade_Noon IS HIGH,21.295936584472656
covtype_binary_20000,19,134,layer_0,491,c8: Slope IS HIGH,21.214937210083008
covtype_binary_20000,19,135,layer_0,388,c6: Slope IS MEDIUM,21.002696990966797
covtype_binary_20000,19,136,layer_0,555,c9: Soil_Type_32 IS absent,20.995262145996094
covtype_binary_20000,19,137,layer_0,450,c7: Wilderness_Area_1 IS absent,20.97867774963379
covtype_binary_20000,19,138,layer_0,522,c8: Soil_Type_33 IS absent,20.907306671142578
covtype_binary_20000,19,139,layer_0,679,c11: Horizontal_Distance_To_Hydrology IS MEDIUM,20.868621826171875
covtype_binary_20000,19,140,layer_0,114,c1: Hillshade_3pm IS LOW,20.84398651123047
covtype_binary_20000,19,141,layer_0,235,c3: Slope IS MEDIUM,20.8194580078125
covtype_binary_20000,19,142,layer_0,216,c3: Hillshade_3pm IS LOW,20.780750274658203
covtype_binary_20000,19,143,layer_0,10,c0: Horizontal_Distance_To_Roadways IS MEDIUM,20.77964210510254
covtype_binary_20000,19,144,layer_0,27,c0: Horizontal_Distance_To_Hydrology IS LOW,20.422035217285156
covtype_binary_20000,19,145,projection_layer,18,"pursuit_6(Horizontal_Distance_To_Roadways, Soil_Type_38, Wilderness_Area_2, Soil_Type_18) IS LOW",20.420089721679688
covtype_binary_20000,19,146,layer_0,381,c6: Wilderness_Area_4 IS absent,20.367740631103516
covtype_binary_20000,19,147,layer_0,591,c9: Soil_Type_24 IS absent,20.244491577148438
covtype_binary_20000,19,148,layer_0,303,c5: Wilderness_Area_3 IS absent,20.170286178588867
covtype_binary_20000,19,149,layer_0,426,c7: Soil_Type_2 IS absent,20.03929901123047
covtype_binary_20000,19,150,layer_0,84,c1: Soil_Type_38 IS absent,20.03575325012207
covtype_binary_20000,19,151,layer_0,508,c8: Horizontal_Distance_To_Roadways IS MEDIUM,19.87550163269043
covtype_binary_20000,19,152,layer_0,421,c7: Hillshade_3pm IS MEDIUM,19.75196075439453
covtype_binary_20000,19,153,layer_0,706,c11: Hillshade_Noon IS MEDIUM,19.61336898803711
covtype_binary_20000,19,154,layer_0,294,c4: Elevation IS LOW,19.318273544311523
covtype_binary_20000,19,155,layer_0,499,c8: Elevation IS MEDIUM,19.254446029663086
covtype_binary_20000,19,156,layer_0,242,c4: Aspect IS HIGH,19.232933044433594
covtype_binary_20000,19,157,layer_0,66,c1: Soil_Type_22 IS absent,19.221689224243164
covtype_binary_20000,19,158,layer_0,452,c7: Wilderness_Area_1 IS present,19.10700225830078
covtype_binary_20000,19,159,layer_0,129,c2: Horizontal_Distance_To_Hydrology IS LOW,19.075775146484375
covtype_binary_20000,19,160,layer_0,678,c11: Horizontal_Distance_To_Hydrology IS LOW,18.89339828491211
covtype_binary_20000,19,161,layer_0,130,c2: Horizontal_Distance_To_Hydrology IS MEDIUM,18.8469181060791
covtype_binary_20000,19,162,layer_0,542,c9: Slope IS HIGH,18.738574981689453
covtype_binary_20000,19,163,layer_0,217,c3: Hillshade_3pm IS MEDIUM,18.43527603149414
covtype_binary_20000,19,164,layer_0,45,c0: Vertical_Distance_To_Hydrology IS LOW,18.420818328857422
covtype_binary_20000,19,165,layer_0,327,c5: Hillshade_9am IS LOW,18.345890045166016
covtype_binary_20000,19,166,layer_0,417,c6: Wilderness_Area_4 IS absent,18.011384963989258
covtype_binary_20000,19,167,layer_0,81,c1: Wilderness_Area_2 IS absent,17.83509635925293
covtype_binary_20000,19,168,layer_0,431,c7: Hillshade_9am IS HIGH,17.738262176513672
covtype_binary_20000,19,169,layer_0,637,c10: Aspect IS MEDIUM,17.590394973754883
covtype_binary_20000,19,170,layer_0,351,c5: Soil_Type_32 IS absent,17.48964500427246
covtype_binary_20000,19,171,layer_0,648,c10: Wilderness_Area_2 IS absent,17.478313446044922
covtype_binary_20000,19,172,layer_0,462,c7: Soil_Type_30 IS absent,17.245874404907227
covtype_binary_20000,19,173,layer_0,387,c6: Slope IS LOW,17.205242156982422
covtype_binary_20000,19,174,layer_0,75,c1: Soil_Type_39 IS absent,17.0172119140625
covtype_binary_20000,19,175,layer_0,96,c1: Vertical_Distance_To_Hydrology IS LOW,16.973270416259766
covtype_binary_20000,19,176,layer_0,586,c9: Aspect IS MEDIUM,16.8970890045166
covtype_binary_20000,19,177,layer_0,680,c11: Horizontal_Distance_To_Hydrology IS HIGH,16.829673767089844
covtype_binary_20000,19,178,layer_0,24,c0: Soil_Type_39 IS absent,16.6654109954834
covtype_binary_20000,19,179,layer_0,595,c9: Vertical_Distance_To_Hydrology IS MEDIUM,16.66357421875
covtype_binary_20000,19,180,layer_0,71,c1: Horizontal_Distance_To_Fire_Points IS HIGH,16.643678665161133
covtype_binary_20000,19,181,layer_0,166,c2: Hillshade_3pm IS MEDIUM,16.096529006958008
covtype_binary_20000,19,182,layer_0,30,c0: Wilderness_Area_2 IS absent,15.857019424438477
covtype_binary_20000,19,183,layer_0,138,c2: Aspect IS LOW,15.714171409606934
covtype_binary_20000,19,184,layer_0,174,c2: Hillshade_9am IS LOW,15.657615661621094
covtype_binary_20000,19,185,layer_0,305,c5: Wilderness_Area_3 IS present,15.452234268188477
covtype_binary_20000,19,186,layer_0,320,c5: Hillshade_3pm IS HIGH,15.444937705993652
covtype_binary_20000,19,187,layer_0,551,c9: Elevation IS HIGH,15.368444442749023
covtype_binary_20000,19,188,layer_0,260,c4: Hillshade_Noon IS HIGH,15.156346321105957
covtype_binary_20000,19,189,layer_0,301,c5: Vertical_Distance_To_Hydrology IS MEDIUM,14.903887748718262
covtype_binary_20000,19,190,layer_0,107,c1: Hillshade_Noon IS HIGH,14.787532806396484
covtype_binary_20000,19,191,layer_0,189,c3: Aspect IS LOW,14.541361808776855
covtype_binary_20000,19,192,layer_0,157,c2: Hillshade_Noon IS MEDIUM,14.484634399414062
covtype_binary_20000,19,193,layer_0,531,c8: Soil_Type_11 IS absent,14.453374862670898
covtype_binary_20000,19,194,layer_0,681,c11: Wilderness_Area_3 IS absent,14.406289100646973
covtype_binary_20000,19,195,layer_0,33,c0: Soil_Type_38 IS absent,14.392520904541016
covtype_binary_20000,19,196,layer_0,717,c11: Wilderness_Area_3 IS absent,14.378978729248047
covtype_binary_20000,19,197,layer_0,341,c5: Wilderness_Area_3 IS present,14.20077896118164
covtype_binary_20000,19,198,layer_0,503,c8: Wilderness_Area_1 IS present,13.988415718078613
covtype_binary_20000,19,199,layer_0,93,c1: Soil_Type_29 IS absent,13.977653503417969
covtype_binary_20000,19,200,layer_0,671,c11: Horizontal_Distance_To_Fire_Points IS HIGH,13.97656536102295
covtype_binary_20000,19,201,layer_0,612,c10: Wilderness_Area_2 IS absent,13.871933937072754
covtype_binary_20000,19,202,layer_0,234,c3: Slope IS LOW,13.82827091217041
covtype_binary_20000,19,203,layer_0,636,c10: Aspect IS LOW,13.827682495117188
covtype_binary_20000,19,204,layer_0,384,c6: Soil_Type_4 IS absent,13.793046951293945
covtype_binary_20000,19,205,layer_0,227,c3: Hillshade_9am IS HIGH,13.784348487854004
covtype_binary_20000,19,206,layer_0,390,c6: Wilderness_Area_3 IS absent,13.7465238571167
covtype_binary_20000,19,207,layer_0,69,c1: Horizontal_Distance_To_Fire_Points IS LOW,13.730939865112305
covtype_binary_20000,19,208,layer_0,239,c3: Wilderness_Area_3 IS present,13.653284072875977
covtype_binary_20000,19,209,layer_0,203,c3: Wilderness_Area_3 IS present,13.643486976623535
covtype_binary_20000,19,210,layer_0,115,c1: Hillshade_3pm IS MEDIUM,13.53743839263916
covtype_binary_20000,19,211,layer_0,125,c2: Wilderness_Area_1 IS present,13.445974349975586
covtype_binary_20000,19,212,layer_0,392,c6: Wilderness_Area_3 IS present,13.378585815429688
covtype_binary_20000,19,213,layer_0,146,c2: Soil_Type_29 IS present,13.273907661437988
covtype_binary_20000,19,214,layer_0,117,c1: Wilderness_Area_2 IS absent,13.118071556091309
covtype_binary_20000,19,215,layer_0,453,c7: Soil_Type_32 IS absent,13.099984169006348
covtype_binary_20000,19,216,layer_0,237,c3: Wilderness_Area_3 IS absent,13.025985717773438
covtype_binary_20000,19,217,layer_0,90,c1: Wilderness_Area_4 IS absent,12.846437454223633
covtype_binary_20000,19,218,layer_0,63,c1: Wilderness_Area_3 IS absent,12.76952838897705
covtype_binary_20000,19,219,layer_0,541,c9: Slope IS MEDIUM,12.566929817199707
covtype_binary_20000,19,220,layer_0,123,c2: Wilderness_Area_1 IS absent,12.496707916259766
covtype_binary_20000,19,221,layer_0,642,c10: Soil_Type_24 IS absent,12.482645988464355
covtype_binary_20000,19,222,layer_0,489,c8: Slope IS LOW,12.446657180786133
covtype_binary_20000,19,223,layer_0,318,c5: Hillshade_3pm IS LOW,12.413933753967285
covtype_binary_20000,19,224,layer_0,558,c9: Horizontal_Distance_To_Roadways IS LOW,12.206090927124023
covtype_binary_20000,19,225,layer_0,201,c3: Wilderness_Area_3 IS absent,12.190935134887695
covtype_binary_20000,19,226,layer_0,88,c1: Aspect IS MEDIUM,12.172891616821289
covtype_binary_20000,19,227,layer_0,312,c5: Wilderness_Area_1 IS absent,12.033492088317871
covtype_binary_20000,19,228,layer_0,405,c6: Horizontal_Distance_To_Roadways IS LOW,11.981417655944824
covtype_binary_20000,19,229,layer_0,415,c6: Horizontal_Distance_To_Fire_Points IS MEDIUM,11.98062801361084
covtype_binary_20000,19,230,layer_0,287,c4: Slope IS HIGH,11.887899398803711
covtype_binary_20000,19,231,layer_0,329,c5: Hillshade_9am IS HIGH,11.77713394165039
covtype_binary_20000,19,232,layer_0,627,c10: Horizontal_Distance_To_Hydrology IS LOW,11.774263381958008
covtype_binary_20000,19,233,layer_0,99,c1: Wilderness_Area_3 IS absent,11.748798370361328
covtype_binary_20000,19,234,layer_0,161,c2: Wilderness_Area_1 IS present,11.73226547241211
covtype_binary_20000,19,235,layer_0,207,c3: Hillshade_Noon IS LOW,11.677111625671387
covtype_binary_20000,19,236,layer_0,620,c10: Horizontal_Distance_To_Fire_Points IS HIGH,11.57951831817627
covtype_binary_20000,19,237,layer_0,615,c10: Soil_Type_30 IS absent,11.545136451721191
covtype_binary_20000,19,238,layer_0,471,c7: Soil_Type_33 IS absent,11.4549560546875
covtype_binary_20000,19,239,layer_0,568,c9: Horizontal_Distance_To_Fire_Points IS MEDIUM,11.336075782775879
covtype_binary_20000,19,240,projection_layer,21,"pursuit_7(Aspect, Soil_Type_39, Soil_Type_2, Soil_Type_5) IS LOW",11.323423385620117
covtype_binary_20000,19,241,layer_0,226,c3: Hillshade_9am IS MEDIUM,11.244543075561523
covtype_binary_20000,19,242,layer_0,38,c0: Aspect IS HIGH,11.230913162231445
covtype_binary_20000,19,243,layer_0,87,c1: Aspect IS LOW,11.167036056518555
covtype_binary_20000,19,244,layer_0,231,c3: Soil_Type_4 IS absent,10.986339569091797
covtype_binary_20000,19,245,layer_0,708,c11: Wilderness_Area_4 IS absent,10.895736694335938
covtype_binary_20000,19,246,layer_0,350,c5: Wilderness_Area_1 IS present,10.855782508850098
covtype_binary_20000,19,247,layer_0,539,c8: Wilderness_Area_1 IS present,10.782084465026855
covtype_binary_20000,19,248,layer_0,692,c11: Wilderness_Area_1 IS present,10.557759284973145
covtype_binary_20000,19,249,layer_0,159,c2: Wilderness_Area_1 IS absent,10.493513107299805
covtype_binary_20000,19,250,layer_0,672,c11: Wilderness_Area_4 IS absent,10.446860313415527
covtype_binary_20000,19,251,layer_0,56,c0: Hillshade_Noon IS HIGH,10.437882423400879
covtype_binary_20000,19,252,layer_0,263,c4: Wilderness_Area_1 IS present,10.417949676513672
covtype_binary_20000,19,253,layer_0,299,c4: Wilderness_Area_1 IS present,10.415213584899902
covtype_binary_20000,19,254,layer_0,9,c0: Horizontal_Distance_To_Roadways IS LOW,10.377678871154785
covtype_binary_20000,19,255,layer_0,468,c7: Wilderness_Area_4 IS absent,10.372021675109863
covtype_binary_20000,19,256,layer_0,324,c5: Soil_Type_2 IS absent,10.258392333984375
covtype_binary_20000,19,257,layer_0,606,c10: Soil_Type_32 IS absent,10.22600269317627
covtype_binary_20000,19,258,layer_0,135,c2: Soil_Type_38 IS absent,10.223295211791992
covtype_binary_20000,19,259,layer_0,638,c10: Aspect IS HIGH,10.207466125488281
covtype_binary_20000,19,260,layer_0,348,c5: Wilderness_Area_1 IS absent,10.121654510498047
covtype_binary_20000,19,261,projection_layer,1,"pursuit_0(Horizontal_Distance_To_Fire_Points, Hillshade_3pm, Soil_Type_29, Soil_Type_4) IS MEDIUM",10.058541297912598
covtype_binary_20000,19,262,layer_0,282,c4: Soil_Type_4 IS absent,9.998952865600586
covtype_binary_20000,19,263,layer_0,655,c10: Hillshade_Noon IS MEDIUM,9.906564712524414
covtype_binary_20000,19,264,layer_0,306,c5: Soil_Type_23 IS absent,9.753901481628418
covtype_binary_20000,19,265,layer_0,587,c9: Aspect IS HIGH,9.745121955871582
covtype_binary_20000,19,266,layer_0,476,c7: Horizontal_Distance_To_Hydrology IS HIGH,9.699130058288574
covtype_binary_20000,19,267,layer_0,475,c7: Horizontal_Distance_To_Hydrology IS MEDIUM,9.67102336883545
covtype_binary_20000,19,268,layer_0,278,c4: Hillshade_9am IS HIGH,9.645401954650879
covtype_binary_20000,19,269,layer_0,466,c7: Horizontal_Distance_To_Fire_Points IS MEDIUM,9.603931427001953
covtype_binary_20000,19,270,layer_0,104,c1: Soil_Type_23 IS present,9.559354782104492
covtype_binary_20000,19,271,layer_0,183,c3: Wilderness_Area_2 IS absent,9.448105812072754
covtype_binary_20000,19,272,layer_0,225,c3: Hillshade_9am IS LOW,9.407519340515137
covtype_binary_20000,19,273,layer_0,474,c7: Horizontal_Distance_To_Hydrology IS LOW,9.380919456481934
covtype_binary_20000,19,274,layer_0,459,c7: Wilderness_Area_2 IS absent,9.380361557006836
covtype_binary_20000,19,275,layer_0,198,c3: Vertical_Distance_To_Hydrology IS LOW,9.36330795288086
covtype_binary_20000,19,276,layer_0,711,c11: Soil_Type_10 IS absent,9.286035537719727
covtype_binary_20000,19,277,layer_0,354,c5: Horizontal_Distance_To_Roadways IS LOW,9.238122940063477
covtype_binary_20000,19,278,layer_0,150,c2: Wilderness_Area_3 IS absent,9.118683815002441
covtype_binary_20000,19,279,layer_0,689,c11: Aspect IS HIGH,9.029955863952637
covtype_binary_20000,19,280,layer_0,95,c1: Soil_Type_29 IS present,9.018742561340332
covtype_binary_20000,19,281,layer_0,366,c6: Soil_Type_40 IS absent,8.876279830932617
covtype_binary_20000,19,282,layer_0,197,c3: Soil_Type_29 IS present,8.792830467224121
covtype_binary_20000,19,283,layer_0,152,c2: Wilderness_Area_3 IS present,8.6742582321167
covtype_binary_20000,19,284,layer_0,65,c1: Wilderness_Area_3 IS present,8.578546524047852
covtype_binary_20000,19,285,layer_0,646,c10: Vertical_Distance_To_Hydrology IS MEDIUM,8.550461769104004
covtype_binary_20000,19,286,layer_0,510,c8: Wilderness_Area_2 IS absent,8.448946952819824
covtype_binary_20000,19,287,layer_0,440,c7: Slope IS HIGH,8.431367874145508
covtype_binary_20000,19,288,layer_0,369,c6: Hillshade_3pm IS LOW,8.381842613220215
covtype_binary_20000,19,289,layer_0,552,c9: Wilderness_Area_1 IS absent,8.33029556274414
covtype_binary_20000,19,290,layer_0,248,c4: Soil_Type_29 IS present,8.140653610229492
covtype_binary_20000,19,291,layer_0,269,c4: Hillshade_3pm IS HIGH,7.823341369628906
covtype_binary_20000,19,292,layer_0,219,c3: Wilderness_Area_2 IS absent,7.814866065979004
covtype_binary_20000,19,293,layer_0,147,c2: Vertical_Distance_To_Hydrology IS LOW,7.796019077301025
covtype_binary_20000,19,294,layer_0,314,c5: Wilderness_Area_1 IS present,7.7830586433410645
covtype_binary_20000,19,295,layer_0,261,c4: Wilderness_Area_1 IS absent,7.763591766357422
covtype_binary_20000,19,296,layer_0,297,c4: Wilderness_Area_1 IS absent,7.763136863708496
covtype_binary_20000,19,297,layer_0,705,c11: Hillshade_Noon IS LOW,7.680027961730957
covtype_binary_20000,19,298,layer_0,624,c10: Soil_Type_33 IS absent,7.6365227699279785
covtype_binary_20000,19,299,layer_0,399,c6: Wilderness_Area_1 IS absent,7.563929557800293
covtype_binary_20000,19,300,layer_0,101,c1: Wilderness_Area_3 IS present,7.554845809936523
covtype_binary_20000,19,301,layer_0,439,c7: Slope IS MEDIUM,7.536898612976074
covtype_binary_20000,19,302,layer_0,609,c10: Horizontal_Distance_To_Roadways IS LOW,7.492524147033691
covtype_binary_20000,19,303,layer_0,177,c2: Wilderness_Area_4 IS absent,7.429904937744141
covtype_binary_20000,19,304,projection_layer,7,"pursuit_2(Hillshade_Noon, Wilderness_Area_4, Soil_Type_23, Soil_Type_11) IS MEDIUM",7.352278232574463
covtype_binary_20000,19,305,layer_0,131,c2: Horizontal_Distance_To_Hydrology IS HIGH,7.330928325653076
covtype_binary_20000,19,306,layer_0,250,c4: Vertical_Distance_To_Hydrology IS MEDIUM,7.303915977478027
covtype_binary_20000,19,307,layer_0,259,c4: Hillshade_Noon IS MEDIUM,7.251999378204346
covtype_binary_20000,19,308,layer_0,165,c2: Hillshade_3pm IS LOW,7.175919055938721
covtype_binary_20000,19,309,layer_0,116,c1: Hillshade_3pm IS HIGH,7.1708879470825195
covtype_binary_20000,19,310,layer_0,141,c2: Wilderness_Area_4 IS absent,7.1477532386779785
covtype_binary_20000,19,311,layer_0,363,c6: Wilderness_Area_1 IS absent,7.118871688842773
covtype_binary_20000,19,312,layer_0,557,c9: Soil_Type_32 IS present,7.110446453094482
covtype_binary_20000,19,313,layer_0,300,c5: Vertical_Distance_To_Hydrology IS LOW,7.0746965408325195
covtype_binary_20000,19,314,layer_0,628,c10: Horizontal_Distance_To_Hydrology IS MEDIUM,7.039238929748535
covtype_binary_20000,19,315,layer_0,29,c0: Horizontal_Distance_To_Hydrology IS HIGH,7.02544641494751
covtype_binary_20000,19,316,layer_0,186,c3: Soil_Type_38 IS absent,7.0212836265563965
covtype_binary_20000,19,317,layer_0,486,c8: Soil_Type_4 IS absent,7.019651889801025
covtype_binary_20000,19,318,layer_0,14,c0: Wilderness_Area_3 IS present,7.014848232269287
covtype_binary_20000,19,319,layer_0,420,c7: Hillshade_3pm IS LOW,6.92930793762207
covtype_binary_20000,19,320,layer_0,212,c3: Wilderness_Area_1 IS present,6.801009654998779
covtype_binary_20000,19,321,layer_0,582,c9: Soil_Type_11 IS absent,6.788556098937988
covtype_binary_20000,19,322,layer_0,111,c1: Soil_Type_40 IS absent,6.782088756561279
covtype_binary_20000,19,323,layer_0,97,c1: Vertical_Distance_To_Hydrology IS MEDIUM,6.751302719116211
covtype_binary_20000,19,324,layer_0,670,c11: Horizontal_Distance_To_Fire_Points IS MEDIUM,6.611759185791016
covtype_binary_20000,19,325,layer_0,48,c0: Wilderness_Area_3 IS absent,6.593942642211914
covtype_binary_20000,19,326,layer_0,588,c9: Wilderness_Area_1 IS absent,6.557435035705566
covtype_binary_20000,19,327,layer_0,693,c11: Soil_Type_24 IS absent,6.51668119430542
covtype_binary_20000,19,328,layer_0,481,c8: Hillshade_9am IS MEDIUM,6.513257026672363
covtype_binary_20000,19,329,layer_0,12,c0: Wilderness_Area_3 IS absent,6.388192176818848
covtype_binary_20000,19,330,layer_0,684,c11: Soil_Type_11 IS absent,6.328596591949463
covtype_binary_20000,19,331,layer_0,573,c9: Soil_Type_33 IS absent,6.2729597091674805
covtype_binary_20000,19,332,layer_0,19,c0: Horizontal_Distance_To_Fire_Points IS MEDIUM,6.234900951385498
covtype_binary_20000,19,333,layer_0,50,c0: Wilderness_Area_3 IS present,6.206664085388184
covtype_binary_20000,19,334,layer_0,371,c6: Hillshade_3pm IS HIGH,6.037177085876465
covtype_binary_20000,19,335,layer_0,494,c8: Wilderness_Area_3 IS present,6.03338623046875
covtype_binary_20000,19,336,layer_0,42,c0: Soil_Type_29 IS absent,5.940709114074707
covtype_binary_20000,19,337,layer_0,11,c0: Horizontal_Distance_To_Roadways IS HIGH,5.873757362365723
covtype_binary_20000,19,338,layer_0,330,c5: Wilderness_Area_4 IS absent,5.86129903793335
covtype_binary_20000,19,339,layer_0,249,c4: Vertical_Distance_To_Hydrology IS LOW,5.857481956481934
covtype_binary_20000,19,340,layer_0,437,c7: Soil_Type_4 IS present,5.6458868980407715
covtype_binary_20000,19,341,layer_0,504,c8: Soil_Type_32 IS absent,5.593587875366211
covtype_binary_20000,19,342,layer_0,438,c7: Slope IS LOW,5.572110652923584
covtype_binary_20000,19,343,layer_0,526,c8: Horizontal_Distance_To_Hydrology IS MEDIUM,5.475396633148193
covtype_binary_20000,19,344,layer_0,632,c10: Wilderness_Area_3 IS present,5.463554859161377
covtype_binary_20000,19,345,layer_0,6,c0: Soil_Type_12 IS absent,5.455536365509033
covtype_binary_20000,19,346,layer_0,53,c0: Soil_Type_23 IS present,5.409329414367676
covtype_binary_20000,19,347,layer_0,530,c8: Wilderness_Area_3 IS present,5.3687334060668945
covtype_binary_20000,19,348,layer_0,17,c0: Soil_Type_22 IS present,5.231833457946777
covtype_binary_20000,19,349,layer_0,379,c6: Hillshade_9am IS MEDIUM,5.184348106384277
covtype_binary_20000,19,350,layer_0,308,c5: Soil_Type_23 IS present,5.15758752822876
covtype_binary_20000,19,351,layer_0,378,c6: Hillshade_9am IS LOW,4.989488124847412
covtype_binary_20000,19,352,layer_0,61,c1: Horizontal_Distance_To_Roadways IS MEDIUM,4.985752105712891
covtype_binary_20000,19,353,layer_0,222,c3: Soil_Type_2 IS absent,4.947535991668701
covtype_binary_20000,19,354,layer_0,677,c11: Soil_Type_33 IS present,4.939323902130127
covtype_binary_20000,19,355,layer_0,534,c8: Aspect IS LOW,4.86179256439209
covtype_binary_20000,19,356,layer_0,323,c5: Wilderness_Area_2 IS present,4.855477333068848
covtype_binary_20000,19,357,layer_0,578,c9: Horizontal_Distance_To_Hydrology IS HIGH,4.853315830230713
covtype_binary_20000,19,358,layer_0,359,c5: Wilderness_Area_2 IS present,4.842165946960449
covtype_binary_20000,19,359,layer_0,236,c3: Slope IS HIGH,4.706706523895264
covtype_binary_20000,19,360,layer_0,641,c10: Wilderness_Area_1 IS present,4.694068908691406
covtype_binary_20000,19,361,layer_0,651,c10: Soil_Type_31 IS absent,4.6813178062438965
covtype_binary_20000,19,362,layer_0,702,c11: Soil_Type_31 IS absent,4.679494857788086
covtype_binary_20000,19,363,layer_0,666,c11: Soil_Type_30 IS absent,4.647594928741455
covtype_binary_20000,19,364,layer_0,191,c3: Aspect IS HIGH,4.6316609382629395
covtype_binary_20000,19,365,projection_layer,3,"pursuit_1(Elevation, Vertical_Distance_To_Hydrology, Soil_Type_40, Soil_Type_6) IS LOW",4.608642101287842
covtype_binary_20000,19,366,layer_0,423,c7: Wilderness_Area_2 IS absent,4.602674961090088
covtype_binary_20000,19,367,layer_0,564,c9: Soil_Type_30 IS absent,4.563816547393799
covtype_binary_20000,19,368,layer_0,593,c9: Soil_Type_24 IS present,4.5566277503967285
covtype_binary_20000,19,369,layer_0,23,c0: Wilderness_Area_1 IS present,4.555509090423584
covtype_binary_20000,19,370,layer_0,181,c3: Horizontal_Distance_To_Hydrology IS MEDIUM,4.5384392738342285
covtype_binary_20000,19,371,layer_0,110,c1: Wilderness_Area_1 IS present,4.51221227645874
covtype_binary_20000,19,372,layer_1,324,c5: ka_concept_1.c8 IS LOW,4.437125205993652
covtype_binary_20000,19,373,layer_0,171,c2: Soil_Type_2 IS absent,4.271726608276367
covtype_binary_20000,19,374,layer_0,575,c9: Soil_Type_33 IS present,4.22118616104126
covtype_binary_20000,19,375,layer_0,139,c2: Aspect IS MEDIUM,4.218328952789307
covtype_binary_20000,19,376,layer_0,105,c1: Hillshade_Noon IS LOW,4.174241065979004
covtype_binary_20000,19,377,layer_0,74,c1: Wilderness_Area_1 IS present,4.054755687713623
covtype_binary_20000,19,378,layer_0,633,c10: Soil_Type_11 IS absent,4.03700590133667
covtype_binary_20000,19,379,layer_0,59,c0: Wilderness_Area_1 IS present,4.011015892028809
covtype_binary_20000,19,380,layer_1,318,c5: ka_concept_1.c6 IS LOW,3.9949514865875244
covtype_binary_20000,19,381,layer_0,380,c6: Hillshade_9am IS HIGH,3.9218626022338867
covtype_binary_20000,19,382,layer_0,597,c9: Wilderness_Area_2 IS absent,3.9186301231384277
covtype_binary_20000,19,383,layer_0,690,c11: Wilderness_Area_1 IS absent,3.9176042079925537
covtype_binary_20000,19,384,layer_1,264,c4: ka_concept_1.c8 IS LOW,3.895430088043213
covtype_binary_20000,19,385,layer_1,201,c3: ka_concept_1.c7 IS LOW,3.856337308883667
covtype_binary_20000,19,386,projection_layer,10,"pursuit_3(Slope, Soil_Type_12, Soil_Type_13, Soil_Type_1) IS MEDIUM",3.849165678024292
covtype_binary_20000,19,387,layer_0,630,c10: Wilderness_Area_3 IS absent,3.7978267669677734
covtype_binary_20000,19,388,layer_0,490,c8: Slope IS MEDIUM,3.7920849323272705
covtype_binary_20000,19,389,layer_0,683,c11: Wilderness_Area_3 IS present,3.7455966472625732
covtype_binary_20000,19,390,layer_0,525,c8: Horizontal_Distance_To_Hydrology IS LOW,3.7434847354888916
covtype_binary_20000,19,391,layer_0,719,c11: Wilderness_Area_3 IS present,3.7287018299102783
covtype_binary_20000,19,392,layer_0,273,c4: Soil_Type_2 IS absent,3.6917917728424072
covtype_binary_20000,19,393,layer_0,446,c7: Soil_Type_13 IS present,3.613105535507202
covtype_binary_20000,19,394,layer_0,688,c11: Aspect IS MEDIUM,3.5438613891601562
covtype_binary_20000,19,395,layer_0,210,c3: Wilderness_Area_1 IS absent,3.5102174282073975
covtype_binary_20000,19,396,layer_1,210,c3: ka_concept_1.c10 IS LOW,3.5079596042633057
covtype_binary_20000,19,397,layer_0,527,c8: Horizontal_Distance_To_Hydrology IS HIGH,3.4705169200897217
covtype_binary_20000,19,398,layer_0,302,c5: Vertical_Distance_To_Hydrology IS HIGH,3.4655301570892334
covtype_binary_20000,19,399,layer_0,182,c3: Horizontal_Distance_To_Hydrology IS HIGH,3.462080955505371
covtype_binary_20000,19,400,layer_0,596,c9: Vertical_Distance_To_Hydrology IS HIGH,3.4453585147857666
covtype_binary_20000,19,401,layer_1,323,c5: ka_concept_1.c7 IS HIGH,3.336503267288208
covtype_binary_20000,19,402,layer_0,528,c8: Wilderness_Area_3 IS absent,3.2969002723693848
covtype_binary_20000,19,403,layer_1,197,c3: ka_concept_1.c5 IS HIGH,3.2372689247131348
covtype_binary_20000,19,404,layer_1,144,c2: ka_concept_1.c8 IS LOW,3.23659348487854
covtype_binary_20000,19,405,layer_0,20,c0: Horizontal_Distance_To_Fire_Points IS HIGH,3.219191074371338
covtype_binary_20000,19,406,layer_0,492,c8: Wilderness_Area_3 IS absent,3.212308645248413
covtype_binary_20000,19,407,layer_0,44,c0: Soil_Type_29 IS present,3.136162757873535
covtype_binary_20000,19,408,layer_0,663,c11: Wilderness_Area_2 IS absent,3.094632148742676
covtype_binary_20000,19,409,layer_0,576,c9: Horizontal_Distance_To_Hydrology IS LOW,3.0498111248016357
covtype_binary_20000,19,410,layer_0,432,c7: Wilderness_Area_4 IS absent,2.9910061359405518
covtype_binary_20000,19,411,layer_1,321,c5: ka_concept_1.c7 IS LOW,2.9868342876434326
covtype_binary_20000,19,412,layer_0,699,c11: Wilderness_Area_2 IS absent,2.9134902954101562
covtype_binary_20000,19,413,layer_0,495,c8: Soil_Type_13 IS absent,2.9087064266204834
covtype_binary_20000,19,414,layer_1,349,c5: projection_4 IS MEDIUM,2.8984291553497314
covtype_binary_20000,19,415,layer_0,408,c6: Wilderness_Area_2 IS absent,2.889343500137329
covtype_binary_20000,19,416,layer_0,687,c11: Aspect IS LOW,2.8554537296295166
covtype_binary_20000,19,417,layer_0,407,c6: Horizontal_Distance_To_Roadways IS HIGH,2.8309218883514404
covtype_binary_20000,19,418,layer_0,83,c1: Wilderness_Area_2 IS present,2.8136868476867676
covtype_binary_20000,19,419,layer_0,72,c1: Wilderness_Area_1 IS absent,2.8057637214660645
covtype_binary_20000,19,420,layer_0,546,c9: Soil_Type_13 IS absent,2.783123731613159
covtype_binary_20000,19,421,layer_1,203,c3: ka_concept_1.c7 IS HIGH,2.7727272510528564
covtype_binary_20000,19,422,layer_1,289,c4: projection_4 IS MEDIUM,2.768702507019043
covtype_binary_20000,19,423,layer_0,344,c5: Soil_Type_13 IS present,2.745352268218994
covtype_binary_20000,19,424,layer_0,119,c1: Wilderness_Area_2 IS present,2.7313992977142334
covtype_binary_20000,19,425,layer_0,482,c8: Hillshade_9am IS HIGH,2.71108078956604
covtype_binary_20000,19,426,layer_0,473,c7: Soil_Type_33 IS present,2.670665740966797
covtype_binary_20000,19,427,layer_0,621,c10: Wilderness_Area_4 IS absent,2.6687309741973877
covtype_binary_20000,19,428,layer_0,543,c9: Wilderness_Area_3 IS absent,2.650881767272949
covtype_binary_20000,19,429,layer_0,605,c10: Wilderness_Area_1 IS present,2.649359941482544
covtype_binary_20000,19,430,layer_0,333,c5: Soil_Type_4 IS absent,2.642610788345337
covtype_binary_20000,19,431,layer_1,141,c2: ka_concept_1.c7 IS LOW,2.6363027095794678
covtype_binary_20000,19,432,layer_0,464,c7: Soil_Type_30 IS present,2.6336307525634766
covtype_binary_20000,19,433,layer_1,198,c3: ka_concept_1.c6 IS LOW,2.6215322017669678
covtype_binary_20000,19,434,layer_1,149,c2: ka_concept_1.c9 IS HIGH,2.6083803176879883
covtype_binary_20000,19,435,layer_0,68,c1: Soil_Type_22 IS present,2.5819296836853027
covtype_binary_20000,19,436,layer_0,32,c0: Wilderness_Area_2 IS present,2.568072557449341
covtype_binary_20000,19,437,layer_0,512,c8: Wilderness_Area_2 IS present,2.5475032329559326
covtype_binary_20000,19,438,layer_0,524,c8: Soil_Type_33 IS present,2.4855687618255615
covtype_binary_20000,19,439,layer_0,579,c9: Wilderness_Area_3 IS absent,2.4804465770721436
covtype_binary_20000,19,440,layer_1,229,c3: projection_4 IS MEDIUM,2.4792964458465576
covtype_binary_20000,19,441,layer_0,62,c1: Horizontal_Distance_To_Roadways IS HIGH,2.453462839126587
covtype_binary_20000,19,442,layer_0,353,c5: Soil_Type_32 IS present,2.451374053955078
covtype_binary_20000,19,443,layer_0,3,c0: Wilderness_Area_4 IS absent,2.392998456954956
covtype_binary_20000,19,444,layer_0,98,c1: Vertical_Distance_To_Hydrology IS HIGH,2.3321666717529297
covtype_binary_20000,19,445,layer_1,105,c1: projection_3 IS LOW,2.317566394805908
covtype_binary_20000,19,446,layer_0,258,c4: Hillshade_Noon IS LOW,2.315669298171997
covtype_binary_20000,19,447,layer_0,315,c5: Soil_Type_40 IS absent,2.286271095275879
covtype_binary_20000,19,448,layer_0,393,c6: Soil_Type_13 IS absent,2.2357873916625977
covtype_binary_20000,19,449,layer_0,332,c5: Wilderness_Area_4 IS present,2.2287662029266357
covtype_binary_20000,19,450,layer_0,657,c10: Wilderness_Area_4 IS absent,2.2118425369262695
covtype_binary_20000,19,451,layer_1,317,c5: ka_concept_1.c5 IS HIGH,2.204364538192749
covtype_binary_20000,19,452,layer_0,483,c8: Wilderness_Area_4 IS absent,2.1986348628997803
covtype_binary_20000,19,453,layer_0,485,c8: Wilderness_Area_4 IS present,2.179837703704834
covtype_binary_20000,19,454,layer_0,570,c9: Wilderness_Area_4 IS absent,2.147397994995117
covtype_binary_20000,19,455,layer_0,654,c10: Hillshade_Noon IS LOW,2.110976219177246
covtype_binary_20000,19,456,layer_0,644,c10: Soil_Type_24 IS present,2.0048131942749023
covtype_binary_20000,19,457,layer_1,351,c5: projection_5 IS LOW,2.001520872116089
covtype_binary_20000,19,458,layer_0,521,c8: Wilderness_Area_4 IS present,1.9880659580230713
covtype_binary_20000,19,459,layer_0,328,c5: Hillshade_9am IS MEDIUM,1.9225339889526367
covtype_binary_20000,19,460,layer_1,218,c3: projection_0 IS HIGH,1.917000651359558
covtype_binary_20000,19,461,layer_0,377,c6: Soil_Type_2 IS present,1.9140492677688599
covtype_binary_20000,19,462,layer_1,312,c5: ka_concept_1.c4 IS LOW,1.911744475364685
covtype_binary_20000,19,463,layer_0,629,c10: Horizontal_Distance_To_Hydrology IS HIGH,1.909906268119812
covtype_binary_20000,19,464,layer_1,246,c4: ka_concept_1.c2 IS LOW,1.9033576250076294
covtype_binary_20000,19,465,layer_1,168,c2: projection_4 IS LOW,1.880767583847046
covtype_binary_20000,19,466,layer_1,303,c5: ka_concept_1.c1 IS LOW,1.8622018098831177
covtype_binary_20000,19,467,layer_1,276,c4: projection_0 IS LOW,1.8149796724319458
covtype_binary_20000,19,468,layer_0,293,c4: Soil_Type_13 IS present,1.798925757408142
covtype_binary_20000,19,469,layer_0,411,c6: Soil_Type_30 IS absent,1.7823293209075928
covtype_binary_20000,19,470,layer_0,581,c9: Wilderness_Area_3 IS present,1.7811211347579956
covtype_binary_20000,19,471,layer_1,77,c1: ka_concept_1.c5 IS HIGH,1.768723964691162
covtype_binary_20000,19,472,layer_0,272,c4: Wilderness_Area_2 IS present,1.7491241693496704
covtype_binary_20000,19,473,layer_0,603,c10: Wilderness_Area_1 IS absent,1.7451878786087036
covtype_binary_20000,19,474,layer_0,554,c9: Wilderness_Area_1 IS present,1.7402747869491577
covtype_binary_20000,19,475,layer_0,92,c1: Wilderness_Area_4 IS present,1.739542841911316
covtype_binary_20000,19,476,layer_0,204,c3: Soil_Type_23 IS absent,1.7308127880096436
covtype_binary_20000,19,477,layer_0,566,c9: Soil_Type_30 IS present,1.7162913084030151
covtype_binary_20000,19,478,layer_1,354,c5: projection_6 IS LOW,1.7147635221481323
covtype_binary_20000,19,479,layer_1,209,c3: ka_concept_1.c9 IS HIGH,1.7047492265701294
covtype_binary_20000,19,480,layer_0,108,c1: Wilderness_Area_1 IS absent,1.6965692043304443
covtype_binary_20000,19,481,layer_0,429,c7: Hillshade_9am IS LOW,1.687074899673462
covtype_binary_20000,19,482,layer_1,257,c4: ka_concept_1.c5 IS HIGH,1.68450129032135
covtype_binary_20000,19,483,layer_0,602,c10: Elevation IS HIGH,1.6777570247650146
covtype_binary_20000,19,484,layer_0,584,c9: Soil_Type_11 IS present,1.6684596538543701
covtype_binary_20000,19,485,layer_1,126,c2: ka_concept_1.c2 IS LOW,1.6579878330230713
covtype_binary_20000,19,486,layer_0,425,c7: Wilderness_Area_2 IS present,1.656124472618103
covtype_binary_20000,19,487,layer_1,66,c1: ka_concept_1.c2 IS LOW,1.6494710445404053
covtype_binary_20000,19,488,layer_0,461,c7: Wilderness_Area_2 IS present,1.6492688655853271
covtype_binary_20000,19,489,layer_0,155,c2: Soil_Type_23 IS present,1.642437219619751
covtype_binary_20000,19,490,layer_0,389,c6: Slope IS HIGH,1.642159342765808
covtype_binary_20000,19,491,layer_0,428,c7: Soil_Type_2 IS present,1.6339969635009766
covtype_binary_20000,19,492,layer_1,212,c3: ka_concept_1.c10 IS HIGH,1.6297978162765503
covtype_binary_20000,19,493,layer_1,186,c3: ka_concept_1.c2 IS LOW,1.6136292219161987
covtype_binary_20000,19,494,layer_1,342,c5: projection_2 IS LOW,1.6129332780838013
covtype_binary_20000,19,495,layer_1,157,c2: projection_0 IS MEDIUM,1.6058881282806396
covtype_binary_20000,19,496,layer_0,255,c4: Soil_Type_23 IS absent,1.5921008586883545
covtype_binary_20000,19,497,layer_1,243,c4: ka_concept_1.c1 IS LOW,1.591068983078003
covtype_binary_20000,19,498,layer_0,192,c3: Wilderness_Area_4 IS absent,1.5864239931106567
covtype_binary_20000,19,499,layer_0,455,c7: Soil_Type_32 IS present,1.5852149724960327
covtype_binary_20000,19,500,layer_1,147,c2: ka_concept_1.c9 IS LOW,1.5579102039337158
covtype_binary_20000,19,501,layer_0,264,c4: Soil_Type_40 IS absent,1.5443780422210693
covtype_binary_20000,19,502,layer_1,196,c3: ka_concept_1.c5 IS MEDIUM,1.5419827699661255
covtype_binary_20000,19,503,projection_layer,17,"pursuit_5(Hillshade_9am, Wilderness_Area_1, Soil_Type_10, Soil_Type_32) IS HIGH",1.53875732421875
covtype_binary_20000,19,504,layer_1,207,c3: ka_concept_1.c9 IS LOW,1.5279757976531982
covtype_binary_20000,19,505,layer_0,383,c6: Wilderness_Area_4 IS present,1.5270589590072632
covtype_binary_20000,19,506,layer_1,357,c5: projection_7 IS LOW,1.5018917322158813
covtype_binary_20000,19,507,layer_1,206,c3: ka_concept_1.c8 IS HIGH,1.474147081375122
covtype_binary_20000,19,508,layer_0,419,c6: Wilderness_Area_4 IS present,1.4732649326324463
covtype_binary_20000,19,509,layer_0,126,c2: Soil_Type_39 IS absent,1.4676004648208618
covtype_binary_20000,19,510,layer_1,138,c2: ka_concept_1.c6 IS LOW,1.465479850769043
covtype_binary_20000,19,511,layer_0,515,c8: Soil_Type_30 IS present,1.460565447807312
covtype_binary_20000,19,512,layer_0,79,c1: Horizontal_Distance_To_Hydrology IS MEDIUM,1.449966311454773
covtype_binary_20000,19,513,layer_1,109,c1: projection_4 IS MEDIUM,1.436855435371399
covtype_binary_20000,19,514,layer_0,614,c10: Wilderness_Area_2 IS present,1.426984429359436
covtype_binary_20000,19,515,layer_1,150,c2: ka_concept_1.c10 IS LOW,1.4088757038116455
covtype_binary_20000,19,516,layer_1,278,c4: projection_0 IS HIGH,1.3842483758926392
covtype_binary_20000,19,517,layer_0,650,c10: Wilderness_Area_2 IS present,1.3826618194580078
covtype_binary_20000,19,518,layer_0,221,c3: Wilderness_Area_2 IS present,1.3785288333892822
covtype_binary_20000,19,519,layer_0,185,c3: Wilderness_Area_2 IS present,1.3784629106521606
covtype_binary_20000,19,520,layer_0,57,c0: Wilderness_Area_1 IS absent,1.3775947093963623
covtype_binary_20000,19,521,layer_1,316,c5: ka_concept_1.c5 IS MEDIUM,1.3687615394592285
covtype_binary_20000,19,522,layer_1,180,c3: ka_concept_1.c0 IS LOW,1.3639512062072754
covtype_binary_20000,19,523,layer_0,480,c8: Hillshade_9am IS LOW,1.3590813875198364
covtype_binary_20000,19,524,layer_1,345,c5: projection_3 IS LOW,1.3566282987594604
covtype_binary_20000,19,525,layer_0,608,c10: Soil_Type_32 IS present,1.3434574604034424
covtype_binary_20000,19,526,layer_0,21,c0: Wilderness_Area_1 IS absent,1.3310447931289673
covtype_binary_20000,19,527,layer_0,626,c10: Soil_Type_33 IS present,1.3278857469558716
covtype_binary_20000,19,528,layer_1,76,c1: ka_concept_1.c5 IS MEDIUM,1.3261134624481201
covtype_binary_20000,19,529,layer_1,258,c4: ka_concept_1.c6 IS LOW,1.3218141794204712
covtype_binary_20000,19,530,layer_0,506,c8: Soil_Type_32 IS present,1.2988855838775635
covtype_binary_20000,19,531,layer_1,269,c4: ka_concept_1.c9 IS HIGH,1.2928895950317383
covtype_binary_20000,19,532,layer_0,372,c6: Wilderness_Area_2 IS absent,1.2777963876724243
covtype_binary_20000,19,533,layer_0,386,c6: Soil_Type_4 IS present,1.2737438678741455
covtype_binary_20000,19,534,layer_0,548,c9: Soil_Type_13 IS present,1.2732656002044678
covtype_binary_20000,19,535,layer_0,590,c9: Wilderness_Area_1 IS present,1.2525458335876465
covtype_binary_20000,19,536,layer_1,137,c2: ka_concept_1.c5 IS HIGH,1.2475074529647827
covtype_binary_20000,19,537,layer_1,285,c4: projection_3 IS LOW,1.2345963716506958
covtype_binary_20000,19,538,layer_1,326,c5: ka_concept_1.c8 IS HIGH,1.2150280475616455
covtype_binary_20000,19,539,layer_1,83,c1: ka_concept_1.c7 IS HIGH,1.2043300867080688
covtype_binary_20000,19,540,layer_0,149,c2: Vertical_Distance_To_Hydrology IS HIGH,1.1991658210754395
covtype_binary_20000,19,541,layer_1,216,c3: projection_0 IS LOW,1.197502613067627
covtype_binary_20000,19,542,layer_1,158,c2: projection_0 IS HIGH,1.194439172744751
covtype_binary_20000,19,543,layer_0,695,c11: Soil_Type_24 IS present,1.1773947477340698
covtype_binary_20000,19,544,layer_1,143,c2: ka_concept_1.c7 IS HIGH,1.1650761365890503
covtype_binary_20000,19,545,layer_0,35,c0: Soil_Type_38 IS present,1.1483815908432007
covtype_binary_20000,19,546,layer_1,329,c5: ka_concept_1.c9 IS HIGH,1.1411664485931396
covtype_binary_20000,19,547,layer_0,434,c7: Wilderness_Area_4 IS present,1.127482533454895
covtype_binary_20000,19,548,layer_0,647,c10: Vertical_Distance_To_Hydrology IS HIGH,1.1258776187896729
covtype_binary_20000,19,549,layer_0,698,c11: Vertical_Distance_To_Hydrology IS HIGH,1.122170090675354
covtype_binary_20000,19,550,layer_1,121,c2: ka_concept_1.c0 IS MEDIUM,1.1195183992385864
covtype_binary_20000,19,551,layer_0,47,c0: Vertical_Distance_To_Hydrology IS HIGH,1.119472861289978
covtype_binary_20000,19,552,layer_1,63,c1: ka_concept_1.c1 IS LOW,1.1185483932495117
covtype_binary_20000,19,553,layer_0,572,c9: Wilderness_Area_4 IS present,1.1183792352676392
covtype_binary_20000,19,554,layer_0,26,c0: Soil_Type_39 IS present,1.1160471439361572
covtype_binary_20000,19,555,layer_1,200,c3: ka_concept_1.c6 IS HIGH,1.108966588973999
covtype_binary_20000,19,556,layer_1,78,c1: ka_concept_1.c6 IS LOW,1.1077561378479004
covtype_binary_20000,19,557,layer_1,177,c2: projection_7 IS LOW,1.1017215251922607
covtype_binary_20000,19,558,projection_layer,0,"pursuit_0(Horizontal_Distance_To_Fire_Points, Hillshade_3pm, Soil_Type_29, Soil_Type_4) IS LOW",1.1007450819015503
covtype_binary_20000,19,559,layer_0,470,c7: Wilderness_Area_4 IS present,1.098037838935852
covtype_binary_20000,19,560,layer_0,86,c1: Soil_Type_38 IS present,1.0972259044647217
covtype_binary_20000,19,561,layer_1,306,c5: ka_concept_1.c2 IS LOW,1.095387578010559
covtype_binary_20000,19,562,layer_1,120,c2: ka_concept_1.c0 IS LOW,1.0806090831756592
covtype_binary_20000,19,563,layer_1,184,c3: ka_concept_1.c1 IS MEDIUM,1.0767064094543457
covtype_binary_20000,19,564,layer_1,338,c5: projection_0 IS HIGH,1.0730494260787964
covtype_binary_20000,19,565,layer_1,309,c5: ka_concept_1.c3 IS LOW,1.0568318367004395
covtype_binary_20000,19,566,layer_0,228,c3: Wilderness_Area_4 IS absent,1.0525165796279907
covtype_binary_20000,19,567,layer_0,561,c9: Wilderness_Area_2 IS absent,1.0313019752502441
covtype_binary_20000,19,568,layer_0,368,c6: Soil_Type_40 IS present,1.0018672943115234
covtype_binary_20000,19,569,layer_0,413,c6: Soil_Type_30 IS present,0.9978034496307373
covtype_binary_20000,19,570,layer_0,288,c4: Wilderness_Area_3 IS absent,0.9955934882164001
covtype_binary_20000,19,571,layer_0,252,c4: Wilderness_Area_3 IS absent,0.9949171543121338
covtype_binary_20000,19,572,layer_0,402,c6: Soil_Type_32 IS absent,0.993094801902771
covtype_binary_20000,19,573,layer_1,263,c4: ka_concept_1.c7 IS HIGH,0.9917654395103455
covtype_binary_20000,19,574,layer_1,81,c1: ka_concept_1.c7 IS LOW,0.9909479022026062
covtype_binary_20000,19,575,layer_0,326,c5: Soil_Type_2 IS present,0.9899559020996094
covtype_binary_20000,19,576,layer_1,325,c5: ka_concept_1.c8 IS MEDIUM,0.9896270632743835
covtype_binary_20000,19,577,layer_0,8,c0: Soil_Type_12 IS present,0.988595724105835
covtype_binary_20000,19,578,layer_0,497,c8: Soil_Type_13 IS present,0.9826036691665649
covtype_binary_20000,19,579,layer_0,585,c9: Aspect IS LOW,0.9769655466079712
covtype_binary_20000,19,580,layer_1,228,c3: projection_4 IS LOW,0.9765456318855286
covtype_binary_20000,19,581,layer_0,639,c10: Wilderness_Area_1 IS absent,0.9706296324729919
covtype_binary_20000,19,582,layer_0,137,c2: Soil_Type_38 IS present,0.9654858112335205
covtype_binary_20000,19,583,layer_0,401,c6: Wilderness_Area_1 IS present,0.9551414251327515
covtype_binary_20000,19,584,layer_0,200,c3: Vertical_Distance_To_Hydrology IS HIGH,0.939987301826477
covtype_binary_20000,19,585,layer_1,292,c4: projection_5 IS MEDIUM,0.9379414319992065
covtype_binary_20000,19,586,layer_0,310,c5: Hillshade_Noon IS MEDIUM,0.937478244304657
covtype_binary_20000,19,587,layer_1,273,c4: ka_concept_1.c11 IS LOW,0.9304594993591309
covtype_binary_20000,19,588,layer_1,145,c2: ka_concept_1.c8 IS MEDIUM,0.9283291101455688
covtype_binary_20000,19,589,layer_0,134,c2: Wilderness_Area_2 IS present,0.9243554472923279
covtype_binary_20000,19,590,layer_1,245,c4: ka_concept_1.c1 IS HIGH,0.9235005974769592
covtype_binary_20000,19,591,layer_1,182,c3: ka_concept_1.c0 IS HIGH,0.9221612215042114
covtype_binary_20000,19,592,layer_1,204,c3: ka_concept_1.c8 IS LOW,0.9086200594902039
covtype_binary_20000,19,593,layer_1,146,c2: ka_concept_1.c8 IS HIGH,0.8980079889297485
covtype_binary_20000,19,594,layer_0,170,c2: Wilderness_Area_2 IS present,0.8951177597045898
covtype_binary_20000,19,595,layer_1,266,c4: ka_concept_1.c8 IS HIGH,0.8939729928970337
covtype_binary_20000,19,596,layer_1,328,c5: ka_concept_1.c9 IS MEDIUM,0.8899286985397339
covtype_binary_20000,19,597,layer_1,339,c5: projection_1 IS LOW,0.8882537484169006
covtype_binary_20000,19,598,layer_1,98,c1: projection_0 IS HIGH,0.8781606554985046
covtype_binary_20000,19,599,layer_1,211,c3: ka_concept_1.c10 IS MEDIUM,0.8588652610778809
covtype_binary_20000,19,600,layer_1,82,c1: ka_concept_1.c7 IS MEDIUM,0.8254966735839844
covtype_binary_20000,19,601,layer_0,338,c5: Slope IS HIGH,0.8238213062286377
covtype_binary_20000,19,602,layer_1,89,c1: ka_concept_1.c9 IS HIGH,0.8144561648368835
covtype_binary_20000,19,603,layer_1,305,c5: ka_concept_1.c1 IS HIGH,0.8099311590194702
covtype_binary_20000,19,604,layer_1,237,c3: projection_7 IS LOW,0.8001082539558411
covtype_binary_20000,19,605,layer_0,257,c4: Soil_Type_23 IS present,0.7970649600028992
covtype_binary_20000,19,606,layer_1,202,c3: ka_concept_1.c7 IS MEDIUM,0.7966137528419495
covtype_binary_20000,19,607,layer_0,153,c2: Soil_Type_23 IS absent,0.7901163697242737
covtype_binary_20000,19,608,layer_1,315,c5: ka_concept_1.c5 IS LOW,0.7856417894363403
covtype_binary_20000,19,609,layer_1,267,c4: ka_concept_1.c9 IS LOW,0.7852371335029602
covtype_binary_20000,19,610,layer_1,142,c2: ka_concept_1.c7 IS MEDIUM,0.7764002084732056
covtype_binary_20000,19,611,layer_0,599,c9: Wilderness_Area_2 IS present,0.7754287123680115
covtype_binary_20000,19,612,layer_1,322,c5: ka_concept_1.c7 IS MEDIUM,0.7729876041412354
covtype_binary_20000,19,613,layer_1,192,c3: ka_concept_1.c4 IS LOW,0.7705323100090027
covtype_binary_20000,19,614,layer_1,156,c2: projection_0 IS LOW,0.763750433921814
covtype_binary_20000,19,615,layer_1,255,c4: ka_concept_1.c5 IS LOW,0.7600385546684265
covtype_binary_20000,19,616,layer_1,252,c4: ka_concept_1.c4 IS LOW,0.7575278282165527
covtype_binary_20000,19,617,layer_1,232,c3: projection_5 IS MEDIUM,0.757352352142334
covtype_binary_20000,19,618,layer_0,143,c2: Wilderness_Area_4 IS present,0.7544471025466919
covtype_binary_20000,19,619,layer_0,179,c2: Wilderness_Area_4 IS present,0.7544470429420471
covtype_binary_20000,19,620,layer_1,189,c3: ka_concept_1.c3 IS LOW,0.7511798739433289
covtype_binary_20000,19,621,layer_1,331,c5: ka_concept_1.c10 IS MEDIUM,0.7511149644851685
covtype_binary_20000,19,622,layer_0,39,c0: Wilderness_Area_4 IS absent,0.739797055721283
covtype_binary_20000,19,623,layer_0,254,c4: Wilderness_Area_3 IS present,0.7388411164283752
covtype_binary_20000,19,624,layer_1,169,c2: projection_4 IS MEDIUM,0.7382772564888
covtype_binary_20000,19,625,layer_0,290,c4: Wilderness_Area_3 IS present,0.738129734992981
covtype_binary_20000,19,626,layer_1,60,c1: ka_concept_1.c0 IS LOW,0.7330747246742249
covtype_binary_20000,19,627,layer_1,213,c3: ka_concept_1.c11 IS LOW,0.7330248951911926
covtype_binary_20000,19,628,layer_0,77,c1: Soil_Type_39 IS present,0.7177649736404419
covtype_binary_20000,19,629,layer_1,195,c3: ka_concept_1.c5 IS LOW,0.7160882949829102
covtype_binary_20000,19,630,layer_0,661,c11: Horizontal_Distance_To_Roadways IS MEDIUM,0.713644802570343
covtype_binary_20000,19,631,layer_0,713,c11: Soil_Type_10 IS present,0.7079887986183167
covtype_binary_20000,19,632,layer_1,91,c1: ka_concept_1.c10 IS MEDIUM,0.7075827717781067
covtype_binary_20000,19,633,layer_1,300,c5: ka_concept_1.c0 IS LOW,0.7009388208389282
covtype_binary_20000,19,634,layer_0,360,c6: Hillshade_Noon IS LOW,0.7008100748062134
covtype_binary_20000,19,635,projection_layer,8,"pursuit_2(Hillshade_Noon, Wilderness_Area_4, Soil_Type_23, Soil_Type_11) IS HIGH",0.6915521025657654
covtype_binary_20000,19,636,layer_0,365,c6: Wilderness_Area_1 IS present,0.6907638311386108
covtype_binary_20000,19,637,layer_1,135,c2: ka_concept_1.c5 IS LOW,0.6820398569107056
covtype_binary_20000,19,638,layer_0,374,c6: Wilderness_Area_2 IS present,0.6720784306526184
covtype_binary_20000,19,639,layer_1,336,c5: projection_0 IS LOW,0.667953372001648
covtype_binary_20000,19,640,layer_1,330,c5: ka_concept_1.c10 IS LOW,0.6663516163825989
covtype_binary_20000,19,641,layer_1,97,c1: projection_0 IS MEDIUM,0.6620165109634399
covtype_binary_20000,19,642,layer_1,223,c3: projection_2 IS MEDIUM,0.6582039594650269
covtype_binary_20000,19,643,layer_0,251,c4: Vertical_Distance_To_Hydrology IS HIGH,0.6497741341590881
covtype_binary_20000,19,644,layer_0,245,c4: Wilderness_Area_4 IS present,0.6432821154594421
covtype_binary_20000,19,645,layer_0,281,c4: Wilderness_Area_4 IS present,0.6432821154594421
covtype_binary_20000,19,646,layer_0,28,c0: Horizontal_Distance_To_Hydrology IS MEDIUM,0.6368374824523926
covtype_binary_20000,19,647,layer_1,301,c5: ka_concept_1.c0 IS MEDIUM,0.6361849904060364
covtype_binary_20000,19,648,layer_1,108,c1: projection_4 IS LOW,0.6277585625648499
covtype_binary_20000,19,649,layer_0,284,c4: Soil_Type_4 IS present,0.6240854859352112
covtype_binary_20000,19,650,layer_0,545,c9: Wilderness_Area_3 IS present,0.6212003827095032
covtype_binary_20000,19,651,projection_layer,4,"pursuit_1(Elevation, Vertical_Distance_To_Hydrology, Soil_Type_40, Soil_Type_6) IS MEDIUM",0.6162851452827454
covtype_binary_20000,19,652,layer_0,410,c6: Wilderness_Area_2 IS present,0.614805281162262
covtype_binary_20000,19,653,layer_1,181,c3: ka_concept_1.c0 IS MEDIUM,0.6141141057014465
covtype_binary_20000,19,654,layer_1,265,c4: ka_concept_1.c8 IS MEDIUM,0.6138290166854858
covtype_binary_20000,19,655,layer_1,234,c3: projection_6 IS LOW,0.6056216359138489
covtype_binary_20000,19,656,layer_1,152,c2: ka_concept_1.c10 IS HIGH,0.6049692630767822
covtype_binary_20000,19,657,layer_1,96,c1: projection_0 IS LOW,0.6043360233306885
covtype_binary_20000,19,658,layer_1,93,c1: ka_concept_1.c11 IS LOW,0.6017307639122009
covtype_binary_20000,19,659,layer_1,333,c5: ka_concept_1.c11 IS LOW,0.5992599725723267
covtype_binary_20000,19,660,layer_1,165,c2: projection_3 IS LOW,0.5979480743408203
covtype_binary_20000,19,661,layer_1,241,c4: ka_concept_1.c0 IS MEDIUM,0.5919232368469238
covtype_binary_20000,19,662,layer_0,668,c11: Soil_Type_30 IS present,0.5898424386978149
covtype_binary_20000,19,663,layer_1,268,c4: ka_concept_1.c9 IS MEDIUM,0.5860698819160461
covtype_binary_20000,19,664,layer_0,89,c1: Aspect IS HIGH,0.582877516746521
covtype_binary_20000,19,665,layer_1,64,c1: ka_concept_1.c1 IS MEDIUM,0.5723836421966553
covtype_binary_20000,19,666,layer_1,199,c3: ka_concept_1.c6 IS MEDIUM,0.5657947063446045
covtype_binary_20000,19,667,layer_1,319,c5: ka_concept_1.c6 IS MEDIUM,0.5616980195045471
covtype_binary_20000,19,668,layer_0,519,c8: Wilderness_Area_4 IS absent,0.5599029660224915
covtype_binary_20000,19,669,layer_1,231,c3: projection_5 IS LOW,0.5581768155097961
covtype_binary_20000,19,670,layer_1,297,c4: projection_7 IS LOW,0.5547816753387451
covtype_binary_20000,19,671,layer_1,304,c5: ka_concept_1.c1 IS MEDIUM,0.5541123151779175
covtype_binary_20000,19,672,layer_1,61,c1: ka_concept_1.c0 IS MEDIUM,0.5422078371047974
covtype_binary_20000,19,673,layer_1,102,c1: projection_2 IS LOW,0.5389487743377686
covtype_binary_20000,19,674,layer_0,206,c3: Soil_Type_23 IS present,0.5375481247901917
covtype_binary_20000,19,675,layer_1,114,c1: projection_6 IS LOW,0.5358892679214478
covtype_binary_20000,19,676,layer_1,343,c5: projection_2 IS MEDIUM,0.5260266661643982
covtype_binary_20000,19,677,layer_0,617,c10: Soil_Type_30 IS present,0.5255687832832336
covtype_binary_20000,19,678,layer_1,337,c5: projection_0 IS MEDIUM,0.5215858817100525
covtype_binary_20000,19,679,layer_1,103,c1: projection_2 IS MEDIUM,0.5192815065383911
covtype_binary_20000,19,680,layer_0,563,c9: Wilderness_Area_2 IS present,0.5151616334915161
covtype_binary_20000,19,681,layer_1,291,c4: projection_5 IS LOW,0.512467622756958
covtype_binary_20000,19,682,layer_1,208,c3: ka_concept_1.c9 IS MEDIUM,0.5046839118003845
covtype_binary_20000,19,683,layer_1,307,c5: ka_concept_1.c2 IS MEDIUM,0.5025278925895691
covtype_binary_20000,19,684,layer_1,242,c4: ka_concept_1.c0 IS HIGH,0.500736653804779
covtype_binary_20000,19,685,layer_0,41,c0: Wilderness_Area_4 IS present,0.49363255500793457
covtype_binary_20000,19,686,layer_1,62,c1: ka_concept_1.c0 IS HIGH,0.49305465817451477
covtype_binary_20000,19,687,layer_1,247,c4: ka_concept_1.c2 IS MEDIUM,0.49079257249832153
covtype_binary_20000,19,688,layer_0,317,c5: Soil_Type_40 IS present,0.4848303198814392
covtype_binary_20000,19,689,layer_1,288,c4: projection_4 IS LOW,0.48217061161994934
covtype_binary_20000,19,690,layer_0,5,c0: Wilderness_Area_4 IS present,0.475776731967926
covtype_binary_20000,19,691,layer_1,261,c4: ka_concept_1.c7 IS LOW,0.4618534445762634
covtype_binary_20000,19,692,layer_1,90,c1: ka_concept_1.c10 IS LOW,0.4565819501876831
covtype_binary_20000,19,693,layer_1,125,c2: ka_concept_1.c1 IS HIGH,0.43973371386528015
covtype_binary_20000,19,694,layer_0,233,c3: Soil_Type_4 IS present,0.4294164180755615
covtype_binary_20000,19,695,layer_1,327,c5: ka_concept_1.c9 IS LOW,0.41693195700645447
covtype_binary_20000,19,696,layer_0,18,c0: Horizontal_Distance_To_Fire_Points IS LOW,0.4142029583454132
covtype_binary_20000,19,697,layer_1,133,c2: ka_concept_1.c4 IS MEDIUM,0.4116659462451935
covtype_binary_20000,19,698,layer_0,704,c11: Soil_Type_31 IS present,0.4104982614517212
covtype_binary_20000,19,699,layer_1,79,c1: ka_concept_1.c6 IS MEDIUM,0.40703320503234863
covtype_binary_20000,19,700,layer_1,84,c1: ka_concept_1.c8 IS LOW,0.4062534272670746
covtype_binary_20000,19,701,layer_1,352,c5: projection_5 IS MEDIUM,0.40286096930503845
covtype_binary_20000,19,702,layer_0,230,c3: Wilderness_Area_4 IS present,0.40013447403907776
covtype_binary_20000,19,703,layer_0,194,c3: Wilderness_Area_4 IS present,0.39821118116378784
covtype_binary_20000,19,704,layer_1,140,c2: ka_concept_1.c6 IS HIGH,0.3933250308036804
covtype_binary_20000,19,705,layer_1,187,c3: ka_concept_1.c2 IS MEDIUM,0.3922567069530487
covtype_binary_20000,19,706,layer_0,55,c0: Hillshade_Noon IS MEDIUM,0.38699543476104736
covtype_binary_20000,19,707,layer_0,164,c2: Soil_Type_40 IS present,0.380083292722702
covtype_binary_20000,19,708,layer_1,271,c4: ka_concept_1.c10 IS MEDIUM,0.3746035695075989
covtype_binary_20000,19,709,layer_0,128,c2: Soil_Type_39 IS present,0.37178730964660645
covtype_binary_20000,19,710,layer_1,270,c4: ka_concept_1.c10 IS LOW,0.36960241198539734
covtype_binary_20000,19,711,layer_1,183,c3: ka_concept_1.c1 IS LOW,0.3665179908275604
covtype_binary_20000,19,712,layer_0,162,c2: Soil_Type_40 IS absent,0.36649808287620544
covtype_binary_20000,19,713,layer_1,332,c5: ka_concept_1.c10 IS HIGH,0.3608916103839874
covtype_binary_20000,19,714,layer_0,173,c2: Soil_Type_2 IS present,0.3587157130241394
covtype_binary_20000,19,715,layer_1,178,c2: projection_7 IS MEDIUM,0.3475704491138458
covtype_binary_20000,19,716,layer_1,277,c4: projection_0 IS MEDIUM,0.34356689453125
covtype_binary_20000,19,717,layer_1,123,c2: ka_concept_1.c1 IS LOW,0.3414723575115204
covtype_binary_20000,19,718,layer_1,185,c3: ka_concept_1.c1 IS HIGH,0.34088489413261414
covtype_binary_20000,19,719,layer_1,188,c3: ka_concept_1.c2 IS HIGH,0.3380853235721588
covtype_binary_20000,19,720,layer_1,118,c1: projection_7 IS MEDIUM,0.33508002758026123
covtype_binary_20000,19,721,layer_1,112,c1: projection_5 IS MEDIUM,0.33497104048728943
covtype_binary_20000,19,722,layer_0,285,c4: Slope IS LOW,0.3292766809463501
covtype_binary_20000,19,723,layer_1,283,c4: projection_2 IS MEDIUM,0.3291802704334259
covtype_binary_20000,19,724,layer_1,75,c1: ka_concept_1.c5 IS LOW,0.3286350965499878
covtype_binary_20000,19,725,layer_1,217,c3: projection_0 IS MEDIUM,0.3252837061882019
covtype_binary_20000,19,726,layer_1,348,c5: projection_4 IS LOW,0.31688088178634644
covtype_binary_20000,19,727,layer_1,88,c1: ka_concept_1.c9 IS MEDIUM,0.3108404278755188
covtype_binary_20000,19,728,layer_0,188,c3: Soil_Type_38 IS present,0.30973201990127563
covtype_binary_20000,19,729,layer_1,225,c3: projection_3 IS LOW,0.30851051211357117
covtype_binary_20000,19,730,layer_1,193,c3: ka_concept_1.c4 IS MEDIUM,0.30837878584861755
covtype_binary_20000,19,731,layer_1,85,c1: ka_concept_1.c8 IS MEDIUM,0.30032017827033997
covtype_binary_20000,19,732,layer_1,256,c4: ka_concept_1.c5 IS MEDIUM,0.2987093925476074
covtype_binary_20000,19,733,layer_1,222,c3: projection_2 IS LOW,0.29434749484062195
covtype_binary_20000,19,734,layer_0,54,c0: Hillshade_Noon IS LOW,0.28875142335891724
covtype_binary_20000,19,735,layer_1,67,c1: ka_concept_1.c2 IS MEDIUM,0.2790040373802185
covtype_binary_20000,19,736,layer_1,127,c2: ka_concept_1.c2 IS MEDIUM,0.2789901793003082
covtype_binary_20000,19,737,layer_1,219,c3: projection_1 IS LOW,0.2775760591030121
covtype_binary_20000,19,738,layer_1,92,c1: ka_concept_1.c10 IS HIGH,0.268805593252182
covtype_binary_20000,19,739,layer_0,213,c3: Soil_Type_40 IS absent,0.2674473822116852
covtype_binary_20000,19,740,layer_1,224,c3: projection_2 IS HIGH,0.2658328711986542
covtype_binary_20000,19,741,layer_0,635,c10: Soil_Type_11 IS present,0.26360464096069336
covtype_binary_20000,19,742,layer_0,113,c1: Soil_Type_40 IS present,0.2617568373680115
covtype_binary_20000,19,743,layer_0,266,c4: Soil_Type_40 IS present,0.25831547379493713
covtype_binary_20000,19,744,layer_1,286,c4: projection_3 IS MEDIUM,0.2567959725856781
covtype_binary_20000,19,745,layer_1,122,c2: ka_concept_1.c0 IS HIGH,0.25376686453819275
covtype_binary_20000,19,746,layer_1,272,c4: ka_concept_1.c10 IS HIGH,0.24778732657432556
covtype_binary_20000,19,747,layer_1,80,c1: ka_concept_1.c6 IS HIGH,0.24546726047992706
covtype_binary_20000,19,748,layer_1,205,c3: ka_concept_1.c8 IS MEDIUM,0.23363728821277618
covtype_binary_20000,19,749,layer_1,172,c2: projection_5 IS MEDIUM,0.22980979084968567
covtype_binary_20000,19,750,layer_1,298,c4: projection_7 IS MEDIUM,0.2297053188085556
covtype_binary_20000,19,751,layer_1,148,c2: ka_concept_1.c9 IS MEDIUM,0.22362127900123596
covtype_binary_20000,19,752,layer_1,294,c4: projection_6 IS LOW,0.22017736732959747
covtype_binary_20000,19,753,layer_1,313,c5: ka_concept_1.c4 IS MEDIUM,0.20395433902740479
covtype_binary_20000,19,754,layer_1,131,c2: ka_concept_1.c3 IS HIGH,0.20220477879047394
covtype_binary_20000,19,755,layer_1,163,c2: projection_2 IS MEDIUM,0.19875314831733704
covtype_binary_20000,19,756,layer_1,65,c1: ka_concept_1.c1 IS HIGH,0.19825749099254608
covtype_binary_20000,19,757,layer_1,230,c3: projection_4 IS HIGH,0.1972782015800476
covtype_binary_20000,19,758,layer_1,344,c5: projection_2 IS HIGH,0.19454622268676758
covtype_binary_20000,19,759,projection_layer,19,"pursuit_6(Horizontal_Distance_To_Roadways, Soil_Type_38, Wilderness_Area_2, Soil_Type_18) IS MEDIUM",0.19434991478919983
covtype_binary_20000,19,760,layer_1,136,c2: ka_concept_1.c5 IS MEDIUM,0.19299599528312683
covtype_binary_20000,19,761,layer_1,130,c2: ka_concept_1.c3 IS MEDIUM,0.18831589818000793
covtype_binary_20000,19,762,layer_1,358,c5: projection_7 IS MEDIUM,0.18814389407634735
covtype_binary_20000,19,763,layer_0,404,c6: Soil_Type_32 IS present,0.18628747761249542
covtype_binary_20000,19,764,layer_1,260,c4: ka_concept_1.c6 IS HIGH,0.18579940497875214
covtype_binary_20000,19,765,layer_1,250,c4: ka_concept_1.c3 IS MEDIUM,0.17994999885559082
covtype_binary_20000,19,766,layer_1,159,c2: projection_1 IS LOW,0.1788720339536667
covtype_binary_20000,19,767,layer_1,106,c1: projection_3 IS MEDIUM,0.1763705313205719
covtype_binary_20000,19,768,layer_1,310,c5: ka_concept_1.c3 IS MEDIUM,0.1730274260044098
covtype_binary_20000,19,769,layer_1,334,c5: ka_concept_1.c11 IS MEDIUM,0.17150168120861053
covtype_binary_20000,19,770,layer_1,68,c1: ka_concept_1.c2 IS HIGH,0.17051634192466736
covtype_binary_20000,19,771,layer_1,154,c2: ka_concept_1.c11 IS MEDIUM,0.16225476562976837
covtype_binary_20000,19,772,layer_1,253,c4: ka_concept_1.c4 IS MEDIUM,0.15580111742019653
covtype_binary_20000,19,773,layer_0,488,c8: Soil_Type_4 IS present,0.15546827018260956
covtype_binary_20000,19,774,layer_1,290,c4: projection_4 IS HIGH,0.15150824189186096
covtype_binary_20000,19,775,layer_1,69,c1: ka_concept_1.c3 IS LOW,0.14933186769485474
covtype_binary_20000,19,776,layer_0,533,c8: Soil_Type_11 IS present,0.14756016433238983
covtype_binary_20000,19,777,layer_1,284,c4: projection_2 IS HIGH,0.14682509005069733
covtype_binary_20000,19,778,layer_1,233,c3: projection_5 IS HIGH,0.14417646825313568
covtype_binary_20000,19,779,layer_1,249,c4: ka_concept_1.c3 IS LOW,0.1401853710412979
covtype_binary_20000,19,780,layer_1,162,c2: projection_2 IS LOW,0.13518662750720978
covtype_binary_20000,19,781,layer_0,335,c5: Soil_Type_4 IS present,0.1336413323879242
covtype_binary_20000,19,782,layer_0,279,c4: Wilderness_Area_4 IS absent,0.13296760618686676
covtype_binary_20000,19,783,layer_1,99,c1: projection_1 IS LOW,0.12892958521842957
covtype_binary_20000,19,784,layer_1,174,c2: projection_6 IS LOW,0.1283867359161377
covtype_binary_20000,19,785,layer_1,226,c3: projection_3 IS MEDIUM,0.12807053327560425
covtype_binary_20000,19,786,layer_1,124,c2: ka_concept_1.c1 IS MEDIUM,0.12596619129180908
covtype_binary_20000,19,787,layer_1,166,c2: projection_3 IS MEDIUM,0.12418729811906815
covtype_binary_20000,19,788,layer_1,191,c3: ka_concept_1.c3 IS HIGH,0.12324663996696472
covtype_binary_20000,19,789,layer_1,244,c4: ka_concept_1.c1 IS MEDIUM,0.11942997574806213
covtype_binary_20000,19,790,layer_1,238,c3: projection_7 IS MEDIUM,0.11883395165205002
covtype_binary_20000,19,791,layer_1,320,c5: ka_concept_1.c6 IS HIGH,0.11765775829553604
covtype_binary_20000,19,792,layer_1,350,c5: projection_4 IS HIGH,0.11636698246002197
covtype_binary_20000,19,793,layer_1,104,c1: projection_2 IS HIGH,0.115829236805439
covtype_binary_20000,19,794,layer_1,134,c2: ka_concept_1.c4 IS HIGH,0.11184065043926239
covtype_binary_20000,19,795,layer_1,87,c1: ka_concept_1.c9 IS LOW,0.10249379277229309
covtype_binary_20000,19,796,projection_layer,14,"pursuit_4(Horizontal_Distance_To_Hydrology, Soil_Type_22, Soil_Type_30, Soil_Type_35) IS HIGH",0.10239880532026291
covtype_binary_20000,19,797,layer_1,308,c5: ka_concept_1.c2 IS HIGH,0.09419623762369156
covtype_binary_20000,19,798,layer_1,251,c4: ka_concept_1.c3 IS HIGH,0.09148681908845901
covtype_binary_20000,19,799,layer_1,117,c1: projection_7 IS LOW,0.09140713512897491
covtype_binary_20000,19,800,layer_1,302,c5: ka_concept_1.c0 IS HIGH,0.08759438991546631
covtype_binary_20000,19,801,layer_0,243,c4: Wilderness_Area_4 IS absent,0.08706400543451309
covtype_binary_20000,19,802,layer_1,171,c2: projection_5 IS LOW,0.08634074032306671
covtype_binary_20000,19,803,layer_1,311,c5: ka_concept_1.c3 IS HIGH,0.0859612226486206
covtype_binary_20000,19,804,layer_1,86,c1: ka_concept_1.c8 IS HIGH,0.0852469652891159
covtype_binary_20000,19,805,layer_1,110,c1: projection_4 IS HIGH,0.08341722935438156
covtype_binary_20000,19,806,layer_1,274,c4: ka_concept_1.c11 IS MEDIUM,0.08322793245315552
covtype_binary_20000,19,807,layer_1,139,c2: ka_concept_1.c6 IS MEDIUM,0.08176659047603607
covtype_binary_20000,19,808,layer_1,235,c3: projection_6 IS MEDIUM,0.08144799619913101
covtype_binary_20000,19,809,layer_1,282,c4: projection_2 IS LOW,0.07764334231615067
covtype_binary_20000,19,810,layer_0,395,c6: Soil_Type_13 IS present,0.07690752297639847
covtype_binary_20000,19,811,layer_1,71,c1: ka_concept_1.c3 IS HIGH,0.07685047388076782
covtype_binary_20000,19,812,layer_1,128,c2: ka_concept_1.c2 IS HIGH,0.07565507292747498
covtype_binary_20000,19,813,layer_0,714,c11: Hillshade_3pm IS LOW,0.07461859285831451
covtype_binary_20000,19,814,layer_1,215,c3: ka_concept_1.c11 IS HIGH,0.07351383566856384
covtype_binary_20000,19,815,layer_1,132,c2: ka_concept_1.c4 IS LOW,0.07095512747764587
covtype_binary_20000,19,816,layer_1,72,c1: ka_concept_1.c4 IS LOW,0.07004864513874054
covtype_binary_20000,19,817,layer_1,129,c2: ka_concept_1.c3 IS LOW,0.06959357857704163
covtype_binary_20000,19,818,layer_1,293,c4: projection_5 IS HIGH,0.06866811960935593
covtype_binary_20000,19,819,layer_0,224,c3: Soil_Type_2 IS present,0.06512179225683212
covtype_binary_20000,19,820,layer_1,346,c5: projection_3 IS MEDIUM,0.061384398490190506
covtype_binary_20000,19,821,layer_1,151,c2: ka_concept_1.c10 IS MEDIUM,0.05885111913084984
covtype_binary_20000,19,822,layer_1,355,c5: projection_6 IS MEDIUM,0.05879037454724312
covtype_binary_20000,19,823,layer_1,164,c2: projection_2 IS HIGH,0.05857501178979874
covtype_binary_20000,19,824,layer_0,665,c11: Wilderness_Area_2 IS present,0.05565744638442993
covtype_binary_20000,19,825,layer_0,701,c11: Wilderness_Area_2 IS present,0.05565744638442993
covtype_binary_20000,19,826,layer_1,353,c5: projection_5 IS HIGH,0.05091283097863197
covtype_binary_20000,19,827,layer_1,153,c2: ka_concept_1.c11 IS LOW,0.04968499392271042
covtype_binary_20000,19,828,layer_1,155,c2: ka_concept_1.c11 IS HIGH,0.04577028751373291
covtype_binary_20000,19,829,layer_1,115,c1: projection_6 IS MEDIUM,0.0430648997426033
covtype_binary_20000,19,830,layer_1,279,c4: projection_1 IS LOW,0.0411580391228199
covtype_binary_20000,19,831,layer_1,74,c1: ka_concept_1.c4 IS HIGH,0.04050157219171524
covtype_binary_20000,19,832,layer_1,227,c3: projection_3 IS HIGH,0.0389762744307518
covtype_binary_20000,19,833,layer_1,254,c4: ka_concept_1.c4 IS HIGH,0.038309670984745026
covtype_binary_20000,19,834,layer_1,113,c1: projection_5 IS HIGH,0.03731401637196541
covtype_binary_20000,19,835,layer_1,173,c2: projection_5 IS HIGH,0.034989695996046066
covtype_binary_20000,19,836,layer_1,111,c1: projection_5 IS LOW,0.03447497636079788
covtype_binary_20000,19,837,layer_0,659,c10: Wilderness_Area_4 IS present,0.03270885348320007
covtype_binary_20000,19,838,layer_1,190,c3: ka_concept_1.c3 IS MEDIUM,0.030628638342022896
covtype_binary_20000,19,839,layer_1,295,c4: projection_6 IS MEDIUM,0.0293751023709774
covtype_binary_20000,19,840,layer_1,70,c1: ka_concept_1.c3 IS MEDIUM,0.02681729942560196
covtype_binary_20000,19,841,layer_1,107,c1: projection_3 IS HIGH,0.022436782717704773
covtype_binary_20000,19,842,layer_1,248,c4: ka_concept_1.c2 IS HIGH,0.022205360233783722
covtype_binary_20000,19,843,layer_1,179,c2: projection_7 IS HIGH,0.021795716136693954
covtype_binary_20000,19,844,layer_1,347,c5: projection_3 IS HIGH,0.020921481773257256
covtype_binary_20000,19,845,layer_1,240,c4: ka_concept_1.c0 IS LOW,0.019963780418038368
covtype_binary_20000,19,846,layer_1,314,c5: ka_concept_1.c4 IS HIGH,0.019906066358089447
covtype_binary_20000,19,847,layer_1,175,c2: projection_6 IS MEDIUM,0.019360478967428207
covtype_binary_20000,19,848,layer_1,95,c1: ka_concept_1.c11 IS HIGH,0.019029956310987473
covtype_binary_20000,19,849,layer_1,275,c4: ka_concept_1.c11 IS HIGH,0.018065229058265686
covtype_binary_20000,19,850,layer_1,167,c2: projection_3 IS HIGH,0.0178113654255867
covtype_binary_20000,19,851,layer_1,239,c3: projection_7 IS HIGH,0.017780130729079247
covtype_binary_20000,19,852,layer_1,359,c5: projection_7 IS HIGH,0.01398934330791235
covtype_binary_20000,19,853,layer_1,194,c3: ka_concept_1.c4 IS HIGH,0.01394689828157425
covtype_binary_20000,19,854,layer_0,215,c3: Soil_Type_40 IS present,0.011263216845691204
covtype_binary_20000,19,855,layer_1,214,c3: ka_concept_1.c11 IS MEDIUM,0.011005916632711887
covtype_binary_20000,19,856,layer_1,119,c1: projection_7 IS HIGH,0.009667301550507545
covtype_binary_20000,19,857,layer_1,287,c4: projection_3 IS HIGH,0.008441250771284103
covtype_binary_20000,19,858,layer_1,262,c4: ka_concept_1.c7 IS MEDIUM,0.007071580737829208
covtype_binary_20000,19,859,layer_1,94,c1: ka_concept_1.c11 IS MEDIUM,0.0061785634607076645
covtype_binary_20000,19,860,layer_1,51,c0: projection_5 IS LOW,0.005584320519119501
covtype_binary_20000,19,861,layer_1,335,c5: ka_concept_1.c11 IS HIGH,0.0055490112863481045
covtype_binary_20000,19,862,layer_1,48,c0: projection_4 IS LOW,0.005464805755764246
covtype_binary_20000,19,863,layer_1,45,c0: projection_3 IS LOW,0.0049967640079557896
covtype_binary_20000,19,864,layer_1,42,c0: projection_2 IS LOW,0.00481434864923358
covtype_binary_20000,19,865,layer_1,57,c0: projection_7 IS LOW,0.004590762313455343
covtype_binary_20000,19,866,layer_1,54,c0: projection_6 IS LOW,0.004284337162971497
covtype_binary_20000,19,867,layer_1,39,c0: projection_1 IS LOW,0.0038293562829494476
covtype_binary_20000,19,868,layer_1,12,c0: ka_concept_1.c4 IS LOW,0.003781269071623683
covtype_binary_20000,19,869,layer_1,33,c0: ka_concept_1.c11 IS LOW,0.0035495173651725054
covtype_binary_20000,19,870,layer_1,9,c0: ka_concept_1.c3 IS LOW,0.0035148868337273598
covtype_binary_20000,19,871,layer_1,18,c0: ka_concept_1.c6 IS LOW,0.00347885605879128
covtype_binary_20000,19,872,layer_1,6,c0: ka_concept_1.c2 IS LOW,0.003392671002075076
covtype_binary_20000,19,873,layer_1,30,c0: ka_concept_1.c10 IS LOW,0.0031767564360052347
covtype_binary_20000,19,874,layer_1,24,c0: ka_concept_1.c8 IS LOW,0.003143942216411233
covtype_binary_20000,19,875,layer_1,73,c1: ka_concept_1.c4 IS MEDIUM,0.003045060206204653
covtype_binary_20000,19,876,layer_1,37,c0: projection_0 IS MEDIUM,0.0029943417757749557
covtype_binary_20000,19,877,layer_1,299,c4: projection_7 IS HIGH,0.0029650796204805374
covtype_binary_20000,19,878,layer_1,100,c1: projection_1 IS MEDIUM,0.0026862432714551687
covtype_binary_20000,19,879,layer_1,0,c0: ka_concept_1.c0 IS LOW,0.0026722182519733906
covtype_binary_20000,19,880,projection_layer,11,"pursuit_3(Slope, Soil_Type_12, Soil_Type_13, Soil_Type_1) IS HIGH",0.0026613916270434856
covtype_binary_20000,19,881,layer_1,29,c0: ka_concept_1.c9 IS HIGH,0.002603906439617276
covtype_binary_20000,19,882,layer_1,49,c0: projection_4 IS MEDIUM,0.002475536661222577
covtype_binary_20000,19,883,layer_1,17,c0: ka_concept_1.c5 IS HIGH,0.0020344138611108065
covtype_binary_20000,19,884,layer_1,259,c4: ka_concept_1.c6 IS MEDIUM,0.001938861794769764
covtype_binary_20000,19,885,layer_1,36,c0: projection_0 IS LOW,0.0019209124147891998
covtype_binary_20000,19,886,layer_1,160,c2: projection_1 IS MEDIUM,0.0018307366408407688
covtype_binary_20000,19,887,layer_1,170,c2: projection_4 IS HIGH,0.0017896781209856272
covtype_binary_20000,19,888,layer_1,3,c0: ka_concept_1.c1 IS LOW,0.0017761095659807324
covtype_binary_20000,19,889,layer_1,38,c0: projection_0 IS HIGH,0.0017602439038455486
covtype_binary_20000,19,890,layer_1,21,c0: ka_concept_1.c7 IS LOW,0.0016712220385670662
covtype_binary_20000,19,891,projection_layer,5,"pursuit_1(Elevation, Vertical_Distance_To_Hydrology, Soil_Type_40, Soil_Type_6) IS HIGH",0.0015313412295654416
covtype_binary_20000,19,892,layer_1,340,c5: projection_1 IS MEDIUM,0.0014603117015212774
covtype_binary_20000,19,893,layer_1,5,c0: ka_concept_1.c1 IS HIGH,0.001306889345869422
covtype_binary_20000,19,894,layer_1,23,c0: ka_concept_1.c7 IS HIGH,0.0012872449588030577
covtype_binary_20000,19,895,layer_1,31,c0: ka_concept_1.c10 IS MEDIUM,0.0010791565291583538
covtype_binary_20000,19,896,layer_1,15,c0: ka_concept_1.c5 IS LOW,0.0010121200466528535
covtype_binary_20000,19,897,layer_1,22,c0: ka_concept_1.c7 IS MEDIUM,0.0008172972011379898
covtype_binary_20000,19,898,layer_1,28,c0: ka_concept_1.c9 IS MEDIUM,0.000792871811427176
covtype_binary_20000,19,899,layer_1,52,c0: projection_5 IS MEDIUM,0.0007864513318054378
covtype_binary_20000,19,900,layer_1,220,c3: projection_1 IS MEDIUM,0.0007503231172449887
covtype_binary_20000,19,901,layer_1,2,c0: ka_concept_1.c0 IS HIGH,0.0006659573991782963
covtype_binary_20000,19,902,layer_1,1,c0: ka_concept_1.c0 IS MEDIUM,0.0005970927304588258
covtype_binary_20000,19,903,layer_1,26,c0: ka_concept_1.c8 IS HIGH,0.000596552446950227
covtype_binary_20000,19,904,layer_1,25,c0: ka_concept_1.c8 IS MEDIUM,0.0005564404418691993
covtype_binary_20000,19,905,layer_1,16,c0: ka_concept_1.c5 IS MEDIUM,0.0005559918936342001
covtype_binary_20000,19,906,layer_1,27,c0: ka_concept_1.c9 IS LOW,0.0005425757262855768
covtype_binary_20000,19,907,layer_1,7,c0: ka_concept_1.c2 IS MEDIUM,0.0002996661642100662
covtype_binary_20000,19,908,layer_1,4,c0: ka_concept_1.c1 IS MEDIUM,0.0002769078710116446
covtype_binary_20000,19,909,layer_1,46,c0: projection_3 IS MEDIUM,0.00026860838988795877
covtype_binary_20000,19,910,layer_1,32,c0: ka_concept_1.c10 IS HIGH,0.0002529718040022999
covtype_binary_20000,19,911,layer_1,10,c0: ka_concept_1.c3 IS MEDIUM,0.00020657698041759431
covtype_binary_20000,19,912,layer_1,58,c0: projection_7 IS MEDIUM,0.0001686585892457515
covtype_binary_20000,19,913,layer_1,34,c0: ka_concept_1.c11 IS MEDIUM,0.00011019675730494782
covtype_binary_20000,19,914,layer_1,50,c0: projection_4 IS HIGH,7.217797246994451e-05
covtype_binary_20000,19,915,layer_1,13,c0: ka_concept_1.c4 IS MEDIUM,6.969564856262878e-05
covtype_binary_20000,19,916,layer_1,280,c4: projection_1 IS MEDIUM,6.448257772717625e-05
covtype_binary_20000,19,917,layer_1,55,c0: projection_6 IS MEDIUM,6.230897997738793e-05
covtype_binary_20000,19,918,layer_1,40,c0: projection_1 IS MEDIUM,5.867497748113237e-05
covtype_binary_20000,19,919,layer_1,20,c0: ka_concept_1.c6 IS HIGH,5.71657728869468e-05
covtype_binary_20000,19,920,layer_1,47,c0: projection_3 IS HIGH,3.01000036415644e-05
covtype_binary_20000,19,921,layer_1,14,c0: ka_concept_1.c4 IS HIGH,2.1225636373856105e-05
covtype_binary_20000,19,922,layer_1,236,c3: projection_6 IS HIGH,1.547430656501092e-05
covtype_binary_20000,19,923,layer_1,11,c0: ka_concept_1.c3 IS HIGH,1.3932660294813104e-05
covtype_binary_20000,19,924,layer_1,53,c0: projection_5 IS HIGH,1.2271140803932212e-05
covtype_binary_20000,19,925,layer_1,59,c0: projection_7 IS HIGH,1.0548343198024668e-05
covtype_binary_20000,19,926,layer_1,43,c0: projection_2 IS MEDIUM,8.053401870711241e-06
covtype_binary_20000,19,927,layer_1,8,c0: ka_concept_1.c2 IS HIGH,6.9445191002159845e-06
covtype_binary_20000,19,928,layer_1,176,c2: projection_6 IS HIGH,6.838261469965801e-06
covtype_binary_20000,19,929,layer_1,19,c0: ka_concept_1.c6 IS MEDIUM,4.7702319534437265e-06
covtype_binary_20000,19,930,layer_1,116,c1: projection_6 IS HIGH,2.5115446078416426e-06
covtype_binary_20000,19,931,layer_1,161,c2: projection_1 IS HIGH,2.019791963903117e-06
covtype_binary_20000,19,932,layer_1,101,c1: projection_1 IS HIGH,1.7314658862233046e-06
covtype_binary_20000,19,933,layer_1,281,c4: projection_1 IS HIGH,1.63131380759296e-06
covtype_binary_20000,19,934,layer_1,341,c5: projection_1 IS HIGH,5.373726708057802e-07
covtype_binary_20000,19,935,layer_1,296,c4: projection_6 IS HIGH,1.0944882689045698e-07
covtype_binary_20000,19,936,layer_1,356,c5: projection_6 IS HIGH,3.2800013372025205e-08
covtype_binary_20000,23,1,layer_0,295,c4: Elevation IS MEDIUM,198.14620971679688
covtype_binary_20000,23,2,layer_0,498,c8: Elevation IS LOW,157.18597412109375
covtype_binary_20000,23,3,layer_0,346,c5: Elevation IS MEDIUM,132.86431884765625
covtype_binary_20000,23,4,layer_0,609,c10: Horizontal_Distance_To_Roadways IS LOW,132.48471069335938
covtype_binary_20000,23,5,layer_0,0,c0: Elevation IS LOW,120.75810241699219
covtype_binary_20000,23,6,layer_0,551,c9: Elevation IS HIGH,114.06640625
covtype_binary_20000,23,7,layer_0,601,c10: Elevation IS MEDIUM,113.44774627685547
covtype_binary_20000,23,8,layer_0,294,c4: Elevation IS LOW,111.67082214355469
covtype_binary_20000,23,9,layer_0,499,c8: Elevation IS MEDIUM,109.9921646118164
covtype_binary_20000,23,10,layer_0,662,c11: Horizontal_Distance_To_Roadways IS HIGH,108.21101379394531
covtype_binary_20000,23,11,layer_0,558,c9: Horizontal_Distance_To_Roadways IS LOW,106.85433197021484
covtype_binary_20000,23,12,layer_0,560,c9: Horizontal_Distance_To_Roadways IS HIGH,100.40176391601562
covtype_binary_20000,23,13,layer_0,669,c11: Horizontal_Distance_To_Fire_Points IS LOW,99.87232208251953
covtype_binary_20000,23,14,layer_0,345,c5: Elevation IS LOW,99.33029174804688
covtype_binary_20000,23,15,layer_0,568,c9: Horizontal_Distance_To_Fire_Points IS MEDIUM,97.96039581298828
covtype_binary_20000,23,16,projection_layer,3,"pursuit_1(Elevation, Vertical_Distance_To_Hydrology, Soil_Type_40, Soil_Type_6) IS LOW",95.61305236816406
covtype_binary_20000,23,17,layer_0,406,c6: Horizontal_Distance_To_Roadways IS MEDIUM,90.86180877685547
covtype_binary_20000,23,18,layer_0,567,c9: Horizontal_Distance_To_Fire_Points IS LOW,87.48164367675781
covtype_binary_20000,23,19,projection_layer,12,"pursuit_4(Horizontal_Distance_To_Hydrology, Soil_Type_22, Soil_Type_30, Soil_Type_35) IS LOW",82.51377868652344
covtype_binary_20000,23,20,layer_0,356,c5: Horizontal_Distance_To_Roadways IS HIGH,80.83684539794922
covtype_binary_20000,23,21,layer_0,396,c6: Elevation IS LOW,75.79269409179688
covtype_binary_20000,23,22,projection_layer,6,"pursuit_2(Hillshade_Noon, Wilderness_Area_4, Soil_Type_23, Soil_Type_11) IS LOW",73.77308654785156
covtype_binary_20000,23,23,layer_0,610,c10: Horizontal_Distance_To_Roadways IS MEDIUM,68.19527435302734
covtype_binary_20000,23,24,layer_0,465,c7: Horizontal_Distance_To_Fire_Points IS LOW,62.517391204833984
covtype_binary_20000,23,25,layer_0,296,c4: Elevation IS HIGH,62.45124816894531
covtype_binary_20000,23,26,layer_0,600,c10: Elevation IS LOW,61.77121353149414
covtype_binary_20000,23,27,layer_0,405,c6: Horizontal_Distance_To_Roadways IS LOW,61.31528091430664
covtype_binary_20000,23,28,layer_0,88,c1: Aspect IS MEDIUM,58.27684020996094
covtype_binary_20000,23,29,layer_0,661,c11: Horizontal_Distance_To_Roadways IS MEDIUM,57.46858215332031
covtype_binary_20000,23,30,layer_0,518,c8: Horizontal_Distance_To_Fire_Points IS HIGH,55.770145416259766
covtype_binary_20000,23,31,layer_0,415,c6: Horizontal_Distance_To_Fire_Points IS MEDIUM,55.54726028442383
covtype_binary_20000,23,32,layer_0,508,c8: Horizontal_Distance_To_Roadways IS MEDIUM,54.41508865356445
covtype_binary_20000,23,33,layer_0,234,c3: Slope IS LOW,51.342594146728516
covtype_binary_20000,23,34,layer_0,2,c0: Elevation IS HIGH,50.83120346069336
covtype_binary_20000,23,35,layer_0,467,c7: Horizontal_Distance_To_Fire_Points IS HIGH,50.360660552978516
covtype_binary_20000,23,36,projection_layer,2,"pursuit_0(Horizontal_Distance_To_Fire_Points, Hillshade_3pm, Soil_Type_29, Soil_Type_4) IS HIGH",50.096290588378906
covtype_binary_20000,23,37,layer_0,115,c1: Hillshade_3pm IS MEDIUM,50.03931427001953
covtype_binary_20000,23,38,layer_0,190,c3: Aspect IS MEDIUM,49.496124267578125
covtype_binary_20000,23,39,layer_0,606,c10: Soil_Type_32 IS absent,49.295753479003906
covtype_binary_20000,23,40,layer_0,516,c8: Horizontal_Distance_To_Fire_Points IS LOW,48.94309997558594
covtype_binary_20000,23,41,layer_0,355,c5: Horizontal_Distance_To_Roadways IS MEDIUM,48.481571197509766
covtype_binary_20000,23,42,layer_0,139,c2: Aspect IS MEDIUM,48.20826721191406
covtype_binary_20000,23,43,layer_0,302,c5: Hillshade_Noon IS HIGH,48.10213088989258
covtype_binary_20000,23,44,layer_0,69,c1: Horizontal_Distance_To_Fire_Points IS LOW,47.67657470703125
covtype_binary_20000,23,45,layer_0,148,c2: Hillshade_Noon IS MEDIUM,47.50945281982422
covtype_binary_20000,23,46,layer_0,181,c3: Horizontal_Distance_To_Hydrology IS MEDIUM,46.96342849731445
covtype_binary_20000,23,47,layer_0,416,c6: Horizontal_Distance_To_Fire_Points IS HIGH,46.54301452636719
covtype_binary_20000,23,48,layer_0,98,c1: Hillshade_Noon IS HIGH,45.70751953125
covtype_binary_20000,23,49,layer_0,509,c8: Horizontal_Distance_To_Roadways IS HIGH,45.04793930053711
covtype_binary_20000,23,50,layer_0,705,c11: Vertical_Distance_To_Hydrology IS LOW,44.21713638305664
covtype_binary_20000,23,51,layer_0,138,c2: Aspect IS LOW,44.07177734375
covtype_binary_20000,23,52,layer_0,306,c5: Soil_Type_29 IS absent,43.677616119384766
covtype_binary_20000,23,53,layer_0,291,c4: Soil_Type_2 IS absent,43.081443786621094
covtype_binary_20000,23,54,layer_0,62,c1: Horizontal_Distance_To_Roadways IS HIGH,42.20920181274414
covtype_binary_20000,23,55,layer_0,189,c3: Aspect IS LOW,41.42603302001953
covtype_binary_20000,23,56,layer_0,642,c10: Soil_Type_31 IS absent,41.401580810546875
covtype_binary_20000,23,57,layer_0,596,c9: Hillshade_Noon IS HIGH,40.31892776489258
covtype_binary_20000,23,58,layer_0,10,c0: Horizontal_Distance_To_Roadways IS MEDIUM,39.91255187988281
covtype_binary_20000,23,59,layer_0,543,c9: Wilderness_Area_1 IS absent,39.14310836791992
covtype_binary_20000,23,60,layer_0,591,c9: Soil_Type_31 IS absent,39.09922790527344
covtype_binary_20000,23,61,layer_0,579,c9: Wilderness_Area_1 IS absent,38.688934326171875
covtype_binary_20000,23,62,layer_0,398,c6: Elevation IS HIGH,38.23310852050781
covtype_binary_20000,23,63,projection_layer,13,"pursuit_4(Horizontal_Distance_To_Hydrology, Soil_Type_22, Soil_Type_30, Soil_Type_35) IS MEDIUM",37.95564651489258
covtype_binary_20000,23,64,layer_0,333,c5: Soil_Type_4 IS absent,37.68177032470703
covtype_binary_20000,23,65,layer_0,180,c3: Horizontal_Distance_To_Hydrology IS LOW,37.670406341552734
covtype_binary_20000,23,66,layer_0,37,c0: Aspect IS MEDIUM,37.05101013183594
covtype_binary_20000,23,67,layer_0,671,c11: Horizontal_Distance_To_Fire_Points IS HIGH,36.38445281982422
covtype_binary_20000,23,68,projection_layer,15,"pursuit_5(Hillshade_9am, Wilderness_Area_1, Soil_Type_10, Soil_Type_32) IS LOW",36.33284378051758
covtype_binary_20000,23,69,layer_0,324,c5: Soil_Type_13 IS absent,36.229705810546875
covtype_binary_20000,23,70,layer_0,550,c9: Elevation IS MEDIUM,36.206336975097656
covtype_binary_20000,23,71,layer_0,18,c0: Horizontal_Distance_To_Fire_Points IS LOW,36.165287017822266
covtype_binary_20000,23,72,layer_0,235,c3: Slope IS MEDIUM,36.07997512817383
covtype_binary_20000,23,73,projection_layer,1,"pursuit_0(Horizontal_Distance_To_Fire_Points, Hillshade_3pm, Soil_Type_29, Soil_Type_4) IS MEDIUM",35.7947883605957
covtype_binary_20000,23,74,layer_0,594,c9: Hillshade_Noon IS LOW,35.16767883300781
covtype_binary_20000,23,75,layer_0,714,c11: Hillshade_3pm IS LOW,35.127933502197266
covtype_binary_20000,23,76,layer_0,448,c7: Elevation IS MEDIUM,34.89607238769531
covtype_binary_20000,23,77,layer_0,199,c3: Hillshade_Noon IS MEDIUM,34.633243560791016
covtype_binary_20000,23,78,layer_0,66,c1: Soil_Type_22 IS absent,34.29894256591797
covtype_binary_20000,23,79,layer_0,1,c0: Elevation IS MEDIUM,33.9620246887207
covtype_binary_20000,23,80,layer_0,657,c10: Wilderness_Area_4 IS absent,33.9426155090332
covtype_binary_20000,23,81,layer_0,619,c10: Horizontal_Distance_To_Fire_Points IS MEDIUM,33.56159210205078
covtype_binary_20000,23,82,layer_0,651,c10: Soil_Type_10 IS absent,33.208988189697266
covtype_binary_20000,23,83,layer_0,342,c5: Soil_Type_2 IS absent,32.80315017700195
covtype_binary_20000,23,84,layer_0,318,c5: Hillshade_3pm IS LOW,32.54917526245117
covtype_binary_20000,23,85,layer_0,646,c10: Hillshade_Noon IS MEDIUM,32.486549377441406
covtype_binary_20000,23,86,layer_0,576,c9: Horizontal_Distance_To_Hydrology IS LOW,32.22968673706055
covtype_binary_20000,23,87,layer_0,156,c2: Vertical_Distance_To_Hydrology IS LOW,32.18198013305664
covtype_binary_20000,23,88,layer_0,129,c2: Horizontal_Distance_To_Hydrology IS LOW,31.78167724609375
covtype_binary_20000,23,89,layer_0,231,c3: Soil_Type_4 IS absent,31.69394874572754
covtype_binary_20000,23,90,layer_0,351,c5: Soil_Type_32 IS absent,31.64730453491211
covtype_binary_20000,23,91,layer_0,633,c10: Soil_Type_24 IS absent,31.295551300048828
covtype_binary_20000,23,92,layer_0,357,c5: Wilderness_Area_2 IS absent,31.264442443847656
covtype_binary_20000,23,93,layer_0,36,c0: Aspect IS LOW,31.179147720336914
covtype_binary_20000,23,94,layer_0,71,c1: Horizontal_Distance_To_Fire_Points IS HIGH,31.05263328552246
covtype_binary_20000,23,95,layer_0,165,c2: Hillshade_3pm IS LOW,30.910655975341797
covtype_binary_20000,23,96,layer_0,654,c10: Vertical_Distance_To_Hydrology IS LOW,30.80525779724121
covtype_binary_20000,23,97,layer_0,321,c5: Wilderness_Area_2 IS absent,30.668212890625
covtype_binary_20000,23,98,layer_0,182,c3: Horizontal_Distance_To_Hydrology IS HIGH,30.316465377807617
covtype_binary_20000,23,99,layer_0,632,c10: Wilderness_Area_1 IS present,29.507280349731445
covtype_binary_20000,23,100,layer_0,384,c6: Soil_Type_4 IS absent,29.45644187927246
covtype_binary_20000,23,101,layer_0,282,c4: Soil_Type_4 IS absent,29.37704086303711
covtype_binary_20000,23,102,layer_0,241,c4: Aspect IS MEDIUM,29.29725456237793
covtype_binary_20000,23,103,layer_0,621,c10: Wilderness_Area_4 IS absent,29.08534049987793
covtype_binary_20000,23,104,layer_0,87,c1: Aspect IS LOW,28.976593017578125
covtype_binary_20000,23,105,layer_0,569,c9: Horizontal_Distance_To_Fire_Points IS HIGH,28.883615493774414
covtype_binary_20000,23,106,layer_0,226,c3: Hillshade_9am IS MEDIUM,28.566890716552734
covtype_binary_20000,23,107,layer_0,393,c6: Soil_Type_2 IS absent,28.55707550048828
covtype_binary_20000,23,108,layer_0,615,c10: Soil_Type_30 IS absent,28.366111755371094
covtype_binary_20000,23,109,layer_0,27,c0: Horizontal_Distance_To_Hydrology IS LOW,28.293712615966797
covtype_binary_20000,23,110,layer_0,526,c8: Horizontal_Distance_To_Hydrology IS MEDIUM,28.235559463500977
covtype_binary_20000,23,111,layer_0,176,c2: Hillshade_9am IS HIGH,28.188966751098633
covtype_binary_20000,23,112,layer_0,477,c7: Wilderness_Area_1 IS absent,27.981639862060547
covtype_binary_20000,23,113,layer_0,441,c7: Wilderness_Area_1 IS absent,27.78681182861328
covtype_binary_20000,23,114,layer_0,618,c10: Horizontal_Distance_To_Fire_Points IS LOW,27.709945678710938
covtype_binary_20000,23,115,layer_0,630,c10: Wilderness_Area_1 IS absent,27.558958053588867
covtype_binary_20000,23,116,layer_0,11,c0: Horizontal_Distance_To_Roadways IS HIGH,27.3579044342041
covtype_binary_20000,23,117,layer_0,414,c6: Horizontal_Distance_To_Fire_Points IS LOW,27.298900604248047
covtype_binary_20000,23,118,layer_0,715,c11: Hillshade_3pm IS MEDIUM,26.768413543701172
covtype_binary_20000,23,119,layer_0,47,c0: Hillshade_Noon IS HIGH,26.585098266601562
covtype_binary_20000,23,120,layer_0,204,c3: Soil_Type_29 IS absent,26.57210350036621
covtype_binary_20000,23,121,layer_0,711,c11: Soil_Type_11 IS absent,26.402145385742188
covtype_binary_20000,23,122,layer_0,19,c0: Horizontal_Distance_To_Fire_Points IS MEDIUM,25.947193145751953
covtype_binary_20000,23,123,layer_0,336,c5: Slope IS LOW,25.63805389404297
covtype_binary_20000,23,124,layer_0,590,c9: Wilderness_Area_3 IS present,25.101408004760742
covtype_binary_20000,23,125,layer_0,269,c4: Hillshade_3pm IS HIGH,24.872392654418945
covtype_binary_20000,23,126,layer_0,587,c9: Aspect IS HIGH,24.84260368347168
covtype_binary_20000,23,127,layer_0,147,c2: Hillshade_Noon IS LOW,24.70117950439453
covtype_binary_20000,23,128,layer_0,70,c1: Horizontal_Distance_To_Fire_Points IS MEDIUM,24.463869094848633
covtype_binary_20000,23,129,layer_0,500,c8: Elevation IS HIGH,24.39913558959961
covtype_binary_20000,23,130,layer_0,308,c5: Soil_Type_29 IS present,24.382919311523438
covtype_binary_20000,23,131,layer_0,54,c0: Vertical_Distance_To_Hydrology IS LOW,23.868101119995117
covtype_binary_20000,23,132,layer_0,84,c1: Soil_Type_39 IS absent,23.853649139404297
covtype_binary_20000,23,133,layer_0,611,c10: Horizontal_Distance_To_Roadways IS HIGH,23.841638565063477
covtype_binary_20000,23,134,layer_0,670,c11: Horizontal_Distance_To_Fire_Points IS MEDIUM,23.77262306213379
covtype_binary_20000,23,135,layer_0,554,c9: Wilderness_Area_3 IS present,23.764568328857422
covtype_binary_20000,23,136,layer_0,106,c1: Vertical_Distance_To_Hydrology IS MEDIUM,23.720945358276367
covtype_binary_20000,23,137,layer_0,309,c5: Vertical_Distance_To_Hydrology IS LOW,23.16071319580078
covtype_binary_20000,23,138,layer_0,258,c4: Vertical_Distance_To_Hydrology IS LOW,23.03848648071289
covtype_binary_20000,23,139,layer_0,80,c1: Horizontal_Distance_To_Hydrology IS HIGH,22.94121551513672
covtype_binary_20000,23,140,layer_0,706,c11: Vertical_Distance_To_Hydrology IS MEDIUM,22.821151733398438
covtype_binary_20000,23,141,layer_0,504,c8: Soil_Type_32 IS absent,22.517263412475586
covtype_binary_20000,23,142,layer_0,645,c10: Hillshade_Noon IS LOW,22.441547393798828
covtype_binary_20000,23,143,layer_0,517,c8: Horizontal_Distance_To_Fire_Points IS MEDIUM,21.712242126464844
covtype_binary_20000,23,144,projection_layer,9,"pursuit_3(Slope, Soil_Type_12, Soil_Type_13, Soil_Type_1) IS LOW",21.57436180114746
covtype_binary_20000,23,145,layer_0,6,c0: Soil_Type_12 IS absent,21.02025604248047
covtype_binary_20000,23,146,layer_0,531,c8: Soil_Type_24 IS absent,20.980138778686523
covtype_binary_20000,23,147,layer_0,620,c10: Horizontal_Distance_To_Fire_Points IS HIGH,20.81894874572754
covtype_binary_20000,23,148,layer_0,696,c11: Hillshade_Noon IS LOW,20.51670265197754
covtype_binary_20000,23,149,layer_0,315,c5: Soil_Type_40 IS absent,20.44137191772461
covtype_binary_20000,23,150,layer_0,28,c0: Horizontal_Distance_To_Hydrology IS MEDIUM,19.470895767211914
covtype_binary_20000,23,151,projection_layer,0,"pursuit_0(Horizontal_Distance_To_Fire_Points, Hillshade_3pm, Soil_Type_29, Soil_Type_4) IS LOW",19.388141632080078
covtype_binary_20000,23,152,layer_0,57,c0: Wilderness_Area_3 IS absent,19.331844329833984
covtype_binary_20000,23,153,layer_0,259,c4: Vertical_Distance_To_Hydrology IS MEDIUM,19.203372955322266
covtype_binary_20000,23,154,layer_0,624,c10: Soil_Type_33 IS absent,19.11723518371582
covtype_binary_20000,23,155,layer_0,647,c10: Hillshade_Noon IS HIGH,19.015214920043945
covtype_binary_20000,23,156,layer_0,144,c2: Soil_Type_23 IS absent,19.00865364074707
covtype_binary_20000,23,157,layer_0,250,c4: Hillshade_Noon IS MEDIUM,18.91004180908203
covtype_binary_20000,23,158,layer_0,447,c7: Elevation IS LOW,18.481027603149414
covtype_binary_20000,23,159,layer_0,276,c4: Hillshade_9am IS LOW,18.42073631286621
covtype_binary_20000,23,160,layer_0,407,c6: Horizontal_Distance_To_Roadways IS HIGH,18.37432289123535
covtype_binary_20000,23,161,layer_0,347,c5: Elevation IS HIGH,18.356107711791992
covtype_binary_20000,23,162,layer_0,30,c0: Wilderness_Area_2 IS absent,18.291940689086914
covtype_binary_20000,23,163,layer_0,217,c3: Hillshade_3pm IS MEDIUM,18.090200424194336
covtype_binary_20000,23,164,layer_0,278,c4: Hillshade_9am IS HIGH,17.99165153503418
covtype_binary_20000,23,165,layer_0,286,c4: Slope IS MEDIUM,17.742351531982422
covtype_binary_20000,23,166,layer_0,375,c6: Soil_Type_13 IS absent,17.657669067382812
covtype_binary_20000,23,167,layer_0,387,c6: Slope IS LOW,17.588741302490234
covtype_binary_20000,23,168,layer_0,249,c4: Hillshade_Noon IS LOW,17.44325828552246
covtype_binary_20000,23,169,layer_0,200,c3: Hillshade_Noon IS HIGH,17.27033805847168
covtype_binary_20000,23,170,layer_0,46,c0: Hillshade_Noon IS MEDIUM,17.01929473876953
covtype_binary_20000,23,171,layer_0,90,c1: Wilderness_Area_4 IS absent,15.960694313049316
covtype_binary_20000,23,172,layer_0,270,c4: Wilderness_Area_2 IS absent,15.907139778137207
covtype_binary_20000,23,173,layer_0,24,c0: Soil_Type_38 IS absent,15.902387619018555
covtype_binary_20000,23,174,layer_0,312,c5: Wilderness_Area_3 IS absent,15.878111839294434
covtype_binary_20000,23,175,layer_0,687,c11: Aspect IS LOW,15.743792533874512
covtype_binary_20000,23,176,layer_0,111,c1: Soil_Type_40 IS absent,15.719348907470703
covtype_binary_20000,23,177,layer_0,337,c5: Slope IS MEDIUM,15.38053035736084
covtype_binary_20000,23,178,layer_0,466,c7: Horizontal_Distance_To_Fire_Points IS MEDIUM,15.371891021728516
covtype_binary_20000,23,179,layer_0,522,c8: Soil_Type_33 IS absent,15.243247032165527
covtype_binary_20000,23,180,layer_0,21,c0: Wilderness_Area_3 IS absent,15.159527778625488
covtype_binary_20000,23,181,layer_0,251,c4: Hillshade_Noon IS HIGH,15.148910522460938
covtype_binary_20000,23,182,layer_0,444,c7: Soil_Type_2 IS absent,15.143704414367676
covtype_binary_20000,23,183,layer_0,99,c1: Wilderness_Area_1 IS absent,14.958671569824219
covtype_binary_20000,23,184,layer_0,629,c10: Horizontal_Distance_To_Hydrology IS HIGH,14.848204612731934
covtype_binary_20000,23,185,layer_0,38,c0: Aspect IS HIGH,14.831661224365234
covtype_binary_20000,23,186,layer_0,328,c5: Hillshade_9am IS MEDIUM,14.81784725189209
covtype_binary_20000,23,187,layer_0,63,c1: Wilderness_Area_1 IS absent,14.817075729370117
covtype_binary_20000,23,188,layer_0,330,c5: Wilderness_Area_4 IS absent,14.773348808288574
covtype_binary_20000,23,189,layer_0,597,c9: Wilderness_Area_2 IS absent,14.660391807556152
covtype_binary_20000,23,190,layer_0,545,c9: Wilderness_Area_1 IS present,14.610936164855957
covtype_binary_20000,23,191,layer_0,198,c3: Hillshade_Noon IS LOW,14.590991973876953
covtype_binary_20000,23,192,layer_0,175,c2: Hillshade_9am IS MEDIUM,14.546049118041992
covtype_binary_20000,23,193,layer_0,486,c8: Soil_Type_4 IS absent,14.45058822631836
covtype_binary_20000,23,194,layer_0,55,c0: Vertical_Distance_To_Hydrology IS MEDIUM,14.439126014709473
covtype_binary_20000,23,195,layer_0,89,c1: Aspect IS HIGH,14.43392276763916
covtype_binary_20000,23,196,layer_0,300,c5: Hillshade_Noon IS LOW,14.413942337036133
covtype_binary_20000,23,197,layer_0,628,c10: Horizontal_Distance_To_Hydrology IS MEDIUM,14.349590301513672
covtype_binary_20000,23,198,projection_layer,7,"pursuit_2(Hillshade_Noon, Wilderness_Area_4, Soil_Type_23, Soil_Type_11) IS MEDIUM",13.978639602661133
covtype_binary_20000,23,199,layer_0,246,c4: Soil_Type_23 IS absent,13.90024185180664
covtype_binary_20000,23,200,layer_0,213,c3: Soil_Type_40 IS absent,13.825034141540527
covtype_binary_20000,23,201,projection_layer,21,"pursuit_7(Aspect, Soil_Type_39, Soil_Type_2, Soil_Type_5) IS LOW",13.749323844909668
covtype_binary_20000,23,202,layer_0,149,c2: Hillshade_Noon IS HIGH,13.715777397155762
covtype_binary_20000,23,203,layer_0,559,c9: Horizontal_Distance_To_Roadways IS MEDIUM,13.478890419006348
covtype_binary_20000,23,204,layer_0,411,c6: Soil_Type_30 IS absent,13.454795837402344
covtype_binary_20000,23,205,layer_0,408,c6: Wilderness_Area_2 IS absent,13.201408386230469
covtype_binary_20000,23,206,layer_0,319,c5: Hillshade_3pm IS MEDIUM,13.077066421508789
covtype_binary_20000,23,207,layer_0,102,c1: Soil_Type_29 IS absent,13.037312507629395
covtype_binary_20000,23,208,layer_0,268,c4: Hillshade_3pm IS MEDIUM,13.008796691894531
covtype_binary_20000,23,209,layer_0,255,c4: Soil_Type_29 IS absent,13.005317687988281
covtype_binary_20000,23,210,layer_0,120,c2: Horizontal_Distance_To_Fire_Points IS LOW,13.003189086914062
covtype_binary_20000,23,211,layer_0,678,c11: Horizontal_Distance_To_Hydrology IS LOW,12.64419174194336
covtype_binary_20000,23,212,layer_0,242,c4: Aspect IS HIGH,12.55553150177002
covtype_binary_20000,23,213,layer_0,51,c0: Soil_Type_29 IS absent,12.470515251159668
covtype_binary_20000,23,214,layer_0,388,c6: Slope IS MEDIUM,12.4241943359375
covtype_binary_20000,23,215,layer_0,602,c10: Elevation IS HIGH,12.421838760375977
covtype_binary_20000,23,216,layer_0,397,c6: Elevation IS MEDIUM,12.371330261230469
covtype_binary_20000,23,217,layer_0,240,c4: Aspect IS LOW,12.354353904724121
covtype_binary_20000,23,218,layer_0,97,c1: Hillshade_Noon IS MEDIUM,12.342802047729492
covtype_binary_20000,23,219,layer_0,535,c8: Aspect IS MEDIUM,12.313366889953613
covtype_binary_20000,23,220,layer_0,495,c8: Soil_Type_2 IS absent,12.288129806518555
covtype_binary_20000,23,221,layer_0,150,c2: Wilderness_Area_1 IS absent,12.286189079284668
covtype_binary_20000,23,222,layer_0,680,c11: Horizontal_Distance_To_Hydrology IS HIGH,12.241101264953613
covtype_binary_20000,23,223,projection_layer,10,"pursuit_3(Slope, Soil_Type_12, Soil_Type_13, Soil_Type_1) IS MEDIUM",12.1620512008667
covtype_binary_20000,23,224,layer_0,540,c9: Slope IS LOW,12.071608543395996
covtype_binary_20000,23,225,layer_0,117,c1: Wilderness_Area_2 IS absent,12.039739608764648
covtype_binary_20000,23,226,layer_0,60,c1: Horizontal_Distance_To_Roadways IS LOW,11.992609024047852
covtype_binary_20000,23,227,layer_0,435,c7: Soil_Type_4 IS absent,11.883371353149414
covtype_binary_20000,23,228,layer_0,513,c8: Soil_Type_30 IS absent,11.777827262878418
covtype_binary_20000,23,229,layer_0,350,c5: Wilderness_Area_3 IS present,11.706375122070312
covtype_binary_20000,23,230,layer_0,431,c7: Hillshade_9am IS HIGH,11.634557723999023
covtype_binary_20000,23,231,layer_0,581,c9: Wilderness_Area_1 IS present,11.631416320800781
covtype_binary_20000,23,232,projection_layer,18,"pursuit_6(Horizontal_Distance_To_Roadways, Soil_Type_38, Wilderness_Area_2, Soil_Type_18) IS LOW",11.580705642700195
covtype_binary_20000,23,233,layer_0,59,c0: Wilderness_Area_3 IS present,11.555617332458496
covtype_binary_20000,23,234,layer_0,348,c5: Wilderness_Area_3 IS absent,11.49854850769043
covtype_binary_20000,23,235,layer_0,679,c11: Horizontal_Distance_To_Hydrology IS MEDIUM,11.44895076751709
covtype_binary_20000,23,236,layer_0,81,c1: Wilderness_Area_2 IS absent,11.438089370727539
covtype_binary_20000,23,237,layer_0,637,c10: Aspect IS MEDIUM,11.416699409484863
covtype_binary_20000,23,238,layer_0,93,c1: Soil_Type_23 IS absent,11.388397216796875
covtype_binary_20000,23,239,layer_0,206,c3: Soil_Type_29 IS present,11.299580574035645
covtype_binary_20000,23,240,layer_0,660,c11: Horizontal_Distance_To_Roadways IS LOW,11.272027015686035
covtype_binary_20000,23,241,layer_0,536,c8: Aspect IS HIGH,11.197882652282715
covtype_binary_20000,23,242,layer_0,141,c2: Wilderness_Area_4 IS absent,11.167296409606934
covtype_binary_20000,23,243,layer_0,101,c1: Wilderness_Area_1 IS present,11.153423309326172
covtype_binary_20000,23,244,layer_0,595,c9: Hillshade_Noon IS MEDIUM,11.119059562683105
covtype_binary_20000,23,245,layer_0,207,c3: Vertical_Distance_To_Hydrology IS LOW,11.107008934020996
covtype_binary_20000,23,246,layer_0,78,c1: Horizontal_Distance_To_Hydrology IS LOW,11.101520538330078
covtype_binary_20000,23,247,layer_0,39,c0: Wilderness_Area_4 IS absent,10.973308563232422
covtype_binary_20000,23,248,layer_0,588,c9: Wilderness_Area_3 IS absent,10.88133716583252
covtype_binary_20000,23,249,layer_0,443,c7: Wilderness_Area_1 IS present,10.813204765319824
covtype_binary_20000,23,250,layer_0,23,c0: Wilderness_Area_3 IS present,10.804442405700684
covtype_binary_20000,23,251,layer_0,310,c5: Vertical_Distance_To_Hydrology IS MEDIUM,10.750994682312012
covtype_binary_20000,23,252,layer_0,552,c9: Wilderness_Area_3 IS absent,10.655014038085938
covtype_binary_20000,23,253,layer_0,479,c7: Wilderness_Area_1 IS present,10.587747573852539
covtype_binary_20000,23,254,layer_0,167,c2: Hillshade_3pm IS HIGH,10.587729454040527
covtype_binary_20000,23,255,layer_0,586,c9: Aspect IS MEDIUM,10.496484756469727
covtype_binary_20000,23,256,layer_0,570,c9: Wilderness_Area_4 IS absent,10.402935028076172
covtype_binary_20000,23,257,layer_0,114,c1: Hillshade_3pm IS LOW,10.386043548583984
covtype_binary_20000,23,258,layer_0,152,c2: Wilderness_Area_1 IS present,10.298432350158691
covtype_binary_20000,23,259,layer_0,458,c7: Horizontal_Distance_To_Roadways IS HIGH,10.268826484680176
covtype_binary_20000,23,260,layer_0,3,c0: Wilderness_Area_4 IS absent,10.259010314941406
covtype_binary_20000,23,261,layer_0,314,c5: Wilderness_Area_3 IS present,10.180747032165527
covtype_binary_20000,23,262,layer_0,693,c11: Soil_Type_31 IS absent,10.039175033569336
covtype_binary_20000,23,263,layer_0,546,c9: Soil_Type_2 IS absent,9.996444702148438
covtype_binary_20000,23,264,layer_0,327,c5: Hillshade_9am IS LOW,9.939491271972656
covtype_binary_20000,23,265,layer_0,452,c7: Wilderness_Area_3 IS present,9.939308166503906
covtype_binary_20000,23,266,layer_0,195,c3: Soil_Type_23 IS absent,9.899056434631348
covtype_binary_20000,23,267,layer_0,684,c11: Soil_Type_24 IS absent,9.793214797973633
covtype_binary_20000,23,268,layer_0,122,c2: Horizontal_Distance_To_Fire_Points IS HIGH,9.644400596618652
covtype_binary_20000,23,269,layer_0,639,c10: Wilderness_Area_3 IS absent,9.643416404724121
covtype_binary_20000,23,270,layer_0,608,c10: Soil_Type_32 IS present,9.592774391174316
covtype_binary_20000,23,271,layer_0,45,c0: Hillshade_Noon IS LOW,9.564972877502441
covtype_binary_20000,23,272,layer_0,379,c6: Hillshade_9am IS MEDIUM,9.520467758178711
covtype_binary_20000,23,273,layer_0,20,c0: Horizontal_Distance_To_Fire_Points IS HIGH,9.497466087341309
covtype_binary_20000,23,274,layer_0,672,c11: Wilderness_Area_4 IS absent,9.491185188293457
covtype_binary_20000,23,275,layer_0,252,c4: Wilderness_Area_1 IS absent,9.458579063415527
covtype_binary_20000,23,276,layer_0,329,c5: Hillshade_9am IS HIGH,9.446501731872559
covtype_binary_20000,23,277,layer_0,254,c4: Wilderness_Area_1 IS present,9.39546012878418
covtype_binary_20000,23,278,layer_0,177,c2: Wilderness_Area_4 IS absent,9.370312690734863
covtype_binary_20000,23,279,layer_0,360,c6: Vertical_Distance_To_Hydrology IS LOW,9.361976623535156
covtype_binary_20000,23,280,projection_layer,16,"pursuit_5(Hillshade_9am, Wilderness_Area_1, Soil_Type_10, Soil_Type_32) IS MEDIUM",9.332048416137695
covtype_binary_20000,23,281,layer_0,29,c0: Horizontal_Distance_To_Hydrology IS HIGH,9.309200286865234
covtype_binary_20000,23,282,layer_0,582,c9: Soil_Type_24 IS absent,9.21812915802002
covtype_binary_20000,23,283,layer_0,528,c8: Wilderness_Area_1 IS absent,9.166790008544922
covtype_binary_20000,23,284,layer_0,462,c7: Soil_Type_30 IS absent,8.913422584533691
covtype_binary_20000,23,285,layer_0,561,c9: Wilderness_Area_2 IS absent,8.858284950256348
covtype_binary_20000,23,286,layer_0,75,c1: Soil_Type_38 IS absent,8.83476734161377
covtype_binary_20000,23,287,layer_0,65,c1: Wilderness_Area_1 IS present,8.82406234741211
covtype_binary_20000,23,288,layer_0,573,c9: Soil_Type_33 IS absent,8.799450874328613
covtype_binary_20000,23,289,layer_0,203,c3: Wilderness_Area_1 IS present,8.77953052520752
covtype_binary_20000,23,290,layer_0,277,c4: Hillshade_9am IS MEDIUM,8.759438514709473
covtype_binary_20000,23,291,layer_0,42,c0: Soil_Type_23 IS absent,8.72065258026123
covtype_binary_20000,23,292,layer_0,530,c8: Wilderness_Area_1 IS present,8.232738494873047
covtype_binary_20000,23,293,layer_0,476,c7: Horizontal_Distance_To_Hydrology IS HIGH,8.18557357788086
covtype_binary_20000,23,294,layer_0,131,c2: Horizontal_Distance_To_Hydrology IS HIGH,8.177948951721191
covtype_binary_20000,23,295,layer_0,708,c11: Wilderness_Area_4 IS absent,8.161189079284668
covtype_binary_20000,23,296,layer_0,237,c3: Wilderness_Area_1 IS absent,8.152241706848145
covtype_binary_20000,23,297,layer_0,290,c4: Wilderness_Area_1 IS present,8.148921966552734
covtype_binary_20000,23,298,layer_0,421,c7: Hillshade_3pm IS MEDIUM,8.135395050048828
covtype_binary_20000,23,299,layer_0,605,c10: Wilderness_Area_3 IS present,8.037696838378906
covtype_binary_20000,23,300,layer_0,15,c0: Soil_Type_22 IS absent,8.015471458435059
covtype_binary_20000,23,301,layer_0,420,c7: Hillshade_3pm IS LOW,8.008796691894531
covtype_binary_20000,23,302,layer_0,273,c4: Soil_Type_13 IS absent,7.925396919250488
covtype_binary_20000,23,303,layer_0,157,c2: Vertical_Distance_To_Hydrology IS MEDIUM,7.839653015136719
covtype_binary_20000,23,304,layer_0,191,c3: Aspect IS HIGH,7.784179210662842
covtype_binary_20000,23,305,layer_0,261,c4: Wilderness_Area_3 IS absent,7.744993686676025
covtype_binary_20000,23,306,layer_0,555,c9: Soil_Type_32 IS absent,7.629117012023926
covtype_binary_20000,23,307,layer_0,438,c7: Slope IS LOW,7.624613285064697
covtype_binary_20000,23,308,layer_0,239,c3: Wilderness_Area_1 IS present,7.588183403015137
covtype_binary_20000,23,309,layer_0,692,c11: Wilderness_Area_3 IS present,7.455644607543945
covtype_binary_20000,23,310,layer_0,534,c8: Aspect IS LOW,7.4298930168151855
covtype_binary_20000,23,311,layer_0,201,c3: Wilderness_Area_1 IS absent,7.368643760681152
covtype_binary_20000,23,312,layer_0,390,c6: Wilderness_Area_1 IS absent,7.333166599273682
covtype_binary_20000,23,313,layer_0,153,c2: Soil_Type_29 IS absent,7.309908390045166
covtype_binary_20000,23,314,layer_0,267,c4: Hillshade_3pm IS LOW,7.2874908447265625
covtype_binary_20000,23,315,layer_0,490,c8: Slope IS MEDIUM,7.281917095184326
covtype_binary_20000,23,316,layer_0,166,c2: Hillshade_3pm IS MEDIUM,7.27368688583374
covtype_binary_20000,23,317,layer_0,623,c10: Wilderness_Area_4 IS present,7.188187599182129
covtype_binary_20000,23,318,layer_0,659,c10: Wilderness_Area_4 IS present,7.174234867095947
covtype_binary_20000,23,319,layer_0,299,c4: Wilderness_Area_3 IS present,7.147900581359863
covtype_binary_20000,23,320,layer_0,288,c4: Wilderness_Area_1 IS absent,7.106947898864746
covtype_binary_20000,23,321,layer_0,475,c7: Horizontal_Distance_To_Hydrology IS MEDIUM,7.049333095550537
covtype_binary_20000,23,322,layer_0,208,c3: Vertical_Distance_To_Hydrology IS MEDIUM,7.0329060554504395
covtype_binary_20000,23,323,layer_0,372,c6: Wilderness_Area_2 IS absent,7.019657135009766
covtype_binary_20000,23,324,layer_0,392,c6: Wilderness_Area_1 IS present,6.903180122375488
covtype_binary_20000,23,325,layer_0,422,c7: Hillshade_3pm IS HIGH,6.88093900680542
covtype_binary_20000,23,326,layer_0,575,c9: Soil_Type_33 IS present,6.763647556304932
covtype_binary_20000,23,327,layer_0,506,c8: Soil_Type_32 IS present,6.692924976348877
covtype_binary_20000,23,328,layer_0,353,c5: Soil_Type_32 IS present,6.594224452972412
covtype_binary_20000,23,329,layer_0,474,c7: Horizontal_Distance_To_Hydrology IS LOW,6.551497459411621
covtype_binary_20000,23,330,layer_0,123,c2: Wilderness_Area_3 IS absent,6.527608871459961
covtype_binary_20000,23,331,layer_0,303,c5: Wilderness_Area_1 IS absent,6.507048606872559
covtype_binary_20000,23,332,layer_0,168,c2: Wilderness_Area_2 IS absent,6.463111400604248
covtype_binary_20000,23,333,layer_0,159,c2: Wilderness_Area_3 IS absent,6.452254772186279
covtype_binary_20000,23,334,layer_0,361,c6: Vertical_Distance_To_Hydrology IS MEDIUM,6.447080612182617
covtype_binary_20000,23,335,layer_0,236,c3: Slope IS HIGH,6.3948259353637695
covtype_binary_20000,23,336,layer_0,612,c10: Wilderness_Area_2 IS absent,6.352298259735107
covtype_binary_20000,23,337,layer_1,229,c3: projection_4 IS MEDIUM,6.30273962020874
covtype_binary_20000,23,338,layer_0,263,c4: Wilderness_Area_3 IS present,6.253015518188477
covtype_binary_20000,23,339,layer_0,33,c0: Soil_Type_39 IS absent,6.239386558532715
covtype_binary_20000,23,340,layer_0,525,c8: Horizontal_Distance_To_Hydrology IS LOW,6.203456401824951
covtype_binary_20000,23,341,layer_0,426,c7: Soil_Type_13 IS absent,6.201719284057617
covtype_binary_20000,23,342,layer_0,171,c2: Soil_Type_13 IS absent,6.122425556182861
covtype_binary_20000,23,343,layer_0,320,c5: Hillshade_3pm IS HIGH,6.120455741882324
covtype_binary_20000,23,344,layer_0,449,c7: Elevation IS HIGH,6.042638778686523
covtype_binary_20000,23,345,layer_0,542,c9: Slope IS HIGH,5.993048191070557
covtype_binary_20000,23,346,layer_0,359,c5: Wilderness_Area_2 IS present,5.984579563140869
covtype_binary_20000,23,347,layer_0,492,c8: Wilderness_Area_1 IS absent,5.97108793258667
covtype_binary_20000,23,348,layer_0,323,c5: Wilderness_Area_2 IS present,5.943859577178955
covtype_binary_20000,23,349,layer_0,617,c10: Soil_Type_30 IS present,5.918136119842529
covtype_binary_20000,23,350,layer_0,510,c8: Wilderness_Area_2 IS absent,5.880549430847168
covtype_binary_20000,23,351,layer_0,68,c1: Soil_Type_22 IS present,5.877488136291504
covtype_binary_20000,23,352,layer_0,564,c9: Soil_Type_30 IS absent,5.861764430999756
covtype_binary_20000,23,353,layer_0,689,c11: Aspect IS HIGH,5.78079080581665
covtype_binary_20000,23,354,layer_0,297,c4: Wilderness_Area_3 IS absent,5.7733001708984375
covtype_binary_20000,23,355,layer_0,140,c2: Aspect IS HIGH,5.770330905914307
covtype_binary_20000,23,356,layer_0,702,c11: Soil_Type_10 IS absent,5.749058723449707
covtype_binary_20000,23,357,layer_0,371,c6: Hillshade_3pm IS HIGH,5.685660362243652
covtype_binary_20000,23,358,layer_0,53,c0: Soil_Type_29 IS present,5.645771026611328
covtype_binary_20000,23,359,layer_0,527,c8: Horizontal_Distance_To_Hydrology IS HIGH,5.642602920532227
covtype_binary_20000,23,360,layer_0,641,c10: Wilderness_Area_3 IS present,5.616869926452637
covtype_binary_20000,23,361,layer_0,593,c9: Soil_Type_31 IS present,5.562007904052734
covtype_binary_20000,23,362,layer_0,95,c1: Soil_Type_23 IS present,5.412317752838135
covtype_binary_20000,23,363,layer_0,225,c3: Hillshade_9am IS LOW,5.406117916107178
covtype_binary_20000,23,364,layer_0,116,c1: Hillshade_3pm IS HIGH,5.357227325439453
covtype_binary_20000,23,365,layer_0,146,c2: Soil_Type_23 IS present,5.269594192504883
covtype_binary_20000,23,366,layer_0,653,c10: Soil_Type_10 IS present,5.202399253845215
covtype_binary_20000,23,367,layer_0,132,c2: Wilderness_Area_2 IS absent,5.175146579742432
covtype_binary_20000,23,368,layer_0,378,c6: Hillshade_9am IS LOW,5.157993316650391
covtype_binary_20000,23,369,layer_1,2,c0: ka_concept_1.c0 IS HIGH,5.143238067626953
covtype_binary_20000,23,370,layer_0,399,c6: Wilderness_Area_3 IS absent,5.11044454574585
covtype_binary_20000,23,371,layer_0,494,c8: Wilderness_Area_1 IS present,5.063072204589844
covtype_binary_20000,23,372,layer_0,648,c10: Wilderness_Area_2 IS absent,5.010225772857666
covtype_binary_20000,23,373,layer_0,212,c3: Wilderness_Area_3 IS present,4.999547004699707
covtype_binary_20000,23,374,layer_0,389,c6: Slope IS HIGH,4.942742824554443
covtype_binary_20000,23,375,layer_0,644,c10: Soil_Type_31 IS present,4.883443832397461
covtype_binary_20000,23,376,layer_0,468,c7: Wilderness_Area_4 IS absent,4.8822784423828125
covtype_binary_20000,23,377,layer_0,285,c4: Slope IS LOW,4.855780601501465
covtype_binary_20000,23,378,layer_1,206,c3: ka_concept_1.c8 IS HIGH,4.8257365226745605
covtype_binary_20000,23,379,layer_0,326,c5: Soil_Type_13 IS present,4.822227954864502
covtype_binary_20000,23,380,layer_0,108,c1: Wilderness_Area_3 IS absent,4.797114372253418
covtype_binary_20000,23,381,layer_0,8,c0: Soil_Type_12 IS present,4.766844272613525
covtype_binary_20000,23,382,layer_0,501,c8: Wilderness_Area_3 IS absent,4.748587131500244
covtype_binary_20000,23,383,layer_0,578,c9: Horizontal_Distance_To_Hydrology IS HIGH,4.743995666503906
covtype_binary_20000,23,384,layer_0,369,c6: Hillshade_3pm IS LOW,4.6425065994262695
covtype_binary_20000,23,385,layer_0,72,c1: Wilderness_Area_3 IS absent,4.623449802398682
covtype_binary_20000,23,386,layer_0,79,c1: Horizontal_Distance_To_Hydrology IS MEDIUM,4.56582498550415
covtype_binary_20000,23,387,layer_0,603,c10: Wilderness_Area_3 IS absent,4.486564636230469
covtype_binary_20000,23,388,layer_0,162,c2: Soil_Type_40 IS absent,4.3821516036987305
covtype_binary_20000,23,389,projection_layer,4,"pursuit_1(Elevation, Vertical_Distance_To_Hydrology, Soil_Type_40, Soil_Type_6) IS MEDIUM",4.377269268035889
covtype_binary_20000,23,390,layer_0,638,c10: Aspect IS HIGH,4.361286640167236
covtype_binary_20000,23,391,layer_0,248,c4: Soil_Type_23 IS present,4.345005035400391
covtype_binary_20000,23,392,layer_0,92,c1: Wilderness_Area_4 IS present,4.304502010345459
covtype_binary_20000,23,393,layer_0,365,c6: Wilderness_Area_3 IS present,4.303616523742676
covtype_binary_20000,23,394,layer_0,210,c3: Wilderness_Area_3 IS absent,4.175302982330322
covtype_binary_20000,23,395,layer_0,155,c2: Soil_Type_29 IS present,4.1117777824401855
covtype_binary_20000,23,396,layer_0,524,c8: Soil_Type_33 IS present,4.109286308288574
covtype_binary_20000,23,397,layer_0,457,c7: Horizontal_Distance_To_Roadways IS MEDIUM,4.049493789672852
covtype_binary_20000,23,398,layer_0,401,c6: Wilderness_Area_3 IS present,4.004096984863281
covtype_binary_20000,23,399,layer_1,77,c1: ka_concept_1.c5 IS HIGH,3.981555938720703
covtype_binary_20000,23,400,layer_0,335,c5: Soil_Type_4 IS present,3.9723095893859863
covtype_binary_20000,23,401,layer_0,430,c7: Hillshade_9am IS MEDIUM,3.8944618701934814
covtype_binary_20000,23,402,layer_1,86,c1: ka_concept_1.c8 IS HIGH,3.824528932571411
covtype_binary_20000,23,403,layer_0,626,c10: Soil_Type_33 IS present,3.800203800201416
covtype_binary_20000,23,404,projection_layer,14,"pursuit_4(Horizontal_Distance_To_Hydrology, Soil_Type_22, Soil_Type_30, Soil_Type_35) IS HIGH",3.740593194961548
covtype_binary_20000,23,405,layer_0,363,c6: Wilderness_Area_3 IS absent,3.703951835632324
covtype_binary_20000,23,406,layer_0,503,c8: Wilderness_Area_3 IS present,3.6871418952941895
covtype_binary_20000,23,407,layer_0,174,c2: Hillshade_9am IS LOW,3.680610418319702
covtype_binary_20000,23,408,layer_0,135,c2: Soil_Type_39 IS absent,3.6701924800872803
covtype_binary_20000,23,409,layer_0,287,c4: Slope IS HIGH,3.661393880844116
covtype_binary_20000,23,410,layer_0,9,c0: Horizontal_Distance_To_Roadways IS LOW,3.6461966037750244
covtype_binary_20000,23,411,layer_0,635,c10: Soil_Type_24 IS present,3.60184383392334
covtype_binary_20000,23,412,layer_0,699,c11: Wilderness_Area_2 IS absent,3.555711507797241
covtype_binary_20000,23,413,layer_0,480,c8: Hillshade_9am IS LOW,3.4617021083831787
covtype_binary_20000,23,414,layer_0,32,c0: Wilderness_Area_2 IS present,3.4404447078704834
covtype_binary_20000,23,415,projection_layer,19,"pursuit_6(Horizontal_Distance_To_Roadways, Soil_Type_38, Wilderness_Area_2, Soil_Type_18) IS MEDIUM",3.429567337036133
covtype_binary_20000,23,416,layer_0,690,c11: Wilderness_Area_3 IS absent,3.4177513122558594
covtype_binary_20000,23,417,layer_0,429,c7: Hillshade_9am IS LOW,3.3962314128875732
covtype_binary_20000,23,418,layer_0,489,c8: Slope IS LOW,3.3950161933898926
covtype_binary_20000,23,419,layer_0,96,c1: Hillshade_Noon IS LOW,3.3815157413482666
covtype_binary_20000,23,420,layer_0,666,c11: Soil_Type_30 IS absent,3.365420341491699
covtype_binary_20000,23,421,layer_0,719,c11: Wilderness_Area_1 IS present,3.326467514038086
covtype_binary_20000,23,422,layer_0,453,c7: Soil_Type_32 IS absent,3.268256902694702
covtype_binary_20000,23,423,layer_0,332,c5: Wilderness_Area_4 IS present,3.2369563579559326
covtype_binary_20000,23,424,layer_0,380,c6: Hillshade_9am IS HIGH,3.213801145553589
covtype_binary_20000,23,425,layer_0,218,c3: Hillshade_3pm IS HIGH,3.171236753463745
covtype_binary_20000,23,426,layer_0,440,c7: Slope IS HIGH,3.1161184310913086
covtype_binary_20000,23,427,layer_0,284,c4: Soil_Type_4 IS present,3.0894696712493896
covtype_binary_20000,23,428,layer_1,36,c0: projection_0 IS LOW,3.087244749069214
covtype_binary_20000,23,429,layer_0,450,c7: Wilderness_Area_3 IS absent,3.0604445934295654
covtype_binary_20000,23,430,layer_1,21,c0: ka_concept_1.c7 IS LOW,3.024813413619995
covtype_binary_20000,23,431,layer_0,549,c9: Elevation IS LOW,2.9933555126190186
covtype_binary_20000,23,432,layer_0,279,c4: Wilderness_Area_4 IS absent,2.962153673171997
covtype_binary_20000,23,433,layer_0,17,c0: Soil_Type_22 IS present,2.9459688663482666
covtype_binary_20000,23,434,layer_0,386,c6: Soil_Type_4 IS present,2.910975694656372
covtype_binary_20000,23,435,layer_0,192,c3: Wilderness_Area_4 IS absent,2.8230814933776855
covtype_binary_20000,23,436,layer_0,683,c11: Wilderness_Area_1 IS present,2.8211421966552734
covtype_binary_20000,23,437,layer_1,150,c2: ka_concept_1.c10 IS LOW,2.8123183250427246
covtype_binary_20000,23,438,layer_1,138,c2: ka_concept_1.c6 IS LOW,2.8095667362213135
covtype_binary_20000,23,439,layer_0,366,c6: Soil_Type_40 IS absent,2.8079564571380615
covtype_binary_20000,23,440,layer_0,26,c0: Soil_Type_38 IS present,2.799666404724121
covtype_binary_20000,23,441,layer_0,61,c1: Horizontal_Distance_To_Roadways IS MEDIUM,2.788609266281128
covtype_binary_20000,23,442,layer_1,10,c0: ka_concept_1.c3 IS MEDIUM,2.787086009979248
covtype_binary_20000,23,443,layer_0,130,c2: Horizontal_Distance_To_Hydrology IS MEDIUM,2.7742323875427246
covtype_binary_20000,23,444,layer_1,69,c1: ka_concept_1.c3 IS LOW,2.7578041553497314
covtype_binary_20000,23,445,layer_0,432,c7: Wilderness_Area_4 IS absent,2.737959861755371
covtype_binary_20000,23,446,layer_1,137,c2: ka_concept_1.c5 IS HIGH,2.7089498043060303
covtype_binary_20000,23,447,layer_0,533,c8: Soil_Type_24 IS present,2.6082868576049805
covtype_binary_20000,23,448,layer_1,123,c2: ka_concept_1.c1 IS LOW,2.604445219039917
covtype_binary_20000,23,449,layer_0,143,c2: Wilderness_Area_4 IS present,2.596625566482544
covtype_binary_20000,23,450,layer_0,179,c2: Wilderness_Area_4 IS present,2.5965707302093506
covtype_binary_20000,23,451,layer_0,483,c8: Wilderness_Area_4 IS absent,2.589796543121338
covtype_binary_20000,23,452,layer_1,87,c1: ka_concept_1.c9 IS LOW,2.568696975708008
covtype_binary_20000,23,453,layer_1,199,c3: ka_concept_1.c6 IS MEDIUM,2.5664055347442627
covtype_binary_20000,23,454,layer_0,293,c4: Soil_Type_2 IS present,2.5370194911956787
covtype_binary_20000,23,455,layer_0,125,c2: Wilderness_Area_3 IS present,2.5064938068389893
covtype_binary_20000,23,456,layer_0,301,c5: Hillshade_Noon IS MEDIUM,2.5031800270080566
covtype_binary_20000,23,457,layer_1,109,c1: projection_4 IS MEDIUM,2.501187801361084
covtype_binary_20000,23,458,layer_1,327,c5: ka_concept_1.c9 IS LOW,2.4990882873535156
covtype_binary_20000,23,459,layer_1,222,c3: projection_2 IS LOW,2.49865460395813
covtype_binary_20000,23,460,layer_0,257,c4: Soil_Type_29 IS present,2.4957640171051025
covtype_binary_20000,23,461,layer_1,49,c0: projection_4 IS MEDIUM,2.4872334003448486
covtype_binary_20000,23,462,layer_0,86,c1: Soil_Type_39 IS present,2.4280691146850586
covtype_binary_20000,23,463,layer_0,674,c11: Wilderness_Area_4 IS present,2.4041800498962402
covtype_binary_20000,23,464,layer_0,710,c11: Wilderness_Area_4 IS present,2.4041800498962402
covtype_binary_20000,23,465,layer_1,146,c2: ka_concept_1.c8 IS HIGH,2.3638272285461426
covtype_binary_20000,23,466,layer_1,197,c3: ka_concept_1.c5 IS HIGH,2.3614814281463623
covtype_binary_20000,23,467,layer_0,74,c1: Wilderness_Area_3 IS present,2.351011276245117
covtype_binary_20000,23,468,layer_0,48,c0: Wilderness_Area_1 IS absent,2.34810471534729
covtype_binary_20000,23,469,layer_1,85,c1: ka_concept_1.c8 IS MEDIUM,2.3277721405029297
covtype_binary_20000,23,470,layer_1,48,c0: projection_4 IS LOW,2.311565637588501
covtype_binary_20000,23,471,layer_0,222,c3: Soil_Type_13 IS absent,2.2968239784240723
covtype_binary_20000,23,472,layer_1,17,c0: ka_concept_1.c5 IS HIGH,2.2956035137176514
covtype_binary_20000,23,473,layer_0,377,c6: Soil_Type_13 IS present,2.283919095993042
covtype_binary_20000,23,474,layer_0,264,c4: Soil_Type_40 IS absent,2.2775650024414062
covtype_binary_20000,23,475,layer_0,681,c11: Wilderness_Area_1 IS absent,2.272980213165283
covtype_binary_20000,23,476,layer_1,18,c0: ka_concept_1.c6 IS LOW,2.2622463703155518
covtype_binary_20000,23,477,layer_1,147,c2: ka_concept_1.c9 IS LOW,2.2255210876464844
covtype_binary_20000,23,478,layer_0,481,c8: Hillshade_9am IS MEDIUM,2.2121357917785645
covtype_binary_20000,23,479,layer_0,161,c2: Wilderness_Area_3 IS present,2.21089768409729
covtype_binary_20000,23,480,layer_1,312,c5: ka_concept_1.c4 IS LOW,2.208909511566162
covtype_binary_20000,23,481,layer_0,482,c8: Hillshade_9am IS HIGH,2.177438259124756
covtype_binary_20000,23,482,layer_1,317,c5: ka_concept_1.c5 IS HIGH,2.169677495956421
covtype_binary_20000,23,483,layer_0,537,c8: Wilderness_Area_3 IS absent,2.1459593772888184
covtype_binary_20000,23,484,layer_1,210,c3: ka_concept_1.c10 IS LOW,2.1384377479553223
covtype_binary_20000,23,485,layer_1,200,c3: ka_concept_1.c6 IS HIGH,2.1183478832244873
covtype_binary_20000,23,486,layer_0,471,c7: Soil_Type_33 IS absent,2.1091840267181396
covtype_binary_20000,23,487,layer_0,402,c6: Soil_Type_32 IS absent,2.108537197113037
covtype_binary_20000,23,488,layer_1,28,c0: ka_concept_1.c9 IS MEDIUM,2.0959889888763428
covtype_binary_20000,23,489,layer_0,374,c6: Wilderness_Area_2 IS present,2.0651872158050537
covtype_binary_20000,23,490,layer_1,26,c0: ka_concept_1.c8 IS HIGH,2.0507259368896484
covtype_binary_20000,23,491,layer_0,413,c6: Soil_Type_30 IS present,2.0494983196258545
covtype_binary_20000,23,492,layer_0,14,c0: Wilderness_Area_1 IS present,2.043994188308716
covtype_binary_20000,23,493,layer_0,362,c6: Vertical_Distance_To_Hydrology IS HIGH,2.038442850112915
covtype_binary_20000,23,494,layer_1,76,c1: ka_concept_1.c5 IS MEDIUM,2.0293869972229004
covtype_binary_20000,23,495,layer_0,717,c11: Wilderness_Area_1 IS absent,1.9947524070739746
covtype_binary_20000,23,496,layer_1,306,c5: ka_concept_1.c2 IS LOW,1.983096718788147
covtype_binary_20000,23,497,layer_1,330,c5: ka_concept_1.c10 IS LOW,1.9812091588974
covtype_binary_20000,23,498,layer_0,566,c9: Soil_Type_30 IS present,1.9725275039672852
covtype_binary_20000,23,499,layer_0,695,c11: Soil_Type_31 IS present,1.9704203605651855
covtype_binary_20000,23,500,layer_1,211,c3: ka_concept_1.c10 IS MEDIUM,1.966166615486145
covtype_binary_20000,23,501,layer_0,344,c5: Soil_Type_2 IS present,1.9652490615844727
covtype_binary_20000,23,502,layer_0,228,c3: Wilderness_Area_4 IS absent,1.9582905769348145
covtype_binary_20000,23,503,layer_1,90,c1: ka_concept_1.c10 IS LOW,1.9488593339920044
covtype_binary_20000,23,504,layer_0,341,c5: Wilderness_Area_1 IS present,1.9377695322036743
covtype_binary_20000,23,505,layer_1,132,c2: ka_concept_1.c4 IS LOW,1.9362138509750366
covtype_binary_20000,23,506,layer_0,585,c9: Aspect IS LOW,1.905932903289795
covtype_binary_20000,23,507,layer_0,410,c6: Wilderness_Area_2 IS present,1.8959622383117676
covtype_binary_20000,23,508,layer_0,627,c10: Horizontal_Distance_To_Hydrology IS LOW,1.866236925125122
covtype_binary_20000,23,509,layer_0,233,c3: Soil_Type_4 IS present,1.8466734886169434
covtype_binary_20000,23,510,layer_0,515,c8: Soil_Type_30 IS present,1.8439053297042847
covtype_binary_20000,23,511,layer_0,417,c6: Wilderness_Area_4 IS absent,1.822499394416809
covtype_binary_20000,23,512,layer_0,110,c1: Wilderness_Area_3 IS present,1.8116774559020996
covtype_binary_20000,23,513,layer_0,104,c1: Soil_Type_29 IS present,1.792576789855957
covtype_binary_20000,23,514,layer_0,243,c4: Wilderness_Area_4 IS absent,1.7856770753860474
covtype_binary_20000,23,515,layer_1,108,c1: projection_4 IS LOW,1.7722833156585693
covtype_binary_20000,23,516,layer_1,213,c3: ka_concept_1.c11 IS LOW,1.7686407566070557
covtype_binary_20000,23,517,layer_0,50,c0: Wilderness_Area_1 IS present,1.766040325164795
covtype_binary_20000,23,518,layer_1,75,c1: ka_concept_1.c5 IS LOW,1.762394905090332
covtype_binary_20000,23,519,layer_0,704,c11: Soil_Type_10 IS present,1.7292317152023315
covtype_binary_20000,23,520,layer_0,439,c7: Slope IS MEDIUM,1.7284104824066162
covtype_binary_20000,23,521,layer_1,122,c2: ka_concept_1.c0 IS HIGH,1.7271987199783325
covtype_binary_20000,23,522,layer_1,182,c3: ka_concept_1.c0 IS HIGH,1.7129931449890137
covtype_binary_20000,23,523,layer_0,317,c5: Soil_Type_40 IS present,1.684956431388855
covtype_binary_20000,23,524,layer_0,655,c10: Vertical_Distance_To_Hydrology IS MEDIUM,1.649910807609558
covtype_binary_20000,23,525,layer_0,395,c6: Soil_Type_2 IS present,1.618322730064392
covtype_binary_20000,23,526,layer_0,686,c11: Soil_Type_24 IS present,1.603856086730957
covtype_binary_20000,23,527,layer_1,186,c3: ka_concept_1.c2 IS LOW,1.5738900899887085
covtype_binary_20000,23,528,layer_0,113,c1: Soil_Type_40 IS present,1.5691570043563843
covtype_binary_20000,23,529,layer_1,11,c0: ka_concept_1.c3 IS HIGH,1.5687916278839111
covtype_binary_20000,23,530,layer_0,44,c0: Soil_Type_23 IS present,1.5529218912124634
covtype_binary_20000,23,531,layer_0,512,c8: Wilderness_Area_2 IS present,1.548885464668274
covtype_binary_20000,23,532,layer_1,193,c3: ka_concept_1.c4 IS MEDIUM,1.5461043119430542
covtype_binary_20000,23,533,projection_layer,8,"pursuit_2(Hillshade_Noon, Wilderness_Area_4, Soil_Type_23, Soil_Type_11) IS HIGH",1.5281767845153809
covtype_binary_20000,23,534,projection_layer,22,"pursuit_7(Aspect, Soil_Type_39, Soil_Type_2, Soil_Type_5) IS MEDIUM",1.5277290344238281
covtype_binary_20000,23,535,layer_0,5,c0: Wilderness_Area_4 IS present,1.5050605535507202
covtype_binary_20000,23,536,layer_1,121,c2: ka_concept_1.c0 IS MEDIUM,1.4941129684448242
covtype_binary_20000,23,537,layer_1,198,c3: ka_concept_1.c6 IS LOW,1.4884998798370361
covtype_binary_20000,23,538,layer_0,713,c11: Soil_Type_11 IS present,1.487032413482666
covtype_binary_20000,23,539,layer_1,126,c2: ka_concept_1.c2 IS LOW,1.4835442304611206
covtype_binary_20000,23,540,layer_0,488,c8: Soil_Type_4 IS present,1.4768869876861572
covtype_binary_20000,23,541,layer_0,338,c5: Slope IS HIGH,1.472154974937439
covtype_binary_20000,23,542,layer_0,77,c1: Soil_Type_38 IS present,1.4705883264541626
covtype_binary_20000,23,543,layer_0,557,c9: Soil_Type_32 IS present,1.4686665534973145
covtype_binary_20000,23,544,layer_0,12,c0: Wilderness_Area_1 IS absent,1.4643193483352661
covtype_binary_20000,23,545,layer_1,96,c1: projection_0 IS LOW,1.4460209608078003
covtype_binary_20000,23,546,layer_1,0,c0: ka_concept_1.c0 IS LOW,1.4330202341079712
covtype_binary_20000,23,547,layer_0,275,c4: Soil_Type_13 IS present,1.419864535331726
covtype_binary_20000,23,548,layer_0,41,c0: Wilderness_Area_4 IS present,1.4054288864135742
covtype_binary_20000,23,549,layer_1,194,c3: ka_concept_1.c4 IS HIGH,1.4004886150360107
covtype_binary_20000,23,550,layer_1,326,c5: ka_concept_1.c8 IS HIGH,1.3912581205368042
covtype_binary_20000,23,551,layer_1,61,c1: ka_concept_1.c0 IS MEDIUM,1.3889079093933105
covtype_binary_20000,23,552,layer_1,181,c3: ka_concept_1.c0 IS MEDIUM,1.3763128519058228
covtype_binary_20000,23,553,layer_0,305,c5: Wilderness_Area_1 IS present,1.3667945861816406
covtype_binary_20000,23,554,layer_0,485,c8: Wilderness_Area_4 IS present,1.3644733428955078
covtype_binary_20000,23,555,layer_1,51,c0: projection_5 IS LOW,1.3600000143051147
covtype_binary_20000,23,556,layer_1,62,c1: ka_concept_1.c0 IS HIGH,1.3559222221374512
covtype_binary_20000,23,557,layer_1,129,c2: ka_concept_1.c3 IS LOW,1.354701042175293
covtype_binary_20000,23,558,layer_1,78,c1: ka_concept_1.c6 IS LOW,1.346136212348938
covtype_binary_20000,23,559,layer_0,473,c7: Soil_Type_33 IS present,1.3350419998168945
covtype_binary_20000,23,560,layer_0,539,c8: Wilderness_Area_3 IS present,1.327061414718628
covtype_binary_20000,23,561,layer_1,227,c3: projection_3 IS HIGH,1.3244446516036987
covtype_binary_20000,23,562,layer_0,521,c8: Wilderness_Area_4 IS present,1.3159348964691162
covtype_binary_20000,23,563,layer_0,56,c0: Vertical_Distance_To_Hydrology IS HIGH,1.307921290397644
covtype_binary_20000,23,564,layer_1,1,c0: ka_concept_1.c0 IS MEDIUM,1.304484248161316
covtype_binary_20000,23,565,layer_1,346,c5: projection_3 IS MEDIUM,1.3015351295471191
covtype_binary_20000,23,566,layer_0,216,c3: Hillshade_3pm IS LOW,1.2650457620620728
covtype_binary_20000,23,567,layer_0,697,c11: Hillshade_Noon IS MEDIUM,1.251741647720337
covtype_binary_20000,23,568,layer_1,300,c5: ka_concept_1.c0 IS LOW,1.224595069885254
covtype_binary_20000,23,569,layer_0,260,c4: Vertical_Distance_To_Hydrology IS HIGH,1.2155005931854248
covtype_binary_20000,23,570,layer_0,677,c11: Soil_Type_33 IS present,1.2017379999160767
covtype_binary_20000,23,571,layer_1,331,c5: ka_concept_1.c10 IS MEDIUM,1.1950634717941284
covtype_binary_20000,23,572,layer_1,111,c1: projection_5 IS LOW,1.1812548637390137
covtype_binary_20000,23,573,layer_1,29,c0: ka_concept_1.c9 IS HIGH,1.1792078018188477
covtype_binary_20000,23,574,projection_layer,5,"pursuit_1(Elevation, Vertical_Distance_To_Hydrology, Soil_Type_40, Soil_Type_6) IS HIGH",1.1745027303695679
covtype_binary_20000,23,575,layer_1,228,c3: projection_4 IS LOW,1.167525053024292
covtype_binary_20000,23,576,layer_1,216,c3: projection_0 IS LOW,1.163913607597351
covtype_binary_20000,23,577,layer_1,191,c3: ka_concept_1.c3 IS HIGH,1.1631660461425781
covtype_binary_20000,23,578,layer_1,16,c0: ka_concept_1.c5 IS MEDIUM,1.1596063375473022
covtype_binary_20000,23,579,layer_1,14,c0: ka_concept_1.c4 IS HIGH,1.145115852355957
covtype_binary_20000,23,580,layer_1,27,c0: ka_concept_1.c9 IS LOW,1.1414918899536133
covtype_binary_20000,23,581,layer_1,133,c2: ka_concept_1.c4 IS MEDIUM,1.1149152517318726
covtype_binary_20000,23,582,layer_0,491,c8: Slope IS HIGH,1.0850183963775635
covtype_binary_20000,23,583,layer_0,425,c7: Wilderness_Area_2 IS present,1.05754554271698
covtype_binary_20000,23,584,layer_0,668,c11: Soil_Type_30 IS present,1.0558472871780396
covtype_binary_20000,23,585,layer_0,459,c7: Wilderness_Area_2 IS absent,1.0554500818252563
covtype_binary_20000,23,586,layer_1,102,c1: projection_2 IS LOW,1.053263545036316
covtype_binary_20000,23,587,layer_0,461,c7: Wilderness_Area_2 IS present,1.0517528057098389
covtype_binary_20000,23,588,layer_1,107,c1: projection_3 IS HIGH,1.0506095886230469
covtype_binary_20000,23,589,layer_1,309,c5: ka_concept_1.c3 IS LOW,1.0430653095245361
covtype_binary_20000,23,590,layer_0,194,c3: Wilderness_Area_4 IS present,1.010317325592041
covtype_binary_20000,23,591,layer_0,230,c3: Wilderness_Area_4 IS present,0.9956285953521729
covtype_binary_20000,23,592,layer_0,434,c7: Wilderness_Area_4 IS present,0.9955224394798279
covtype_binary_20000,23,593,layer_0,470,c7: Wilderness_Area_4 IS present,0.9954392910003662
covtype_binary_20000,23,594,layer_1,148,c2: ka_concept_1.c9 IS MEDIUM,0.9882863759994507
covtype_binary_20000,23,595,layer_1,333,c5: ka_concept_1.c11 IS LOW,0.9764837026596069
covtype_binary_20000,23,596,layer_0,584,c9: Soil_Type_24 IS present,0.9740344882011414
covtype_binary_20000,23,597,layer_1,318,c5: ka_concept_1.c6 IS LOW,0.9737474918365479
covtype_binary_20000,23,598,layer_1,37,c0: projection_0 IS MEDIUM,0.969771146774292
covtype_binary_20000,23,599,layer_1,329,c5: ka_concept_1.c9 IS HIGH,0.9673786759376526
covtype_binary_20000,23,600,layer_1,106,c1: projection_3 IS MEDIUM,0.9611611366271973
covtype_binary_20000,23,601,layer_1,183,c3: ka_concept_1.c1 IS LOW,0.9606764316558838
covtype_binary_20000,23,602,layer_1,153,c2: ka_concept_1.c11 IS LOW,0.9569202661514282
covtype_binary_20000,23,603,layer_1,120,c2: ka_concept_1.c0 IS LOW,0.952882707118988
covtype_binary_20000,23,604,layer_1,32,c0: ka_concept_1.c10 IS HIGH,0.942679226398468
covtype_binary_20000,23,605,layer_1,224,c3: projection_2 IS HIGH,0.940499484539032
covtype_binary_20000,23,606,layer_0,663,c11: Wilderness_Area_2 IS absent,0.9391012191772461
covtype_binary_20000,23,607,layer_0,507,c8: Horizontal_Distance_To_Roadways IS LOW,0.9346866607666016
covtype_binary_20000,23,608,layer_0,107,c1: Vertical_Distance_To_Hydrology IS HIGH,0.9286685585975647
covtype_binary_20000,23,609,layer_0,134,c2: Wilderness_Area_2 IS present,0.923715353012085
covtype_binary_20000,23,610,layer_0,170,c2: Wilderness_Area_2 IS present,0.9224610328674316
covtype_binary_20000,23,611,layer_1,15,c0: ka_concept_1.c5 IS LOW,0.922446072101593
covtype_binary_20000,23,612,layer_1,57,c0: projection_7 IS LOW,0.9188388586044312
covtype_binary_20000,23,613,layer_1,9,c0: ka_concept_1.c3 IS LOW,0.8985692262649536
covtype_binary_20000,23,614,layer_1,209,c3: ka_concept_1.c9 IS HIGH,0.8895600438117981
covtype_binary_20000,23,615,layer_1,81,c1: ka_concept_1.c7 IS LOW,0.8852330446243286
covtype_binary_20000,23,616,layer_1,5,c0: ka_concept_1.c1 IS HIGH,0.8826195597648621
covtype_binary_20000,23,617,layer_0,419,c6: Wilderness_Area_4 IS present,0.8798232674598694
covtype_binary_20000,23,618,layer_1,89,c1: ka_concept_1.c9 IS HIGH,0.8785222172737122
covtype_binary_20000,23,619,layer_0,311,c5: Vertical_Distance_To_Hydrology IS HIGH,0.8674163222312927
covtype_binary_20000,23,620,layer_1,201,c3: ka_concept_1.c7 IS LOW,0.8631300330162048
covtype_binary_20000,23,621,layer_1,174,c2: projection_6 IS LOW,0.8597505688667297
covtype_binary_20000,23,622,layer_1,33,c0: ka_concept_1.c11 IS LOW,0.8554835319519043
covtype_binary_20000,23,623,layer_0,577,c9: Horizontal_Distance_To_Hydrology IS MEDIUM,0.8539847135543823
covtype_binary_20000,23,624,layer_0,423,c7: Wilderness_Area_2 IS absent,0.8458530306816101
covtype_binary_20000,23,625,layer_1,60,c1: ka_concept_1.c0 IS LOW,0.8424947261810303
covtype_binary_20000,23,626,layer_1,145,c2: ka_concept_1.c8 IS MEDIUM,0.8324050903320312
covtype_binary_20000,23,627,layer_0,183,c3: Wilderness_Area_2 IS absent,0.8229548931121826
covtype_binary_20000,23,628,layer_0,219,c3: Wilderness_Area_2 IS absent,0.8167130351066589
covtype_binary_20000,23,629,layer_1,144,c2: ka_concept_1.c8 IS LOW,0.8143036365509033
covtype_binary_20000,23,630,layer_0,383,c6: Wilderness_Area_4 IS present,0.8124647736549377
covtype_binary_20000,23,631,layer_1,135,c2: ka_concept_1.c5 IS LOW,0.8095001578330994
covtype_binary_20000,23,632,layer_1,141,c2: ka_concept_1.c7 IS LOW,0.8062675595283508
covtype_binary_20000,23,633,layer_1,63,c1: ka_concept_1.c1 IS LOW,0.7985830307006836
covtype_binary_20000,23,634,layer_1,58,c0: projection_7 IS MEDIUM,0.7984692454338074
covtype_binary_20000,23,635,layer_0,381,c6: Wilderness_Area_4 IS absent,0.7955992817878723
covtype_binary_20000,23,636,layer_0,354,c5: Horizontal_Distance_To_Roadways IS LOW,0.7808055281639099
covtype_binary_20000,23,637,layer_1,19,c0: ka_concept_1.c6 IS MEDIUM,0.7755913138389587
covtype_binary_20000,23,638,layer_1,301,c5: ka_concept_1.c0 IS MEDIUM,0.770936131477356
covtype_binary_20000,23,639,layer_1,169,c2: projection_4 IS MEDIUM,0.7653494477272034
covtype_binary_20000,23,640,layer_1,316,c5: ka_concept_1.c5 IS MEDIUM,0.7550283074378967
covtype_binary_20000,23,641,layer_1,31,c0: ka_concept_1.c10 IS MEDIUM,0.7529142498970032
covtype_binary_20000,23,642,layer_0,209,c3: Vertical_Distance_To_Hydrology IS HIGH,0.744455873966217
covtype_binary_20000,23,643,layer_0,716,c11: Hillshade_3pm IS HIGH,0.7424296140670776
covtype_binary_20000,23,644,layer_0,272,c4: Wilderness_Area_2 IS present,0.7416508197784424
covtype_binary_20000,23,645,layer_1,124,c2: ka_concept_1.c1 IS MEDIUM,0.7267802953720093
covtype_binary_20000,23,646,layer_0,173,c2: Soil_Type_13 IS present,0.7235477566719055
covtype_binary_20000,23,647,layer_1,347,c5: projection_3 IS HIGH,0.7168145179748535
covtype_binary_20000,23,648,layer_1,204,c3: ka_concept_1.c8 IS LOW,0.7153031229972839
covtype_binary_20000,23,649,layer_0,158,c2: Vertical_Distance_To_Hydrology IS HIGH,0.6972244381904602
covtype_binary_20000,23,650,layer_1,342,c5: projection_2 IS LOW,0.6753326058387756
covtype_binary_20000,23,651,layer_0,227,c3: Hillshade_9am IS HIGH,0.6643868684768677
covtype_binary_20000,23,652,layer_1,105,c1: projection_3 IS LOW,0.6638302206993103
covtype_binary_20000,23,653,layer_1,319,c5: ka_concept_1.c6 IS MEDIUM,0.6547849178314209
covtype_binary_20000,23,654,layer_1,177,c2: projection_7 IS LOW,0.6489261984825134
covtype_binary_20000,23,655,layer_1,184,c3: ka_concept_1.c1 IS MEDIUM,0.6488780379295349
covtype_binary_20000,23,656,layer_1,12,c0: ka_concept_1.c4 IS LOW,0.6473726630210876
covtype_binary_20000,23,657,layer_0,636,c10: Aspect IS LOW,0.6456823945045471
covtype_binary_20000,23,658,layer_1,320,c5: ka_concept_1.c6 IS HIGH,0.6354447603225708
covtype_binary_20000,23,659,layer_1,151,c2: ka_concept_1.c10 IS MEDIUM,0.6302188038825989
covtype_binary_20000,23,660,layer_0,188,c3: Soil_Type_39 IS present,0.6263561248779297
covtype_binary_20000,23,661,layer_1,97,c1: projection_0 IS MEDIUM,0.6170938611030579
covtype_binary_20000,23,662,layer_0,186,c3: Soil_Type_39 IS absent,0.6167813539505005
covtype_binary_20000,23,663,layer_0,455,c7: Soil_Type_32 IS present,0.6104824542999268
covtype_binary_20000,23,664,layer_1,321,c5: ka_concept_1.c7 IS LOW,0.6043557524681091
covtype_binary_20000,23,665,layer_1,310,c5: ka_concept_1.c3 IS MEDIUM,0.6025658249855042
covtype_binary_20000,23,666,layer_0,614,c10: Wilderness_Area_2 IS present,0.6010691523551941
covtype_binary_20000,23,667,layer_0,650,c10: Wilderness_Area_2 IS present,0.6010382771492004
covtype_binary_20000,23,668,layer_1,231,c3: projection_5 IS LOW,0.5986714363098145
covtype_binary_20000,23,669,layer_0,126,c2: Soil_Type_38 IS absent,0.5930607318878174
covtype_binary_20000,23,670,layer_1,170,c2: projection_4 IS HIGH,0.5921409726142883
covtype_binary_20000,23,671,layer_1,128,c2: ka_concept_1.c2 IS HIGH,0.5878204703330994
covtype_binary_20000,23,672,layer_1,157,c2: projection_0 IS MEDIUM,0.5870169401168823
covtype_binary_20000,23,673,layer_0,197,c3: Soil_Type_23 IS present,0.5815407037734985
covtype_binary_20000,23,674,layer_1,13,c0: ka_concept_1.c4 IS MEDIUM,0.5778728723526001
covtype_binary_20000,23,675,layer_1,22,c0: ka_concept_1.c7 IS MEDIUM,0.5717452764511108
covtype_binary_20000,23,676,layer_0,121,c2: Horizontal_Distance_To_Fire_Points IS MEDIUM,0.5616077184677124
covtype_binary_20000,23,677,layer_0,105,c1: Vertical_Distance_To_Hydrology IS LOW,0.5593786835670471
covtype_binary_20000,23,678,layer_1,152,c2: ka_concept_1.c10 IS HIGH,0.5579288005828857
covtype_binary_20000,23,679,layer_1,88,c1: ka_concept_1.c9 IS MEDIUM,0.556574285030365
covtype_binary_20000,23,680,layer_0,339,c5: Wilderness_Area_1 IS absent,0.5445794463157654
covtype_binary_20000,23,681,layer_1,64,c1: ka_concept_1.c1 IS MEDIUM,0.542302131652832
covtype_binary_20000,23,682,layer_0,497,c8: Soil_Type_2 IS present,0.5377941131591797
covtype_binary_20000,23,683,layer_1,195,c3: ka_concept_1.c5 IS LOW,0.5333791971206665
covtype_binary_20000,23,684,layer_1,332,c5: ka_concept_1.c10 IS HIGH,0.5303598046302795
covtype_binary_20000,23,685,layer_1,207,c3: ka_concept_1.c9 IS LOW,0.5296009182929993
covtype_binary_20000,23,686,layer_1,190,c3: ka_concept_1.c3 IS MEDIUM,0.5182636976242065
covtype_binary_20000,23,687,layer_1,93,c1: ka_concept_1.c11 IS LOW,0.5161652565002441
covtype_binary_20000,23,688,layer_1,47,c0: projection_3 IS HIGH,0.5031248927116394
covtype_binary_20000,23,689,layer_1,139,c2: ka_concept_1.c6 IS MEDIUM,0.49141910672187805
covtype_binary_20000,23,690,layer_1,8,c0: ka_concept_1.c2 IS HIGH,0.4903309643268585
covtype_binary_20000,23,691,layer_1,354,c5: projection_6 IS LOW,0.48772484064102173
covtype_binary_20000,23,692,layer_1,328,c5: ka_concept_1.c9 IS MEDIUM,0.4845789074897766
covtype_binary_20000,23,693,layer_0,675,c11: Soil_Type_33 IS absent,0.479458749294281
covtype_binary_20000,23,694,layer_1,357,c5: projection_7 IS LOW,0.47880539298057556
covtype_binary_20000,23,695,layer_1,3,c0: ka_concept_1.c1 IS LOW,0.4754425585269928
covtype_binary_20000,23,696,layer_1,230,c3: projection_4 IS HIGH,0.4563104510307312
covtype_binary_20000,23,697,layer_1,188,c3: ka_concept_1.c2 IS HIGH,0.42616006731987
covtype_binary_20000,23,698,layer_1,348,c5: projection_4 IS LOW,0.42538538575172424
covtype_binary_20000,23,699,layer_0,119,c1: Wilderness_Area_2 IS present,0.4248426556587219
covtype_binary_20000,23,700,layer_1,73,c1: ka_concept_1.c4 IS MEDIUM,0.4241813123226166
covtype_binary_20000,23,701,layer_0,368,c6: Soil_Type_40 IS present,0.42192018032073975
covtype_binary_20000,23,702,layer_0,35,c0: Soil_Type_39 IS present,0.4215680658817291
covtype_binary_20000,23,703,layer_1,42,c0: projection_2 IS LOW,0.41877076029777527
covtype_binary_20000,23,704,layer_1,118,c1: projection_7 IS MEDIUM,0.41179051995277405
covtype_binary_20000,23,705,layer_1,349,c5: projection_4 IS MEDIUM,0.40830016136169434
covtype_binary_20000,23,706,layer_1,345,c5: projection_3 IS LOW,0.40515121817588806
covtype_binary_20000,23,707,layer_1,4,c0: ka_concept_1.c1 IS MEDIUM,0.3883275091648102
covtype_binary_20000,23,708,layer_1,324,c5: ka_concept_1.c8 IS LOW,0.3738272190093994
covtype_binary_20000,23,709,layer_0,541,c9: Slope IS MEDIUM,0.3693556785583496
covtype_binary_20000,23,710,layer_0,707,c11: Vertical_Distance_To_Hydrology IS HIGH,0.3651471734046936
covtype_binary_20000,23,711,layer_1,358,c5: projection_7 IS MEDIUM,0.36291182041168213
covtype_binary_20000,23,712,projection_layer,11,"pursuit_3(Slope, Soil_Type_12, Soil_Type_13, Soil_Type_1) IS HIGH",0.3593279719352722
covtype_binary_20000,23,713,layer_0,563,c9: Wilderness_Area_2 IS present,0.3543674051761627
covtype_binary_20000,23,714,layer_0,599,c9: Wilderness_Area_2 IS present,0.35252490639686584
covtype_binary_20000,23,715,layer_1,70,c1: ka_concept_1.c3 IS MEDIUM,0.34868115186691284
covtype_binary_20000,23,716,layer_1,91,c1: ka_concept_1.c10 IS MEDIUM,0.34581732749938965
covtype_binary_20000,23,717,layer_1,79,c1: ka_concept_1.c6 IS MEDIUM,0.3448501527309418
covtype_binary_20000,23,718,layer_1,220,c3: projection_1 IS MEDIUM,0.34360238909721375
covtype_binary_20000,23,719,layer_1,214,c3: ka_concept_1.c11 IS MEDIUM,0.3394280672073364
covtype_binary_20000,23,720,layer_0,404,c6: Soil_Type_32 IS present,0.3361578583717346
covtype_binary_20000,23,721,layer_0,572,c9: Wilderness_Area_4 IS present,0.3339633345603943
covtype_binary_20000,23,722,layer_0,83,c1: Wilderness_Area_2 IS present,0.32953569293022156
covtype_binary_20000,23,723,layer_1,313,c5: ka_concept_1.c4 IS MEDIUM,0.328470915555954
covtype_binary_20000,23,724,layer_1,325,c5: ka_concept_1.c8 IS MEDIUM,0.32249799370765686
covtype_binary_20000,23,725,layer_1,66,c1: ka_concept_1.c2 IS LOW,0.3222651481628418
covtype_binary_20000,23,726,layer_0,215,c3: Soil_Type_40 IS present,0.3216971158981323
covtype_binary_20000,23,727,layer_1,71,c1: ka_concept_1.c3 IS HIGH,0.32051268219947815
covtype_binary_20000,23,728,layer_1,337,c5: projection_0 IS MEDIUM,0.3184162378311157
covtype_binary_20000,23,729,layer_1,234,c3: projection_6 IS LOW,0.31820207834243774
covtype_binary_20000,23,730,layer_1,196,c3: ka_concept_1.c5 IS MEDIUM,0.31402677297592163
covtype_binary_20000,23,731,layer_1,163,c2: projection_2 IS MEDIUM,0.30987048149108887
covtype_binary_20000,23,732,layer_1,238,c3: projection_7 IS MEDIUM,0.29960599541664124
covtype_binary_20000,23,733,layer_1,164,c2: projection_2 IS HIGH,0.2983153760433197
covtype_binary_20000,23,734,layer_1,30,c0: ka_concept_1.c10 IS LOW,0.2962621748447418
covtype_binary_20000,23,735,layer_0,185,c3: Wilderness_Area_2 IS present,0.29584041237831116
covtype_binary_20000,23,736,layer_0,656,c10: Vertical_Distance_To_Hydrology IS HIGH,0.29114124178886414
covtype_binary_20000,23,737,layer_1,305,c5: ka_concept_1.c1 IS HIGH,0.28899285197257996
covtype_binary_20000,23,738,layer_1,303,c5: ka_concept_1.c1 IS LOW,0.2862839698791504
covtype_binary_20000,23,739,layer_0,281,c4: Wilderness_Area_4 IS present,0.28586137294769287
covtype_binary_20000,23,740,layer_1,350,c5: projection_4 IS HIGH,0.27982789278030396
covtype_binary_20000,23,741,layer_1,185,c3: ka_concept_1.c1 IS HIGH,0.2771667540073395
covtype_binary_20000,23,742,layer_1,72,c1: ka_concept_1.c4 IS LOW,0.2756471335887909
covtype_binary_20000,23,743,layer_0,221,c3: Wilderness_Area_2 IS present,0.2755167782306671
covtype_binary_20000,23,744,layer_1,215,c3: ka_concept_1.c11 IS HIGH,0.27476590871810913
covtype_binary_20000,23,745,layer_1,92,c1: ka_concept_1.c10 IS HIGH,0.2729564309120178
covtype_binary_20000,23,746,layer_1,40,c0: projection_1 IS MEDIUM,0.2689647674560547
covtype_binary_20000,23,747,layer_1,165,c2: projection_3 IS LOW,0.2639240622520447
covtype_binary_20000,23,748,layer_1,166,c2: projection_3 IS MEDIUM,0.26114171743392944
covtype_binary_20000,23,749,layer_1,344,c5: projection_2 IS HIGH,0.2597517967224121
covtype_binary_20000,23,750,layer_1,54,c0: projection_6 IS LOW,0.2585861086845398
covtype_binary_20000,23,751,layer_1,180,c3: ka_concept_1.c0 IS LOW,0.25771939754486084
covtype_binary_20000,23,752,layer_1,20,c0: ka_concept_1.c6 IS HIGH,0.25691500306129456
covtype_binary_20000,23,753,layer_0,701,c11: Wilderness_Area_2 IS present,0.2542681396007538
covtype_binary_20000,23,754,layer_1,134,c2: ka_concept_1.c4 IS HIGH,0.25218087434768677
covtype_binary_20000,23,755,layer_1,67,c1: ka_concept_1.c2 IS MEDIUM,0.24958543479442596
covtype_binary_20000,23,756,layer_0,164,c2: Soil_Type_40 IS present,0.24389831721782684
covtype_binary_20000,23,757,layer_1,52,c0: projection_5 IS MEDIUM,0.23652535676956177
covtype_binary_20000,23,758,layer_1,94,c1: ka_concept_1.c11 IS MEDIUM,0.22859732806682587
covtype_binary_20000,23,759,layer_1,44,c0: projection_2 IS HIGH,0.22505128383636475
covtype_binary_20000,23,760,layer_1,7,c0: ka_concept_1.c2 IS MEDIUM,0.22410181164741516
covtype_binary_20000,23,761,layer_1,142,c2: ka_concept_1.c7 IS MEDIUM,0.2233981490135193
covtype_binary_20000,23,762,layer_1,160,c2: projection_1 IS MEDIUM,0.2162180244922638
covtype_binary_20000,23,763,layer_1,343,c5: projection_2 IS MEDIUM,0.21397371590137482
covtype_binary_20000,23,764,layer_0,224,c3: Soil_Type_13 IS present,0.2110559046268463
covtype_binary_20000,23,765,layer_1,110,c1: projection_4 IS HIGH,0.20987941324710846
covtype_binary_20000,23,766,layer_1,154,c2: ka_concept_1.c11 IS MEDIUM,0.20976965129375458
covtype_binary_20000,23,767,layer_1,35,c0: ka_concept_1.c11 IS HIGH,0.20968371629714966
covtype_binary_20000,23,768,layer_1,112,c1: projection_5 IS MEDIUM,0.2088385820388794
covtype_binary_20000,23,769,layer_0,548,c9: Soil_Type_2 IS present,0.2073473483324051
covtype_binary_20000,23,770,layer_1,187,c3: ka_concept_1.c2 IS MEDIUM,0.2062850296497345
covtype_binary_20000,23,771,layer_1,125,c2: ka_concept_1.c1 IS HIGH,0.20533019304275513
covtype_binary_20000,23,772,layer_1,104,c1: projection_2 IS HIGH,0.20298877358436584
covtype_binary_20000,23,773,layer_1,189,c3: ka_concept_1.c3 IS LOW,0.1987493485212326
covtype_binary_20000,23,774,layer_1,167,c2: projection_3 IS HIGH,0.1949382871389389
covtype_binary_20000,23,775,layer_0,519,c8: Wilderness_Area_4 IS absent,0.18524962663650513
covtype_binary_20000,23,776,layer_0,688,c11: Aspect IS MEDIUM,0.1851961463689804
covtype_binary_20000,23,777,layer_1,45,c0: projection_3 IS LOW,0.18484295904636383
covtype_binary_20000,23,778,layer_1,117,c1: projection_7 IS LOW,0.18389904499053955
covtype_binary_20000,23,779,layer_1,136,c2: ka_concept_1.c5 IS MEDIUM,0.182490736246109
covtype_binary_20000,23,780,layer_1,217,c3: projection_0 IS MEDIUM,0.1807670146226883
covtype_binary_20000,23,781,layer_0,665,c11: Wilderness_Area_2 IS present,0.16814766824245453
covtype_binary_20000,23,782,layer_1,80,c1: ka_concept_1.c6 IS HIGH,0.16740165650844574
covtype_binary_20000,23,783,layer_1,127,c2: ka_concept_1.c2 IS MEDIUM,0.1661767214536667
covtype_binary_20000,23,784,layer_0,370,c6: Hillshade_3pm IS MEDIUM,0.16593679785728455
covtype_binary_20000,23,785,layer_1,43,c0: projection_2 IS MEDIUM,0.16108746826648712
covtype_binary_20000,23,786,layer_1,34,c0: ka_concept_1.c11 IS MEDIUM,0.1519911289215088
covtype_binary_20000,23,787,layer_1,339,c5: projection_1 IS LOW,0.15130145847797394
covtype_binary_20000,23,788,layer_1,74,c1: ka_concept_1.c4 IS HIGH,0.1489022672176361
covtype_binary_20000,23,789,layer_1,192,c3: ka_concept_1.c4 IS LOW,0.14585085213184357
covtype_binary_20000,23,790,layer_1,171,c2: projection_5 IS LOW,0.14033938944339752
covtype_binary_20000,23,791,layer_1,39,c0: projection_1 IS LOW,0.1384480744600296
covtype_binary_20000,23,792,layer_1,237,c3: projection_7 IS LOW,0.13594116270542145
covtype_binary_20000,23,793,layer_1,335,c5: ka_concept_1.c11 IS HIGH,0.1342276930809021
covtype_binary_20000,23,794,layer_0,245,c4: Wilderness_Area_4 IS present,0.1337316483259201
covtype_binary_20000,23,795,layer_1,225,c3: projection_3 IS LOW,0.125916987657547
covtype_binary_20000,23,796,layer_1,84,c1: ka_concept_1.c8 IS LOW,0.12590624392032623
covtype_binary_20000,23,797,layer_1,336,c5: projection_0 IS LOW,0.12336087226867676
covtype_binary_20000,23,798,layer_1,178,c2: projection_7 IS MEDIUM,0.12297431379556656
covtype_binary_20000,23,799,layer_1,340,c5: projection_1 IS MEDIUM,0.11389307677745819
covtype_binary_20000,23,800,layer_1,143,c2: ka_concept_1.c7 IS HIGH,0.11085501313209534
covtype_binary_20000,23,801,layer_1,212,c3: ka_concept_1.c10 IS HIGH,0.10747803002595901
covtype_binary_20000,23,802,layer_1,131,c2: ka_concept_1.c3 IS HIGH,0.10516224056482315
covtype_binary_20000,23,803,layer_1,223,c3: projection_2 IS MEDIUM,0.10355500131845474
covtype_binary_20000,23,804,layer_1,68,c1: ka_concept_1.c2 IS HIGH,0.09892620146274567
covtype_binary_20000,23,805,layer_1,226,c3: projection_3 IS MEDIUM,0.08954264968633652
covtype_binary_20000,23,806,layer_1,208,c3: ka_concept_1.c9 IS MEDIUM,0.08713938295841217
covtype_binary_20000,23,807,layer_1,103,c1: projection_2 IS MEDIUM,0.08657800406217575
covtype_binary_20000,23,808,layer_1,159,c2: projection_1 IS LOW,0.08251872658729553
covtype_binary_20000,23,809,layer_1,322,c5: ka_concept_1.c7 IS MEDIUM,0.08012144267559052
covtype_binary_20000,23,810,layer_1,82,c1: ka_concept_1.c7 IS MEDIUM,0.07977539300918579
covtype_binary_20000,23,811,layer_1,140,c2: ka_concept_1.c6 IS HIGH,0.07846565544605255
covtype_binary_20000,23,812,layer_1,304,c5: ka_concept_1.c1 IS MEDIUM,0.07812689989805222
covtype_binary_20000,23,813,layer_1,162,c2: projection_2 IS LOW,0.07316747307777405
covtype_binary_20000,23,814,layer_1,205,c3: ka_concept_1.c8 IS MEDIUM,0.07128290832042694
covtype_binary_20000,23,815,layer_1,202,c3: ka_concept_1.c7 IS MEDIUM,0.0663025751709938
covtype_binary_20000,23,816,layer_1,25,c0: ka_concept_1.c8 IS MEDIUM,0.06362367421388626
covtype_binary_20000,23,817,layer_1,156,c2: projection_0 IS LOW,0.06241559982299805
covtype_binary_20000,23,818,layer_1,314,c5: ka_concept_1.c4 IS HIGH,0.06053813174366951
covtype_binary_20000,23,819,layer_1,351,c5: projection_5 IS LOW,0.057385802268981934
covtype_binary_20000,23,820,layer_1,114,c1: projection_6 IS LOW,0.05066697672009468
covtype_binary_20000,23,821,layer_1,172,c2: projection_5 IS MEDIUM,0.05035020411014557
covtype_binary_20000,23,822,projection_layer,20,"pursuit_6(Horizontal_Distance_To_Roadways, Soil_Type_38, Wilderness_Area_2, Soil_Type_18) IS HIGH",0.049764592200517654
covtype_binary_20000,23,823,layer_1,302,c5: ka_concept_1.c0 IS HIGH,0.04705028235912323
covtype_binary_20000,23,824,layer_1,315,c5: ka_concept_1.c5 IS LOW,0.0465855598449707
covtype_binary_20000,23,825,layer_0,266,c4: Soil_Type_40 IS present,0.04648059234023094
covtype_binary_20000,23,826,layer_0,128,c2: Soil_Type_38 IS present,0.04595404118299484
covtype_binary_20000,23,827,layer_1,130,c2: ka_concept_1.c3 IS MEDIUM,0.04495222866535187
covtype_binary_20000,23,828,layer_1,50,c0: projection_4 IS HIGH,0.04282068833708763
covtype_binary_20000,23,829,layer_1,95,c1: ka_concept_1.c11 IS HIGH,0.03942132368683815
covtype_binary_20000,23,830,layer_0,456,c7: Horizontal_Distance_To_Roadways IS LOW,0.03748001530766487
covtype_binary_20000,23,831,layer_1,100,c1: projection_1 IS MEDIUM,0.03735019266605377
covtype_binary_20000,23,832,layer_1,46,c0: projection_3 IS MEDIUM,0.03726751357316971
covtype_binary_20000,23,833,layer_1,219,c3: projection_1 IS LOW,0.035636648535728455
covtype_binary_20000,23,834,layer_1,323,c5: ka_concept_1.c7 IS HIGH,0.03306054323911667
covtype_binary_20000,23,835,layer_1,307,c5: ka_concept_1.c2 IS MEDIUM,0.030118796974420547
covtype_binary_20000,23,836,layer_1,235,c3: projection_6 IS MEDIUM,0.02980574034154415
covtype_binary_20000,23,837,layer_1,334,c5: ka_concept_1.c11 IS MEDIUM,0.0295063816010952
covtype_binary_20000,23,838,layer_1,65,c1: ka_concept_1.c1 IS HIGH,0.029208386316895485
covtype_binary_20000,23,839,layer_1,352,c5: projection_5 IS MEDIUM,0.02902471087872982
covtype_binary_20000,23,840,layer_1,203,c3: ka_concept_1.c7 IS HIGH,0.02861482836306095
covtype_binary_20000,23,841,layer_1,221,c3: projection_1 IS HIGH,0.02621512860059738
covtype_binary_20000,23,842,layer_1,175,c2: projection_6 IS MEDIUM,0.025419458746910095
covtype_binary_20000,23,843,layer_1,41,c0: projection_1 IS HIGH,0.022352976724505424
covtype_binary_20000,23,844,layer_1,24,c0: ka_concept_1.c8 IS LOW,0.02224940061569214
covtype_binary_20000,23,845,layer_1,232,c3: projection_5 IS MEDIUM,0.018506698310375214
covtype_binary_20000,23,846,layer_1,158,c2: projection_0 IS HIGH,0.0165270809084177
covtype_binary_20000,23,847,layer_1,168,c2: projection_4 IS LOW,0.01612062379717827
covtype_binary_20000,23,848,layer_1,6,c0: ka_concept_1.c2 IS LOW,0.015063327737152576
covtype_binary_20000,23,849,layer_1,155,c2: ka_concept_1.c11 IS HIGH,0.013495431281626225
covtype_binary_20000,23,850,layer_1,308,c5: ka_concept_1.c2 IS HIGH,0.01276270393282175
covtype_binary_20000,23,851,layer_1,161,c2: projection_1 IS HIGH,0.012333518825471401
covtype_binary_20000,23,852,layer_1,311,c5: ka_concept_1.c3 IS HIGH,0.012224524281919003
covtype_binary_20000,23,853,layer_1,115,c1: projection_6 IS MEDIUM,0.011201486922800541
covtype_binary_20000,23,854,layer_1,23,c0: ka_concept_1.c7 IS HIGH,0.011141721159219742
covtype_binary_20000,23,855,layer_1,355,c5: projection_6 IS MEDIUM,0.010785716585814953
covtype_binary_20000,23,856,layer_1,149,c2: ka_concept_1.c9 IS HIGH,0.010065794922411442
covtype_binary_20000,23,857,layer_1,218,c3: projection_0 IS HIGH,0.008576104417443275
covtype_binary_20000,23,858,layer_1,38,c0: projection_0 IS HIGH,0.008571764454245567
covtype_binary_20000,23,859,layer_1,83,c1: ka_concept_1.c7 IS HIGH,0.007113527972251177
covtype_binary_20000,23,860,layer_1,341,c5: projection_1 IS HIGH,0.0070549543015658855
covtype_binary_20000,23,861,projection_layer,17,"pursuit_5(Hillshade_9am, Wilderness_Area_1, Soil_Type_10, Soil_Type_32) IS HIGH",0.0067764390259981155
covtype_binary_20000,23,862,layer_1,99,c1: projection_1 IS LOW,0.006518478970974684
covtype_binary_20000,23,863,layer_1,55,c0: projection_6 IS MEDIUM,0.006016031838953495
covtype_binary_20000,23,864,layer_1,338,c5: projection_0 IS HIGH,0.004823319613933563
covtype_binary_20000,23,865,layer_1,98,c1: projection_0 IS HIGH,0.003733852179720998
covtype_binary_20000,23,866,layer_1,101,c1: projection_1 IS HIGH,0.0022963143419474363
covtype_binary_20000,23,867,layer_1,59,c0: projection_7 IS HIGH,0.0018243067897856236
covtype_binary_20000,23,868,layer_1,297,c4: projection_7 IS LOW,0.0017747669480741024
covtype_binary_20000,23,869,layer_1,282,c4: projection_2 IS LOW,0.0016650723991915584
covtype_binary_20000,23,870,layer_1,288,c4: projection_4 IS LOW,0.0012559264432638884
covtype_binary_20000,23,871,layer_1,276,c4: projection_0 IS LOW,0.001147888950072229
covtype_binary_20000,23,872,layer_1,239,c3: projection_7 IS HIGH,0.0011108983308076859
covtype_binary_20000,23,873,layer_1,287,c4: projection_3 IS HIGH,0.001057417131960392
covtype_binary_20000,23,874,layer_1,286,c4: projection_3 IS MEDIUM,0.001037968322634697
covtype_binary_20000,23,875,layer_1,291,c4: projection_5 IS LOW,0.0010361616732552648
covtype_binary_20000,23,876,layer_1,359,c5: projection_7 IS HIGH,0.0010219693649560213
covtype_binary_20000,23,877,layer_1,294,c4: projection_6 IS LOW,0.001015066634863615
covtype_binary_20000,23,878,layer_1,273,c4: ka_concept_1.c11 IS LOW,0.0009753621416166425
covtype_binary_20000,23,879,layer_1,243,c4: ka_concept_1.c1 IS LOW,0.0009703671094030142
covtype_binary_20000,23,880,layer_1,279,c4: projection_1 IS LOW,0.0009435266838409007
covtype_binary_20000,23,881,layer_1,270,c4: ka_concept_1.c10 IS LOW,0.0008928371826186776
covtype_binary_20000,23,882,layer_1,261,c4: ka_concept_1.c7 IS LOW,0.0008721831836737692
covtype_binary_20000,23,883,layer_1,249,c4: ka_concept_1.c3 IS LOW,0.0008501230040565133
covtype_binary_20000,23,884,layer_1,252,c4: ka_concept_1.c4 IS LOW,0.0008452890906482935
covtype_binary_20000,23,885,layer_1,242,c4: ka_concept_1.c0 IS HIGH,0.0008315477170981467
covtype_binary_20000,23,886,layer_1,266,c4: ka_concept_1.c8 IS HIGH,0.0008301776251755655
covtype_binary_20000,23,887,layer_1,119,c1: projection_7 IS HIGH,0.0007088713464327157
covtype_binary_20000,23,888,layer_1,289,c4: projection_4 IS MEDIUM,0.0006370196351781487
covtype_binary_20000,23,889,layer_1,246,c4: ka_concept_1.c2 IS LOW,0.0006293730111792684
covtype_binary_20000,23,890,layer_1,258,c4: ka_concept_1.c6 IS LOW,0.0006117664743214846
covtype_binary_20000,23,891,layer_1,53,c0: projection_5 IS HIGH,0.0005885041900910437
covtype_binary_20000,23,892,layer_1,267,c4: ka_concept_1.c9 IS LOW,0.0005583974998444319
covtype_binary_20000,23,893,layer_1,257,c4: ka_concept_1.c5 IS HIGH,0.0005026357248425484
covtype_binary_20000,23,894,layer_1,179,c2: projection_7 IS HIGH,0.0004791970713995397
covtype_binary_20000,23,895,layer_1,233,c3: projection_5 IS HIGH,0.0003309361927676946
covtype_binary_20000,23,896,layer_1,259,c4: ka_concept_1.c6 IS MEDIUM,0.00032864089007489383
covtype_binary_20000,23,897,layer_1,256,c4: ka_concept_1.c5 IS MEDIUM,0.00028424072661437094
covtype_binary_20000,23,898,layer_1,113,c1: projection_5 IS HIGH,0.0002794762549456209
covtype_binary_20000,23,899,layer_1,250,c4: ka_concept_1.c3 IS MEDIUM,0.00021107931388542056
covtype_binary_20000,23,900,layer_1,241,c4: ka_concept_1.c0 IS MEDIUM,0.00020290928659960628
covtype_binary_20000,23,901,layer_1,173,c2: projection_5 IS HIGH,0.00019746676844079047
covtype_binary_20000,23,902,layer_1,260,c4: ka_concept_1.c6 IS HIGH,0.00019206415163353086
covtype_binary_20000,23,903,layer_1,255,c4: ka_concept_1.c5 IS LOW,0.00017745625518728048
covtype_binary_20000,23,904,layer_1,265,c4: ka_concept_1.c8 IS MEDIUM,0.0001715888356557116
covtype_binary_20000,23,905,layer_1,353,c5: projection_5 IS HIGH,0.00015508016804233193
covtype_binary_20000,23,906,layer_1,244,c4: ka_concept_1.c1 IS MEDIUM,0.0001316889247391373
covtype_binary_20000,23,907,layer_1,271,c4: ka_concept_1.c10 IS MEDIUM,0.00011743136565200984
covtype_binary_20000,23,908,layer_1,298,c4: projection_7 IS MEDIUM,0.00011609200737439096
covtype_binary_20000,23,909,layer_1,269,c4: ka_concept_1.c9 IS HIGH,0.0001027712642098777
covtype_binary_20000,23,910,layer_1,247,c4: ka_concept_1.c2 IS MEDIUM,9.395802771905437e-05
covtype_binary_20000,23,911,layer_1,268,c4: ka_concept_1.c9 IS MEDIUM,9.279354708269238e-05
covtype_binary_20000,23,912,layer_1,285,c4: projection_3 IS LOW,7.142364484025165e-05
covtype_binary_20000,23,913,layer_1,240,c4: ka_concept_1.c0 IS LOW,6.985289655858651e-05
covtype_binary_20000,23,914,layer_1,254,c4: ka_concept_1.c4 IS HIGH,5.8887304476229474e-05
covtype_binary_20000,23,915,layer_1,248,c4: ka_concept_1.c2 IS HIGH,4.8333466111216694e-05
covtype_binary_20000,23,916,layer_1,251,c4: ka_concept_1.c3 IS HIGH,4.736220944323577e-05
covtype_binary_20000,23,917,layer_1,272,c4: ka_concept_1.c10 IS HIGH,3.303693301859312e-05
covtype_binary_20000,23,918,layer_1,283,c4: projection_2 IS MEDIUM,3.105273935943842e-05
covtype_binary_20000,23,919,layer_1,290,c4: projection_4 IS HIGH,2.641793616930954e-05
covtype_binary_20000,23,920,layer_1,253,c4: ka_concept_1.c4 IS MEDIUM,2.2182024622452445e-05
covtype_binary_20000,23,921,layer_1,277,c4: projection_0 IS MEDIUM,1.8467120753484778e-05
covtype_binary_20000,23,922,layer_1,284,c4: projection_2 IS HIGH,1.635029366298113e-05
covtype_binary_20000,23,923,layer_1,262,c4: ka_concept_1.c7 IS MEDIUM,1.548503314552363e-05
covtype_binary_20000,23,924,layer_1,292,c4: projection_5 IS MEDIUM,1.0910585842793807e-05
covtype_binary_20000,23,925,layer_1,274,c4: ka_concept_1.c11 IS MEDIUM,7.601965990033932e-06
covtype_binary_20000,23,926,layer_1,275,c4: ka_concept_1.c11 IS HIGH,7.231742984004086e-06
covtype_binary_20000,23,927,layer_1,116,c1: projection_6 IS HIGH,7.179908607213292e-06
covtype_binary_20000,23,928,layer_1,236,c3: projection_6 IS HIGH,3.8102805319795152e-06
covtype_binary_20000,23,929,layer_1,264,c4: ka_concept_1.c8 IS LOW,3.4657948617677903e-06
covtype_binary_20000,23,930,layer_1,245,c4: ka_concept_1.c1 IS HIGH,2.4917565042414935e-06
covtype_binary_20000,23,931,layer_1,280,c4: projection_1 IS MEDIUM,1.954640083567938e-06
covtype_binary_20000,23,932,layer_1,295,c4: projection_6 IS MEDIUM,1.2510529359133216e-06
covtype_binary_20000,23,933,layer_1,263,c4: ka_concept_1.c7 IS HIGH,1.1347391364324722e-06
covtype_binary_20000,23,934,layer_1,356,c5: projection_6 IS HIGH,6.21436015535437e-07
covtype_binary_20000,23,935,layer_1,281,c4: projection_1 IS HIGH,2.3010125005384907e-07
covtype_binary_20000,23,936,layer_1,278,c4: projection_0 IS HIGH,7.986169947571398e-08
covtype_binary_20000,29,1,layer_0,396,c6: Elevation IS LOW,206.3122100830078
covtype_binary_20000,29,2,layer_0,549,c9: Elevation IS LOW,194.52978515625
covtype_binary_20000,29,3,layer_0,619,c10: Horizontal_Distance_To_Fire_Points IS MEDIUM,136.7329559326172
covtype_binary_20000,29,4,projection_layer,0,"pursuit_0(Horizontal_Distance_To_Fire_Points, Hillshade_3pm, Soil_Type_29, Soil_Type_4) IS LOW",135.3848876953125
covtype_binary_20000,29,5,layer_0,499,c8: Elevation IS MEDIUM,134.5408935546875
covtype_binary_20000,29,6,layer_0,295,c4: Elevation IS MEDIUM,133.3368377685547
covtype_binary_20000,29,7,projection_layer,12,"pursuit_4(Horizontal_Distance_To_Hydrology, Soil_Type_22, Soil_Type_30, Soil_Type_35) IS LOW",128.08546447753906
covtype_binary_20000,29,8,layer_0,397,c6: Elevation IS MEDIUM,127.78592681884766
covtype_binary_20000,29,9,layer_0,458,c7: Horizontal_Distance_To_Roadways IS HIGH,123.46587371826172
covtype_binary_20000,29,10,layer_0,465,c7: Horizontal_Distance_To_Fire_Points IS LOW,119.78846740722656
covtype_binary_20000,29,11,layer_0,346,c5: Elevation IS MEDIUM,118.92321014404297
covtype_binary_20000,29,12,layer_0,296,c4: Elevation IS HIGH,118.29283142089844
covtype_binary_20000,29,13,layer_0,600,c10: Elevation IS LOW,117.97671508789062
covtype_binary_20000,29,14,layer_0,447,c7: Elevation IS LOW,113.56339263916016
covtype_binary_20000,29,15,projection_layer,6,"pursuit_2(Hillshade_Noon, Wilderness_Area_4, Soil_Type_23, Soil_Type_11) IS LOW",112.11673736572266
covtype_binary_20000,29,16,layer_0,0,c0: Elevation IS LOW,111.95572662353516
covtype_binary_20000,29,17,layer_0,550,c9: Elevation IS MEDIUM,111.23246002197266
covtype_binary_20000,29,18,layer_0,448,c7: Elevation IS MEDIUM,104.3901138305664
covtype_binary_20000,29,19,layer_0,294,c4: Elevation IS LOW,103.91310119628906
covtype_binary_20000,29,20,layer_0,610,c10: Horizontal_Distance_To_Roadways IS MEDIUM,94.30474853515625
covtype_binary_20000,29,21,layer_0,508,c8: Horizontal_Distance_To_Roadways IS MEDIUM,82.52828979492188
covtype_binary_20000,29,22,layer_0,9,c0: Horizontal_Distance_To_Roadways IS LOW,80.67662811279297
covtype_binary_20000,29,23,layer_0,569,c9: Horizontal_Distance_To_Fire_Points IS HIGH,80.05198669433594
covtype_binary_20000,29,24,layer_0,559,c9: Horizontal_Distance_To_Roadways IS MEDIUM,77.7210922241211
covtype_binary_20000,29,25,layer_0,662,c11: Horizontal_Distance_To_Roadways IS HIGH,76.06849670410156
covtype_binary_20000,29,26,projection_layer,9,"pursuit_3(Slope, Soil_Type_12, Soil_Type_13, Soil_Type_1) IS LOW",74.47701263427734
covtype_binary_20000,29,27,layer_0,489,c8: Slope IS LOW,73.4504165649414
covtype_binary_20000,29,28,layer_0,407,c6: Horizontal_Distance_To_Roadways IS HIGH,72.43904876708984
covtype_binary_20000,29,29,layer_0,78,c1: Horizontal_Distance_To_Hydrology IS LOW,70.18087768554688
covtype_binary_20000,29,30,layer_0,354,c5: Horizontal_Distance_To_Roadways IS LOW,69.08016967773438
covtype_binary_20000,29,31,layer_0,611,c10: Horizontal_Distance_To_Roadways IS HIGH,68.33686828613281
covtype_binary_20000,29,32,layer_0,500,c8: Elevation IS HIGH,68.32127380371094
covtype_binary_20000,29,33,layer_0,180,c3: Horizontal_Distance_To_Hydrology IS LOW,67.69194030761719
covtype_binary_20000,29,34,layer_0,415,c6: Horizontal_Distance_To_Fire_Points IS MEDIUM,66.55574798583984
covtype_binary_20000,29,35,layer_0,250,c4: Hillshade_Noon IS MEDIUM,66.19318389892578
covtype_binary_20000,29,36,layer_0,345,c5: Elevation IS LOW,65.40769958496094
covtype_binary_20000,29,37,layer_0,498,c8: Elevation IS LOW,64.02186584472656
covtype_binary_20000,29,38,layer_0,249,c4: Hillshade_Noon IS LOW,63.30868148803711
covtype_binary_20000,29,39,layer_0,285,c4: Slope IS LOW,62.949771881103516
covtype_binary_20000,29,40,layer_0,138,c2: Aspect IS LOW,62.68281936645508
covtype_binary_20000,29,41,layer_0,414,c6: Horizontal_Distance_To_Fire_Points IS LOW,61.12755584716797
covtype_binary_20000,29,42,layer_0,495,c8: Soil_Type_32 IS absent,60.31576919555664
covtype_binary_20000,29,43,layer_0,241,c4: Aspect IS MEDIUM,60.118988037109375
covtype_binary_20000,29,44,layer_0,660,c11: Horizontal_Distance_To_Roadways IS LOW,59.75893783569336
covtype_binary_20000,29,45,layer_0,715,c11: Hillshade_9am IS MEDIUM,58.91915512084961
covtype_binary_20000,29,46,layer_0,406,c6: Horizontal_Distance_To_Roadways IS MEDIUM,58.8965950012207
covtype_binary_20000,29,47,layer_0,251,c4: Hillshade_Noon IS HIGH,58.81614685058594
covtype_binary_20000,29,48,layer_0,291,c4: Soil_Type_32 IS absent,58.384490966796875
covtype_binary_20000,29,49,layer_0,398,c6: Elevation IS HIGH,57.40873336791992
covtype_binary_20000,29,50,layer_0,37,c0: Aspect IS MEDIUM,56.63093185424805
covtype_binary_20000,29,51,layer_0,558,c9: Horizontal_Distance_To_Roadways IS LOW,56.492897033691406
covtype_binary_20000,29,52,layer_0,481,c8: Hillshade_3pm IS MEDIUM,55.76763916015625
covtype_binary_20000,29,53,layer_0,301,c5: Hillshade_Noon IS MEDIUM,55.59943389892578
covtype_binary_20000,29,54,layer_0,10,c0: Horizontal_Distance_To_Roadways IS MEDIUM,53.19063186645508
covtype_binary_20000,29,55,layer_0,647,c10: Hillshade_Noon IS HIGH,52.6021728515625
covtype_binary_20000,29,56,layer_0,567,c9: Horizontal_Distance_To_Fire_Points IS LOW,52.03342819213867
covtype_binary_20000,29,57,layer_0,276,c4: Hillshade_3pm IS LOW,51.335243225097656
covtype_binary_20000,29,58,layer_0,129,c2: Horizontal_Distance_To_Hydrology IS LOW,50.29013442993164
covtype_binary_20000,29,59,layer_0,421,c7: Hillshade_9am IS MEDIUM,50.20145797729492
covtype_binary_20000,29,60,layer_0,456,c7: Horizontal_Distance_To_Roadways IS LOW,50.04988098144531
covtype_binary_20000,29,61,layer_0,69,c1: Horizontal_Distance_To_Fire_Points IS LOW,49.74238204956055
covtype_binary_20000,29,62,layer_0,453,c7: Soil_Type_13 IS absent,49.34152603149414
covtype_binary_20000,29,63,layer_0,2,c0: Elevation IS HIGH,48.943260192871094
covtype_binary_20000,29,64,layer_0,371,c6: Hillshade_9am IS HIGH,48.703670501708984
covtype_binary_20000,29,65,layer_0,618,c10: Horizontal_Distance_To_Fire_Points IS LOW,48.53007125854492
covtype_binary_20000,29,66,layer_0,711,c11: Soil_Type_31 IS absent,48.5045051574707
covtype_binary_20000,29,67,layer_0,601,c10: Elevation IS MEDIUM,47.9399528503418
covtype_binary_20000,29,68,layer_0,516,c8: Horizontal_Distance_To_Fire_Points IS LOW,47.92721176147461
covtype_binary_20000,29,69,layer_0,36,c0: Aspect IS LOW,47.88494110107422
covtype_binary_20000,29,70,layer_0,671,c11: Horizontal_Distance_To_Fire_Points IS HIGH,47.84513473510742
covtype_binary_20000,29,71,layer_0,430,c7: Hillshade_3pm IS MEDIUM,47.21934509277344
covtype_binary_20000,29,72,projection_layer,20,"pursuit_6(Horizontal_Distance_To_Roadways, Soil_Type_38, Wilderness_Area_2, Soil_Type_18) IS HIGH",46.598907470703125
covtype_binary_20000,29,73,layer_0,218,c3: Hillshade_9am IS HIGH,46.22997283935547
covtype_binary_20000,29,74,layer_0,384,c6: Soil_Type_2 IS absent,46.02434539794922
covtype_binary_20000,29,75,layer_0,120,c2: Horizontal_Distance_To_Fire_Points IS LOW,45.86604309082031
covtype_binary_20000,29,76,layer_0,422,c7: Hillshade_9am IS HIGH,45.71947479248047
covtype_binary_20000,29,77,layer_0,20,c0: Horizontal_Distance_To_Fire_Points IS HIGH,45.014949798583984
covtype_binary_20000,29,78,layer_0,19,c0: Horizontal_Distance_To_Fire_Points IS MEDIUM,44.949527740478516
covtype_binary_20000,29,79,layer_0,609,c10: Horizontal_Distance_To_Roadways IS LOW,44.730506896972656
covtype_binary_20000,29,80,layer_0,405,c6: Horizontal_Distance_To_Roadways IS LOW,43.00486373901367
covtype_binary_20000,29,81,layer_0,507,c8: Horizontal_Distance_To_Roadways IS LOW,42.71961975097656
covtype_binary_20000,29,82,layer_0,636,c10: Aspect IS LOW,42.576271057128906
covtype_binary_20000,29,83,layer_0,356,c5: Horizontal_Distance_To_Roadways IS HIGH,42.38169860839844
covtype_binary_20000,29,84,layer_0,509,c8: Horizontal_Distance_To_Roadways IS HIGH,42.310665130615234
covtype_binary_20000,29,85,layer_0,278,c4: Hillshade_3pm IS HIGH,41.39018249511719
covtype_binary_20000,29,86,layer_0,378,c6: Hillshade_3pm IS LOW,41.319480895996094
covtype_binary_20000,29,87,layer_0,60,c1: Horizontal_Distance_To_Roadways IS LOW,41.041683197021484
covtype_binary_20000,29,88,layer_0,242,c4: Aspect IS HIGH,40.97258758544922
covtype_binary_20000,29,89,layer_0,698,c11: Hillshade_Noon IS HIGH,39.697906494140625
covtype_binary_20000,29,90,layer_0,536,c8: Aspect IS HIGH,39.494510650634766
covtype_binary_20000,29,91,projection_layer,18,"pursuit_6(Horizontal_Distance_To_Roadways, Soil_Type_38, Wilderness_Area_2, Soil_Type_18) IS LOW",39.38084030151367
covtype_binary_20000,29,92,layer_0,654,c10: Vertical_Distance_To_Hydrology IS LOW,39.36446762084961
covtype_binary_20000,29,93,layer_0,1,c0: Elevation IS MEDIUM,39.01411819458008
covtype_binary_20000,29,94,layer_0,441,c7: Wilderness_Area_3 IS absent,38.621097564697266
covtype_binary_20000,29,95,layer_0,122,c2: Horizontal_Distance_To_Fire_Points IS HIGH,38.15351104736328
covtype_binary_20000,29,96,layer_0,270,c4: Wilderness_Area_2 IS absent,37.7772102355957
covtype_binary_20000,29,97,layer_0,586,c9: Aspect IS MEDIUM,37.75130844116211
covtype_binary_20000,29,98,layer_0,678,c11: Horizontal_Distance_To_Hydrology IS LOW,37.667076110839844
covtype_binary_20000,29,99,layer_0,477,c7: Wilderness_Area_3 IS absent,37.44044876098633
covtype_binary_20000,29,100,layer_0,687,c11: Aspect IS LOW,37.33002471923828
covtype_binary_20000,29,101,layer_0,645,c10: Hillshade_Noon IS LOW,37.22848129272461
covtype_binary_20000,29,102,layer_0,444,c7: Soil_Type_32 IS absent,36.946598052978516
covtype_binary_20000,29,103,layer_0,54,c0: Vertical_Distance_To_Hydrology IS LOW,36.820621490478516
covtype_binary_20000,29,104,projection_layer,23,"pursuit_7(Aspect, Soil_Type_39, Soil_Type_2, Soil_Type_5) IS HIGH",36.62968826293945
covtype_binary_20000,29,105,layer_0,372,c6: Wilderness_Area_2 IS absent,36.46613693237305
covtype_binary_20000,29,106,layer_0,355,c5: Horizontal_Distance_To_Roadways IS MEDIUM,36.44649887084961
covtype_binary_20000,29,107,layer_0,320,c5: Hillshade_9am IS HIGH,35.97395706176758
covtype_binary_20000,29,108,layer_0,633,c10: Soil_Type_24 IS absent,35.78021240234375
covtype_binary_20000,29,109,layer_0,174,c2: Hillshade_3pm IS LOW,35.60230255126953
covtype_binary_20000,29,110,layer_0,526,c8: Horizontal_Distance_To_Hydrology IS MEDIUM,35.48399353027344
covtype_binary_20000,29,111,layer_0,531,c8: Soil_Type_24 IS absent,35.10874938964844
covtype_binary_20000,29,112,layer_0,258,c4: Vertical_Distance_To_Hydrology IS LOW,34.03006362915039
covtype_binary_20000,29,113,layer_0,612,c10: Wilderness_Area_2 IS absent,33.97452163696289
covtype_binary_20000,29,114,layer_0,147,c2: Hillshade_Noon IS LOW,33.7180290222168
covtype_binary_20000,29,115,layer_0,452,c7: Wilderness_Area_1 IS present,33.37556457519531
covtype_binary_20000,29,116,projection_layer,22,"pursuit_7(Aspect, Soil_Type_39, Soil_Type_2, Soil_Type_5) IS MEDIUM",33.207847595214844
covtype_binary_20000,29,117,layer_0,490,c8: Slope IS MEDIUM,32.35148620605469
covtype_binary_20000,29,118,layer_0,360,c6: Vertical_Distance_To_Hydrology IS LOW,32.32041549682617
covtype_binary_20000,29,119,layer_0,449,c7: Elevation IS HIGH,31.977523803710938
covtype_binary_20000,29,120,layer_0,431,c7: Hillshade_3pm IS HIGH,31.8222599029541
covtype_binary_20000,29,121,layer_0,306,c5: Soil_Type_29 IS absent,31.785762786865234
covtype_binary_20000,29,122,layer_0,361,c6: Vertical_Distance_To_Hydrology IS MEDIUM,31.164569854736328
covtype_binary_20000,29,123,layer_0,459,c7: Wilderness_Area_2 IS absent,30.660667419433594
covtype_binary_20000,29,124,layer_0,402,c6: Soil_Type_13 IS absent,30.6353702545166
covtype_binary_20000,29,125,layer_0,596,c9: Hillshade_Noon IS HIGH,30.303674697875977
covtype_binary_20000,29,126,layer_0,310,c5: Vertical_Distance_To_Hydrology IS MEDIUM,30.059490203857422
covtype_binary_20000,29,127,layer_0,80,c1: Horizontal_Distance_To_Hydrology IS HIGH,30.057373046875
covtype_binary_20000,29,128,layer_0,408,c6: Wilderness_Area_2 IS absent,30.038490295410156
covtype_binary_20000,29,129,layer_0,140,c2: Aspect IS HIGH,30.037586212158203
covtype_binary_20000,29,130,layer_0,582,c9: Soil_Type_24 IS absent,29.70594024658203
covtype_binary_20000,29,131,layer_0,121,c2: Horizontal_Distance_To_Fire_Points IS MEDIUM,29.702789306640625
covtype_binary_20000,29,132,layer_0,423,c7: Wilderness_Area_2 IS absent,29.52678680419922
covtype_binary_20000,29,133,layer_0,661,c11: Horizontal_Distance_To_Roadways IS MEDIUM,29.40434455871582
covtype_binary_20000,29,134,layer_0,234,c3: Slope IS LOW,29.313941955566406
covtype_binary_20000,29,135,layer_0,467,c7: Horizontal_Distance_To_Fire_Points IS HIGH,28.904752731323242
covtype_binary_20000,29,136,layer_0,255,c4: Soil_Type_29 IS absent,28.729162216186523
covtype_binary_20000,29,137,layer_0,240,c4: Aspect IS LOW,28.68981170654297
covtype_binary_20000,29,138,layer_0,148,c2: Hillshade_Noon IS MEDIUM,28.550668716430664
covtype_binary_20000,29,139,layer_0,167,c2: Hillshade_9am IS HIGH,28.53765106201172
covtype_binary_20000,29,140,layer_0,309,c5: Vertical_Distance_To_Hydrology IS LOW,28.495466232299805
covtype_binary_20000,29,141,layer_0,688,c11: Aspect IS MEDIUM,28.48540687561035
covtype_binary_20000,29,142,layer_0,517,c8: Horizontal_Distance_To_Fire_Points IS MEDIUM,28.410133361816406
covtype_binary_20000,29,143,layer_0,61,c1: Horizontal_Distance_To_Roadways IS MEDIUM,28.341148376464844
covtype_binary_20000,29,144,layer_0,637,c10: Aspect IS MEDIUM,28.192197799682617
covtype_binary_20000,29,145,layer_0,213,c3: Soil_Type_4 IS absent,28.146831512451172
covtype_binary_20000,29,146,layer_0,534,c8: Aspect IS LOW,28.105260848999023
covtype_binary_20000,29,147,layer_0,541,c9: Slope IS MEDIUM,28.07619285583496
covtype_binary_20000,29,148,layer_0,88,c1: Aspect IS MEDIUM,27.950185775756836
covtype_binary_20000,29,149,layer_0,126,c2: Soil_Type_38 IS absent,27.47735595703125
covtype_binary_20000,29,150,layer_0,648,c10: Wilderness_Area_2 IS absent,27.36537742614746
covtype_binary_20000,29,151,layer_0,540,c9: Slope IS LOW,27.301349639892578
covtype_binary_20000,29,152,layer_0,420,c7: Hillshade_9am IS LOW,27.142982482910156
covtype_binary_20000,29,153,layer_0,11,c0: Horizontal_Distance_To_Roadways IS HIGH,27.133285522460938
covtype_binary_20000,29,154,projection_layer,1,"pursuit_0(Horizontal_Distance_To_Fire_Points, Hillshade_3pm, Soil_Type_29, Soil_Type_4) IS MEDIUM",27.101491928100586
covtype_binary_20000,29,155,layer_0,457,c7: Horizontal_Distance_To_Roadways IS MEDIUM,27.090213775634766
covtype_binary_20000,29,156,layer_0,666,c11: Soil_Type_30 IS absent,26.502729415893555
covtype_binary_20000,29,157,layer_0,551,c9: Elevation IS HIGH,26.474233627319336
covtype_binary_20000,29,158,layer_0,55,c0: Vertical_Distance_To_Hydrology IS MEDIUM,26.36290168762207
covtype_binary_20000,29,159,layer_0,97,c1: Hillshade_Noon IS MEDIUM,26.30900001525879
covtype_binary_20000,29,160,layer_0,491,c8: Slope IS HIGH,25.832504272460938
covtype_binary_20000,29,161,layer_0,587,c9: Aspect IS HIGH,25.693037033081055
covtype_binary_20000,29,162,layer_0,462,c7: Soil_Type_30 IS absent,25.475435256958008
covtype_binary_20000,29,163,layer_0,525,c8: Horizontal_Distance_To_Hydrology IS LOW,25.413013458251953
covtype_binary_20000,29,164,layer_0,675,c11: Soil_Type_33 IS absent,25.40692138671875
covtype_binary_20000,29,165,layer_0,259,c4: Vertical_Distance_To_Hydrology IS MEDIUM,25.364835739135742
covtype_binary_20000,29,166,layer_0,181,c3: Horizontal_Distance_To_Hydrology IS MEDIUM,25.352319717407227
covtype_binary_20000,29,167,layer_0,482,c8: Hillshade_3pm IS HIGH,25.296653747558594
covtype_binary_20000,29,168,layer_0,535,c8: Aspect IS MEDIUM,25.04948616027832
covtype_binary_20000,29,169,layer_0,139,c2: Aspect IS MEDIUM,25.013286590576172
covtype_binary_20000,29,170,layer_0,12,c0: Wilderness_Area_3 IS absent,24.580707550048828
covtype_binary_20000,29,171,layer_0,370,c6: Hillshade_9am IS MEDIUM,24.42868995666504
covtype_binary_20000,29,172,layer_0,504,c8: Soil_Type_13 IS absent,24.33393669128418
covtype_binary_20000,29,173,layer_0,84,c1: Soil_Type_39 IS absent,24.30767250061035
covtype_binary_20000,29,174,layer_0,342,c5: Soil_Type_32 IS absent,24.282535552978516
covtype_binary_20000,29,175,layer_0,689,c11: Aspect IS HIGH,24.20380210876465
covtype_binary_20000,29,176,layer_0,696,c11: Hillshade_Noon IS LOW,24.07210350036621
covtype_binary_20000,29,177,layer_0,518,c8: Horizontal_Distance_To_Fire_Points IS HIGH,24.071205139160156
covtype_binary_20000,29,178,layer_0,333,c5: Soil_Type_2 IS absent,23.98883819580078
covtype_binary_20000,29,179,layer_0,75,c1: Soil_Type_38 IS absent,23.952341079711914
covtype_binary_20000,29,180,layer_0,714,c11: Hillshade_9am IS LOW,23.651702880859375
covtype_binary_20000,29,181,layer_0,47,c0: Hillshade_Noon IS HIGH,23.62295913696289
covtype_binary_20000,29,182,layer_0,29,c0: Horizontal_Distance_To_Hydrology IS HIGH,23.401254653930664
covtype_binary_20000,29,183,layer_0,156,c2: Vertical_Distance_To_Hydrology IS LOW,23.30944061279297
covtype_binary_20000,29,184,layer_0,102,c1: Soil_Type_29 IS absent,23.09858512878418
covtype_binary_20000,29,185,layer_0,716,c11: Hillshade_9am IS HIGH,23.054101943969727
covtype_binary_20000,29,186,layer_0,191,c3: Aspect IS HIGH,22.969491958618164
covtype_binary_20000,29,187,layer_0,387,c6: Slope IS LOW,22.95656967163086
covtype_binary_20000,29,188,layer_0,261,c4: Wilderness_Area_1 IS absent,22.720151901245117
covtype_binary_20000,29,189,layer_0,297,c4: Wilderness_Area_1 IS absent,22.614276885986328
covtype_binary_20000,29,190,layer_0,542,c9: Slope IS HIGH,22.58234977722168
covtype_binary_20000,29,191,layer_0,577,c9: Horizontal_Distance_To_Hydrology IS MEDIUM,22.50292205810547
covtype_binary_20000,29,192,layer_0,327,c5: Hillshade_3pm IS LOW,22.19353675842285
covtype_binary_20000,29,193,layer_0,594,c9: Hillshade_Noon IS LOW,22.064205169677734
covtype_binary_20000,29,194,layer_0,468,c7: Wilderness_Area_4 IS absent,22.04001235961914
covtype_binary_20000,29,195,layer_0,670,c11: Horizontal_Distance_To_Fire_Points IS MEDIUM,21.892908096313477
covtype_binary_20000,29,196,layer_0,527,c8: Horizontal_Distance_To_Hydrology IS HIGH,21.890047073364258
covtype_binary_20000,29,197,layer_0,42,c0: Soil_Type_23 IS absent,21.876161575317383
covtype_binary_20000,29,198,layer_0,680,c11: Horizontal_Distance_To_Hydrology IS HIGH,21.51557731628418
covtype_binary_20000,29,199,layer_0,546,c9: Soil_Type_32 IS absent,21.486034393310547
covtype_binary_20000,29,200,layer_0,48,c0: Wilderness_Area_3 IS absent,21.360919952392578
covtype_binary_20000,29,201,layer_0,699,c11: Wilderness_Area_2 IS absent,21.276981353759766
covtype_binary_20000,29,202,layer_0,706,c11: Vertical_Distance_To_Hydrology IS MEDIUM,21.111434936523438
covtype_binary_20000,29,203,layer_0,87,c1: Aspect IS LOW,21.058185577392578
covtype_binary_20000,29,204,projection_layer,3,"pursuit_1(Elevation, Vertical_Distance_To_Hydrology, Soil_Type_40, Soil_Type_6) IS LOW",20.903852462768555
covtype_binary_20000,29,205,layer_0,254,c4: Wilderness_Area_3 IS present,20.843875885009766
covtype_binary_20000,29,206,layer_0,290,c4: Wilderness_Area_3 IS present,20.839250564575195
covtype_binary_20000,29,207,layer_0,207,c3: Vertical_Distance_To_Hydrology IS LOW,20.687782287597656
covtype_binary_20000,29,208,layer_0,130,c2: Horizontal_Distance_To_Hydrology IS MEDIUM,20.338653564453125
covtype_binary_20000,29,209,layer_0,440,c7: Slope IS HIGH,20.249990463256836
covtype_binary_20000,29,210,layer_0,225,c3: Hillshade_3pm IS LOW,20.206069946289062
covtype_binary_20000,29,211,layer_0,264,c4: Soil_Type_4 IS absent,20.026201248168945
covtype_binary_20000,29,212,layer_0,663,c11: Wilderness_Area_2 IS absent,19.900548934936523
covtype_binary_20000,29,213,layer_0,14,c0: Wilderness_Area_3 IS present,19.821502685546875
covtype_binary_20000,29,214,layer_0,393,c6: Soil_Type_32 IS absent,19.78066062927246
covtype_binary_20000,29,215,layer_0,27,c0: Horizontal_Distance_To_Hydrology IS LOW,19.718103408813477
covtype_binary_20000,29,216,layer_0,392,c6: Wilderness_Area_3 IS present,19.690271377563477
covtype_binary_20000,29,217,layer_0,568,c9: Horizontal_Distance_To_Fire_Points IS MEDIUM,19.205656051635742
covtype_binary_20000,29,218,layer_0,620,c10: Horizontal_Distance_To_Fire_Points IS HIGH,19.127859115600586
covtype_binary_20000,29,219,layer_0,450,c7: Wilderness_Area_1 IS absent,18.85435676574707
covtype_binary_20000,29,220,layer_0,411,c6: Soil_Type_30 IS absent,18.838603973388672
covtype_binary_20000,29,221,layer_0,573,c9: Soil_Type_33 IS absent,18.837181091308594
covtype_binary_20000,29,222,layer_0,89,c1: Aspect IS HIGH,18.754528045654297
covtype_binary_20000,29,223,layer_0,93,c1: Soil_Type_23 IS absent,18.415748596191406
covtype_binary_20000,29,224,layer_0,287,c4: Slope IS HIGH,18.232473373413086
covtype_binary_20000,29,225,layer_0,315,c5: Soil_Type_4 IS absent,18.119956970214844
covtype_binary_20000,29,226,layer_0,149,c2: Hillshade_Noon IS HIGH,17.927038192749023
covtype_binary_20000,29,227,layer_0,282,c4: Soil_Type_2 IS absent,17.53959083557129
covtype_binary_20000,29,228,layer_0,15,c0: Soil_Type_22 IS absent,17.368789672851562
covtype_binary_20000,29,229,layer_0,153,c2: Soil_Type_29 IS absent,17.32412338256836
covtype_binary_20000,29,230,layer_0,190,c3: Aspect IS MEDIUM,17.164794921875
covtype_binary_20000,29,231,layer_0,537,c8: Wilderness_Area_1 IS absent,17.06901741027832
covtype_binary_20000,29,232,layer_0,273,c4: Soil_Type_40 IS absent,17.012683868408203
covtype_binary_20000,29,233,layer_0,38,c0: Aspect IS HIGH,16.919330596923828
covtype_binary_20000,29,234,layer_0,114,c1: Hillshade_9am IS LOW,16.813175201416016
covtype_binary_20000,29,235,layer_0,591,c9: Soil_Type_10 IS absent,16.779722213745117
covtype_binary_20000,29,236,layer_0,66,c1: Soil_Type_22 IS absent,16.760141372680664
covtype_binary_20000,29,237,layer_0,363,c6: Wilderness_Area_1 IS absent,16.47774314880371
covtype_binary_20000,29,238,layer_0,338,c5: Slope IS HIGH,16.428421020507812
covtype_binary_20000,29,239,layer_0,627,c10: Horizontal_Distance_To_Hydrology IS LOW,16.369075775146484
covtype_binary_20000,29,240,layer_0,111,c1: Soil_Type_4 IS absent,16.355560302734375
covtype_binary_20000,29,241,layer_0,50,c0: Wilderness_Area_3 IS present,15.830635070800781
covtype_binary_20000,29,242,layer_0,236,c3: Slope IS HIGH,15.647645950317383
covtype_binary_20000,29,243,layer_0,330,c5: Wilderness_Area_4 IS absent,15.473519325256348
covtype_binary_20000,29,244,layer_0,308,c5: Soil_Type_29 IS present,15.42028522491455
covtype_binary_20000,29,245,layer_0,432,c7: Wilderness_Area_4 IS absent,15.25405216217041
covtype_binary_20000,29,246,layer_0,277,c4: Hillshade_3pm IS MEDIUM,15.19321060180664
covtype_binary_20000,29,247,layer_0,33,c0: Soil_Type_39 IS absent,15.135600090026855
covtype_binary_20000,29,248,layer_0,560,c9: Horizontal_Distance_To_Roadways IS HIGH,15.074228286743164
covtype_binary_20000,29,249,layer_0,199,c3: Hillshade_Noon IS MEDIUM,15.026540756225586
covtype_binary_20000,29,250,layer_0,475,c7: Horizontal_Distance_To_Hydrology IS MEDIUM,14.933416366577148
covtype_binary_20000,29,251,layer_0,702,c11: Soil_Type_11 IS absent,14.6801118850708
covtype_binary_20000,29,252,layer_0,576,c9: Horizontal_Distance_To_Hydrology IS LOW,14.662882804870605
covtype_binary_20000,29,253,layer_0,347,c5: Elevation IS HIGH,14.567911148071289
covtype_binary_20000,29,254,layer_0,606,c10: Soil_Type_13 IS absent,14.339539527893066
covtype_binary_20000,29,255,layer_0,679,c11: Horizontal_Distance_To_Hydrology IS MEDIUM,14.329954147338867
covtype_binary_20000,29,256,layer_0,198,c3: Hillshade_Noon IS LOW,14.315781593322754
covtype_binary_20000,29,257,layer_0,632,c10: Wilderness_Area_3 IS present,14.251324653625488
covtype_binary_20000,29,258,layer_0,697,c11: Hillshade_Noon IS MEDIUM,14.06801986694336
covtype_binary_20000,29,259,layer_0,165,c2: Hillshade_9am IS LOW,13.94405746459961
covtype_binary_20000,29,260,layer_0,227,c3: Hillshade_3pm IS HIGH,13.922965049743652
covtype_binary_20000,29,261,layer_0,90,c1: Wilderness_Area_4 IS absent,13.867778778076172
covtype_binary_20000,29,262,layer_0,329,c5: Hillshade_3pm IS HIGH,13.8458890914917
covtype_binary_20000,29,263,layer_0,28,c0: Horizontal_Distance_To_Hydrology IS MEDIUM,13.724071502685547
covtype_binary_20000,29,264,layer_0,630,c10: Wilderness_Area_3 IS absent,13.680290222167969
covtype_binary_20000,29,265,layer_0,46,c0: Hillshade_Noon IS MEDIUM,13.663930892944336
covtype_binary_20000,29,266,layer_0,669,c11: Horizontal_Distance_To_Fire_Points IS LOW,13.6593017578125
covtype_binary_20000,29,267,layer_0,228,c3: Wilderness_Area_4 IS absent,13.548033714294434
covtype_binary_20000,29,268,layer_0,288,c4: Wilderness_Area_3 IS absent,13.179510116577148
covtype_binary_20000,29,269,layer_0,176,c2: Hillshade_3pm IS HIGH,13.087088584899902
covtype_binary_20000,29,270,layer_0,183,c3: Wilderness_Area_2 IS absent,13.079556465148926
covtype_binary_20000,29,271,layer_0,171,c2: Soil_Type_40 IS absent,12.962085723876953
covtype_binary_20000,29,272,layer_0,501,c8: Wilderness_Area_1 IS absent,12.847579002380371
covtype_binary_20000,29,273,layer_0,219,c3: Wilderness_Area_2 IS absent,12.838168144226074
covtype_binary_20000,29,274,layer_0,595,c9: Hillshade_Noon IS MEDIUM,12.826083183288574
covtype_binary_20000,29,275,layer_0,578,c9: Horizontal_Distance_To_Hydrology IS HIGH,12.821942329406738
covtype_binary_20000,29,276,layer_0,62,c1: Horizontal_Distance_To_Roadways IS HIGH,12.73686695098877
covtype_binary_20000,29,277,layer_0,399,c6: Wilderness_Area_1 IS absent,12.70269775390625
covtype_binary_20000,29,278,layer_0,439,c7: Slope IS MEDIUM,12.579131126403809
covtype_binary_20000,29,279,layer_0,186,c3: Soil_Type_39 IS absent,12.533445358276367
covtype_binary_20000,29,280,layer_0,45,c0: Hillshade_Noon IS LOW,12.438241958618164
covtype_binary_20000,29,281,layer_0,476,c7: Horizontal_Distance_To_Hydrology IS HIGH,12.433450698852539
covtype_binary_20000,29,282,layer_0,672,c11: Wilderness_Area_4 IS absent,12.357233047485352
covtype_binary_20000,29,283,layer_0,162,c2: Soil_Type_4 IS absent,12.33828353881836
covtype_binary_20000,29,284,layer_0,638,c10: Aspect IS HIGH,12.08516788482666
covtype_binary_20000,29,285,layer_0,390,c6: Wilderness_Area_3 IS absent,11.910778999328613
covtype_binary_20000,29,286,projection_layer,19,"pursuit_6(Horizontal_Distance_To_Roadways, Soil_Type_38, Wilderness_Area_2, Soil_Type_18) IS MEDIUM",11.808430671691895
covtype_binary_20000,29,287,layer_0,588,c9: Wilderness_Area_1 IS absent,11.71589469909668
covtype_binary_20000,29,288,layer_0,74,c1: Wilderness_Area_1 IS present,11.705130577087402
covtype_binary_20000,29,289,layer_0,426,c7: Soil_Type_40 IS absent,11.62862491607666
covtype_binary_20000,29,290,layer_0,471,c7: Soil_Type_33 IS absent,11.585847854614258
covtype_binary_20000,29,291,layer_0,302,c5: Hillshade_Noon IS HIGH,11.577635765075684
covtype_binary_20000,29,292,layer_0,200,c3: Hillshade_Noon IS HIGH,11.531610488891602
covtype_binary_20000,29,293,layer_0,104,c1: Soil_Type_29 IS present,11.425962448120117
covtype_binary_20000,29,294,layer_0,39,c0: Wilderness_Area_4 IS absent,11.42090129852295
covtype_binary_20000,29,295,layer_0,157,c2: Vertical_Distance_To_Hydrology IS MEDIUM,11.413528442382812
covtype_binary_20000,29,296,layer_0,192,c3: Wilderness_Area_4 IS absent,11.359617233276367
covtype_binary_20000,29,297,layer_0,226,c3: Hillshade_3pm IS MEDIUM,11.274382591247559
covtype_binary_20000,29,298,layer_0,717,c11: Wilderness_Area_3 IS absent,11.229398727416992
covtype_binary_20000,29,299,layer_0,96,c1: Hillshade_Noon IS LOW,11.20920467376709
covtype_binary_20000,29,300,layer_0,480,c8: Hillshade_3pm IS LOW,11.103026390075684
covtype_binary_20000,29,301,layer_0,681,c11: Wilderness_Area_3 IS absent,11.059929847717285
covtype_binary_20000,29,302,layer_0,513,c8: Soil_Type_30 IS absent,10.932168006896973
covtype_binary_20000,29,303,layer_0,655,c10: Vertical_Distance_To_Hydrology IS MEDIUM,10.93204402923584
covtype_binary_20000,29,304,layer_0,279,c4: Wilderness_Area_4 IS absent,10.829312324523926
covtype_binary_20000,29,305,layer_0,357,c5: Wilderness_Area_2 IS absent,10.759320259094238
covtype_binary_20000,29,306,layer_0,217,c3: Hillshade_9am IS MEDIUM,10.754030227661133
covtype_binary_20000,29,307,layer_0,6,c0: Soil_Type_12 IS absent,10.74553394317627
covtype_binary_20000,29,308,layer_0,479,c7: Wilderness_Area_3 IS present,10.593855857849121
covtype_binary_20000,29,309,layer_0,375,c6: Soil_Type_40 IS absent,10.441224098205566
covtype_binary_20000,29,310,layer_0,321,c5: Wilderness_Area_2 IS absent,10.267163276672363
covtype_binary_20000,29,311,layer_0,24,c0: Soil_Type_38 IS absent,10.204647064208984
covtype_binary_20000,29,312,projection_layer,7,"pursuit_2(Hillshade_Noon, Wilderness_Area_4, Soil_Type_23, Soil_Type_11) IS MEDIUM",10.057886123657227
covtype_binary_20000,29,313,layer_0,690,c11: Wilderness_Area_1 IS absent,10.002509117126465
covtype_binary_20000,29,314,layer_0,70,c1: Horizontal_Distance_To_Fire_Points IS MEDIUM,9.964308738708496
covtype_binary_20000,29,315,layer_0,110,c1: Wilderness_Area_1 IS present,9.880796432495117
covtype_binary_20000,29,316,layer_0,328,c5: Hillshade_3pm IS MEDIUM,9.874163627624512
covtype_binary_20000,29,317,layer_0,719,c11: Wilderness_Area_3 IS present,9.850011825561523
covtype_binary_20000,29,318,layer_0,263,c4: Wilderness_Area_1 IS present,9.720301628112793
covtype_binary_20000,29,319,layer_0,684,c11: Soil_Type_24 IS absent,9.716315269470215
covtype_binary_20000,29,320,layer_0,416,c6: Horizontal_Distance_To_Fire_Points IS HIGH,9.711984634399414
covtype_binary_20000,29,321,layer_0,443,c7: Wilderness_Area_3 IS present,9.689577102661133
covtype_binary_20000,29,322,layer_0,555,c9: Soil_Type_13 IS absent,9.656720161437988
covtype_binary_20000,29,323,layer_0,117,c1: Wilderness_Area_2 IS absent,9.60196590423584
covtype_binary_20000,29,324,layer_0,18,c0: Horizontal_Distance_To_Fire_Points IS LOW,9.545459747314453
covtype_binary_20000,29,325,layer_0,708,c11: Wilderness_Area_4 IS absent,9.34078311920166
covtype_binary_20000,29,326,layer_0,497,c8: Soil_Type_32 IS present,9.29173469543457
covtype_binary_20000,29,327,layer_0,166,c2: Hillshade_9am IS MEDIUM,8.982881546020508
covtype_binary_20000,29,328,layer_0,252,c4: Wilderness_Area_3 IS absent,8.914472579956055
covtype_binary_20000,29,329,layer_0,269,c4: Hillshade_9am IS HIGH,8.880338668823242
covtype_binary_20000,29,330,layer_0,318,c5: Hillshade_9am IS LOW,8.846851348876953
covtype_binary_20000,29,331,layer_0,692,c11: Wilderness_Area_1 IS present,8.812115669250488
covtype_binary_20000,29,332,layer_0,248,c4: Soil_Type_23 IS present,8.695137023925781
covtype_binary_20000,29,333,layer_0,246,c4: Soil_Type_23 IS absent,8.670642852783203
covtype_binary_20000,29,334,layer_0,337,c5: Slope IS MEDIUM,8.613821983337402
covtype_binary_20000,29,335,layer_0,81,c1: Wilderness_Area_2 IS absent,8.60159683227539
covtype_binary_20000,29,336,projection_layer,8,"pursuit_2(Hillshade_Noon, Wilderness_Area_4, Soil_Type_23, Soil_Type_11) IS HIGH",8.571642875671387
covtype_binary_20000,29,337,layer_0,3,c0: Wilderness_Area_4 IS absent,8.461360931396484
covtype_binary_20000,29,338,layer_0,260,c4: Vertical_Distance_To_Hydrology IS HIGH,8.31837272644043
covtype_binary_20000,29,339,layer_0,417,c6: Wilderness_Area_4 IS absent,8.279522895812988
covtype_binary_20000,29,340,layer_0,105,c1: Vertical_Distance_To_Hydrology IS LOW,8.224508285522461
covtype_binary_20000,29,341,layer_0,243,c4: Wilderness_Area_4 IS absent,8.219852447509766
covtype_binary_20000,29,342,layer_0,72,c1: Wilderness_Area_1 IS absent,8.146003723144531
covtype_binary_20000,29,343,layer_1,72,c1: ka_concept_1.c4 IS LOW,8.133618354797363
covtype_binary_20000,29,344,layer_0,389,c6: Slope IS HIGH,8.101366996765137
covtype_binary_20000,29,345,layer_0,366,c6: Soil_Type_4 IS absent,8.047513008117676
covtype_binary_20000,29,346,layer_0,554,c9: Wilderness_Area_1 IS present,7.995133399963379
covtype_binary_20000,29,347,layer_0,99,c1: Wilderness_Area_3 IS absent,7.947688579559326
covtype_binary_20000,29,348,layer_0,293,c4: Soil_Type_32 IS present,7.886601448059082
covtype_binary_20000,29,349,layer_0,141,c2: Wilderness_Area_4 IS absent,7.765799522399902
covtype_binary_20000,29,350,layer_0,268,c4: Hillshade_9am IS MEDIUM,7.690884113311768
covtype_binary_20000,29,351,layer_0,299,c4: Wilderness_Area_1 IS present,7.66998815536499
covtype_binary_20000,29,352,layer_0,552,c9: Wilderness_Area_1 IS absent,7.631524562835693
covtype_binary_20000,29,353,layer_0,195,c3: Soil_Type_23 IS absent,7.629927158355713
covtype_binary_20000,29,354,layer_0,30,c0: Wilderness_Area_2 IS absent,7.628395080566406
covtype_binary_20000,29,355,projection_layer,13,"pursuit_4(Horizontal_Distance_To_Hydrology, Soil_Type_22, Soil_Type_30, Soil_Type_35) IS MEDIUM",7.592645645141602
covtype_binary_20000,29,356,layer_0,683,c11: Wilderness_Area_3 IS present,7.415352821350098
covtype_binary_20000,29,357,layer_0,581,c9: Wilderness_Area_3 IS present,7.412197113037109
covtype_binary_20000,29,358,layer_0,693,c11: Soil_Type_10 IS absent,7.337254047393799
covtype_binary_20000,29,359,layer_0,522,c8: Soil_Type_33 IS absent,7.180036544799805
covtype_binary_20000,29,360,layer_0,615,c10: Soil_Type_30 IS absent,7.064597129821777
covtype_binary_20000,29,361,layer_0,629,c10: Horizontal_Distance_To_Hydrology IS HIGH,7.058221340179443
covtype_binary_20000,29,362,layer_0,300,c5: Hillshade_Noon IS LOW,6.842966079711914
covtype_binary_20000,29,363,layer_0,44,c0: Soil_Type_23 IS present,6.821996212005615
covtype_binary_20000,29,364,layer_0,210,c3: Wilderness_Area_1 IS absent,6.807480335235596
covtype_binary_20000,29,365,layer_0,503,c8: Wilderness_Area_1 IS present,6.728915214538574
covtype_binary_20000,29,366,layer_0,57,c0: Wilderness_Area_1 IS absent,6.683750152587891
covtype_binary_20000,29,367,layer_0,106,c1: Vertical_Distance_To_Hydrology IS MEDIUM,6.667145729064941
covtype_binary_20000,29,368,layer_1,83,c1: ka_concept_1.c7 IS HIGH,6.653785228729248
covtype_binary_20000,29,369,layer_0,63,c1: Wilderness_Area_3 IS absent,6.642702579498291
covtype_binary_20000,29,370,layer_0,51,c0: Soil_Type_29 IS absent,6.576417446136475
covtype_binary_20000,29,371,layer_0,336,c5: Slope IS LOW,6.535141944885254
covtype_binary_20000,29,372,layer_0,182,c3: Horizontal_Distance_To_Hydrology IS HIGH,6.515244007110596
covtype_binary_20000,29,373,layer_0,603,c10: Wilderness_Area_1 IS absent,6.460951805114746
covtype_binary_20000,29,374,layer_0,561,c9: Wilderness_Area_2 IS absent,6.445700645446777
covtype_binary_20000,29,375,layer_0,705,c11: Vertical_Distance_To_Hydrology IS LOW,6.33297061920166
covtype_binary_20000,29,376,layer_0,590,c9: Wilderness_Area_1 IS present,6.332411289215088
covtype_binary_20000,29,377,layer_0,177,c2: Wilderness_Area_4 IS absent,6.27113676071167
covtype_binary_20000,29,378,layer_0,548,c9: Soil_Type_32 IS present,6.265649795532227
covtype_binary_20000,29,379,layer_0,108,c1: Wilderness_Area_1 IS absent,6.139787673950195
covtype_binary_20000,29,380,layer_0,379,c6: Hillshade_3pm IS MEDIUM,6.046444892883301
covtype_binary_20000,29,381,layer_0,212,c3: Wilderness_Area_1 IS present,5.984389781951904
covtype_binary_20000,29,382,projection_layer,21,"pursuit_7(Aspect, Soil_Type_39, Soil_Type_2, Soil_Type_5) IS LOW",5.941876411437988
covtype_binary_20000,29,383,layer_0,543,c9: Wilderness_Area_3 IS absent,5.90010929107666
covtype_binary_20000,29,384,projection_layer,10,"pursuit_3(Slope, Soil_Type_12, Soil_Type_13, Soil_Type_1) IS MEDIUM",5.893438339233398
covtype_binary_20000,29,385,layer_0,639,c10: Wilderness_Area_1 IS absent,5.822205066680908
covtype_binary_20000,29,386,layer_1,115,c1: projection_6 IS MEDIUM,5.770491600036621
covtype_binary_20000,29,387,layer_0,621,c10: Wilderness_Area_4 IS absent,5.767117023468018
covtype_binary_20000,29,388,layer_0,362,c6: Vertical_Distance_To_Hydrology IS HIGH,5.746681213378906
covtype_binary_20000,29,389,layer_0,651,c10: Soil_Type_11 IS absent,5.736327648162842
covtype_binary_20000,29,390,layer_0,204,c3: Soil_Type_29 IS absent,5.6159868240356445
covtype_binary_20000,29,391,layer_0,642,c10: Soil_Type_10 IS absent,5.605306148529053
covtype_binary_20000,29,392,layer_0,539,c8: Wilderness_Area_1 IS present,5.537924289703369
covtype_binary_20000,29,393,layer_0,635,c10: Soil_Type_24 IS present,5.501767158508301
covtype_binary_20000,29,394,layer_1,84,c1: ka_concept_1.c8 IS LOW,5.463244915008545
covtype_binary_20000,29,395,layer_0,579,c9: Wilderness_Area_3 IS absent,5.289132118225098
covtype_binary_20000,29,396,layer_1,169,c2: projection_4 IS MEDIUM,5.239596843719482
covtype_binary_20000,29,397,layer_0,593,c9: Soil_Type_10 IS present,5.224937915802002
covtype_binary_20000,29,398,layer_0,303,c5: Wilderness_Area_3 IS absent,5.161287307739258
covtype_binary_20000,29,399,layer_0,155,c2: Soil_Type_29 IS present,5.127950668334961
covtype_binary_20000,29,400,layer_0,79,c1: Horizontal_Distance_To_Hydrology IS MEDIUM,5.127188205718994
covtype_binary_20000,29,401,layer_0,519,c8: Wilderness_Area_4 IS absent,4.988214015960693
covtype_binary_20000,29,402,layer_0,483,c8: Wilderness_Area_4 IS absent,4.930500030517578
covtype_binary_20000,29,403,layer_0,713,c11: Soil_Type_31 IS present,4.792762279510498
covtype_binary_20000,29,404,layer_0,116,c1: Hillshade_9am IS HIGH,4.78092622756958
covtype_binary_20000,29,405,layer_0,175,c2: Hillshade_3pm IS MEDIUM,4.704777717590332
covtype_binary_20000,29,406,layer_1,241,c4: ka_concept_1.c0 IS MEDIUM,4.606773376464844
covtype_binary_20000,29,407,layer_0,222,c3: Soil_Type_40 IS absent,4.521435260772705
covtype_binary_20000,29,408,layer_0,351,c5: Soil_Type_13 IS absent,4.5141377449035645
covtype_binary_20000,29,409,layer_1,210,c3: ka_concept_1.c10 IS LOW,4.510908126831055
covtype_binary_20000,29,410,layer_1,90,c1: ka_concept_1.c10 IS LOW,4.505293369293213
covtype_binary_20000,29,411,layer_0,657,c10: Wilderness_Area_4 IS absent,4.455053806304932
covtype_binary_20000,29,412,layer_0,401,c6: Wilderness_Area_1 IS present,4.452240467071533
covtype_binary_20000,29,413,layer_0,668,c11: Soil_Type_30 IS present,4.412680149078369
covtype_binary_20000,29,414,layer_0,144,c2: Soil_Type_23 IS absent,4.412335395812988
covtype_binary_20000,29,415,layer_0,344,c5: Soil_Type_32 IS present,4.332021236419678
covtype_binary_20000,29,416,layer_1,289,c4: projection_4 IS MEDIUM,4.288825511932373
covtype_binary_20000,29,417,layer_0,286,c4: Slope IS MEDIUM,4.210577964782715
covtype_binary_20000,29,418,layer_0,324,c5: Soil_Type_40 IS absent,4.187448501586914
covtype_binary_20000,29,419,layer_0,339,c5: Wilderness_Area_3 IS absent,4.135200023651123
covtype_binary_20000,29,420,layer_0,677,c11: Soil_Type_33 IS present,4.113705158233643
covtype_binary_20000,29,421,layer_0,216,c3: Hillshade_9am IS LOW,4.055452346801758
covtype_binary_20000,29,422,layer_0,597,c9: Wilderness_Area_2 IS absent,4.020669460296631
covtype_binary_20000,29,423,projection_layer,11,"pursuit_3(Slope, Soil_Type_12, Soil_Type_13, Soil_Type_1) IS HIGH",3.9465296268463135
covtype_binary_20000,29,424,layer_1,267,c4: ka_concept_1.c9 IS LOW,3.923243522644043
covtype_binary_20000,29,425,layer_0,650,c10: Wilderness_Area_2 IS present,3.8863420486450195
covtype_binary_20000,29,426,layer_0,446,c7: Soil_Type_32 IS present,3.862135648727417
covtype_binary_20000,29,427,layer_1,91,c1: ka_concept_1.c10 IS MEDIUM,3.8618788719177246
covtype_binary_20000,29,428,layer_0,614,c10: Wilderness_Area_2 IS present,3.8281760215759277
covtype_binary_20000,29,429,layer_0,674,c11: Wilderness_Area_4 IS present,3.8269543647766113
covtype_binary_20000,29,430,layer_0,710,c11: Wilderness_Area_4 IS present,3.8154101371765137
covtype_binary_20000,29,431,layer_1,116,c1: projection_6 IS HIGH,3.7558906078338623
covtype_binary_20000,29,432,layer_1,175,c2: projection_6 IS MEDIUM,3.7489123344421387
covtype_binary_20000,29,433,layer_1,85,c1: ka_concept_1.c8 IS MEDIUM,3.7045836448669434
covtype_binary_20000,29,434,layer_0,305,c5: Wilderness_Area_3 IS present,3.6845884323120117
covtype_binary_20000,29,435,layer_0,231,c3: Soil_Type_2 IS absent,3.6524102687835693
covtype_binary_20000,29,436,layer_0,530,c8: Wilderness_Area_3 IS present,3.638885498046875
covtype_binary_20000,29,437,layer_0,272,c4: Wilderness_Area_2 IS present,3.58870792388916
covtype_binary_20000,29,438,layer_0,575,c9: Soil_Type_33 IS present,3.580181360244751
covtype_binary_20000,29,439,layer_1,60,c1: ka_concept_1.c0 IS LOW,3.5692689418792725
covtype_binary_20000,29,440,layer_1,200,c3: ka_concept_1.c6 IS HIGH,3.5584425926208496
covtype_binary_20000,29,441,layer_0,208,c3: Vertical_Distance_To_Hydrology IS MEDIUM,3.5153067111968994
covtype_binary_20000,29,442,layer_0,388,c6: Slope IS MEDIUM,3.479281187057495
covtype_binary_20000,29,443,layer_0,404,c6: Soil_Type_13 IS present,3.4411730766296387
covtype_binary_20000,29,444,layer_0,348,c5: Wilderness_Area_1 IS absent,3.414987087249756
covtype_binary_20000,29,445,projection_layer,14,"pursuit_4(Horizontal_Distance_To_Hydrology, Soil_Type_22, Soil_Type_30, Soil_Type_35) IS HIGH",3.408994197845459
covtype_binary_20000,29,446,layer_1,201,c3: ka_concept_1.c7 IS LOW,3.4082839488983154
covtype_binary_20000,29,447,layer_0,150,c2: Wilderness_Area_3 IS absent,3.107050895690918
covtype_binary_20000,29,448,layer_0,386,c6: Soil_Type_2 IS present,3.106656789779663
covtype_binary_20000,29,449,layer_0,257,c4: Soil_Type_29 IS present,3.0743155479431152
covtype_binary_20000,29,450,layer_0,41,c0: Wilderness_Area_4 IS present,3.0501208305358887
covtype_binary_20000,29,451,layer_1,102,c1: projection_2 IS LOW,3.025400400161743
covtype_binary_20000,29,452,layer_1,105,c1: projection_3 IS LOW,2.9740240573883057
covtype_binary_20000,29,453,layer_0,381,c6: Wilderness_Area_4 IS absent,2.9361419677734375
covtype_binary_20000,29,454,layer_0,17,c0: Soil_Type_22 IS present,2.934239625930786
covtype_binary_20000,29,455,layer_0,152,c2: Wilderness_Area_3 IS present,2.930527448654175
covtype_binary_20000,29,456,layer_0,410,c6: Wilderness_Area_2 IS present,2.9274165630340576
covtype_binary_20000,29,457,layer_0,494,c8: Wilderness_Area_3 IS present,2.9175314903259277
covtype_binary_20000,29,458,layer_0,584,c9: Soil_Type_24 IS present,2.9069128036499023
covtype_binary_20000,29,459,layer_0,605,c10: Wilderness_Area_1 IS present,2.8833723068237305
covtype_binary_20000,29,460,layer_0,624,c10: Soil_Type_33 IS absent,2.8669586181640625
covtype_binary_20000,29,461,layer_0,32,c0: Wilderness_Area_2 IS present,2.8567044734954834
covtype_binary_20000,29,462,layer_0,132,c2: Wilderness_Area_2 IS absent,2.8091115951538086
covtype_binary_20000,29,463,layer_0,473,c7: Soil_Type_33 IS present,2.791486978530884
covtype_binary_20000,29,464,layer_1,165,c2: projection_3 IS LOW,2.7896695137023926
covtype_binary_20000,29,465,layer_0,341,c5: Wilderness_Area_3 IS present,2.7833120822906494
covtype_binary_20000,29,466,layer_0,107,c1: Vertical_Distance_To_Hydrology IS HIGH,2.763261079788208
covtype_binary_20000,29,467,layer_0,656,c10: Vertical_Distance_To_Hydrology IS HIGH,2.7576541900634766
covtype_binary_20000,29,468,layer_0,235,c3: Slope IS MEDIUM,2.7386627197265625
covtype_binary_20000,29,469,layer_0,230,c3: Wilderness_Area_4 IS present,2.7209384441375732
covtype_binary_20000,29,470,layer_0,194,c3: Wilderness_Area_4 IS present,2.7187132835388184
covtype_binary_20000,29,471,layer_1,203,c3: ka_concept_1.c7 IS HIGH,2.690173864364624
covtype_binary_20000,29,472,layer_0,5,c0: Wilderness_Area_4 IS present,2.6851165294647217
covtype_binary_20000,29,473,layer_0,168,c2: Wilderness_Area_2 IS absent,2.680806875228882
covtype_binary_20000,29,474,layer_1,70,c1: ka_concept_1.c3 IS MEDIUM,2.6693503856658936
covtype_binary_20000,29,475,layer_0,425,c7: Wilderness_Area_2 IS present,2.649341583251953
covtype_binary_20000,29,476,layer_1,240,c4: ka_concept_1.c0 IS LOW,2.6446495056152344
covtype_binary_20000,29,477,layer_0,533,c8: Soil_Type_24 IS present,2.6402223110198975
covtype_binary_20000,29,478,layer_1,73,c1: ka_concept_1.c4 IS MEDIUM,2.587905168533325
covtype_binary_20000,29,479,layer_0,374,c6: Wilderness_Area_2 IS present,2.5838210582733154
covtype_binary_20000,29,480,layer_0,368,c6: Soil_Type_4 IS present,2.5706400871276855
covtype_binary_20000,29,481,layer_1,260,c4: ka_concept_1.c6 IS HIGH,2.5686328411102295
covtype_binary_20000,29,482,layer_0,314,c5: Wilderness_Area_1 IS present,2.514244794845581
covtype_binary_20000,29,483,layer_0,510,c8: Wilderness_Area_2 IS absent,2.512708902359009
covtype_binary_20000,29,484,layer_0,435,c7: Soil_Type_2 IS absent,2.486151933670044
covtype_binary_20000,29,485,layer_0,95,c1: Soil_Type_23 IS present,2.4811816215515137
covtype_binary_20000,29,486,layer_1,276,c4: projection_0 IS LOW,2.409390926361084
covtype_binary_20000,29,487,layer_1,153,c2: ka_concept_1.c11 IS LOW,2.400251865386963
covtype_binary_20000,29,488,layer_0,395,c6: Soil_Type_32 IS present,2.3920817375183105
covtype_binary_20000,29,489,layer_0,197,c3: Soil_Type_23 IS present,2.3315651416778564
covtype_binary_20000,29,490,layer_1,288,c4: projection_4 IS LOW,2.3234050273895264
covtype_binary_20000,29,491,layer_0,350,c5: Wilderness_Area_1 IS present,2.2854974269866943
covtype_binary_20000,29,492,layer_0,474,c7: Horizontal_Distance_To_Hydrology IS LOW,2.2817037105560303
covtype_binary_20000,29,493,layer_1,80,c1: ka_concept_1.c6 IS HIGH,2.281503200531006
covtype_binary_20000,29,494,layer_0,461,c7: Wilderness_Area_2 IS present,2.2778472900390625
covtype_binary_20000,29,495,layer_1,269,c4: ka_concept_1.c9 IS HIGH,2.271470069885254
covtype_binary_20000,29,496,layer_1,264,c4: ka_concept_1.c8 IS LOW,2.2617275714874268
covtype_binary_20000,29,497,layer_0,281,c4: Wilderness_Area_4 IS present,2.2600197792053223
covtype_binary_20000,29,498,layer_1,21,c0: ka_concept_1.c7 IS LOW,2.2001450061798096
covtype_binary_20000,29,499,layer_0,201,c3: Wilderness_Area_3 IS absent,2.193924903869629
covtype_binary_20000,29,500,layer_1,110,c1: projection_4 IS HIGH,2.1921324729919434
covtype_binary_20000,29,501,layer_0,312,c5: Wilderness_Area_1 IS absent,2.1802027225494385
covtype_binary_20000,29,502,layer_1,20,c0: ka_concept_1.c6 IS HIGH,2.1685261726379395
covtype_binary_20000,29,503,layer_1,77,c1: ka_concept_1.c5 IS HIGH,2.1437268257141113
covtype_binary_20000,29,504,layer_0,245,c4: Wilderness_Area_4 IS present,2.1410844326019287
covtype_binary_20000,29,505,layer_1,89,c1: ka_concept_1.c9 IS HIGH,2.141021728515625
covtype_binary_20000,29,506,projection_layer,4,"pursuit_1(Elevation, Vertical_Distance_To_Hydrology, Soil_Type_40, Soil_Type_6) IS MEDIUM",2.096045970916748
covtype_binary_20000,29,507,layer_0,528,c8: Wilderness_Area_3 IS absent,2.0673835277557373
covtype_binary_20000,29,508,layer_1,93,c1: ka_concept_1.c11 IS LOW,2.0512990951538086
covtype_binary_20000,29,509,layer_0,419,c6: Wilderness_Area_4 IS present,2.0482401847839355
covtype_binary_20000,29,510,layer_1,78,c1: ka_concept_1.c6 IS LOW,2.0391623973846436
covtype_binary_20000,29,511,layer_0,284,c4: Soil_Type_2 IS present,2.0018160343170166
covtype_binary_20000,29,512,layer_1,48,c0: projection_4 IS LOW,1.9931904077529907
covtype_binary_20000,29,513,layer_0,189,c3: Aspect IS LOW,1.9860817193984985
covtype_binary_20000,29,514,layer_0,383,c6: Wilderness_Area_4 IS present,1.969322919845581
covtype_binary_20000,29,515,layer_0,135,c2: Soil_Type_39 IS absent,1.9676389694213867
covtype_binary_20000,29,516,layer_1,193,c3: ka_concept_1.c4 IS MEDIUM,1.9589470624923706
covtype_binary_20000,29,517,layer_1,99,c1: projection_1 IS LOW,1.942946434020996
covtype_binary_20000,29,518,layer_0,545,c9: Wilderness_Area_3 IS present,1.917206883430481
covtype_binary_20000,29,519,layer_1,245,c4: ka_concept_1.c1 IS HIGH,1.9097535610198975
covtype_binary_20000,29,520,layer_0,239,c3: Wilderness_Area_3 IS present,1.9031051397323608
covtype_binary_20000,29,521,layer_0,486,c8: Soil_Type_2 IS absent,1.8953384160995483
covtype_binary_20000,29,522,layer_0,203,c3: Wilderness_Area_3 IS present,1.8919142484664917
covtype_binary_20000,29,523,layer_1,68,c1: ka_concept_1.c2 IS HIGH,1.8606380224227905
covtype_binary_20000,29,524,layer_0,413,c6: Soil_Type_30 IS present,1.85869562625885
covtype_binary_20000,29,525,layer_1,96,c1: projection_0 IS LOW,1.8567372560501099
covtype_binary_20000,29,526,layer_0,35,c0: Soil_Type_39 IS present,1.8550618886947632
covtype_binary_20000,29,527,layer_0,53,c0: Soil_Type_29 IS present,1.852419137954712
covtype_binary_20000,29,528,layer_0,215,c3: Soil_Type_4 IS present,1.8514902591705322
covtype_binary_20000,29,529,layer_0,557,c9: Soil_Type_13 IS present,1.8468226194381714
covtype_binary_20000,29,530,layer_1,92,c1: ka_concept_1.c10 IS HIGH,1.8448303937911987
covtype_binary_20000,29,531,layer_1,88,c1: ka_concept_1.c9 IS MEDIUM,1.8425021171569824
covtype_binary_20000,29,532,layer_1,266,c4: ka_concept_1.c8 IS HIGH,1.835247278213501
covtype_binary_20000,29,533,layer_0,179,c2: Wilderness_Area_4 IS present,1.8269389867782593
covtype_binary_20000,29,534,layer_0,143,c2: Wilderness_Area_4 IS present,1.8256505727767944
covtype_binary_20000,29,535,layer_0,665,c11: Wilderness_Area_2 IS present,1.813510775566101
covtype_binary_20000,29,536,layer_0,701,c11: Wilderness_Area_2 IS present,1.8135051727294922
covtype_binary_20000,29,537,layer_1,229,c3: projection_4 IS MEDIUM,1.792687177658081
covtype_binary_20000,29,538,layer_1,246,c4: ka_concept_1.c2 IS LOW,1.7829500436782837
covtype_binary_20000,29,539,layer_1,81,c1: ka_concept_1.c7 IS LOW,1.76221764087677
covtype_binary_20000,29,540,layer_1,265,c4: ka_concept_1.c8 IS MEDIUM,1.681189775466919
covtype_binary_20000,29,541,layer_0,641,c10: Wilderness_Area_1 IS present,1.669003963470459
covtype_binary_20000,29,542,layer_0,128,c2: Soil_Type_38 IS present,1.6622428894042969
covtype_binary_20000,29,543,layer_1,111,c1: projection_5 IS LOW,1.589900016784668
covtype_binary_20000,29,544,layer_1,117,c1: projection_7 IS LOW,1.5711793899536133
covtype_binary_20000,29,545,layer_0,332,c5: Wilderness_Area_4 IS present,1.5613025426864624
covtype_binary_20000,29,546,layer_0,455,c7: Soil_Type_13 IS present,1.5425184965133667
covtype_binary_20000,29,547,layer_0,237,c3: Wilderness_Area_3 IS absent,1.5391533374786377
covtype_binary_20000,29,548,layer_1,261,c4: ka_concept_1.c7 IS LOW,1.525730848312378
covtype_binary_20000,29,549,layer_0,608,c10: Soil_Type_13 IS present,1.5189299583435059
covtype_binary_20000,29,550,layer_1,234,c3: projection_6 IS LOW,1.5183100700378418
covtype_binary_20000,29,551,layer_0,71,c1: Horizontal_Distance_To_Fire_Points IS HIGH,1.5035762786865234
covtype_binary_20000,29,552,layer_0,206,c3: Soil_Type_29 IS present,1.4956539869308472
covtype_binary_20000,29,553,layer_0,695,c11: Soil_Type_10 IS present,1.446981430053711
covtype_binary_20000,29,554,layer_1,2,c0: ka_concept_1.c0 IS HIGH,1.4462356567382812
covtype_binary_20000,29,555,layer_0,437,c7: Soil_Type_2 IS present,1.4382396936416626
covtype_binary_20000,29,556,layer_0,98,c1: Hillshade_Noon IS HIGH,1.4278573989868164
covtype_binary_20000,29,557,layer_1,186,c3: ka_concept_1.c2 IS LOW,1.4057955741882324
covtype_binary_20000,29,558,layer_0,428,c7: Soil_Type_40 IS present,1.4010541439056396
covtype_binary_20000,29,559,layer_1,151,c2: ka_concept_1.c10 IS MEDIUM,1.4001487493515015
covtype_binary_20000,29,560,layer_1,148,c2: ka_concept_1.c9 IS MEDIUM,1.397382378578186
covtype_binary_20000,29,561,layer_1,69,c1: ka_concept_1.c3 IS LOW,1.3819745779037476
covtype_binary_20000,29,562,layer_0,221,c3: Wilderness_Area_2 IS present,1.3501942157745361
covtype_binary_20000,29,563,layer_1,62,c1: ka_concept_1.c0 IS HIGH,1.3485908508300781
covtype_binary_20000,29,564,layer_0,185,c3: Wilderness_Area_2 IS present,1.3429509401321411
covtype_binary_20000,29,565,layer_1,54,c0: projection_6 IS LOW,1.3056694269180298
covtype_binary_20000,29,566,layer_0,161,c2: Wilderness_Area_1 IS present,1.3007595539093018
covtype_binary_20000,29,567,layer_1,263,c4: ka_concept_1.c7 IS HIGH,1.292165994644165
covtype_binary_20000,29,568,layer_0,209,c3: Vertical_Distance_To_Hydrology IS HIGH,1.2795454263687134
covtype_binary_20000,29,569,layer_1,304,c5: ka_concept_1.c1 IS MEDIUM,1.2755638360977173
covtype_binary_20000,29,570,layer_1,12,c0: ka_concept_1.c4 IS LOW,1.2724591493606567
covtype_binary_20000,29,571,layer_0,585,c9: Aspect IS LOW,1.2613177299499512
covtype_binary_20000,29,572,layer_0,131,c2: Horizontal_Distance_To_Hydrology IS HIGH,1.2604093551635742
covtype_binary_20000,29,573,layer_0,369,c6: Hillshade_9am IS LOW,1.2584125995635986
covtype_binary_20000,29,574,layer_1,168,c2: projection_4 IS LOW,1.2417255640029907
covtype_binary_20000,29,575,layer_1,129,c2: ka_concept_1.c3 IS LOW,1.2348653078079224
covtype_binary_20000,29,576,layer_0,438,c7: Slope IS LOW,1.2309223413467407
covtype_binary_20000,29,577,layer_1,320,c5: ka_concept_1.c6 IS HIGH,1.2276190519332886
covtype_binary_20000,29,578,layer_0,359,c5: Wilderness_Area_2 IS present,1.2179771661758423
covtype_binary_20000,29,579,layer_0,323,c5: Wilderness_Area_2 IS present,1.2179700136184692
covtype_binary_20000,29,580,layer_1,354,c5: projection_6 IS LOW,1.2155903577804565
covtype_binary_20000,29,581,layer_0,158,c2: Vertical_Distance_To_Hydrology IS HIGH,1.214903473854065
covtype_binary_20000,29,582,layer_1,252,c4: ka_concept_1.c4 IS LOW,1.2103660106658936
covtype_binary_20000,29,583,layer_1,114,c1: projection_6 IS LOW,1.2093294858932495
covtype_binary_20000,29,584,layer_1,0,c0: ka_concept_1.c0 IS LOW,1.200975775718689
covtype_binary_20000,29,585,layer_1,254,c4: ka_concept_1.c4 IS HIGH,1.1936038732528687
covtype_binary_20000,29,586,layer_0,319,c5: Hillshade_9am IS MEDIUM,1.1886690855026245
covtype_binary_20000,29,587,layer_1,143,c2: ka_concept_1.c7 IS HIGH,1.1855566501617432
covtype_binary_20000,29,588,layer_1,295,c4: projection_6 IS MEDIUM,1.1678909063339233
covtype_binary_20000,29,589,layer_1,144,c2: ka_concept_1.c8 IS LOW,1.1657203435897827
covtype_binary_20000,29,590,layer_0,566,c9: Soil_Type_30 IS present,1.1528030633926392
covtype_binary_20000,29,591,layer_1,64,c1: ka_concept_1.c1 IS MEDIUM,1.1525851488113403
covtype_binary_20000,29,592,layer_1,197,c3: ka_concept_1.c5 IS HIGH,1.1499149799346924
covtype_binary_20000,29,593,layer_1,149,c2: ka_concept_1.c9 IS HIGH,1.1469427347183228
covtype_binary_20000,29,594,layer_1,139,c2: ka_concept_1.c6 IS MEDIUM,1.1445579528808594
covtype_binary_20000,29,595,layer_1,140,c2: ka_concept_1.c6 IS HIGH,1.1386276483535767
covtype_binary_20000,29,596,layer_1,50,c0: projection_4 IS HIGH,1.1311097145080566
covtype_binary_20000,29,597,layer_0,266,c4: Soil_Type_4 IS present,1.1136975288391113
covtype_binary_20000,29,598,layer_0,602,c10: Elevation IS HIGH,1.112147569656372
covtype_binary_20000,29,599,layer_0,599,c9: Wilderness_Area_2 IS present,1.1082594394683838
covtype_binary_20000,29,600,layer_1,212,c3: ka_concept_1.c10 IS HIGH,1.1051058769226074
covtype_binary_20000,29,601,layer_0,365,c6: Wilderness_Area_1 IS present,1.1038483381271362
covtype_binary_20000,29,602,layer_1,141,c2: ka_concept_1.c7 IS LOW,1.1030282974243164
covtype_binary_20000,29,603,layer_0,380,c6: Hillshade_3pm IS HIGH,1.101568579673767
covtype_binary_20000,29,604,layer_0,512,c8: Wilderness_Area_2 IS present,1.075935959815979
covtype_binary_20000,29,605,layer_1,327,c5: ka_concept_1.c9 IS LOW,1.07267427444458
covtype_binary_20000,29,606,layer_1,259,c4: ka_concept_1.c6 IS MEDIUM,1.0718413591384888
covtype_binary_20000,29,607,layer_0,485,c8: Wilderness_Area_4 IS present,1.0654082298278809
covtype_binary_20000,29,608,layer_1,206,c3: ka_concept_1.c8 IS HIGH,1.0599493980407715
covtype_binary_20000,29,609,layer_0,21,c0: Wilderness_Area_1 IS absent,1.0589021444320679
covtype_binary_20000,29,610,layer_1,23,c0: ka_concept_1.c7 IS HIGH,1.0587221384048462
covtype_binary_20000,29,611,layer_0,68,c1: Soil_Type_22 IS present,1.0526680946350098
covtype_binary_20000,29,612,layer_0,563,c9: Wilderness_Area_2 IS present,1.050690770149231
covtype_binary_20000,29,613,layer_1,257,c4: ka_concept_1.c5 IS HIGH,1.0492708683013916
covtype_binary_20000,29,614,layer_1,321,c5: ka_concept_1.c7 IS LOW,1.048034906387329
covtype_binary_20000,29,615,layer_0,335,c5: Soil_Type_2 IS present,1.0216628313064575
covtype_binary_20000,29,616,layer_1,312,c5: ka_concept_1.c4 IS LOW,1.0207926034927368
covtype_binary_20000,29,617,layer_1,189,c3: ka_concept_1.c3 IS LOW,1.017415165901184
covtype_binary_20000,29,618,layer_1,236,c3: projection_6 IS HIGH,1.0046203136444092
covtype_binary_20000,29,619,layer_0,521,c8: Wilderness_Area_4 IS present,1.000258445739746
covtype_binary_20000,29,620,layer_1,145,c2: ka_concept_1.c8 IS MEDIUM,0.9939615726470947
covtype_binary_20000,29,621,layer_1,87,c1: ka_concept_1.c9 IS LOW,0.9853748083114624
covtype_binary_20000,29,622,layer_0,26,c0: Soil_Type_38 IS present,0.9798629283905029
covtype_binary_20000,29,623,layer_0,704,c11: Soil_Type_11 IS present,0.959459125995636
covtype_binary_20000,29,624,layer_1,258,c4: ka_concept_1.c6 IS LOW,0.9586395025253296
covtype_binary_20000,29,625,layer_0,429,c7: Hillshade_3pm IS LOW,0.9562067985534668
covtype_binary_20000,29,626,layer_1,150,c2: ka_concept_1.c10 IS LOW,0.9397015571594238
covtype_binary_20000,29,627,projection_layer,2,"pursuit_0(Horizontal_Distance_To_Fire_Points, Hillshade_3pm, Soil_Type_29, Soil_Type_4) IS HIGH",0.9360344409942627
covtype_binary_20000,29,628,layer_1,132,c2: ka_concept_1.c4 IS LOW,0.9293509721755981
covtype_binary_20000,29,629,layer_1,277,c4: projection_0 IS MEDIUM,0.9271523356437683
covtype_binary_20000,29,630,layer_0,524,c8: Soil_Type_33 IS present,0.9255086183547974
covtype_binary_20000,29,631,layer_1,124,c2: ka_concept_1.c1 IS MEDIUM,0.9230964183807373
covtype_binary_20000,29,632,layer_1,188,c3: ka_concept_1.c2 IS HIGH,0.906254231929779
covtype_binary_20000,29,633,layer_1,66,c1: ka_concept_1.c2 IS LOW,0.9032621383666992
covtype_binary_20000,29,634,layer_0,146,c2: Soil_Type_23 IS present,0.9011150598526001
covtype_binary_20000,29,635,layer_1,270,c4: ka_concept_1.c10 IS LOW,0.8988314867019653
covtype_binary_20000,29,636,layer_1,192,c3: ka_concept_1.c4 IS LOW,0.8968688249588013
covtype_binary_20000,29,637,layer_1,268,c4: ka_concept_1.c9 IS MEDIUM,0.89278244972229
covtype_binary_20000,29,638,layer_1,122,c2: ka_concept_1.c0 IS HIGH,0.8926035165786743
covtype_binary_20000,29,639,layer_1,326,c5: ka_concept_1.c8 IS HIGH,0.8925555944442749
covtype_binary_20000,29,640,layer_1,14,c0: ka_concept_1.c4 IS HIGH,0.8892293572425842
covtype_binary_20000,29,641,layer_1,138,c2: ka_concept_1.c6 IS LOW,0.8848901391029358
covtype_binary_20000,29,642,layer_1,49,c0: projection_4 IS MEDIUM,0.8815708160400391
covtype_binary_20000,29,643,layer_1,194,c3: ka_concept_1.c4 IS HIGH,0.8733773827552795
covtype_binary_20000,29,644,layer_1,30,c0: ka_concept_1.c10 IS LOW,0.8575911521911621
covtype_binary_20000,29,645,layer_1,22,c0: ka_concept_1.c7 IS MEDIUM,0.8551745414733887
covtype_binary_20000,29,646,layer_1,171,c2: projection_5 IS LOW,0.8514484763145447
covtype_binary_20000,29,647,layer_0,628,c10: Horizontal_Distance_To_Hydrology IS MEDIUM,0.8473463654518127
covtype_binary_20000,29,648,layer_0,59,c0: Wilderness_Area_1 IS present,0.845779299736023
covtype_binary_20000,29,649,layer_0,570,c9: Wilderness_Area_4 IS absent,0.8298675417900085
covtype_binary_20000,29,650,layer_1,61,c1: ka_concept_1.c0 IS MEDIUM,0.8198102116584778
covtype_binary_20000,29,651,layer_1,253,c4: ka_concept_1.c4 IS MEDIUM,0.8173030614852905
covtype_binary_20000,29,652,layer_0,65,c1: Wilderness_Area_3 IS present,0.8043371438980103
covtype_binary_20000,29,653,layer_1,273,c4: ka_concept_1.c11 IS LOW,0.8034684062004089
covtype_binary_20000,29,654,layer_1,159,c2: projection_1 IS LOW,0.8019264340400696
covtype_binary_20000,29,655,layer_1,79,c1: ka_concept_1.c6 IS MEDIUM,0.7969443202018738
covtype_binary_20000,29,656,layer_1,249,c4: ka_concept_1.c3 IS LOW,0.7914084196090698
covtype_binary_20000,29,657,layer_0,492,c8: Wilderness_Area_3 IS absent,0.7905339598655701
covtype_binary_20000,29,658,layer_1,31,c0: ka_concept_1.c10 IS MEDIUM,0.7904967665672302
covtype_binary_20000,29,659,layer_1,309,c5: ka_concept_1.c3 IS LOW,0.778005063533783
covtype_binary_20000,29,660,layer_1,18,c0: ka_concept_1.c6 IS LOW,0.776762843132019
covtype_binary_20000,29,661,layer_1,26,c0: ka_concept_1.c8 IS HIGH,0.762726902961731
covtype_binary_20000,29,662,layer_0,164,c2: Soil_Type_4 IS present,0.7491731643676758
covtype_binary_20000,29,663,layer_1,301,c5: ka_concept_1.c0 IS MEDIUM,0.744422197341919
covtype_binary_20000,29,664,layer_1,300,c5: ka_concept_1.c0 IS LOW,0.7321215867996216
covtype_binary_20000,29,665,layer_0,626,c10: Soil_Type_33 IS present,0.7309789061546326
covtype_binary_20000,29,666,layer_0,86,c1: Soil_Type_39 IS present,0.7288063764572144
covtype_binary_20000,29,667,layer_1,238,c3: projection_7 IS MEDIUM,0.7260679006576538
covtype_binary_20000,29,668,layer_0,659,c10: Wilderness_Area_4 IS present,0.7228842973709106
covtype_binary_20000,29,669,layer_1,225,c3: projection_3 IS LOW,0.7203873991966248
covtype_binary_20000,29,670,layer_0,466,c7: Horizontal_Distance_To_Fire_Points IS MEDIUM,0.7099066376686096
covtype_binary_20000,29,671,layer_1,199,c3: ka_concept_1.c6 IS MEDIUM,0.7055969834327698
covtype_binary_20000,29,672,layer_1,205,c3: ka_concept_1.c8 IS MEDIUM,0.7028579711914062
covtype_binary_20000,29,673,layer_1,131,c2: ka_concept_1.c3 IS HIGH,0.6991612911224365
covtype_binary_20000,29,674,layer_0,275,c4: Soil_Type_40 IS present,0.6927844285964966
covtype_binary_20000,29,675,layer_1,142,c2: ka_concept_1.c7 IS MEDIUM,0.6906440258026123
covtype_binary_20000,29,676,layer_1,282,c4: projection_2 IS LOW,0.6860361099243164
covtype_binary_20000,29,677,layer_1,58,c0: projection_7 IS MEDIUM,0.6828339099884033
covtype_binary_20000,29,678,layer_1,170,c2: projection_4 IS HIGH,0.6734726428985596
covtype_binary_20000,29,679,layer_1,103,c1: projection_2 IS MEDIUM,0.671636164188385
covtype_binary_20000,29,680,layer_1,235,c3: projection_6 IS MEDIUM,0.6700592041015625
covtype_binary_20000,29,681,layer_1,356,c5: projection_6 IS HIGH,0.6646165251731873
covtype_binary_20000,29,682,layer_1,314,c5: ka_concept_1.c4 IS HIGH,0.6626114249229431
covtype_binary_20000,29,683,layer_1,154,c2: ka_concept_1.c11 IS MEDIUM,0.6604494452476501
covtype_binary_20000,29,684,layer_0,23,c0: Wilderness_Area_1 IS present,0.6596271991729736
covtype_binary_20000,29,685,layer_0,317,c5: Soil_Type_4 IS present,0.6593062877655029
covtype_binary_20000,29,686,layer_1,156,c2: projection_0 IS LOW,0.6459032893180847
covtype_binary_20000,29,687,layer_0,623,c10: Wilderness_Area_4 IS present,0.6429741382598877
covtype_binary_20000,29,688,layer_0,115,c1: Hillshade_9am IS MEDIUM,0.6422511339187622
covtype_binary_20000,29,689,layer_0,464,c7: Soil_Type_30 IS present,0.6422065496444702
covtype_binary_20000,29,690,layer_1,302,c5: ka_concept_1.c0 IS HIGH,0.6346798539161682
covtype_binary_20000,29,691,layer_1,29,c0: ka_concept_1.c9 IS HIGH,0.6186574697494507
covtype_binary_20000,29,692,layer_1,86,c1: ka_concept_1.c8 IS HIGH,0.6134839653968811
covtype_binary_20000,29,693,layer_1,271,c4: ka_concept_1.c10 IS MEDIUM,0.6122846007347107
covtype_binary_20000,29,694,layer_1,208,c3: ka_concept_1.c9 IS MEDIUM,0.6114166378974915
covtype_binary_20000,29,695,layer_1,322,c5: ka_concept_1.c7 IS MEDIUM,0.6087073683738708
covtype_binary_20000,29,696,layer_1,191,c3: ka_concept_1.c3 IS HIGH,0.602961003780365
covtype_binary_20000,29,697,layer_1,313,c5: ka_concept_1.c4 IS MEDIUM,0.5983078479766846
covtype_binary_20000,29,698,layer_1,204,c3: ka_concept_1.c8 IS LOW,0.5941255688667297
covtype_binary_20000,29,699,layer_1,25,c0: ka_concept_1.c8 IS MEDIUM,0.5862640142440796
covtype_binary_20000,29,700,layer_1,19,c0: ka_concept_1.c6 IS MEDIUM,0.5836535096168518
covtype_binary_20000,29,701,layer_1,198,c3: ka_concept_1.c6 IS LOW,0.5825926661491394
covtype_binary_20000,29,702,layer_1,209,c3: ka_concept_1.c9 IS HIGH,0.580522894859314
covtype_binary_20000,29,703,layer_1,182,c3: ka_concept_1.c0 IS HIGH,0.5790764093399048
covtype_binary_20000,29,704,layer_0,173,c2: Soil_Type_40 IS present,0.5662970542907715
covtype_binary_20000,29,705,layer_1,33,c0: ka_concept_1.c11 IS LOW,0.5581284761428833
covtype_binary_20000,29,706,layer_1,348,c5: projection_4 IS LOW,0.547214686870575
covtype_binary_20000,29,707,layer_1,283,c4: projection_2 IS MEDIUM,0.546506404876709
covtype_binary_20000,29,708,layer_1,230,c3: projection_4 IS HIGH,0.5433655381202698
covtype_binary_20000,29,709,layer_0,353,c5: Soil_Type_13 IS present,0.5227066278457642
covtype_binary_20000,29,710,layer_1,196,c3: ka_concept_1.c5 IS MEDIUM,0.5225760340690613
covtype_binary_20000,29,711,layer_1,336,c5: projection_0 IS LOW,0.5196917057037354
covtype_binary_20000,29,712,layer_1,5,c0: ka_concept_1.c1 IS HIGH,0.5194718837738037
covtype_binary_20000,29,713,layer_1,242,c4: ka_concept_1.c0 IS HIGH,0.5108866691589355
covtype_binary_20000,29,714,layer_1,357,c5: projection_7 IS LOW,0.509972333908081
covtype_binary_20000,29,715,layer_0,572,c9: Wilderness_Area_4 IS present,0.5007760524749756
covtype_binary_20000,29,716,layer_1,109,c1: projection_4 IS MEDIUM,0.4950219690799713
covtype_binary_20000,29,717,layer_1,318,c5: ka_concept_1.c6 IS LOW,0.4877711534500122
covtype_binary_20000,29,718,layer_1,328,c5: ka_concept_1.c9 IS MEDIUM,0.48651817440986633
covtype_binary_20000,29,719,layer_1,228,c3: projection_4 IS LOW,0.48506975173950195
covtype_binary_20000,29,720,layer_1,184,c3: ka_concept_1.c1 IS MEDIUM,0.47737768292427063
covtype_binary_20000,29,721,layer_1,305,c5: ka_concept_1.c1 IS HIGH,0.4771328270435333
covtype_binary_20000,29,722,layer_1,349,c5: projection_4 IS MEDIUM,0.471741259098053
covtype_binary_20000,29,723,layer_0,564,c9: Soil_Type_30 IS absent,0.46462899446487427
covtype_binary_20000,29,724,layer_0,377,c6: Soil_Type_40 IS present,0.4634127914905548
covtype_binary_20000,29,725,layer_1,67,c1: ka_concept_1.c2 IS MEDIUM,0.4625012278556824
covtype_binary_20000,29,726,layer_1,152,c2: ka_concept_1.c10 IS HIGH,0.4581957459449768
covtype_binary_20000,29,727,layer_1,181,c3: ka_concept_1.c0 IS MEDIUM,0.45350542664527893
covtype_binary_20000,29,728,layer_1,97,c1: projection_0 IS MEDIUM,0.4524948298931122
covtype_binary_20000,29,729,layer_1,317,c5: ka_concept_1.c5 IS HIGH,0.45126786828041077
covtype_binary_20000,29,730,layer_1,1,c0: ka_concept_1.c0 IS MEDIUM,0.4493977427482605
covtype_binary_20000,29,731,layer_1,104,c1: projection_2 IS HIGH,0.4489697813987732
covtype_binary_20000,29,732,layer_0,506,c8: Soil_Type_13 IS present,0.4471571147441864
covtype_binary_20000,29,733,layer_1,303,c5: ka_concept_1.c1 IS LOW,0.4466370940208435
covtype_binary_20000,29,734,layer_0,267,c4: Hillshade_9am IS LOW,0.4431914985179901
covtype_binary_20000,29,735,layer_1,217,c3: projection_0 IS MEDIUM,0.4430537223815918
covtype_binary_20000,29,736,layer_1,147,c2: ka_concept_1.c9 IS LOW,0.4406225085258484
covtype_binary_20000,29,737,layer_1,329,c5: ka_concept_1.c9 IS HIGH,0.434682160615921
covtype_binary_20000,29,738,layer_1,177,c2: projection_7 IS LOW,0.4315223693847656
covtype_binary_20000,29,739,layer_1,71,c1: ka_concept_1.c3 IS HIGH,0.4303199052810669
covtype_binary_20000,29,740,layer_1,187,c3: ka_concept_1.c2 IS MEDIUM,0.4292113184928894
covtype_binary_20000,29,741,layer_1,11,c0: ka_concept_1.c3 IS HIGH,0.42154818773269653
covtype_binary_20000,29,742,layer_1,10,c0: ka_concept_1.c3 IS MEDIUM,0.41826698184013367
covtype_binary_20000,29,743,layer_1,76,c1: ka_concept_1.c5 IS MEDIUM,0.4133644998073578
covtype_binary_20000,29,744,layer_1,297,c4: projection_7 IS LOW,0.3979966640472412
covtype_binary_20000,29,745,layer_0,8,c0: Soil_Type_12 IS present,0.39415591955184937
covtype_binary_20000,29,746,layer_1,120,c2: ka_concept_1.c0 IS LOW,0.39329588413238525
covtype_binary_20000,29,747,layer_0,488,c8: Soil_Type_2 IS present,0.39243993163108826
covtype_binary_20000,29,748,layer_1,251,c4: ka_concept_1.c3 IS HIGH,0.38706979155540466
covtype_binary_20000,29,749,layer_1,94,c1: ka_concept_1.c11 IS MEDIUM,0.3786303699016571
covtype_binary_20000,29,750,layer_1,179,c2: projection_7 IS HIGH,0.37631839513778687
covtype_binary_20000,29,751,layer_1,272,c4: ka_concept_1.c10 IS HIGH,0.37611666321754456
covtype_binary_20000,29,752,layer_1,125,c2: ka_concept_1.c1 IS HIGH,0.36933040618896484
covtype_binary_20000,29,753,layer_1,310,c5: ka_concept_1.c3 IS MEDIUM,0.36746352910995483
covtype_binary_20000,29,754,layer_1,291,c4: projection_5 IS LOW,0.3600417375564575
covtype_binary_20000,29,755,layer_1,290,c4: projection_4 IS HIGH,0.3519008755683899
covtype_binary_20000,29,756,layer_1,250,c4: ka_concept_1.c3 IS MEDIUM,0.34689706563949585
covtype_binary_20000,29,757,layer_1,134,c2: ka_concept_1.c4 IS HIGH,0.3423084318637848
covtype_binary_20000,29,758,layer_1,176,c2: projection_6 IS HIGH,0.340912789106369
covtype_binary_20000,29,759,layer_1,123,c2: ka_concept_1.c1 IS LOW,0.33519408106803894
covtype_binary_20000,29,760,layer_1,274,c4: ka_concept_1.c11 IS MEDIUM,0.3351673185825348
covtype_binary_20000,29,761,layer_1,351,c5: projection_5 IS LOW,0.3278346359729767
covtype_binary_20000,29,762,layer_1,28,c0: ka_concept_1.c9 IS MEDIUM,0.3264755308628082
covtype_binary_20000,29,763,layer_1,55,c0: projection_6 IS MEDIUM,0.32489052414894104
covtype_binary_20000,29,764,layer_0,617,c10: Soil_Type_30 IS present,0.3238992989063263
covtype_binary_20000,29,765,layer_1,174,c2: projection_6 IS LOW,0.31747493147850037
covtype_binary_20000,29,766,layer_1,284,c4: projection_2 IS HIGH,0.3144611716270447
covtype_binary_20000,29,767,layer_0,653,c10: Soil_Type_11 IS present,0.31352928280830383
covtype_binary_20000,29,768,layer_1,316,c5: ka_concept_1.c5 IS MEDIUM,0.30308085680007935
covtype_binary_20000,29,769,layer_0,77,c1: Soil_Type_38 IS present,0.30158695578575134
covtype_binary_20000,29,770,layer_1,126,c2: ka_concept_1.c2 IS LOW,0.2999994158744812
covtype_binary_20000,29,771,layer_1,342,c5: projection_2 IS LOW,0.2996807098388672
covtype_binary_20000,29,772,layer_0,101,c1: Wilderness_Area_3 IS present,0.2940996587276459
covtype_binary_20000,29,773,layer_1,9,c0: ka_concept_1.c3 IS LOW,0.27032679319381714
covtype_binary_20000,29,774,layer_1,157,c2: projection_0 IS MEDIUM,0.26965874433517456
covtype_binary_20000,29,775,layer_1,222,c3: projection_2 IS LOW,0.2693518400192261
covtype_binary_20000,29,776,layer_1,330,c5: ka_concept_1.c10 IS LOW,0.26714026927948
covtype_binary_20000,29,777,layer_1,323,c5: ka_concept_1.c7 IS HIGH,0.26655638217926025
covtype_binary_20000,29,778,layer_1,308,c5: ka_concept_1.c2 IS HIGH,0.2653619647026062
covtype_binary_20000,29,779,layer_1,248,c4: ka_concept_1.c2 IS HIGH,0.26229986548423767
covtype_binary_20000,29,780,layer_1,16,c0: ka_concept_1.c5 IS MEDIUM,0.26160457730293274
covtype_binary_20000,29,781,layer_0,123,c2: Wilderness_Area_1 IS absent,0.26129019260406494
covtype_binary_20000,29,782,layer_1,339,c5: projection_1 IS LOW,0.2534484565258026
covtype_binary_20000,29,783,layer_0,92,c1: Wilderness_Area_4 IS present,0.25096940994262695
covtype_binary_20000,29,784,layer_1,167,c2: projection_3 IS HIGH,0.24936231970787048
covtype_binary_20000,29,785,layer_0,159,c2: Wilderness_Area_1 IS absent,0.2483912706375122
covtype_binary_20000,29,786,layer_1,213,c3: ka_concept_1.c11 IS LOW,0.24605543911457062
covtype_binary_20000,29,787,layer_1,13,c0: ka_concept_1.c4 IS MEDIUM,0.2405429631471634
covtype_binary_20000,29,788,layer_1,128,c2: ka_concept_1.c2 IS HIGH,0.2361060380935669
covtype_binary_20000,29,789,layer_0,170,c2: Wilderness_Area_2 IS present,0.23609912395477295
covtype_binary_20000,29,790,layer_0,134,c2: Wilderness_Area_2 IS present,0.23300136625766754
covtype_binary_20000,29,791,layer_1,307,c5: ka_concept_1.c2 IS MEDIUM,0.2283642739057541
covtype_binary_20000,29,792,layer_1,333,c5: ka_concept_1.c11 IS LOW,0.22396676242351532
covtype_binary_20000,29,793,layer_1,294,c4: projection_6 IS LOW,0.2224705070257187
covtype_binary_20000,29,794,layer_1,332,c5: ka_concept_1.c10 IS HIGH,0.2151629626750946
covtype_binary_20000,29,795,layer_1,34,c0: ka_concept_1.c11 IS MEDIUM,0.21246756613254547
covtype_binary_20000,29,796,layer_1,39,c0: projection_1 IS LOW,0.21148209273815155
covtype_binary_20000,29,797,layer_1,185,c3: ka_concept_1.c1 IS HIGH,0.2082015424966812
covtype_binary_20000,29,798,layer_1,121,c2: ka_concept_1.c0 IS MEDIUM,0.20759131014347076
covtype_binary_20000,29,799,layer_1,358,c5: projection_7 IS MEDIUM,0.2037946581840515
covtype_binary_20000,29,800,layer_1,183,c3: ka_concept_1.c1 IS LOW,0.20109952986240387
covtype_binary_20000,29,801,layer_1,287,c4: projection_3 IS HIGH,0.20102562010288239
covtype_binary_20000,29,802,layer_1,95,c1: ka_concept_1.c11 IS HIGH,0.19963958859443665
covtype_binary_20000,29,803,layer_1,219,c3: projection_1 IS LOW,0.19828535616397858
covtype_binary_20000,29,804,layer_0,646,c10: Hillshade_Noon IS MEDIUM,0.19772696495056152
covtype_binary_20000,29,805,layer_1,296,c4: projection_6 IS HIGH,0.19594763219356537
covtype_binary_20000,29,806,layer_1,119,c1: projection_7 IS HIGH,0.19506821036338806
covtype_binary_20000,29,807,layer_1,178,c2: projection_7 IS MEDIUM,0.19484849274158478
covtype_binary_20000,29,808,layer_0,113,c1: Soil_Type_4 IS present,0.1905355155467987
covtype_binary_20000,29,809,layer_1,32,c0: ka_concept_1.c10 IS HIGH,0.18766890466213226
covtype_binary_20000,29,810,layer_1,4,c0: ka_concept_1.c1 IS MEDIUM,0.1870475709438324
covtype_binary_20000,29,811,layer_1,324,c5: ka_concept_1.c8 IS LOW,0.18586136400699615
covtype_binary_20000,29,812,layer_1,8,c0: ka_concept_1.c2 IS HIGH,0.18526458740234375
covtype_binary_20000,29,813,layer_0,233,c3: Soil_Type_2 IS present,0.18436643481254578
covtype_binary_20000,29,814,layer_0,311,c5: Vertical_Distance_To_Hydrology IS HIGH,0.18350541591644287
covtype_binary_20000,29,815,layer_0,56,c0: Vertical_Distance_To_Hydrology IS HIGH,0.18166173994541168
covtype_binary_20000,29,816,layer_0,119,c1: Wilderness_Area_2 IS present,0.18107688426971436
covtype_binary_20000,29,817,layer_0,707,c11: Vertical_Distance_To_Hydrology IS HIGH,0.17237335443496704
covtype_binary_20000,29,818,layer_1,190,c3: ka_concept_1.c3 IS MEDIUM,0.16903088986873627
covtype_binary_20000,29,819,layer_1,255,c4: ka_concept_1.c5 IS LOW,0.1665872484445572
covtype_binary_20000,29,820,layer_1,133,c2: ka_concept_1.c4 IS MEDIUM,0.1662551313638687
covtype_binary_20000,29,821,layer_1,345,c5: projection_3 IS LOW,0.16204309463500977
covtype_binary_20000,29,822,layer_1,42,c0: projection_2 IS LOW,0.1603134274482727
covtype_binary_20000,29,823,layer_1,331,c5: ka_concept_1.c10 IS MEDIUM,0.15994279086589813
covtype_binary_20000,29,824,layer_0,83,c1: Wilderness_Area_2 IS present,0.15974782407283783
covtype_binary_20000,29,825,layer_1,256,c4: ka_concept_1.c5 IS MEDIUM,0.15922465920448303
covtype_binary_20000,29,826,layer_1,211,c3: ka_concept_1.c10 IS MEDIUM,0.15803077816963196
covtype_binary_20000,29,827,layer_1,65,c1: ka_concept_1.c1 IS HIGH,0.15767939388751984
covtype_binary_20000,29,828,layer_0,125,c2: Wilderness_Area_1 IS present,0.15572887659072876
covtype_binary_20000,29,829,layer_1,279,c4: projection_1 IS LOW,0.15039435029029846
covtype_binary_20000,29,830,layer_1,146,c2: ka_concept_1.c8 IS HIGH,0.1468125879764557
covtype_binary_20000,29,831,layer_1,299,c4: projection_7 IS HIGH,0.1446974277496338
covtype_binary_20000,29,832,layer_0,188,c3: Soil_Type_39 IS present,0.1417873054742813
covtype_binary_20000,29,833,layer_1,315,c5: ka_concept_1.c5 IS LOW,0.13754020631313324
covtype_binary_20000,29,834,layer_1,359,c5: projection_7 IS HIGH,0.1374700665473938
covtype_binary_20000,29,835,layer_1,75,c1: ka_concept_1.c5 IS LOW,0.13731138408184052
covtype_binary_20000,29,836,layer_1,3,c0: ka_concept_1.c1 IS LOW,0.1348649561405182
covtype_binary_20000,29,837,layer_1,278,c4: projection_0 IS HIGH,0.13213896751403809
covtype_binary_20000,29,838,layer_1,166,c2: projection_3 IS MEDIUM,0.13121719658374786
covtype_binary_20000,29,839,layer_1,350,c5: projection_4 IS HIGH,0.13017764687538147
covtype_binary_20000,29,840,layer_1,214,c3: ka_concept_1.c11 IS MEDIUM,0.12738355994224548
covtype_binary_20000,29,841,layer_1,108,c1: projection_4 IS LOW,0.12662649154663086
covtype_binary_20000,29,842,layer_1,163,c2: projection_2 IS MEDIUM,0.12559126317501068
covtype_binary_20000,29,843,layer_0,686,c11: Soil_Type_24 IS present,0.12457942962646484
covtype_binary_20000,29,844,layer_1,127,c2: ka_concept_1.c2 IS MEDIUM,0.12306898087263107
covtype_binary_20000,29,845,layer_1,275,c4: ka_concept_1.c11 IS HIGH,0.12303760647773743
covtype_binary_20000,29,846,layer_1,135,c2: ka_concept_1.c5 IS LOW,0.11871591955423355
covtype_binary_20000,29,847,layer_1,231,c3: projection_5 IS LOW,0.11781300604343414
covtype_binary_20000,29,848,layer_1,37,c0: projection_0 IS MEDIUM,0.115150585770607
covtype_binary_20000,29,849,layer_1,82,c1: ka_concept_1.c7 IS MEDIUM,0.11362981051206589
covtype_binary_20000,29,850,layer_1,337,c5: projection_0 IS MEDIUM,0.11283359676599503
covtype_binary_20000,29,851,layer_1,130,c2: ka_concept_1.c3 IS MEDIUM,0.11272486299276352
covtype_binary_20000,29,852,layer_1,74,c1: ka_concept_1.c4 IS HIGH,0.1124841496348381
covtype_binary_20000,29,853,layer_1,239,c3: projection_7 IS HIGH,0.11105655878782272
covtype_binary_20000,29,854,layer_1,311,c5: ka_concept_1.c3 IS HIGH,0.1100677102804184
covtype_binary_20000,29,855,layer_0,224,c3: Soil_Type_40 IS present,0.10965099185705185
covtype_binary_20000,29,856,layer_1,51,c0: projection_5 IS LOW,0.10741738229990005
covtype_binary_20000,29,857,layer_1,59,c0: projection_7 IS HIGH,0.1070874035358429
covtype_binary_20000,29,858,layer_1,56,c0: projection_6 IS HIGH,0.10655942559242249
covtype_binary_20000,29,859,layer_1,227,c3: projection_3 IS HIGH,0.10575024783611298
covtype_binary_20000,29,860,layer_1,136,c2: ka_concept_1.c5 IS MEDIUM,0.10428670048713684
covtype_binary_20000,29,861,layer_1,286,c4: projection_3 IS MEDIUM,0.10300946235656738
covtype_binary_20000,29,862,layer_1,325,c5: ka_concept_1.c8 IS MEDIUM,0.10252087563276291
covtype_binary_20000,29,863,layer_1,319,c5: ka_concept_1.c6 IS MEDIUM,0.10195469111204147
covtype_binary_20000,29,864,layer_1,27,c0: ka_concept_1.c9 IS LOW,0.10167437791824341
covtype_binary_20000,29,865,layer_1,17,c0: ka_concept_1.c5 IS HIGH,0.10101685672998428
covtype_binary_20000,29,866,layer_1,347,c5: projection_3 IS HIGH,0.0992034301161766
covtype_binary_20000,29,867,layer_1,7,c0: ka_concept_1.c2 IS MEDIUM,0.0937899574637413
covtype_binary_20000,29,868,layer_1,306,c5: ka_concept_1.c2 IS LOW,0.0887790322303772
covtype_binary_20000,29,869,layer_1,43,c0: projection_2 IS MEDIUM,0.08863140642642975
covtype_binary_20000,29,870,layer_1,137,c2: ka_concept_1.c5 IS HIGH,0.0883461982011795
covtype_binary_20000,29,871,layer_1,343,c5: projection_2 IS MEDIUM,0.0878283679485321
covtype_binary_20000,29,872,layer_1,285,c4: projection_3 IS LOW,0.08610299974679947
covtype_binary_20000,29,873,layer_1,107,c1: projection_3 IS HIGH,0.08431892842054367
covtype_binary_20000,29,874,layer_1,36,c0: projection_0 IS LOW,0.08195792883634567
covtype_binary_20000,29,875,layer_1,247,c4: ka_concept_1.c2 IS MEDIUM,0.0802360326051712
covtype_binary_20000,29,876,layer_1,44,c0: projection_2 IS HIGH,0.07991434633731842
covtype_binary_20000,29,877,layer_1,216,c3: projection_0 IS LOW,0.07729589194059372
covtype_binary_20000,29,878,layer_1,63,c1: ka_concept_1.c1 IS LOW,0.07283378392457962
covtype_binary_20000,29,879,layer_1,237,c3: projection_7 IS LOW,0.07280789315700531
covtype_binary_20000,29,880,layer_1,162,c2: projection_2 IS LOW,0.07076790183782578
covtype_binary_20000,29,881,layer_1,15,c0: ka_concept_1.c5 IS LOW,0.06652487814426422
covtype_binary_20000,29,882,layer_1,243,c4: ka_concept_1.c1 IS LOW,0.06472396105527878
covtype_binary_20000,29,883,layer_1,223,c3: projection_2 IS MEDIUM,0.06296193599700928
covtype_binary_20000,29,884,layer_1,47,c0: projection_3 IS HIGH,0.06248515844345093
covtype_binary_20000,29,885,layer_1,45,c0: projection_3 IS LOW,0.06136423721909523
covtype_binary_20000,29,886,layer_1,6,c0: ka_concept_1.c2 IS LOW,0.05957082286477089
covtype_binary_20000,29,887,layer_1,202,c3: ka_concept_1.c7 IS MEDIUM,0.05595017597079277
covtype_binary_20000,29,888,layer_1,346,c5: projection_3 IS MEDIUM,0.05554860085248947
covtype_binary_20000,29,889,layer_1,164,c2: projection_2 IS HIGH,0.05181213468313217
covtype_binary_20000,29,890,layer_1,218,c3: projection_0 IS HIGH,0.050739798694849014
covtype_binary_20000,29,891,layer_1,344,c5: projection_2 IS HIGH,0.04784220829606056
covtype_binary_20000,29,892,layer_1,106,c1: projection_3 IS MEDIUM,0.04714458808302879
covtype_binary_20000,29,893,layer_1,180,c3: ka_concept_1.c0 IS LOW,0.04469043016433716
covtype_binary_20000,29,894,layer_1,100,c1: projection_1 IS MEDIUM,0.04261351004242897
covtype_binary_20000,29,895,layer_1,112,c1: projection_5 IS MEDIUM,0.039470382034778595
covtype_binary_20000,29,896,layer_1,298,c4: projection_7 IS MEDIUM,0.03369913622736931
covtype_binary_20000,29,897,layer_1,118,c1: projection_7 IS MEDIUM,0.03354857861995697
covtype_binary_20000,29,898,layer_1,155,c2: ka_concept_1.c11 IS HIGH,0.03246049955487251
covtype_binary_20000,29,899,layer_1,158,c2: projection_0 IS HIGH,0.028626836836338043
covtype_binary_20000,29,900,layer_1,338,c5: projection_0 IS HIGH,0.027829665690660477
covtype_binary_20000,29,901,layer_1,46,c0: projection_3 IS MEDIUM,0.024284617975354195
covtype_binary_20000,29,902,layer_1,38,c0: projection_0 IS HIGH,0.02422671765089035
covtype_binary_20000,29,903,layer_1,262,c4: ka_concept_1.c7 IS MEDIUM,0.023137038573622704
covtype_binary_20000,29,904,layer_1,355,c5: projection_6 IS MEDIUM,0.022463172674179077
covtype_binary_20000,29,905,layer_1,24,c0: ka_concept_1.c8 IS LOW,0.021668169647455215
covtype_binary_20000,29,906,layer_1,172,c2: projection_5 IS MEDIUM,0.020014429464936256
covtype_binary_20000,29,907,layer_1,292,c4: projection_5 IS MEDIUM,0.019186079502105713
covtype_binary_20000,29,908,layer_1,57,c0: projection_7 IS LOW,0.018029600381851196
covtype_binary_20000,29,909,layer_1,226,c3: projection_3 IS MEDIUM,0.016575638204813004
covtype_binary_20000,29,910,layer_1,335,c5: ka_concept_1.c11 IS HIGH,0.014348763972520828
covtype_binary_20000,29,911,layer_1,215,c3: ka_concept_1.c11 IS HIGH,0.01347269956022501
covtype_binary_20000,29,912,layer_1,280,c4: projection_1 IS MEDIUM,0.01236115861684084
covtype_binary_20000,29,913,layer_1,98,c1: projection_0 IS HIGH,0.01100457739084959
covtype_binary_20000,29,914,layer_1,334,c5: ka_concept_1.c11 IS MEDIUM,0.010992305353283882
covtype_binary_20000,29,915,layer_1,224,c3: projection_2 IS HIGH,0.009287163615226746
covtype_binary_20000,29,916,layer_1,232,c3: projection_5 IS MEDIUM,0.009280324913561344
covtype_binary_20000,29,917,layer_1,352,c5: projection_5 IS MEDIUM,0.007666048128157854
covtype_binary_20000,29,918,layer_1,220,c3: projection_1 IS MEDIUM,0.007334795780479908
covtype_binary_20000,29,919,layer_1,52,c0: projection_5 IS MEDIUM,0.005076652858406305
covtype_binary_20000,29,920,layer_1,40,c0: projection_1 IS MEDIUM,0.004990166053175926
covtype_binary_20000,29,921,layer_1,195,c3: ka_concept_1.c5 IS LOW,0.0034571958240121603
covtype_binary_20000,29,922,layer_1,35,c0: ka_concept_1.c11 IS HIGH,0.002497106557711959
covtype_binary_20000,29,923,layer_1,160,c2: projection_1 IS MEDIUM,0.002464575693011284
covtype_binary_20000,29,924,layer_1,244,c4: ka_concept_1.c1 IS MEDIUM,0.0013395814457908273
covtype_binary_20000,29,925,layer_1,340,c5: projection_1 IS MEDIUM,0.0006299563101492822
covtype_binary_20000,29,926,projection_layer,5,"pursuit_1(Elevation, Vertical_Distance_To_Hydrology, Soil_Type_40, Soil_Type_6) IS HIGH",0.0003644801035989076
covtype_binary_20000,29,927,layer_1,207,c3: ka_concept_1.c9 IS LOW,0.0003200457140337676
covtype_binary_20000,29,928,layer_1,101,c1: projection_1 IS HIGH,9.715882697491907e-06
covtype_binary_20000,29,929,layer_1,173,c2: projection_5 IS HIGH,4.315765181672759e-06
covtype_binary_20000,29,930,layer_1,221,c3: projection_1 IS HIGH,3.967706106777769e-06
covtype_binary_20000,29,931,layer_1,161,c2: projection_1 IS HIGH,1.5340646086769993e-06
covtype_binary_20000,29,932,layer_1,281,c4: projection_1 IS HIGH,1.2454762554625631e-06
covtype_binary_20000,29,933,layer_1,41,c0: projection_1 IS HIGH,9.965244771592552e-07
covtype_binary_20000,29,934,layer_1,233,c3: projection_5 IS HIGH,8.050957944760739e-07
covtype_binary_20000,29,935,projection_layer,15,"pursuit_5(Hillshade_9am, Wilderness_Area_1, Soil_Type_10, Soil_Type_32) IS LOW",4.1241463577534887e-07
covtype_binary_20000,29,936,projection_layer,16,"pursuit_5(Hillshade_9am, Wilderness_Area_1, Soil_Type_10, Soil_Type_32) IS MEDIUM",4.728733404846253e-09
