dataset,seed,budget,corr_threshold,cluster_id,cluster_size,representative_rule_id,representative_importance,selected
covtype_binary_20000,1,25,0.75,1,9,424,18.001515209906387,0
covtype_binary_20000,1,25,0.75,2,12,563,18.043911706100044,1
covtype_binary_20000,1,25,0.75,3,16,466,18.043911706100044,1
covtype_binary_20000,1,25,0.75,4,18,101,18.043911706100044,1
covtype_binary_20000,1,25,0.75,5,3,295,18.02199090177309,0
covtype_binary_20000,1,25,0.75,6,6,539,18.043911706100044,1
covtype_binary_20000,1,25,0.75,7,23,491,18.043911706100044,1
covtype_binary_20000,1,25,0.75,8,1,129,0.3126433159738376,0
covtype_binary_20000,1,25,0.75,9,7,661,18.043911706100044,1
covtype_binary_20000,1,25,0.75,10,2,182,0.27242631377089327,0
covtype_binary_20000,1,25,0.75,11,12,643,18.043911706100044,1
covtype_binary_20000,1,25,0.75,12,12,467,18.043911706100044,1
covtype_binary_20000,1,25,0.75,13,6,460,18.043911706100044,1
covtype_binary_20000,1,25,0.75,14,12,767,18.043911706100044,1
covtype_binary_20000,1,25,0.75,15,8,5,18.01266436528935,0
covtype_binary_20000,1,25,0.75,16,8,15,17.14490337500966,0
covtype_binary_20000,1,25,0.75,17,9,20,17.79361485075294,0
covtype_binary_20000,1,25,0.75,18,6,646,18.043911706100044,1
covtype_binary_20000,1,25,0.75,19,6,550,18.043911706100044,1
covtype_binary_20000,1,25,0.75,20,12,868,18.021140297940615,0
covtype_binary_20000,1,25,0.75,21,32,594,18.043911706100044,1
covtype_binary_20000,1,25,0.75,22,1,376,1.0133269228547188,0
covtype_binary_20000,1,25,0.75,23,6,681,18.043911706100044,1
covtype_binary_20000,1,25,0.75,24,7,386,17.909542006082003,0
covtype_binary_20000,1,25,0.75,25,16,2,18.043911706100044,1
covtype_binary_20000,1,25,0.75,26,8,59,18.042180720483078,0
covtype_binary_20000,1,25,0.75,27,8,392,17.751709080159646,0
covtype_binary_20000,1,25,0.75,28,19,86,18.043911706100044,1
covtype_binary_20000,1,25,0.75,29,6,888,18.043911706100044,1
covtype_binary_20000,1,25,0.75,30,6,823,18.043911706100044,1
covtype_binary_20000,1,25,0.75,31,3,54,16.29367781817849,0
covtype_binary_20000,1,25,0.75,32,6,579,18.043911706100044,1
covtype_binary_20000,1,25,0.75,33,12,246,5.202202816255595,0
covtype_binary_20000,1,25,0.75,34,4,19,16.80401194641459,0
covtype_binary_20000,1,25,0.75,35,12,398,18.043911706100044,1
covtype_binary_20000,1,25,0.75,36,12,92,13.93823358782492,0
covtype_binary_20000,1,25,0.75,37,6,701,18.043911706100044,1
covtype_binary_20000,1,25,0.75,38,9,102,18.01718767620237,0
covtype_binary_20000,1,25,0.75,39,9,24,17.497511638896984,0
covtype_binary_20000,1,25,0.75,40,6,110,17.122506922932203,0
covtype_binary_20000,1,25,0.75,41,6,703,18.043911706100044,1
covtype_binary_20000,1,25,0.75,42,12,597,18.043911706100044,1
covtype_binary_20000,1,25,0.75,43,11,154,8.235243659596488,0
covtype_binary_20000,1,25,0.75,44,12,810,18.043911706100044,1
covtype_binary_20000,1,25,0.75,45,8,116,17.87014059711519,0
covtype_binary_20000,1,25,0.75,46,12,565,18.043911706100044,0
covtype_binary_20000,1,25,0.75,47,6,518,18.043911706100044,0
covtype_binary_20000,1,25,0.75,48,5,237,1.5653665294789825,0
covtype_binary_20000,1,25,0.75,49,40,164,16.961098926875486,0
covtype_binary_20000,1,25,0.75,50,9,67,17.086411156266234,0
covtype_binary_20000,1,25,0.75,51,1,794,0.26867962596811795,0
covtype_binary_20000,1,25,0.75,52,12,716,18.043911706100044,0
covtype_binary_20000,1,25,0.75,53,42,43,16.64798911781303,0
covtype_binary_20000,1,25,0.75,54,19,782,18.043911706100044,0
covtype_binary_20000,1,25,0.75,55,7,108,3.9352458401589545,0
covtype_binary_20000,1,25,0.75,56,6,695,18.043911706100044,0
covtype_binary_20000,1,25,0.75,57,18,48,18.043911706100044,0
covtype_binary_20000,1,25,0.75,58,12,166,10.01889193515504,0
covtype_binary_20000,1,25,0.75,59,6,549,18.043911706100044,0
covtype_binary_20000,1,25,0.75,60,9,0,18.043911707128586,1
covtype_binary_20000,1,25,0.75,61,12,693,17.954165348970545,0
covtype_binary_20000,1,25,0.75,62,20,522,18.043911706100044,0
covtype_binary_20000,1,25,0.75,63,42,109,9.624459405238929,0
covtype_binary_20000,1,25,0.75,64,43,98,8.23107596707006,0
covtype_binary_20000,1,25,0.75,65,2,438,0.1842764383127507,0
covtype_binary_20000,1,25,0.75,66,7,458,18.043911706100044,0
covtype_binary_20000,1,25,0.75,67,7,685,18.043911706100044,0
covtype_binary_20000,1,25,0.75,68,9,104,17.40763229263146,0
covtype_binary_20000,1,25,0.75,69,9,411,17.899200462712717,0
covtype_binary_20000,1,25,0.75,70,9,359,18.043911706100044,0
covtype_binary_20000,1,25,0.75,71,13,609,18.043911706100044,0
covtype_binary_20000,1,25,0.75,72,9,64,17.727508543339656,0
covtype_binary_20000,1,25,0.75,73,1,32,0.011170629727558556,0
covtype_binary_20000,1,25,0.75,74,1,373,-0.0015440225379488304,0
covtype_binary_20000,1,25,0.75,75,6,722,18.043911706100044,0
covtype_binary_20000,1,25,0.75,76,12,847,18.043911706100044,0
covtype_binary_20000,1,25,0.75,77,7,786,18.043911706100044,0
covtype_binary_20000,1,25,0.75,78,9,212,17.724094822006773,0
covtype_binary_20000,1,25,0.75,79,1,477,0.013345839433149376,0
covtype_binary_20000,1,25,0.75,80,12,34,16.993715250450094,0
covtype_binary_20000,1,25,0.75,81,6,830,18.043911706100044,0
covtype_binary_20000,1,25,0.75,82,7,554,17.884171267914102,0
covtype_binary_20000,1,25,0.75,83,12,53,16.220746777190833,0
covtype_binary_20000,1,25,0.75,84,6,835,18.043911706100044,0
covtype_binary_20000,1,25,0.75,85,6,667,18.043911706100044,0
covtype_binary_20000,1,25,0.75,86,10,89,15.704573650026425,0
covtype_binary_20000,1,25,0.75,87,7,107,18.013233508478233,0
covtype_binary_20000,1,25,0.75,88,7,175,17.546315518794454,0
covtype_binary_20000,1,25,0.75,89,7,216,17.607427386490198,0
covtype_binary_20000,1,25,0.75,90,8,226,17.949511542844817,0
covtype_binary_20000,1,25,0.85,1,9,424,18.001515209906387,0
covtype_binary_20000,1,25,0.85,2,12,563,18.043911706100044,1
covtype_binary_20000,1,25,0.85,3,15,466,18.043911706100044,1
covtype_binary_20000,1,25,0.85,4,1,103,0.0016685233301324542,0
covtype_binary_20000,1,25,0.85,5,18,101,18.043911706100044,1
covtype_binary_20000,1,25,0.85,6,3,295,18.02199090177309,0
covtype_binary_20000,1,25,0.85,7,6,539,18.043911706100044,1
covtype_binary_20000,1,25,0.85,8,23,491,18.043911706100044,1
covtype_binary_20000,1,25,0.85,9,1,129,0.3126433159738376,0
covtype_binary_20000,1,25,0.85,10,7,661,18.043911706100044,1
covtype_binary_20000,1,25,0.85,11,2,182,0.27242631377089327,0
covtype_binary_20000,1,25,0.85,12,12,643,18.043911706100044,1
covtype_binary_20000,1,25,0.85,13,12,467,18.043911706100044,1
covtype_binary_20000,1,25,0.85,14,6,460,18.043911706100044,1
covtype_binary_20000,1,25,0.85,15,12,767,18.043911706100044,1
covtype_binary_20000,1,25,0.85,16,8,5,18.01266436528935,0
covtype_binary_20000,1,25,0.85,17,8,15,17.14490337500966,0
covtype_binary_20000,1,25,0.85,18,9,20,17.79361485075294,0
covtype_binary_20000,1,25,0.85,19,6,646,18.043911706100044,1
covtype_binary_20000,1,25,0.85,20,6,550,18.043911706100044,1
covtype_binary_20000,1,25,0.85,21,12,868,18.021140297940615,0
covtype_binary_20000,1,25,0.85,22,31,594,18.043911706100044,1
covtype_binary_20000,1,25,0.85,23,1,292,2.1943648829674838,0
covtype_binary_20000,1,25,0.85,24,1,376,1.0133269228547188,0
covtype_binary_20000,1,25,0.85,25,6,681,18.043911706100044,1
covtype_binary_20000,1,25,0.85,26,7,386,17.909542006082003,0
covtype_binary_20000,1,25,0.85,27,16,2,18.043911706100044,1
covtype_binary_20000,1,25,0.85,28,8,59,18.042180720483078,0
covtype_binary_20000,1,25,0.85,29,8,392,17.751709080159646,0
covtype_binary_20000,1,25,0.85,30,18,86,18.043911706100044,1
covtype_binary_20000,1,25,0.85,31,1,499,0.003083729390941814,0
covtype_binary_20000,1,25,0.85,32,6,888,18.043911706100044,1
covtype_binary_20000,1,25,0.85,33,6,823,18.043911706100044,1
covtype_binary_20000,1,25,0.85,34,3,54,16.29367781817849,0
covtype_binary_20000,1,25,0.85,35,6,579,18.043911706100044,1
covtype_binary_20000,1,25,0.85,36,12,246,5.202202816255595,0
covtype_binary_20000,1,25,0.85,37,4,19,16.80401194641459,0
covtype_binary_20000,1,25,0.85,38,6,834,17.283230735469335,0
covtype_binary_20000,1,25,0.85,39,6,398,18.043911706100044,1
covtype_binary_20000,1,25,0.85,40,12,92,13.93823358782492,0
covtype_binary_20000,1,25,0.85,41,6,701,18.043911706100044,1
covtype_binary_20000,1,25,0.85,42,9,102,18.01718767620237,0
covtype_binary_20000,1,25,0.85,43,9,24,17.497511638896984,0
covtype_binary_20000,1,25,0.85,44,6,110,17.122506922932203,0
covtype_binary_20000,1,25,0.85,45,6,703,18.043911706100044,1
covtype_binary_20000,1,25,0.85,46,12,597,18.043911706100044,1
covtype_binary_20000,1,25,0.85,47,11,154,8.235243659596488,0
covtype_binary_20000,1,25,0.85,48,6,810,18.043911706100044,1
covtype_binary_20000,1,25,0.85,49,6,447,17.9599705364989,0
covtype_binary_20000,1,25,0.85,50,8,116,17.87014059711519,0
covtype_binary_20000,1,25,0.85,51,6,565,18.043911706100044,0
covtype_binary_20000,1,25,0.85,52,6,635,18.043911706100044,0
covtype_binary_20000,1,25,0.85,53,6,518,18.043911706100044,0
covtype_binary_20000,1,25,0.85,54,5,237,1.5653665294789825,0
covtype_binary_20000,1,25,0.85,55,40,164,16.961098926875486,0
covtype_binary_20000,1,25,0.85,56,8,67,17.086411156266234,0
covtype_binary_20000,1,25,0.85,57,1,915,0.0006364152154283431,0
covtype_binary_20000,1,25,0.85,58,1,794,0.26867962596811795,0
covtype_binary_20000,1,25,0.85,59,12,716,18.043911706100044,0
covtype_binary_20000,1,25,0.85,60,42,43,16.64798911781303,0
covtype_binary_20000,1,25,0.85,61,19,782,18.043911706100044,0
covtype_binary_20000,1,25,0.85,62,7,108,3.9352458401589545,0
covtype_binary_20000,1,25,0.85,63,6,695,18.043911706100044,0
covtype_binary_20000,1,25,0.85,64,9,48,18.043911706100044,0
covtype_binary_20000,1,25,0.85,65,9,71,17.709518519378033,0
covtype_binary_20000,1,25,0.85,66,12,166,10.01889193515504,0
covtype_binary_20000,1,25,0.85,67,6,549,18.043911706100044,0
covtype_binary_20000,1,25,0.85,68,9,0,18.043911707128586,1
covtype_binary_20000,1,25,0.85,69,12,693,17.954165348970545,0
covtype_binary_20000,1,25,0.85,70,20,522,18.043911706100044,0
covtype_binary_20000,1,25,0.85,71,42,109,9.624459405238929,0
covtype_binary_20000,1,25,0.85,72,43,98,8.23107596707006,0
covtype_binary_20000,1,25,0.85,73,2,438,0.1842764383127507,0
covtype_binary_20000,1,25,0.85,74,7,458,18.043911706100044,0
covtype_binary_20000,1,25,0.85,75,7,685,18.043911706100044,0
covtype_binary_20000,1,25,0.85,76,9,104,17.40763229263146,0
covtype_binary_20000,1,25,0.85,77,9,411,17.899200462712717,0
covtype_binary_20000,1,25,0.85,78,9,359,18.043911706100044,0
covtype_binary_20000,1,25,0.85,79,13,609,18.043911706100044,0
covtype_binary_20000,1,25,0.85,80,9,64,17.727508543339656,0
covtype_binary_20000,1,25,0.85,81,1,32,0.011170629727558556,0
covtype_binary_20000,1,25,0.85,82,1,373,-0.0015440225379488304,0
covtype_binary_20000,1,25,0.85,83,6,722,18.043911706100044,0
covtype_binary_20000,1,25,0.85,84,6,847,18.043911706100044,0
covtype_binary_20000,1,25,0.85,85,6,511,17.974082730442454,0
covtype_binary_20000,1,25,0.85,86,6,786,18.043911706100044,0
covtype_binary_20000,1,25,0.85,87,1,6,0.3935493804145012,0
covtype_binary_20000,1,25,0.85,88,9,212,17.724094822006773,0
covtype_binary_20000,1,25,0.85,89,1,477,0.013345839433149376,0
covtype_binary_20000,1,25,0.85,90,12,34,16.993715250450094,0
covtype_binary_20000,1,25,0.85,91,6,830,18.043911706100044,0
covtype_binary_20000,1,25,0.85,92,7,554,17.884171267914102,0
covtype_binary_20000,1,25,0.85,93,12,53,16.220746777190833,0
covtype_binary_20000,1,25,0.85,94,6,835,18.043911706100044,0
covtype_binary_20000,1,25,0.85,95,6,667,18.043911706100044,0
covtype_binary_20000,1,25,0.85,96,10,89,15.704573650026425,0
covtype_binary_20000,1,25,0.85,97,7,107,18.013233508478233,0
covtype_binary_20000,1,25,0.85,98,7,175,17.546315518794454,0
covtype_binary_20000,1,25,0.85,99,7,216,17.607427386490198,0
covtype_binary_20000,1,25,0.85,100,8,226,17.949511542844817,0
covtype_binary_20000,1,25,0.9,1,9,424,18.001515209906387,0
covtype_binary_20000,1,25,0.9,2,12,563,18.043911706100044,1
covtype_binary_20000,1,25,0.9,3,15,466,18.043911706100044,1
covtype_binary_20000,1,25,0.9,4,1,103,0.0016685233301324542,0
covtype_binary_20000,1,25,0.9,5,18,101,18.043911706100044,1
covtype_binary_20000,1,25,0.9,6,2,295,18.02199090177309,0
covtype_binary_20000,1,25,0.9,7,1,488,6.766018635535151,0
covtype_binary_20000,1,25,0.9,8,6,539,18.043911706100044,1
covtype_binary_20000,1,25,0.9,9,6,491,18.043911706100044,1
covtype_binary_20000,1,25,0.9,10,17,725,18.043911706100044,1
covtype_binary_20000,1,25,0.9,11,1,129,0.3126433159738376,0
covtype_binary_20000,1,25,0.9,12,7,661,18.043911706100044,1
covtype_binary_20000,1,25,0.9,13,2,182,0.27242631377089327,0
covtype_binary_20000,1,25,0.9,14,12,643,18.043911706100044,1
covtype_binary_20000,1,25,0.9,15,6,736,18.043911706100044,1
covtype_binary_20000,1,25,0.9,16,6,467,18.043911706100044,1
covtype_binary_20000,1,25,0.9,17,6,460,18.043911706100044,1
covtype_binary_20000,1,25,0.9,18,12,767,18.043911706100044,1
covtype_binary_20000,1,25,0.9,19,8,5,18.01266436528935,0
covtype_binary_20000,1,25,0.9,20,8,15,17.14490337500966,0
covtype_binary_20000,1,25,0.9,21,9,20,17.79361485075294,0
covtype_binary_20000,1,25,0.9,22,6,646,18.043911706100044,1
covtype_binary_20000,1,25,0.9,23,6,550,18.043911706100044,1
covtype_binary_20000,1,25,0.9,24,6,868,18.021140297940615,0
covtype_binary_20000,1,25,0.9,25,6,885,17.979542526536264,0
covtype_binary_20000,1,25,0.9,26,31,594,18.043911706100044,1
covtype_binary_20000,1,25,0.9,27,1,292,2.1943648829674838,0
covtype_binary_20000,1,25,0.9,28,1,376,1.0133269228547188,0
covtype_binary_20000,1,25,0.9,29,6,681,18.043911706100044,1
covtype_binary_20000,1,25,0.9,30,7,386,17.909542006082003,0
covtype_binary_20000,1,25,0.9,31,7,233,17.093893820281416,0
covtype_binary_20000,1,25,0.9,32,9,2,18.043911706100044,1
covtype_binary_20000,1,25,0.9,33,8,59,18.042180720483078,0
covtype_binary_20000,1,25,0.9,34,8,392,17.751709080159646,0
covtype_binary_20000,1,25,0.9,35,18,86,18.043911706100044,1
covtype_binary_20000,1,25,0.9,36,1,499,0.003083729390941814,0
covtype_binary_20000,1,25,0.9,37,6,888,18.043911706100044,1
covtype_binary_20000,1,25,0.9,38,6,823,18.043911706100044,1
covtype_binary_20000,1,25,0.9,39,3,54,16.29367781817849,0
covtype_binary_20000,1,25,0.9,40,6,579,18.043911706100044,1
covtype_binary_20000,1,25,0.9,41,12,246,5.202202816255595,0
covtype_binary_20000,1,25,0.9,42,4,19,16.80401194641459,0
covtype_binary_20000,1,25,0.9,43,6,834,17.283230735469335,0
covtype_binary_20000,1,25,0.9,44,6,398,18.043911706100044,1
covtype_binary_20000,1,25,0.9,45,12,92,13.93823358782492,0
covtype_binary_20000,1,25,0.9,46,6,701,18.043911706100044,1
covtype_binary_20000,1,25,0.9,47,9,102,18.01718767620237,0
covtype_binary_20000,1,25,0.9,48,9,24,17.497511638896984,0
covtype_binary_20000,1,25,0.9,49,6,110,17.122506922932203,0
covtype_binary_20000,1,25,0.9,50,6,703,18.043911706100044,1
covtype_binary_20000,1,25,0.9,51,12,597,18.043911706100044,0
covtype_binary_20000,1,25,0.9,52,11,154,8.235243659596488,0
covtype_binary_20000,1,25,0.9,53,6,810,18.043911706100044,0
covtype_binary_20000,1,25,0.9,54,6,447,17.9599705364989,0
covtype_binary_20000,1,25,0.9,55,8,116,17.87014059711519,0
covtype_binary_20000,1,25,0.9,56,6,565,18.043911706100044,0
covtype_binary_20000,1,25,0.9,57,6,635,18.043911706100044,0
covtype_binary_20000,1,25,0.9,58,6,518,18.043911706100044,0
covtype_binary_20000,1,25,0.9,59,5,237,1.5653665294789825,0
covtype_binary_20000,1,25,0.9,60,40,164,16.961098926875486,0
covtype_binary_20000,1,25,0.9,61,8,67,17.086411156266234,0
covtype_binary_20000,1,25,0.9,62,1,915,0.0006364152154283431,0
covtype_binary_20000,1,25,0.9,63,1,794,0.26867962596811795,0
covtype_binary_20000,1,25,0.9,64,6,716,18.043911706100044,0
covtype_binary_20000,1,25,0.9,65,6,388,17.254857034016457,0
covtype_binary_20000,1,25,0.9,66,42,43,16.64798911781303,0
covtype_binary_20000,1,25,0.9,67,18,782,18.043911706100044,0
covtype_binary_20000,1,25,0.9,68,1,357,15.585895036524239,0
covtype_binary_20000,1,25,0.9,69,7,108,3.9352458401589545,0
covtype_binary_20000,1,25,0.9,70,6,695,18.043911706100044,0
covtype_binary_20000,1,25,0.9,71,9,48,18.043911706100044,0
covtype_binary_20000,1,25,0.9,72,9,71,17.709518519378033,0
covtype_binary_20000,1,25,0.9,73,12,166,10.01889193515504,0
covtype_binary_20000,1,25,0.9,74,6,549,18.043911706100044,0
covtype_binary_20000,1,25,0.9,75,9,0,18.043911707128586,1
covtype_binary_20000,1,25,0.9,76,6,693,17.954165348970545,0
covtype_binary_20000,1,25,0.9,77,6,531,17.678812865737072,0
covtype_binary_20000,1,25,0.9,78,20,522,18.043911706100044,0
covtype_binary_20000,1,25,0.9,79,42,109,9.624459405238929,0
covtype_binary_20000,1,25,0.9,80,43,98,8.23107596707006,0
covtype_binary_20000,1,25,0.9,81,2,438,0.1842764383127507,0
covtype_binary_20000,1,25,0.9,82,7,458,18.043911706100044,0
covtype_binary_20000,1,25,0.9,83,6,685,18.043911706100044,0
covtype_binary_20000,1,25,0.9,84,1,94,0.0009781525803899682,0
covtype_binary_20000,1,25,0.9,85,9,104,17.40763229263146,0
covtype_binary_20000,1,25,0.9,86,9,411,17.899200462712717,0
covtype_binary_20000,1,25,0.9,87,9,359,18.043911706100044,0
covtype_binary_20000,1,25,0.9,88,13,609,18.043911706100044,0
covtype_binary_20000,1,25,0.9,89,9,64,17.727508543339656,0
covtype_binary_20000,1,25,0.9,90,1,32,0.011170629727558556,0
covtype_binary_20000,1,25,0.9,91,1,373,-0.0015440225379488304,0
covtype_binary_20000,1,25,0.9,92,6,722,18.043911706100044,0
covtype_binary_20000,1,25,0.9,93,6,847,18.043911706100044,0
covtype_binary_20000,1,25,0.9,94,6,511,17.974082730442454,0
covtype_binary_20000,1,25,0.9,95,6,786,18.043911706100044,0
covtype_binary_20000,1,25,0.9,96,1,6,0.3935493804145012,0
covtype_binary_20000,1,25,0.9,97,9,212,17.724094822006773,0
covtype_binary_20000,1,25,0.9,98,1,477,0.013345839433149376,0
covtype_binary_20000,1,25,0.9,99,12,34,16.993715250450094,0
covtype_binary_20000,1,25,0.9,100,6,830,18.043911706100044,0
covtype_binary_20000,1,25,0.9,101,7,554,17.884171267914102,0
covtype_binary_20000,1,25,0.9,102,12,53,16.220746777190833,0
covtype_binary_20000,1,25,0.9,103,6,835,18.043911706100044,0
covtype_binary_20000,1,25,0.9,104,6,667,18.043911706100044,0
covtype_binary_20000,1,25,0.9,105,10,89,15.704573650026425,0
covtype_binary_20000,1,25,0.9,106,7,107,18.013233508478233,0
covtype_binary_20000,1,25,0.9,107,7,175,17.546315518794454,0
covtype_binary_20000,1,25,0.9,108,7,216,17.607427386490198,0
covtype_binary_20000,1,25,0.9,109,8,226,17.949511542844817,0
covtype_binary_20000,1,50,0.75,1,9,424,18.001515209906387,1
covtype_binary_20000,1,50,0.75,2,12,563,18.043911706100044,1
covtype_binary_20000,1,50,0.75,3,16,466,18.043911706100044,1
covtype_binary_20000,1,50,0.75,4,18,101,18.043911706100044,1
covtype_binary_20000,1,50,0.75,5,3,295,18.02199090177309,1
covtype_binary_20000,1,50,0.75,6,6,539,18.043911706100044,1
covtype_binary_20000,1,50,0.75,7,23,491,18.043911706100044,1
covtype_binary_20000,1,50,0.75,8,1,129,0.3126433159738376,0
covtype_binary_20000,1,50,0.75,9,7,661,18.043911706100044,1
covtype_binary_20000,1,50,0.75,10,2,182,0.27242631377089327,0
covtype_binary_20000,1,50,0.75,11,12,643,18.043911706100044,1
covtype_binary_20000,1,50,0.75,12,12,467,18.043911706100044,1
covtype_binary_20000,1,50,0.75,13,6,460,18.043911706100044,1
covtype_binary_20000,1,50,0.75,14,12,767,18.043911706100044,1
covtype_binary_20000,1,50,0.75,15,8,5,18.01266436528935,1
covtype_binary_20000,1,50,0.75,16,8,15,17.14490337500966,0
covtype_binary_20000,1,50,0.75,17,9,20,17.79361485075294,0
covtype_binary_20000,1,50,0.75,18,6,646,18.043911706100044,1
covtype_binary_20000,1,50,0.75,19,6,550,18.043911706100044,1
covtype_binary_20000,1,50,0.75,20,12,868,18.021140297940615,1
covtype_binary_20000,1,50,0.75,21,32,594,18.043911706100044,1
covtype_binary_20000,1,50,0.75,22,1,376,1.0133269228547188,0
covtype_binary_20000,1,50,0.75,23,6,681,18.043911706100044,1
covtype_binary_20000,1,50,0.75,24,7,386,17.909542006082003,0
covtype_binary_20000,1,50,0.75,25,16,2,18.043911706100044,1
covtype_binary_20000,1,50,0.75,26,8,59,18.042180720483078,1
covtype_binary_20000,1,50,0.75,27,8,392,17.751709080159646,0
covtype_binary_20000,1,50,0.75,28,19,86,18.043911706100044,1
covtype_binary_20000,1,50,0.75,29,6,888,18.043911706100044,1
covtype_binary_20000,1,50,0.75,30,6,823,18.043911706100044,1
covtype_binary_20000,1,50,0.75,31,3,54,16.29367781817849,0
covtype_binary_20000,1,50,0.75,32,6,579,18.043911706100044,1
covtype_binary_20000,1,50,0.75,33,12,246,5.202202816255595,0
covtype_binary_20000,1,50,0.75,34,4,19,16.80401194641459,0
covtype_binary_20000,1,50,0.75,35,12,398,18.043911706100044,1
covtype_binary_20000,1,50,0.75,36,12,92,13.93823358782492,0
covtype_binary_20000,1,50,0.75,37,6,701,18.043911706100044,1
covtype_binary_20000,1,50,0.75,38,9,102,18.01718767620237,1
covtype_binary_20000,1,50,0.75,39,9,24,17.497511638896984,0
covtype_binary_20000,1,50,0.75,40,6,110,17.122506922932203,0
covtype_binary_20000,1,50,0.75,41,6,703,18.043911706100044,1
covtype_binary_20000,1,50,0.75,42,12,597,18.043911706100044,1
covtype_binary_20000,1,50,0.75,43,11,154,8.235243659596488,0
covtype_binary_20000,1,50,0.75,44,12,810,18.043911706100044,1
covtype_binary_20000,1,50,0.75,45,8,116,17.87014059711519,0
covtype_binary_20000,1,50,0.75,46,12,565,18.043911706100044,1
covtype_binary_20000,1,50,0.75,47,6,518,18.043911706100044,1
covtype_binary_20000,1,50,0.75,48,5,237,1.5653665294789825,0
covtype_binary_20000,1,50,0.75,49,40,164,16.961098926875486,0
covtype_binary_20000,1,50,0.75,50,9,67,17.086411156266234,0
covtype_binary_20000,1,50,0.75,51,1,794,0.26867962596811795,0
covtype_binary_20000,1,50,0.75,52,12,716,18.043911706100044,1
covtype_binary_20000,1,50,0.75,53,42,43,16.64798911781303,0
covtype_binary_20000,1,50,0.75,54,19,782,18.043911706100044,1
covtype_binary_20000,1,50,0.75,55,7,108,3.9352458401589545,0
covtype_binary_20000,1,50,0.75,56,6,695,18.043911706100044,1
covtype_binary_20000,1,50,0.75,57,18,48,18.043911706100044,1
covtype_binary_20000,1,50,0.75,58,12,166,10.01889193515504,0
covtype_binary_20000,1,50,0.75,59,6,549,18.043911706100044,1
covtype_binary_20000,1,50,0.75,60,9,0,18.043911707128586,1
covtype_binary_20000,1,50,0.75,61,12,693,17.954165348970545,0
covtype_binary_20000,1,50,0.75,62,20,522,18.043911706100044,1
covtype_binary_20000,1,50,0.75,63,42,109,9.624459405238929,0
covtype_binary_20000,1,50,0.75,64,43,98,8.23107596707006,0
covtype_binary_20000,1,50,0.75,65,2,438,0.1842764383127507,0
covtype_binary_20000,1,50,0.75,66,7,458,18.043911706100044,1
covtype_binary_20000,1,50,0.75,67,7,685,18.043911706100044,1
covtype_binary_20000,1,50,0.75,68,9,104,17.40763229263146,0
covtype_binary_20000,1,50,0.75,69,9,411,17.899200462712717,0
covtype_binary_20000,1,50,0.75,70,9,359,18.043911706100044,1
covtype_binary_20000,1,50,0.75,71,13,609,18.043911706100044,1
covtype_binary_20000,1,50,0.75,72,9,64,17.727508543339656,0
covtype_binary_20000,1,50,0.75,73,1,32,0.011170629727558556,0
covtype_binary_20000,1,50,0.75,74,1,373,-0.0015440225379488304,0
covtype_binary_20000,1,50,0.75,75,6,722,18.043911706100044,1
covtype_binary_20000,1,50,0.75,76,12,847,18.043911706100044,1
covtype_binary_20000,1,50,0.75,77,7,786,18.043911706100044,1
covtype_binary_20000,1,50,0.75,78,9,212,17.724094822006773,0
covtype_binary_20000,1,50,0.75,79,1,477,0.013345839433149376,0
covtype_binary_20000,1,50,0.75,80,12,34,16.993715250450094,0
covtype_binary_20000,1,50,0.75,81,6,830,18.043911706100044,1
covtype_binary_20000,1,50,0.75,82,7,554,17.884171267914102,0
covtype_binary_20000,1,50,0.75,83,12,53,16.220746777190833,0
covtype_binary_20000,1,50,0.75,84,6,835,18.043911706100044,1
covtype_binary_20000,1,50,0.75,85,6,667,18.043911706100044,1
covtype_binary_20000,1,50,0.75,86,10,89,15.704573650026425,0
covtype_binary_20000,1,50,0.75,87,7,107,18.013233508478233,1
covtype_binary_20000,1,50,0.75,88,7,175,17.546315518794454,0
covtype_binary_20000,1,50,0.75,89,7,216,17.607427386490198,0
covtype_binary_20000,1,50,0.75,90,8,226,17.949511542844817,0
covtype_binary_20000,1,50,0.85,1,9,424,18.001515209906387,0
covtype_binary_20000,1,50,0.85,2,12,563,18.043911706100044,1
covtype_binary_20000,1,50,0.85,3,15,466,18.043911706100044,1
covtype_binary_20000,1,50,0.85,4,1,103,0.0016685233301324542,0
covtype_binary_20000,1,50,0.85,5,18,101,18.043911706100044,1
covtype_binary_20000,1,50,0.85,6,3,295,18.02199090177309,1
covtype_binary_20000,1,50,0.85,7,6,539,18.043911706100044,1
covtype_binary_20000,1,50,0.85,8,23,491,18.043911706100044,1
covtype_binary_20000,1,50,0.85,9,1,129,0.3126433159738376,0
covtype_binary_20000,1,50,0.85,10,7,661,18.043911706100044,1
covtype_binary_20000,1,50,0.85,11,2,182,0.27242631377089327,0
covtype_binary_20000,1,50,0.85,12,12,643,18.043911706100044,1
covtype_binary_20000,1,50,0.85,13,12,467,18.043911706100044,1
covtype_binary_20000,1,50,0.85,14,6,460,18.043911706100044,1
covtype_binary_20000,1,50,0.85,15,12,767,18.043911706100044,1
covtype_binary_20000,1,50,0.85,16,8,5,18.01266436528935,1
covtype_binary_20000,1,50,0.85,17,8,15,17.14490337500966,0
covtype_binary_20000,1,50,0.85,18,9,20,17.79361485075294,0
covtype_binary_20000,1,50,0.85,19,6,646,18.043911706100044,1
covtype_binary_20000,1,50,0.85,20,6,550,18.043911706100044,1
covtype_binary_20000,1,50,0.85,21,12,868,18.021140297940615,1
covtype_binary_20000,1,50,0.85,22,31,594,18.043911706100044,1
covtype_binary_20000,1,50,0.85,23,1,292,2.1943648829674838,0
covtype_binary_20000,1,50,0.85,24,1,376,1.0133269228547188,0
covtype_binary_20000,1,50,0.85,25,6,681,18.043911706100044,1
covtype_binary_20000,1,50,0.85,26,7,386,17.909542006082003,0
covtype_binary_20000,1,50,0.85,27,16,2,18.043911706100044,1
covtype_binary_20000,1,50,0.85,28,8,59,18.042180720483078,1
covtype_binary_20000,1,50,0.85,29,8,392,17.751709080159646,0
covtype_binary_20000,1,50,0.85,30,18,86,18.043911706100044,1
covtype_binary_20000,1,50,0.85,31,1,499,0.003083729390941814,0
covtype_binary_20000,1,50,0.85,32,6,888,18.043911706100044,1
covtype_binary_20000,1,50,0.85,33,6,823,18.043911706100044,1
covtype_binary_20000,1,50,0.85,34,3,54,16.29367781817849,0
covtype_binary_20000,1,50,0.85,35,6,579,18.043911706100044,1
covtype_binary_20000,1,50,0.85,36,12,246,5.202202816255595,0
covtype_binary_20000,1,50,0.85,37,4,19,16.80401194641459,0
covtype_binary_20000,1,50,0.85,38,6,834,17.283230735469335,0
covtype_binary_20000,1,50,0.85,39,6,398,18.043911706100044,1
covtype_binary_20000,1,50,0.85,40,12,92,13.93823358782492,0
covtype_binary_20000,1,50,0.85,41,6,701,18.043911706100044,1
covtype_binary_20000,1,50,0.85,42,9,102,18.01718767620237,1
covtype_binary_20000,1,50,0.85,43,9,24,17.497511638896984,0
covtype_binary_20000,1,50,0.85,44,6,110,17.122506922932203,0
covtype_binary_20000,1,50,0.85,45,6,703,18.043911706100044,1
covtype_binary_20000,1,50,0.85,46,12,597,18.043911706100044,1
covtype_binary_20000,1,50,0.85,47,11,154,8.235243659596488,0
covtype_binary_20000,1,50,0.85,48,6,810,18.043911706100044,1
covtype_binary_20000,1,50,0.85,49,6,447,17.9599705364989,0
covtype_binary_20000,1,50,0.85,50,8,116,17.87014059711519,0
covtype_binary_20000,1,50,0.85,51,6,565,18.043911706100044,1
covtype_binary_20000,1,50,0.85,52,6,635,18.043911706100044,1
covtype_binary_20000,1,50,0.85,53,6,518,18.043911706100044,1
covtype_binary_20000,1,50,0.85,54,5,237,1.5653665294789825,0
covtype_binary_20000,1,50,0.85,55,40,164,16.961098926875486,0
covtype_binary_20000,1,50,0.85,56,8,67,17.086411156266234,0
covtype_binary_20000,1,50,0.85,57,1,915,0.0006364152154283431,0
covtype_binary_20000,1,50,0.85,58,1,794,0.26867962596811795,0
covtype_binary_20000,1,50,0.85,59,12,716,18.043911706100044,1
covtype_binary_20000,1,50,0.85,60,42,43,16.64798911781303,0
covtype_binary_20000,1,50,0.85,61,19,782,18.043911706100044,1
covtype_binary_20000,1,50,0.85,62,7,108,3.9352458401589545,0
covtype_binary_20000,1,50,0.85,63,6,695,18.043911706100044,1
covtype_binary_20000,1,50,0.85,64,9,48,18.043911706100044,1
covtype_binary_20000,1,50,0.85,65,9,71,17.709518519378033,0
covtype_binary_20000,1,50,0.85,66,12,166,10.01889193515504,0
covtype_binary_20000,1,50,0.85,67,6,549,18.043911706100044,1
covtype_binary_20000,1,50,0.85,68,9,0,18.043911707128586,1
covtype_binary_20000,1,50,0.85,69,12,693,17.954165348970545,0
covtype_binary_20000,1,50,0.85,70,20,522,18.043911706100044,1
covtype_binary_20000,1,50,0.85,71,42,109,9.624459405238929,0
covtype_binary_20000,1,50,0.85,72,43,98,8.23107596707006,0
covtype_binary_20000,1,50,0.85,73,2,438,0.1842764383127507,0
covtype_binary_20000,1,50,0.85,74,7,458,18.043911706100044,1
covtype_binary_20000,1,50,0.85,75,7,685,18.043911706100044,1
covtype_binary_20000,1,50,0.85,76,9,104,17.40763229263146,0
covtype_binary_20000,1,50,0.85,77,9,411,17.899200462712717,0
covtype_binary_20000,1,50,0.85,78,9,359,18.043911706100044,1
covtype_binary_20000,1,50,0.85,79,13,609,18.043911706100044,1
covtype_binary_20000,1,50,0.85,80,9,64,17.727508543339656,0
covtype_binary_20000,1,50,0.85,81,1,32,0.011170629727558556,0
covtype_binary_20000,1,50,0.85,82,1,373,-0.0015440225379488304,0
covtype_binary_20000,1,50,0.85,83,6,722,18.043911706100044,1
covtype_binary_20000,1,50,0.85,84,6,847,18.043911706100044,1
covtype_binary_20000,1,50,0.85,85,6,511,17.974082730442454,0
covtype_binary_20000,1,50,0.85,86,6,786,18.043911706100044,1
covtype_binary_20000,1,50,0.85,87,1,6,0.3935493804145012,0
covtype_binary_20000,1,50,0.85,88,9,212,17.724094822006773,0
covtype_binary_20000,1,50,0.85,89,1,477,0.013345839433149376,0
covtype_binary_20000,1,50,0.85,90,12,34,16.993715250450094,0
covtype_binary_20000,1,50,0.85,91,6,830,18.043911706100044,1
covtype_binary_20000,1,50,0.85,92,7,554,17.884171267914102,0
covtype_binary_20000,1,50,0.85,93,12,53,16.220746777190833,0
covtype_binary_20000,1,50,0.85,94,6,835,18.043911706100044,1
covtype_binary_20000,1,50,0.85,95,6,667,18.043911706100044,1
covtype_binary_20000,1,50,0.85,96,10,89,15.704573650026425,0
covtype_binary_20000,1,50,0.85,97,7,107,18.013233508478233,1
covtype_binary_20000,1,50,0.85,98,7,175,17.546315518794454,0
covtype_binary_20000,1,50,0.85,99,7,216,17.607427386490198,0
covtype_binary_20000,1,50,0.85,100,8,226,17.949511542844817,0
covtype_binary_20000,1,50,0.9,1,9,424,18.001515209906387,0
covtype_binary_20000,1,50,0.9,2,12,563,18.043911706100044,1
covtype_binary_20000,1,50,0.9,3,15,466,18.043911706100044,1
covtype_binary_20000,1,50,0.9,4,1,103,0.0016685233301324542,0
covtype_binary_20000,1,50,0.9,5,18,101,18.043911706100044,1
covtype_binary_20000,1,50,0.9,6,2,295,18.02199090177309,1
covtype_binary_20000,1,50,0.9,7,1,488,6.766018635535151,0
covtype_binary_20000,1,50,0.9,8,6,539,18.043911706100044,1
covtype_binary_20000,1,50,0.9,9,6,491,18.043911706100044,1
covtype_binary_20000,1,50,0.9,10,17,725,18.043911706100044,1
covtype_binary_20000,1,50,0.9,11,1,129,0.3126433159738376,0
covtype_binary_20000,1,50,0.9,12,7,661,18.043911706100044,1
covtype_binary_20000,1,50,0.9,13,2,182,0.27242631377089327,0
covtype_binary_20000,1,50,0.9,14,12,643,18.043911706100044,1
covtype_binary_20000,1,50,0.9,15,6,736,18.043911706100044,1
covtype_binary_20000,1,50,0.9,16,6,467,18.043911706100044,1
covtype_binary_20000,1,50,0.9,17,6,460,18.043911706100044,1
covtype_binary_20000,1,50,0.9,18,12,767,18.043911706100044,1
covtype_binary_20000,1,50,0.9,19,8,5,18.01266436528935,0
covtype_binary_20000,1,50,0.9,20,8,15,17.14490337500966,0
covtype_binary_20000,1,50,0.9,21,9,20,17.79361485075294,0
covtype_binary_20000,1,50,0.9,22,6,646,18.043911706100044,1
covtype_binary_20000,1,50,0.9,23,6,550,18.043911706100044,1
covtype_binary_20000,1,50,0.9,24,6,868,18.021140297940615,1
covtype_binary_20000,1,50,0.9,25,6,885,17.979542526536264,0
covtype_binary_20000,1,50,0.9,26,31,594,18.043911706100044,1
covtype_binary_20000,1,50,0.9,27,1,292,2.1943648829674838,0
covtype_binary_20000,1,50,0.9,28,1,376,1.0133269228547188,0
covtype_binary_20000,1,50,0.9,29,6,681,18.043911706100044,1
covtype_binary_20000,1,50,0.9,30,7,386,17.909542006082003,0
covtype_binary_20000,1,50,0.9,31,7,233,17.093893820281416,0
covtype_binary_20000,1,50,0.9,32,9,2,18.043911706100044,1
covtype_binary_20000,1,50,0.9,33,8,59,18.042180720483078,1
covtype_binary_20000,1,50,0.9,34,8,392,17.751709080159646,0
covtype_binary_20000,1,50,0.9,35,18,86,18.043911706100044,1
covtype_binary_20000,1,50,0.9,36,1,499,0.003083729390941814,0
covtype_binary_20000,1,50,0.9,37,6,888,18.043911706100044,1
covtype_binary_20000,1,50,0.9,38,6,823,18.043911706100044,1
covtype_binary_20000,1,50,0.9,39,3,54,16.29367781817849,0
covtype_binary_20000,1,50,0.9,40,6,579,18.043911706100044,1
covtype_binary_20000,1,50,0.9,41,12,246,5.202202816255595,0
covtype_binary_20000,1,50,0.9,42,4,19,16.80401194641459,0
covtype_binary_20000,1,50,0.9,43,6,834,17.283230735469335,0
covtype_binary_20000,1,50,0.9,44,6,398,18.043911706100044,1
covtype_binary_20000,1,50,0.9,45,12,92,13.93823358782492,0
covtype_binary_20000,1,50,0.9,46,6,701,18.043911706100044,1
covtype_binary_20000,1,50,0.9,47,9,102,18.01718767620237,1
covtype_binary_20000,1,50,0.9,48,9,24,17.497511638896984,0
covtype_binary_20000,1,50,0.9,49,6,110,17.122506922932203,0
covtype_binary_20000,1,50,0.9,50,6,703,18.043911706100044,1
covtype_binary_20000,1,50,0.9,51,12,597,18.043911706100044,1
covtype_binary_20000,1,50,0.9,52,11,154,8.235243659596488,0
covtype_binary_20000,1,50,0.9,53,6,810,18.043911706100044,1
covtype_binary_20000,1,50,0.9,54,6,447,17.9599705364989,0
covtype_binary_20000,1,50,0.9,55,8,116,17.87014059711519,0
covtype_binary_20000,1,50,0.9,56,6,565,18.043911706100044,1
covtype_binary_20000,1,50,0.9,57,6,635,18.043911706100044,1
covtype_binary_20000,1,50,0.9,58,6,518,18.043911706100044,1
covtype_binary_20000,1,50,0.9,59,5,237,1.5653665294789825,0
covtype_binary_20000,1,50,0.9,60,40,164,16.961098926875486,0
covtype_binary_20000,1,50,0.9,61,8,67,17.086411156266234,0
covtype_binary_20000,1,50,0.9,62,1,915,0.0006364152154283431,0
covtype_binary_20000,1,50,0.9,63,1,794,0.26867962596811795,0
covtype_binary_20000,1,50,0.9,64,6,716,18.043911706100044,1
covtype_binary_20000,1,50,0.9,65,6,388,17.254857034016457,0
covtype_binary_20000,1,50,0.9,66,42,43,16.64798911781303,0
covtype_binary_20000,1,50,0.9,67,18,782,18.043911706100044,1
covtype_binary_20000,1,50,0.9,68,1,357,15.585895036524239,0
covtype_binary_20000,1,50,0.9,69,7,108,3.9352458401589545,0
covtype_binary_20000,1,50,0.9,70,6,695,18.043911706100044,1
covtype_binary_20000,1,50,0.9,71,9,48,18.043911706100044,1
covtype_binary_20000,1,50,0.9,72,9,71,17.709518519378033,0
covtype_binary_20000,1,50,0.9,73,12,166,10.01889193515504,0
covtype_binary_20000,1,50,0.9,74,6,549,18.043911706100044,1
covtype_binary_20000,1,50,0.9,75,9,0,18.043911707128586,1
covtype_binary_20000,1,50,0.9,76,6,693,17.954165348970545,0
covtype_binary_20000,1,50,0.9,77,6,531,17.678812865737072,0
covtype_binary_20000,1,50,0.9,78,20,522,18.043911706100044,1
covtype_binary_20000,1,50,0.9,79,42,109,9.624459405238929,0
covtype_binary_20000,1,50,0.9,80,43,98,8.23107596707006,0
covtype_binary_20000,1,50,0.9,81,2,438,0.1842764383127507,0
covtype_binary_20000,1,50,0.9,82,7,458,18.043911706100044,1
covtype_binary_20000,1,50,0.9,83,6,685,18.043911706100044,1
covtype_binary_20000,1,50,0.9,84,1,94,0.0009781525803899682,0
covtype_binary_20000,1,50,0.9,85,9,104,17.40763229263146,0
covtype_binary_20000,1,50,0.9,86,9,411,17.899200462712717,0
covtype_binary_20000,1,50,0.9,87,9,359,18.043911706100044,1
covtype_binary_20000,1,50,0.9,88,13,609,18.043911706100044,1
covtype_binary_20000,1,50,0.9,89,9,64,17.727508543339656,0
covtype_binary_20000,1,50,0.9,90,1,32,0.011170629727558556,0
covtype_binary_20000,1,50,0.9,91,1,373,-0.0015440225379488304,0
covtype_binary_20000,1,50,0.9,92,6,722,18.043911706100044,1
covtype_binary_20000,1,50,0.9,93,6,847,18.043911706100044,1
covtype_binary_20000,1,50,0.9,94,6,511,17.974082730442454,0
covtype_binary_20000,1,50,0.9,95,6,786,18.043911706100044,1
covtype_binary_20000,1,50,0.9,96,1,6,0.3935493804145012,0
covtype_binary_20000,1,50,0.9,97,9,212,17.724094822006773,0
covtype_binary_20000,1,50,0.9,98,1,477,0.013345839433149376,0
covtype_binary_20000,1,50,0.9,99,12,34,16.993715250450094,0
covtype_binary_20000,1,50,0.9,100,6,830,18.043911706100044,1
covtype_binary_20000,1,50,0.9,101,7,554,17.884171267914102,0
covtype_binary_20000,1,50,0.9,102,12,53,16.220746777190833,0
covtype_binary_20000,1,50,0.9,103,6,835,18.043911706100044,1
covtype_binary_20000,1,50,0.9,104,6,667,18.043911706100044,1
covtype_binary_20000,1,50,0.9,105,10,89,15.704573650026425,0
covtype_binary_20000,1,50,0.9,106,7,107,18.013233508478233,0
covtype_binary_20000,1,50,0.9,107,7,175,17.546315518794454,0
covtype_binary_20000,1,50,0.9,108,7,216,17.607427386490198,0
covtype_binary_20000,1,50,0.9,109,8,226,17.949511542844817,0
covtype_binary_20000,1,100,0.75,1,9,424,18.001515209906387,1
covtype_binary_20000,1,100,0.75,2,12,563,18.043911706100044,1
covtype_binary_20000,1,100,0.75,3,16,466,18.043911706100044,1
covtype_binary_20000,1,100,0.75,4,18,101,18.043911706100044,1
covtype_binary_20000,1,100,0.75,5,3,295,18.02199090177309,1
covtype_binary_20000,1,100,0.75,6,6,539,18.043911706100044,1
covtype_binary_20000,1,100,0.75,7,23,491,18.043911706100044,1
covtype_binary_20000,1,100,0.75,8,1,129,0.3126433159738376,1
covtype_binary_20000,1,100,0.75,9,7,661,18.043911706100044,1
covtype_binary_20000,1,100,0.75,10,2,182,0.27242631377089327,1
covtype_binary_20000,1,100,0.75,11,12,643,18.043911706100044,1
covtype_binary_20000,1,100,0.75,12,12,467,18.043911706100044,1
covtype_binary_20000,1,100,0.75,13,6,460,18.043911706100044,1
covtype_binary_20000,1,100,0.75,14,12,767,18.043911706100044,1
covtype_binary_20000,1,100,0.75,15,8,5,18.01266436528935,1
covtype_binary_20000,1,100,0.75,16,8,15,17.14490337500966,1
covtype_binary_20000,1,100,0.75,17,9,20,17.79361485075294,1
covtype_binary_20000,1,100,0.75,18,6,646,18.043911706100044,1
covtype_binary_20000,1,100,0.75,19,6,550,18.043911706100044,1
covtype_binary_20000,1,100,0.75,20,12,868,18.021140297940615,1
covtype_binary_20000,1,100,0.75,21,32,594,18.043911706100044,1
covtype_binary_20000,1,100,0.75,22,1,376,1.0133269228547188,1
covtype_binary_20000,1,100,0.75,23,6,681,18.043911706100044,1
covtype_binary_20000,1,100,0.75,24,7,386,17.909542006082003,1
covtype_binary_20000,1,100,0.75,25,16,2,18.043911706100044,1
covtype_binary_20000,1,100,0.75,26,8,59,18.042180720483078,1
covtype_binary_20000,1,100,0.75,27,8,392,17.751709080159646,1
covtype_binary_20000,1,100,0.75,28,19,86,18.043911706100044,1
covtype_binary_20000,1,100,0.75,29,6,888,18.043911706100044,1
covtype_binary_20000,1,100,0.75,30,6,823,18.043911706100044,1
covtype_binary_20000,1,100,0.75,31,3,54,16.29367781817849,1
covtype_binary_20000,1,100,0.75,32,6,579,18.043911706100044,1
covtype_binary_20000,1,100,0.75,33,12,246,5.202202816255595,1
covtype_binary_20000,1,100,0.75,34,4,19,16.80401194641459,1
covtype_binary_20000,1,100,0.75,35,12,398,18.043911706100044,1
covtype_binary_20000,1,100,0.75,36,12,92,13.93823358782492,1
covtype_binary_20000,1,100,0.75,37,6,701,18.043911706100044,1
covtype_binary_20000,1,100,0.75,38,9,102,18.01718767620237,1
covtype_binary_20000,1,100,0.75,39,9,24,17.497511638896984,1
covtype_binary_20000,1,100,0.75,40,6,110,17.122506922932203,1
covtype_binary_20000,1,100,0.75,41,6,703,18.043911706100044,1
covtype_binary_20000,1,100,0.75,42,12,597,18.043911706100044,1
covtype_binary_20000,1,100,0.75,43,11,154,8.235243659596488,1
covtype_binary_20000,1,100,0.75,44,12,810,18.043911706100044,1
covtype_binary_20000,1,100,0.75,45,8,116,17.87014059711519,1
covtype_binary_20000,1,100,0.75,46,12,565,18.043911706100044,1
covtype_binary_20000,1,100,0.75,47,6,518,18.043911706100044,1
covtype_binary_20000,1,100,0.75,48,5,237,1.5653665294789825,1
covtype_binary_20000,1,100,0.75,49,40,164,16.961098926875486,1
covtype_binary_20000,1,100,0.75,50,9,67,17.086411156266234,1
covtype_binary_20000,1,100,0.75,51,1,794,0.26867962596811795,1
covtype_binary_20000,1,100,0.75,52,12,716,18.043911706100044,1
covtype_binary_20000,1,100,0.75,53,42,43,16.64798911781303,1
covtype_binary_20000,1,100,0.75,54,19,782,18.043911706100044,1
covtype_binary_20000,1,100,0.75,55,7,108,3.9352458401589545,1
covtype_binary_20000,1,100,0.75,56,6,695,18.043911706100044,1
covtype_binary_20000,1,100,0.75,57,18,48,18.043911706100044,1
covtype_binary_20000,1,100,0.75,58,12,166,10.01889193515504,1
covtype_binary_20000,1,100,0.75,59,6,549,18.043911706100044,1
covtype_binary_20000,1,100,0.75,60,9,0,18.043911707128586,1
covtype_binary_20000,1,100,0.75,61,12,693,17.954165348970545,1
covtype_binary_20000,1,100,0.75,62,20,522,18.043911706100044,1
covtype_binary_20000,1,100,0.75,63,42,109,9.624459405238929,1
covtype_binary_20000,1,100,0.75,64,43,98,8.23107596707006,1
covtype_binary_20000,1,100,0.75,65,2,438,0.1842764383127507,1
covtype_binary_20000,1,100,0.75,66,7,458,18.043911706100044,1
covtype_binary_20000,1,100,0.75,67,7,685,18.043911706100044,1
covtype_binary_20000,1,100,0.75,68,9,104,17.40763229263146,1
covtype_binary_20000,1,100,0.75,69,9,411,17.899200462712717,1
covtype_binary_20000,1,100,0.75,70,9,359,18.043911706100044,1
covtype_binary_20000,1,100,0.75,71,13,609,18.043911706100044,1
covtype_binary_20000,1,100,0.75,72,9,64,17.727508543339656,1
covtype_binary_20000,1,100,0.75,73,1,32,0.011170629727558556,1
covtype_binary_20000,1,100,0.75,74,1,373,-0.0015440225379488304,1
covtype_binary_20000,1,100,0.75,75,6,722,18.043911706100044,1
covtype_binary_20000,1,100,0.75,76,12,847,18.043911706100044,1
covtype_binary_20000,1,100,0.75,77,7,786,18.043911706100044,1
covtype_binary_20000,1,100,0.75,78,9,212,17.724094822006773,1
covtype_binary_20000,1,100,0.75,79,1,477,0.013345839433149376,1
covtype_binary_20000,1,100,0.75,80,12,34,16.993715250450094,1
covtype_binary_20000,1,100,0.75,81,6,830,18.043911706100044,1
covtype_binary_20000,1,100,0.75,82,7,554,17.884171267914102,1
covtype_binary_20000,1,100,0.75,83,12,53,16.220746777190833,1
covtype_binary_20000,1,100,0.75,84,6,835,18.043911706100044,1
covtype_binary_20000,1,100,0.75,85,6,667,18.043911706100044,1
covtype_binary_20000,1,100,0.75,86,10,89,15.704573650026425,1
covtype_binary_20000,1,100,0.75,87,7,107,18.013233508478233,1
covtype_binary_20000,1,100,0.75,88,7,175,17.546315518794454,1
covtype_binary_20000,1,100,0.75,89,7,216,17.607427386490198,1
covtype_binary_20000,1,100,0.75,90,8,226,17.949511542844817,1
covtype_binary_20000,1,100,0.85,1,9,424,18.001515209906387,1
covtype_binary_20000,1,100,0.85,2,12,563,18.043911706100044,1
covtype_binary_20000,1,100,0.85,3,15,466,18.043911706100044,1
covtype_binary_20000,1,100,0.85,4,1,103,0.0016685233301324542,1
covtype_binary_20000,1,100,0.85,5,18,101,18.043911706100044,1
covtype_binary_20000,1,100,0.85,6,3,295,18.02199090177309,1
covtype_binary_20000,1,100,0.85,7,6,539,18.043911706100044,1
covtype_binary_20000,1,100,0.85,8,23,491,18.043911706100044,1
covtype_binary_20000,1,100,0.85,9,1,129,0.3126433159738376,1
covtype_binary_20000,1,100,0.85,10,7,661,18.043911706100044,1
covtype_binary_20000,1,100,0.85,11,2,182,0.27242631377089327,1
covtype_binary_20000,1,100,0.85,12,12,643,18.043911706100044,1
covtype_binary_20000,1,100,0.85,13,12,467,18.043911706100044,1
covtype_binary_20000,1,100,0.85,14,6,460,18.043911706100044,1
covtype_binary_20000,1,100,0.85,15,12,767,18.043911706100044,1
covtype_binary_20000,1,100,0.85,16,8,5,18.01266436528935,1
covtype_binary_20000,1,100,0.85,17,8,15,17.14490337500966,1
covtype_binary_20000,1,100,0.85,18,9,20,17.79361485075294,1
covtype_binary_20000,1,100,0.85,19,6,646,18.043911706100044,1
covtype_binary_20000,1,100,0.85,20,6,550,18.043911706100044,1
covtype_binary_20000,1,100,0.85,21,12,868,18.021140297940615,1
covtype_binary_20000,1,100,0.85,22,31,594,18.043911706100044,1
covtype_binary_20000,1,100,0.85,23,1,292,2.1943648829674838,1
covtype_binary_20000,1,100,0.85,24,1,376,1.0133269228547188,1
covtype_binary_20000,1,100,0.85,25,6,681,18.043911706100044,1
covtype_binary_20000,1,100,0.85,26,7,386,17.909542006082003,1
covtype_binary_20000,1,100,0.85,27,16,2,18.043911706100044,1
covtype_binary_20000,1,100,0.85,28,8,59,18.042180720483078,1
covtype_binary_20000,1,100,0.85,29,8,392,17.751709080159646,1
covtype_binary_20000,1,100,0.85,30,18,86,18.043911706100044,1
covtype_binary_20000,1,100,0.85,31,1,499,0.003083729390941814,1
covtype_binary_20000,1,100,0.85,32,6,888,18.043911706100044,1
covtype_binary_20000,1,100,0.85,33,6,823,18.043911706100044,1
covtype_binary_20000,1,100,0.85,34,3,54,16.29367781817849,1
covtype_binary_20000,1,100,0.85,35,6,579,18.043911706100044,1
covtype_binary_20000,1,100,0.85,36,12,246,5.202202816255595,1
covtype_binary_20000,1,100,0.85,37,4,19,16.80401194641459,1
covtype_binary_20000,1,100,0.85,38,6,834,17.283230735469335,1
covtype_binary_20000,1,100,0.85,39,6,398,18.043911706100044,1
covtype_binary_20000,1,100,0.85,40,12,92,13.93823358782492,1
covtype_binary_20000,1,100,0.85,41,6,701,18.043911706100044,1
covtype_binary_20000,1,100,0.85,42,9,102,18.01718767620237,1
covtype_binary_20000,1,100,0.85,43,9,24,17.497511638896984,1
covtype_binary_20000,1,100,0.85,44,6,110,17.122506922932203,1
covtype_binary_20000,1,100,0.85,45,6,703,18.043911706100044,1
covtype_binary_20000,1,100,0.85,46,12,597,18.043911706100044,1
covtype_binary_20000,1,100,0.85,47,11,154,8.235243659596488,1
covtype_binary_20000,1,100,0.85,48,6,810,18.043911706100044,1
covtype_binary_20000,1,100,0.85,49,6,447,17.9599705364989,1
covtype_binary_20000,1,100,0.85,50,8,116,17.87014059711519,1
covtype_binary_20000,1,100,0.85,51,6,565,18.043911706100044,1
covtype_binary_20000,1,100,0.85,52,6,635,18.043911706100044,1
covtype_binary_20000,1,100,0.85,53,6,518,18.043911706100044,1
covtype_binary_20000,1,100,0.85,54,5,237,1.5653665294789825,1
covtype_binary_20000,1,100,0.85,55,40,164,16.961098926875486,1
covtype_binary_20000,1,100,0.85,56,8,67,17.086411156266234,1
covtype_binary_20000,1,100,0.85,57,1,915,0.0006364152154283431,1
covtype_binary_20000,1,100,0.85,58,1,794,0.26867962596811795,1
covtype_binary_20000,1,100,0.85,59,12,716,18.043911706100044,1
covtype_binary_20000,1,100,0.85,60,42,43,16.64798911781303,1
covtype_binary_20000,1,100,0.85,61,19,782,18.043911706100044,1
covtype_binary_20000,1,100,0.85,62,7,108,3.9352458401589545,1
covtype_binary_20000,1,100,0.85,63,6,695,18.043911706100044,1
covtype_binary_20000,1,100,0.85,64,9,48,18.043911706100044,1
covtype_binary_20000,1,100,0.85,65,9,71,17.709518519378033,1
covtype_binary_20000,1,100,0.85,66,12,166,10.01889193515504,1
covtype_binary_20000,1,100,0.85,67,6,549,18.043911706100044,1
covtype_binary_20000,1,100,0.85,68,9,0,18.043911707128586,1
covtype_binary_20000,1,100,0.85,69,12,693,17.954165348970545,1
covtype_binary_20000,1,100,0.85,70,20,522,18.043911706100044,1
covtype_binary_20000,1,100,0.85,71,42,109,9.624459405238929,1
covtype_binary_20000,1,100,0.85,72,43,98,8.23107596707006,1
covtype_binary_20000,1,100,0.85,73,2,438,0.1842764383127507,1
covtype_binary_20000,1,100,0.85,74,7,458,18.043911706100044,1
covtype_binary_20000,1,100,0.85,75,7,685,18.043911706100044,1
covtype_binary_20000,1,100,0.85,76,9,104,17.40763229263146,1
covtype_binary_20000,1,100,0.85,77,9,411,17.899200462712717,1
covtype_binary_20000,1,100,0.85,78,9,359,18.043911706100044,1
covtype_binary_20000,1,100,0.85,79,13,609,18.043911706100044,1
covtype_binary_20000,1,100,0.85,80,9,64,17.727508543339656,1
covtype_binary_20000,1,100,0.85,81,1,32,0.011170629727558556,1
covtype_binary_20000,1,100,0.85,82,1,373,-0.0015440225379488304,1
covtype_binary_20000,1,100,0.85,83,6,722,18.043911706100044,1
covtype_binary_20000,1,100,0.85,84,6,847,18.043911706100044,1
covtype_binary_20000,1,100,0.85,85,6,511,17.974082730442454,1
covtype_binary_20000,1,100,0.85,86,6,786,18.043911706100044,1
covtype_binary_20000,1,100,0.85,87,1,6,0.3935493804145012,1
covtype_binary_20000,1,100,0.85,88,9,212,17.724094822006773,1
covtype_binary_20000,1,100,0.85,89,1,477,0.013345839433149376,1
covtype_binary_20000,1,100,0.85,90,12,34,16.993715250450094,1
covtype_binary_20000,1,100,0.85,91,6,830,18.043911706100044,1
covtype_binary_20000,1,100,0.85,92,7,554,17.884171267914102,1
covtype_binary_20000,1,100,0.85,93,12,53,16.220746777190833,1
covtype_binary_20000,1,100,0.85,94,6,835,18.043911706100044,1
covtype_binary_20000,1,100,0.85,95,6,667,18.043911706100044,1
covtype_binary_20000,1,100,0.85,96,10,89,15.704573650026425,1
covtype_binary_20000,1,100,0.85,97,7,107,18.013233508478233,1
covtype_binary_20000,1,100,0.85,98,7,175,17.546315518794454,1
covtype_binary_20000,1,100,0.85,99,7,216,17.607427386490198,1
covtype_binary_20000,1,100,0.85,100,8,226,17.949511542844817,1
covtype_binary_20000,1,100,0.9,1,9,424,18.001515209906387,1
covtype_binary_20000,1,100,0.9,2,12,563,18.043911706100044,1
covtype_binary_20000,1,100,0.9,3,15,466,18.043911706100044,1
covtype_binary_20000,1,100,0.9,4,1,103,0.0016685233301324542,0
covtype_binary_20000,1,100,0.9,5,18,101,18.043911706100044,1
covtype_binary_20000,1,100,0.9,6,2,295,18.02199090177309,1
covtype_binary_20000,1,100,0.9,7,1,488,6.766018635535151,1
covtype_binary_20000,1,100,0.9,8,6,539,18.043911706100044,1
covtype_binary_20000,1,100,0.9,9,6,491,18.043911706100044,1
covtype_binary_20000,1,100,0.9,10,17,725,18.043911706100044,1
covtype_binary_20000,1,100,0.9,11,1,129,0.3126433159738376,1
covtype_binary_20000,1,100,0.9,12,7,661,18.043911706100044,1
covtype_binary_20000,1,100,0.9,13,2,182,0.27242631377089327,1
covtype_binary_20000,1,100,0.9,14,12,643,18.043911706100044,1
covtype_binary_20000,1,100,0.9,15,6,736,18.043911706100044,1
covtype_binary_20000,1,100,0.9,16,6,467,18.043911706100044,1
covtype_binary_20000,1,100,0.9,17,6,460,18.043911706100044,1
covtype_binary_20000,1,100,0.9,18,12,767,18.043911706100044,1
covtype_binary_20000,1,100,0.9,19,8,5,18.01266436528935,1
covtype_binary_20000,1,100,0.9,20,8,15,17.14490337500966,1
covtype_binary_20000,1,100,0.9,21,9,20,17.79361485075294,1
covtype_binary_20000,1,100,0.9,22,6,646,18.043911706100044,1
covtype_binary_20000,1,100,0.9,23,6,550,18.043911706100044,1
covtype_binary_20000,1,100,0.9,24,6,868,18.021140297940615,1
covtype_binary_20000,1,100,0.9,25,6,885,17.979542526536264,1
covtype_binary_20000,1,100,0.9,26,31,594,18.043911706100044,1
covtype_binary_20000,1,100,0.9,27,1,292,2.1943648829674838,1
covtype_binary_20000,1,100,0.9,28,1,376,1.0133269228547188,1
covtype_binary_20000,1,100,0.9,29,6,681,18.043911706100044,1
covtype_binary_20000,1,100,0.9,30,7,386,17.909542006082003,1
covtype_binary_20000,1,100,0.9,31,7,233,17.093893820281416,1
covtype_binary_20000,1,100,0.9,32,9,2,18.043911706100044,1
covtype_binary_20000,1,100,0.9,33,8,59,18.042180720483078,1
covtype_binary_20000,1,100,0.9,34,8,392,17.751709080159646,1
covtype_binary_20000,1,100,0.9,35,18,86,18.043911706100044,1
covtype_binary_20000,1,100,0.9,36,1,499,0.003083729390941814,0
covtype_binary_20000,1,100,0.9,37,6,888,18.043911706100044,1
covtype_binary_20000,1,100,0.9,38,6,823,18.043911706100044,1
covtype_binary_20000,1,100,0.9,39,3,54,16.29367781817849,1
covtype_binary_20000,1,100,0.9,40,6,579,18.043911706100044,1
covtype_binary_20000,1,100,0.9,41,12,246,5.202202816255595,1
covtype_binary_20000,1,100,0.9,42,4,19,16.80401194641459,1
covtype_binary_20000,1,100,0.9,43,6,834,17.283230735469335,1
covtype_binary_20000,1,100,0.9,44,6,398,18.043911706100044,1
covtype_binary_20000,1,100,0.9,45,12,92,13.93823358782492,1
covtype_binary_20000,1,100,0.9,46,6,701,18.043911706100044,1
covtype_binary_20000,1,100,0.9,47,9,102,18.01718767620237,1
covtype_binary_20000,1,100,0.9,48,9,24,17.497511638896984,1
covtype_binary_20000,1,100,0.9,49,6,110,17.122506922932203,1
covtype_binary_20000,1,100,0.9,50,6,703,18.043911706100044,1
covtype_binary_20000,1,100,0.9,51,12,597,18.043911706100044,1
covtype_binary_20000,1,100,0.9,52,11,154,8.235243659596488,1
covtype_binary_20000,1,100,0.9,53,6,810,18.043911706100044,1
covtype_binary_20000,1,100,0.9,54,6,447,17.9599705364989,1
covtype_binary_20000,1,100,0.9,55,8,116,17.87014059711519,1
covtype_binary_20000,1,100,0.9,56,6,565,18.043911706100044,1
covtype_binary_20000,1,100,0.9,57,6,635,18.043911706100044,1
covtype_binary_20000,1,100,0.9,58,6,518,18.043911706100044,1
covtype_binary_20000,1,100,0.9,59,5,237,1.5653665294789825,1
covtype_binary_20000,1,100,0.9,60,40,164,16.961098926875486,1
covtype_binary_20000,1,100,0.9,61,8,67,17.086411156266234,1
covtype_binary_20000,1,100,0.9,62,1,915,0.0006364152154283431,0
covtype_binary_20000,1,100,0.9,63,1,794,0.26867962596811795,0
covtype_binary_20000,1,100,0.9,64,6,716,18.043911706100044,1
covtype_binary_20000,1,100,0.9,65,6,388,17.254857034016457,1
covtype_binary_20000,1,100,0.9,66,42,43,16.64798911781303,1
covtype_binary_20000,1,100,0.9,67,18,782,18.043911706100044,1
covtype_binary_20000,1,100,0.9,68,1,357,15.585895036524239,1
covtype_binary_20000,1,100,0.9,69,7,108,3.9352458401589545,1
covtype_binary_20000,1,100,0.9,70,6,695,18.043911706100044,1
covtype_binary_20000,1,100,0.9,71,9,48,18.043911706100044,1
covtype_binary_20000,1,100,0.9,72,9,71,17.709518519378033,1
covtype_binary_20000,1,100,0.9,73,12,166,10.01889193515504,1
covtype_binary_20000,1,100,0.9,74,6,549,18.043911706100044,1
covtype_binary_20000,1,100,0.9,75,9,0,18.043911707128586,1
covtype_binary_20000,1,100,0.9,76,6,693,17.954165348970545,1
covtype_binary_20000,1,100,0.9,77,6,531,17.678812865737072,1
covtype_binary_20000,1,100,0.9,78,20,522,18.043911706100044,1
covtype_binary_20000,1,100,0.9,79,42,109,9.624459405238929,1
covtype_binary_20000,1,100,0.9,80,43,98,8.23107596707006,1
covtype_binary_20000,1,100,0.9,81,2,438,0.1842764383127507,0
covtype_binary_20000,1,100,0.9,82,7,458,18.043911706100044,1
covtype_binary_20000,1,100,0.9,83,6,685,18.043911706100044,1
covtype_binary_20000,1,100,0.9,84,1,94,0.0009781525803899682,0
covtype_binary_20000,1,100,0.9,85,9,104,17.40763229263146,1
covtype_binary_20000,1,100,0.9,86,9,411,17.899200462712717,1
covtype_binary_20000,1,100,0.9,87,9,359,18.043911706100044,1
covtype_binary_20000,1,100,0.9,88,13,609,18.043911706100044,1
covtype_binary_20000,1,100,0.9,89,9,64,17.727508543339656,1
covtype_binary_20000,1,100,0.9,90,1,32,0.011170629727558556,0
covtype_binary_20000,1,100,0.9,91,1,373,-0.0015440225379488304,0
covtype_binary_20000,1,100,0.9,92,6,722,18.043911706100044,1
covtype_binary_20000,1,100,0.9,93,6,847,18.043911706100044,1
covtype_binary_20000,1,100,0.9,94,6,511,17.974082730442454,1
covtype_binary_20000,1,100,0.9,95,6,786,18.043911706100044,1
covtype_binary_20000,1,100,0.9,96,1,6,0.3935493804145012,1
covtype_binary_20000,1,100,0.9,97,9,212,17.724094822006773,1
covtype_binary_20000,1,100,0.9,98,1,477,0.013345839433149376,0
covtype_binary_20000,1,100,0.9,99,12,34,16.993715250450094,1
covtype_binary_20000,1,100,0.9,100,6,830,18.043911706100044,1
covtype_binary_20000,1,100,0.9,101,7,554,17.884171267914102,1
covtype_binary_20000,1,100,0.9,102,12,53,16.220746777190833,1
covtype_binary_20000,1,100,0.9,103,6,835,18.043911706100044,1
covtype_binary_20000,1,100,0.9,104,6,667,18.043911706100044,1
covtype_binary_20000,1,100,0.9,105,10,89,15.704573650026425,1
covtype_binary_20000,1,100,0.9,106,7,107,18.013233508478233,1
covtype_binary_20000,1,100,0.9,107,7,175,17.546315518794454,1
covtype_binary_20000,1,100,0.9,108,7,216,17.607427386490198,1
covtype_binary_20000,1,100,0.9,109,8,226,17.949511542844817,1
covtype_binary_20000,7,25,0.75,1,9,4,18.077843382463556,1
covtype_binary_20000,7,25,0.75,2,10,230,17.656991017270165,0
covtype_binary_20000,7,25,0.75,3,12,29,15.6537151107559,0
covtype_binary_20000,7,25,0.75,4,12,856,18.077843382463556,1
covtype_binary_20000,7,25,0.75,5,6,764,18.077843382463556,1
covtype_binary_20000,7,25,0.75,6,6,744,18.077843382463556,1
covtype_binary_20000,7,25,0.75,7,6,531,18.077843382463556,1
covtype_binary_20000,7,25,0.75,8,12,45,17.853557261567843,0
covtype_binary_20000,7,25,0.75,9,9,307,17.787950186521613,0
covtype_binary_20000,7,25,0.75,10,7,593,18.077843382463556,1
covtype_binary_20000,7,25,0.75,11,2,497,0.8719027667651347,0
covtype_binary_20000,7,25,0.75,12,12,680,18.077843382463556,1
covtype_binary_20000,7,25,0.75,13,6,772,18.077843382463556,1
covtype_binary_20000,7,25,0.75,14,6,818,18.077843382463556,1
covtype_binary_20000,7,25,0.75,15,6,573,18.077843382463556,1
covtype_binary_20000,7,25,0.75,16,20,67,18.077843382463556,1
covtype_binary_20000,7,25,0.75,17,7,220,17.791063707092146,0
covtype_binary_20000,7,25,0.75,18,7,101,18.07473132254462,0
covtype_binary_20000,7,25,0.75,19,11,350,17.42220130124371,0
covtype_binary_20000,7,25,0.75,20,7,711,18.077843382463556,1
covtype_binary_20000,7,25,0.75,21,8,329,18.010926328338286,0
covtype_binary_20000,7,25,0.75,22,17,71,18.077843382463556,1
covtype_binary_20000,7,25,0.75,23,4,219,16.717794540591477,0
covtype_binary_20000,7,25,0.75,24,39,299,16.068962594053797,0
covtype_binary_20000,7,25,0.75,25,18,590,18.077843382463556,1
covtype_binary_20000,7,25,0.75,26,6,671,18.077843382463556,1
covtype_binary_20000,7,25,0.75,27,18,625,18.077843382463556,1
covtype_binary_20000,7,25,0.75,28,8,93,17.836552724310685,0
covtype_binary_20000,7,25,0.75,29,12,408,18.077843382463556,1
covtype_binary_20000,7,25,0.75,30,19,416,18.077843382463556,1
covtype_binary_20000,7,25,0.75,31,12,180,17.63384316964001,0
covtype_binary_20000,7,25,0.75,32,6,500,18.077843382463556,1
covtype_binary_20000,7,25,0.75,33,12,899,18.077843382463556,1
covtype_binary_20000,7,25,0.75,34,42,201,16.732054483790147,0
covtype_binary_20000,7,25,0.75,35,16,580,18.077843382463556,1
covtype_binary_20000,7,25,0.75,36,6,631,18.077843382463556,1
covtype_binary_20000,7,25,0.75,37,8,24,18.023786229346115,0
covtype_binary_20000,7,25,0.75,38,8,12,17.39598510400953,0
covtype_binary_20000,7,25,0.75,39,6,771,18.077843382463556,1
covtype_binary_20000,7,25,0.75,40,12,845,18.077843382463556,0
covtype_binary_20000,7,25,0.75,41,6,98,17.14121547195662,0
covtype_binary_20000,7,25,0.75,42,12,460,18.077843382463556,0
covtype_binary_20000,7,25,0.75,43,6,501,18.077843382463556,0
covtype_binary_20000,7,25,0.75,44,8,289,18.009892139863513,0
covtype_binary_20000,7,25,0.75,45,4,38,16.428871964228048,0
covtype_binary_20000,7,25,0.75,46,12,719,18.077843382463556,0
covtype_binary_20000,7,25,0.75,47,11,269,17.600563055985276,0
covtype_binary_20000,7,25,0.75,48,12,628,18.077843382463556,0
covtype_binary_20000,7,25,0.75,49,12,770,18.077843382463556,0
covtype_binary_20000,7,25,0.75,50,1,607,0.00023273357340553025,0
covtype_binary_20000,7,25,0.75,51,9,303,17.765999330742225,0
covtype_binary_20000,7,25,0.75,52,13,561,18.077843382463556,0
covtype_binary_20000,7,25,0.75,53,7,319,17.949771522612764,0
covtype_binary_20000,7,25,0.75,54,7,403,18.077843382463556,0
covtype_binary_20000,7,25,0.75,55,1,569,0.00013613738101131423,0
covtype_binary_20000,7,25,0.75,56,9,112,17.22504483943112,0
covtype_binary_20000,7,25,0.75,57,16,457,18.077843382463556,0
covtype_binary_20000,7,25,0.75,58,9,191,17.68394335840112,0
covtype_binary_20000,7,25,0.75,59,13,555,18.077843382463556,0
covtype_binary_20000,7,25,0.75,60,9,328,18.077843382463556,0
covtype_binary_20000,7,25,0.75,61,18,487,18.07784338656039,1
covtype_binary_20000,7,25,0.75,62,1,624,0.000601903961007122,0
covtype_binary_20000,7,25,0.75,63,2,921,0.0002028463350553511,0
covtype_binary_20000,7,25,0.75,64,12,517,18.077843382463556,0
covtype_binary_20000,7,25,0.75,65,6,582,18.077843382463556,0
covtype_binary_20000,7,25,0.75,66,12,420,18.077843382463556,0
covtype_binary_20000,7,25,0.75,67,6,761,18.077843382463556,0
covtype_binary_20000,7,25,0.75,68,6,401,18.077843382463556,0
covtype_binary_20000,7,25,0.75,69,6,668,18.077843382463556,0
covtype_binary_20000,7,25,0.75,70,9,48,18.06936734291236,0
covtype_binary_20000,7,25,0.75,71,9,254,17.486441374898426,0
covtype_binary_20000,7,25,0.75,72,1,390,0.00158119423357167,0
covtype_binary_20000,7,25,0.75,73,6,179,17.424279584098322,0
covtype_binary_20000,7,25,0.75,74,11,113,16.646833429022063,0
covtype_binary_20000,7,25,0.75,75,6,679,18.077843382463556,0
covtype_binary_20000,7,25,0.75,76,10,62,18.077847120101175,1
covtype_binary_20000,7,25,0.75,77,1,720,0.0006049352870284297,0
covtype_binary_20000,7,25,0.75,78,6,713,18.077843382463556,0
covtype_binary_20000,7,25,0.75,79,84,39,11.438246654583182,0
covtype_binary_20000,7,25,0.75,80,6,510,18.077843382463556,0
covtype_binary_20000,7,25,0.75,81,12,260,17.44026883506215,0
covtype_binary_20000,7,25,0.75,82,2,28,17.359973913725792,0
covtype_binary_20000,7,25,0.75,83,9,215,17.971399174421794,0
covtype_binary_20000,7,25,0.75,84,9,415,17.459984298223887,0
covtype_binary_20000,7,25,0.75,85,8,349,17.301938818245066,0
covtype_binary_20000,7,25,0.75,86,6,732,18.077843382463556,0
covtype_binary_20000,7,25,0.75,87,6,536,18.077843382463556,0
covtype_binary_20000,7,25,0.75,88,10,197,16.813390589862998,0
covtype_binary_20000,7,25,0.75,89,14,366,18.05671702218135,0
covtype_binary_20000,7,25,0.75,90,7,69,18.0180746864728,0
covtype_binary_20000,7,25,0.75,91,8,144,17.819193533564786,0
covtype_binary_20000,7,25,0.85,1,9,4,18.077843382463556,1
covtype_binary_20000,7,25,0.85,2,10,230,17.656991017270165,0
covtype_binary_20000,7,25,0.85,3,12,29,15.6537151107559,0
covtype_binary_20000,7,25,0.85,4,12,856,18.077843382463556,1
covtype_binary_20000,7,25,0.85,5,6,764,18.077843382463556,1
covtype_binary_20000,7,25,0.85,6,6,744,18.077843382463556,1
covtype_binary_20000,7,25,0.85,7,6,531,18.077843382463556,1
covtype_binary_20000,7,25,0.85,8,12,45,17.853557261567843,0
covtype_binary_20000,7,25,0.85,9,9,307,17.787950186521613,0
covtype_binary_20000,7,25,0.85,10,7,593,18.077843382463556,1
covtype_binary_20000,7,25,0.85,11,2,497,0.8719027667651347,0
covtype_binary_20000,7,25,0.85,12,12,680,18.077843382463556,1
covtype_binary_20000,7,25,0.85,13,6,772,18.077843382463556,1
covtype_binary_20000,7,25,0.85,14,6,818,18.077843382463556,1
covtype_binary_20000,7,25,0.85,15,6,573,18.077843382463556,1
covtype_binary_20000,7,25,0.85,16,20,67,18.077843382463556,1
covtype_binary_20000,7,25,0.85,17,7,220,17.791063707092146,0
covtype_binary_20000,7,25,0.85,18,7,101,18.07473132254462,0
covtype_binary_20000,7,25,0.85,19,11,350,17.42220130124371,0
covtype_binary_20000,7,25,0.85,20,6,711,18.077843382463556,1
covtype_binary_20000,7,25,0.85,21,1,14,0.0008764727361865732,0
covtype_binary_20000,7,25,0.85,22,8,329,18.010926328338286,0
covtype_binary_20000,7,25,0.85,23,17,71,18.077843382463556,1
covtype_binary_20000,7,25,0.85,24,4,219,16.717794540591477,0
covtype_binary_20000,7,25,0.85,25,39,299,16.068962594053797,0
covtype_binary_20000,7,25,0.85,26,18,590,18.077843382463556,1
covtype_binary_20000,7,25,0.85,27,6,671,18.077843382463556,1
covtype_binary_20000,7,25,0.85,28,18,625,18.077843382463556,1
covtype_binary_20000,7,25,0.85,29,8,93,17.836552724310685,0
covtype_binary_20000,7,25,0.85,30,12,408,18.077843382463556,1
covtype_binary_20000,7,25,0.85,31,2,776,0.016300035912164557,0
covtype_binary_20000,7,25,0.85,32,17,416,18.077843382463556,1
covtype_binary_20000,7,25,0.85,33,12,180,17.63384316964001,0
covtype_binary_20000,7,25,0.85,34,6,500,18.077843382463556,1
covtype_binary_20000,7,25,0.85,35,6,899,18.077843382463556,1
covtype_binary_20000,7,25,0.85,36,6,824,18.070410925410066,0
covtype_binary_20000,7,25,0.85,37,42,201,16.732054483790147,0
covtype_binary_20000,7,25,0.85,38,16,580,18.077843382463556,1
covtype_binary_20000,7,25,0.85,39,6,631,18.077843382463556,1
covtype_binary_20000,7,25,0.85,40,8,24,18.023786229346115,0
covtype_binary_20000,7,25,0.85,41,8,12,17.39598510400953,0
covtype_binary_20000,7,25,0.85,42,6,771,18.077843382463556,1
covtype_binary_20000,7,25,0.85,43,12,845,18.077843382463556,0
covtype_binary_20000,7,25,0.85,44,6,98,17.14121547195662,0
covtype_binary_20000,7,25,0.85,45,6,523,18.077843382463556,0
covtype_binary_20000,7,25,0.85,46,6,460,18.077843382463556,0
covtype_binary_20000,7,25,0.85,47,6,501,18.077843382463556,0
covtype_binary_20000,7,25,0.85,48,8,289,18.009892139863513,0
covtype_binary_20000,7,25,0.85,49,4,38,16.428871964228048,0
covtype_binary_20000,7,25,0.85,50,12,719,18.077843382463556,0
covtype_binary_20000,7,25,0.85,51,11,269,17.600563055985276,0
covtype_binary_20000,7,25,0.85,52,6,628,18.077843382463556,0
covtype_binary_20000,7,25,0.85,53,6,828,18.00479757502674,0
covtype_binary_20000,7,25,0.85,54,12,770,18.077843382463556,0
covtype_binary_20000,7,25,0.85,55,1,607,0.00023273357340553025,0
covtype_binary_20000,7,25,0.85,56,9,303,17.765999330742225,0
covtype_binary_20000,7,25,0.85,57,13,561,18.077843382463556,0
covtype_binary_20000,7,25,0.85,58,7,319,17.949771522612764,0
covtype_binary_20000,7,25,0.85,59,7,403,18.077843382463556,0
covtype_binary_20000,7,25,0.85,60,1,569,0.00013613738101131423,0
covtype_binary_20000,7,25,0.85,61,9,112,17.22504483943112,0
covtype_binary_20000,7,25,0.85,62,9,273,17.983194291581086,0
covtype_binary_20000,7,25,0.85,63,6,457,18.077843382463556,0
covtype_binary_20000,7,25,0.85,64,1,104,4.683124687001961,0
covtype_binary_20000,7,25,0.85,65,9,191,17.68394335840112,0
covtype_binary_20000,7,25,0.85,66,13,555,18.077843382463556,0
covtype_binary_20000,7,25,0.85,67,9,328,18.077843382463556,0
covtype_binary_20000,7,25,0.85,68,18,487,18.07784338656039,1
covtype_binary_20000,7,25,0.85,69,1,624,0.000601903961007122,0
covtype_binary_20000,7,25,0.85,70,2,921,0.0002028463350553511,0
covtype_binary_20000,7,25,0.85,71,12,517,18.077843382463556,0
covtype_binary_20000,7,25,0.85,72,6,582,18.077843382463556,0
covtype_binary_20000,7,25,0.85,73,12,420,18.077843382463556,0
covtype_binary_20000,7,25,0.85,74,6,761,18.077843382463556,0
covtype_binary_20000,7,25,0.85,75,6,401,18.077843382463556,0
covtype_binary_20000,7,25,0.85,76,6,668,18.077843382463556,0
covtype_binary_20000,7,25,0.85,77,9,48,18.06936734291236,0
covtype_binary_20000,7,25,0.85,78,9,254,17.486441374898426,0
covtype_binary_20000,7,25,0.85,79,1,390,0.00158119423357167,0
covtype_binary_20000,7,25,0.85,80,6,179,17.424279584098322,0
covtype_binary_20000,7,25,0.85,81,11,113,16.646833429022063,0
covtype_binary_20000,7,25,0.85,82,6,679,18.077843382463556,0
covtype_binary_20000,7,25,0.85,83,9,62,18.077847120101175,1
covtype_binary_20000,7,25,0.85,84,1,229,0.9968899088524699,0
covtype_binary_20000,7,25,0.85,85,1,720,0.0006049352870284297,0
covtype_binary_20000,7,25,0.85,86,6,713,18.077843382463556,0
covtype_binary_20000,7,25,0.85,87,42,39,11.438246654583182,0
covtype_binary_20000,7,25,0.85,88,42,310,9.995719344929777,0
covtype_binary_20000,7,25,0.85,89,6,510,18.077843382463556,0
covtype_binary_20000,7,25,0.85,90,12,260,17.44026883506215,0
covtype_binary_20000,7,25,0.85,91,2,28,17.359973913725792,0
covtype_binary_20000,7,25,0.85,92,9,215,17.971399174421794,0
covtype_binary_20000,7,25,0.85,93,9,415,17.459984298223887,0
covtype_binary_20000,7,25,0.85,94,8,349,17.301938818245066,0
covtype_binary_20000,7,25,0.85,95,6,732,18.077843382463556,0
covtype_binary_20000,7,25,0.85,96,6,536,18.077843382463556,0
covtype_binary_20000,7,25,0.85,97,10,197,16.813390589862998,0
covtype_binary_20000,7,25,0.85,98,7,366,18.05671702218135,0
covtype_binary_20000,7,25,0.85,99,7,226,17.68923337913638,0
covtype_binary_20000,7,25,0.85,100,7,69,18.0180746864728,0
covtype_binary_20000,7,25,0.85,101,8,144,17.819193533564786,0
covtype_binary_20000,7,25,0.9,1,9,4,18.077843382463556,1
covtype_binary_20000,7,25,0.9,2,10,230,17.656991017270165,0
covtype_binary_20000,7,25,0.9,3,12,29,15.6537151107559,0
covtype_binary_20000,7,25,0.9,4,12,856,18.077843382463556,1
covtype_binary_20000,7,25,0.9,5,6,764,18.077843382463556,1
covtype_binary_20000,7,25,0.9,6,6,744,18.077843382463556,1
covtype_binary_20000,7,25,0.9,7,6,531,18.077843382463556,1
covtype_binary_20000,7,25,0.9,8,12,45,17.853557261567843,0
covtype_binary_20000,7,25,0.9,9,9,307,17.787950186521613,0
covtype_binary_20000,7,25,0.9,10,6,593,18.077843382463556,1
covtype_binary_20000,7,25,0.9,11,1,365,0.00028617844435097073,0
covtype_binary_20000,7,25,0.9,12,2,497,0.8719027667651347,0
covtype_binary_20000,7,25,0.9,13,6,680,18.077843382463556,1
covtype_binary_20000,7,25,0.9,14,6,833,18.077843382463556,1
covtype_binary_20000,7,25,0.9,15,6,772,18.077843382463556,1
covtype_binary_20000,7,25,0.9,16,6,818,18.077843382463556,1
covtype_binary_20000,7,25,0.9,17,6,573,18.077843382463556,1
covtype_binary_20000,7,25,0.9,18,19,67,18.077843382463556,1
covtype_binary_20000,7,25,0.9,19,1,342,0.003254248019352035,0
covtype_binary_20000,7,25,0.9,20,7,220,17.791063707092146,0
covtype_binary_20000,7,25,0.9,21,7,101,18.07473132254462,0
covtype_binary_20000,7,25,0.9,22,11,350,17.42220130124371,0
covtype_binary_20000,7,25,0.9,23,6,711,18.077843382463556,1
covtype_binary_20000,7,25,0.9,24,1,14,0.0008764727361865732,0
covtype_binary_20000,7,25,0.9,25,8,329,18.010926328338286,0
covtype_binary_20000,7,25,0.9,26,9,71,18.077843382463556,1
covtype_binary_20000,7,25,0.9,27,8,30,17.286298325758302,0
covtype_binary_20000,7,25,0.9,28,4,219,16.717794540591477,0
covtype_binary_20000,7,25,0.9,29,39,299,16.068962594053797,0
covtype_binary_20000,7,25,0.9,30,18,590,18.077843382463556,1
covtype_binary_20000,7,25,0.9,31,6,671,18.077843382463556,1
covtype_binary_20000,7,25,0.9,32,18,625,18.077843382463556,1
covtype_binary_20000,7,25,0.9,33,8,93,17.836552724310685,0
covtype_binary_20000,7,25,0.9,34,12,408,18.077843382463556,1
covtype_binary_20000,7,25,0.9,35,2,776,0.016300035912164557,0
covtype_binary_20000,7,25,0.9,36,17,416,18.077843382463556,1
covtype_binary_20000,7,25,0.9,37,12,180,17.63384316964001,0
covtype_binary_20000,7,25,0.9,38,6,500,18.077843382463556,1
covtype_binary_20000,7,25,0.9,39,6,899,18.077843382463556,1
covtype_binary_20000,7,25,0.9,40,6,824,18.070410925410066,0
covtype_binary_20000,7,25,0.9,41,42,201,16.732054483790147,0
covtype_binary_20000,7,25,0.9,42,16,580,18.077843382463556,1
covtype_binary_20000,7,25,0.9,43,6,631,18.077843382463556,1
covtype_binary_20000,7,25,0.9,44,8,24,18.023786229346115,0
covtype_binary_20000,7,25,0.9,45,8,12,17.39598510400953,0
covtype_binary_20000,7,25,0.9,46,6,771,18.077843382463556,0
covtype_binary_20000,7,25,0.9,47,12,845,18.077843382463556,0
covtype_binary_20000,7,25,0.9,48,6,98,17.14121547195662,0
covtype_binary_20000,7,25,0.9,49,6,523,18.077843382463556,0
covtype_binary_20000,7,25,0.9,50,6,460,18.077843382463556,0
covtype_binary_20000,7,25,0.9,51,6,501,18.077843382463556,0
covtype_binary_20000,7,25,0.9,52,8,289,18.009892139863513,0
covtype_binary_20000,7,25,0.9,53,4,38,16.428871964228048,0
covtype_binary_20000,7,25,0.9,54,6,719,18.077843382463556,0
covtype_binary_20000,7,25,0.9,55,6,557,17.48888724193261,0
covtype_binary_20000,7,25,0.9,56,11,269,17.600563055985276,0
covtype_binary_20000,7,25,0.9,57,6,628,18.077843382463556,0
covtype_binary_20000,7,25,0.9,58,6,828,18.00479757502674,0
covtype_binary_20000,7,25,0.9,59,12,770,18.077843382463556,0
covtype_binary_20000,7,25,0.9,60,1,607,0.00023273357340553025,0
covtype_binary_20000,7,25,0.9,61,9,303,17.765999330742225,0
covtype_binary_20000,7,25,0.9,62,13,561,18.077843382463556,0
covtype_binary_20000,7,25,0.9,63,7,319,17.949771522612764,0
covtype_binary_20000,7,25,0.9,64,7,403,18.077843382463556,0
covtype_binary_20000,7,25,0.9,65,1,569,0.00013613738101131423,0
covtype_binary_20000,7,25,0.9,66,9,112,17.22504483943112,0
covtype_binary_20000,7,25,0.9,67,9,273,17.983194291581086,0
covtype_binary_20000,7,25,0.9,68,6,457,18.077843382463556,0
covtype_binary_20000,7,25,0.9,69,1,104,4.683124687001961,0
covtype_binary_20000,7,25,0.9,70,9,191,17.68394335840112,0
covtype_binary_20000,7,25,0.9,71,6,555,18.077843382463556,0
covtype_binary_20000,7,25,0.9,72,7,650,18.077843382463556,0
covtype_binary_20000,7,25,0.9,73,9,328,18.077843382463556,0
covtype_binary_20000,7,25,0.9,74,9,63,18.077843382463556,0
covtype_binary_20000,7,25,0.9,75,9,487,18.07784338656039,1
covtype_binary_20000,7,25,0.9,76,1,624,0.000601903961007122,0
covtype_binary_20000,7,25,0.9,77,2,921,0.0002028463350553511,0
covtype_binary_20000,7,25,0.9,78,6,517,18.077843382463556,0
covtype_binary_20000,7,25,0.9,79,6,421,17.81152569943017,0
covtype_binary_20000,7,25,0.9,80,6,582,18.077843382463556,0
covtype_binary_20000,7,25,0.9,81,12,420,18.077843382463556,0
covtype_binary_20000,7,25,0.9,82,6,761,18.077843382463556,0
covtype_binary_20000,7,25,0.9,83,6,401,18.077843382463556,0
covtype_binary_20000,7,25,0.9,84,6,668,18.077843382463556,0
covtype_binary_20000,7,25,0.9,85,9,48,18.06936734291236,0
covtype_binary_20000,7,25,0.9,86,9,254,17.486441374898426,0
covtype_binary_20000,7,25,0.9,87,1,390,0.00158119423357167,0
covtype_binary_20000,7,25,0.9,88,6,179,17.424279584098322,0
covtype_binary_20000,7,25,0.9,89,11,113,16.646833429022063,0
covtype_binary_20000,7,25,0.9,90,6,679,18.077843382463556,0
covtype_binary_20000,7,25,0.9,91,9,62,18.077847120101175,1
covtype_binary_20000,7,25,0.9,92,1,229,0.9968899088524699,0
covtype_binary_20000,7,25,0.9,93,1,720,0.0006049352870284297,0
covtype_binary_20000,7,25,0.9,94,6,713,18.077843382463556,0
covtype_binary_20000,7,25,0.9,95,42,39,11.438246654583182,0
covtype_binary_20000,7,25,0.9,96,42,310,9.995719344929777,0
covtype_binary_20000,7,25,0.9,97,6,510,18.077843382463556,0
covtype_binary_20000,7,25,0.9,98,12,260,17.44026883506215,0
covtype_binary_20000,7,25,0.9,99,2,28,17.359973913725792,0
covtype_binary_20000,7,25,0.9,100,9,215,17.971399174421794,0
covtype_binary_20000,7,25,0.9,101,9,415,17.459984298223887,0
covtype_binary_20000,7,25,0.9,102,8,349,17.301938818245066,0
covtype_binary_20000,7,25,0.9,103,6,732,18.077843382463556,0
covtype_binary_20000,7,25,0.9,104,6,536,18.077843382463556,0
covtype_binary_20000,7,25,0.9,105,10,197,16.813390589862998,0
covtype_binary_20000,7,25,0.9,106,7,366,18.05671702218135,0
covtype_binary_20000,7,25,0.9,107,7,226,17.68923337913638,0
covtype_binary_20000,7,25,0.9,108,7,69,18.0180746864728,0
covtype_binary_20000,7,25,0.9,109,8,144,17.819193533564786,0
covtype_binary_20000,7,50,0.75,1,9,4,18.077843382463556,1
covtype_binary_20000,7,50,0.75,2,10,230,17.656991017270165,0
covtype_binary_20000,7,50,0.75,3,12,29,15.6537151107559,0
covtype_binary_20000,7,50,0.75,4,12,856,18.077843382463556,1
covtype_binary_20000,7,50,0.75,5,6,764,18.077843382463556,1
covtype_binary_20000,7,50,0.75,6,6,744,18.077843382463556,1
covtype_binary_20000,7,50,0.75,7,6,531,18.077843382463556,1
covtype_binary_20000,7,50,0.75,8,12,45,17.853557261567843,0
covtype_binary_20000,7,50,0.75,9,9,307,17.787950186521613,0
covtype_binary_20000,7,50,0.75,10,7,593,18.077843382463556,1
covtype_binary_20000,7,50,0.75,11,2,497,0.8719027667651347,0
covtype_binary_20000,7,50,0.75,12,12,680,18.077843382463556,1
covtype_binary_20000,7,50,0.75,13,6,772,18.077843382463556,1
covtype_binary_20000,7,50,0.75,14,6,818,18.077843382463556,1
covtype_binary_20000,7,50,0.75,15,6,573,18.077843382463556,1
covtype_binary_20000,7,50,0.75,16,20,67,18.077843382463556,1
covtype_binary_20000,7,50,0.75,17,7,220,17.791063707092146,0
covtype_binary_20000,7,50,0.75,18,7,101,18.07473132254462,1
covtype_binary_20000,7,50,0.75,19,11,350,17.42220130124371,0
covtype_binary_20000,7,50,0.75,20,7,711,18.077843382463556,1
covtype_binary_20000,7,50,0.75,21,8,329,18.010926328338286,0
covtype_binary_20000,7,50,0.75,22,17,71,18.077843382463556,1
covtype_binary_20000,7,50,0.75,23,4,219,16.717794540591477,0
covtype_binary_20000,7,50,0.75,24,39,299,16.068962594053797,0
covtype_binary_20000,7,50,0.75,25,18,590,18.077843382463556,1
covtype_binary_20000,7,50,0.75,26,6,671,18.077843382463556,1
covtype_binary_20000,7,50,0.75,27,18,625,18.077843382463556,1
covtype_binary_20000,7,50,0.75,28,8,93,17.836552724310685,0
covtype_binary_20000,7,50,0.75,29,12,408,18.077843382463556,1
covtype_binary_20000,7,50,0.75,30,19,416,18.077843382463556,1
covtype_binary_20000,7,50,0.75,31,12,180,17.63384316964001,0
covtype_binary_20000,7,50,0.75,32,6,500,18.077843382463556,1
covtype_binary_20000,7,50,0.75,33,12,899,18.077843382463556,1
covtype_binary_20000,7,50,0.75,34,42,201,16.732054483790147,0
covtype_binary_20000,7,50,0.75,35,16,580,18.077843382463556,1
covtype_binary_20000,7,50,0.75,36,6,631,18.077843382463556,1
covtype_binary_20000,7,50,0.75,37,8,24,18.023786229346115,0
covtype_binary_20000,7,50,0.75,38,8,12,17.39598510400953,0
covtype_binary_20000,7,50,0.75,39,6,771,18.077843382463556,1
covtype_binary_20000,7,50,0.75,40,12,845,18.077843382463556,1
covtype_binary_20000,7,50,0.75,41,6,98,17.14121547195662,0
covtype_binary_20000,7,50,0.75,42,12,460,18.077843382463556,1
covtype_binary_20000,7,50,0.75,43,6,501,18.077843382463556,1
covtype_binary_20000,7,50,0.75,44,8,289,18.009892139863513,0
covtype_binary_20000,7,50,0.75,45,4,38,16.428871964228048,0
covtype_binary_20000,7,50,0.75,46,12,719,18.077843382463556,1
covtype_binary_20000,7,50,0.75,47,11,269,17.600563055985276,0
covtype_binary_20000,7,50,0.75,48,12,628,18.077843382463556,1
covtype_binary_20000,7,50,0.75,49,12,770,18.077843382463556,1
covtype_binary_20000,7,50,0.75,50,1,607,0.00023273357340553025,0
covtype_binary_20000,7,50,0.75,51,9,303,17.765999330742225,0
covtype_binary_20000,7,50,0.75,52,13,561,18.077843382463556,1
covtype_binary_20000,7,50,0.75,53,7,319,17.949771522612764,0
covtype_binary_20000,7,50,0.75,54,7,403,18.077843382463556,1
covtype_binary_20000,7,50,0.75,55,1,569,0.00013613738101131423,0
covtype_binary_20000,7,50,0.75,56,9,112,17.22504483943112,0
covtype_binary_20000,7,50,0.75,57,16,457,18.077843382463556,1
covtype_binary_20000,7,50,0.75,58,9,191,17.68394335840112,0
covtype_binary_20000,7,50,0.75,59,13,555,18.077843382463556,1
covtype_binary_20000,7,50,0.75,60,9,328,18.077843382463556,1
covtype_binary_20000,7,50,0.75,61,18,487,18.07784338656039,1
covtype_binary_20000,7,50,0.75,62,1,624,0.000601903961007122,0
covtype_binary_20000,7,50,0.75,63,2,921,0.0002028463350553511,0
covtype_binary_20000,7,50,0.75,64,12,517,18.077843382463556,1
covtype_binary_20000,7,50,0.75,65,6,582,18.077843382463556,1
covtype_binary_20000,7,50,0.75,66,12,420,18.077843382463556,1
covtype_binary_20000,7,50,0.75,67,6,761,18.077843382463556,1
covtype_binary_20000,7,50,0.75,68,6,401,18.077843382463556,1
covtype_binary_20000,7,50,0.75,69,6,668,18.077843382463556,1
covtype_binary_20000,7,50,0.75,70,9,48,18.06936734291236,1
covtype_binary_20000,7,50,0.75,71,9,254,17.486441374898426,0
covtype_binary_20000,7,50,0.75,72,1,390,0.00158119423357167,0
covtype_binary_20000,7,50,0.75,73,6,179,17.424279584098322,0
covtype_binary_20000,7,50,0.75,74,11,113,16.646833429022063,0
covtype_binary_20000,7,50,0.75,75,6,679,18.077843382463556,1
covtype_binary_20000,7,50,0.75,76,10,62,18.077847120101175,1
covtype_binary_20000,7,50,0.75,77,1,720,0.0006049352870284297,0
covtype_binary_20000,7,50,0.75,78,6,713,18.077843382463556,1
covtype_binary_20000,7,50,0.75,79,84,39,11.438246654583182,0
covtype_binary_20000,7,50,0.75,80,6,510,18.077843382463556,1
covtype_binary_20000,7,50,0.75,81,12,260,17.44026883506215,0
covtype_binary_20000,7,50,0.75,82,2,28,17.359973913725792,0
covtype_binary_20000,7,50,0.75,83,9,215,17.971399174421794,0
covtype_binary_20000,7,50,0.75,84,9,415,17.459984298223887,0
covtype_binary_20000,7,50,0.75,85,8,349,17.301938818245066,0
covtype_binary_20000,7,50,0.75,86,6,732,18.077843382463556,1
covtype_binary_20000,7,50,0.75,87,6,536,18.077843382463556,1
covtype_binary_20000,7,50,0.75,88,10,197,16.813390589862998,0
covtype_binary_20000,7,50,0.75,89,14,366,18.05671702218135,1
covtype_binary_20000,7,50,0.75,90,7,69,18.0180746864728,0
covtype_binary_20000,7,50,0.75,91,8,144,17.819193533564786,0
covtype_binary_20000,7,50,0.85,1,9,4,18.077843382463556,1
covtype_binary_20000,7,50,0.85,2,10,230,17.656991017270165,0
covtype_binary_20000,7,50,0.85,3,12,29,15.6537151107559,0
covtype_binary_20000,7,50,0.85,4,12,856,18.077843382463556,1
covtype_binary_20000,7,50,0.85,5,6,764,18.077843382463556,1
covtype_binary_20000,7,50,0.85,6,6,744,18.077843382463556,1
covtype_binary_20000,7,50,0.85,7,6,531,18.077843382463556,1
covtype_binary_20000,7,50,0.85,8,12,45,17.853557261567843,0
covtype_binary_20000,7,50,0.85,9,9,307,17.787950186521613,0
covtype_binary_20000,7,50,0.85,10,7,593,18.077843382463556,1
covtype_binary_20000,7,50,0.85,11,2,497,0.8719027667651347,0
covtype_binary_20000,7,50,0.85,12,12,680,18.077843382463556,1
covtype_binary_20000,7,50,0.85,13,6,772,18.077843382463556,1
covtype_binary_20000,7,50,0.85,14,6,818,18.077843382463556,1
covtype_binary_20000,7,50,0.85,15,6,573,18.077843382463556,1
covtype_binary_20000,7,50,0.85,16,20,67,18.077843382463556,1
covtype_binary_20000,7,50,0.85,17,7,220,17.791063707092146,0
covtype_binary_20000,7,50,0.85,18,7,101,18.07473132254462,1
covtype_binary_20000,7,50,0.85,19,11,350,17.42220130124371,0
covtype_binary_20000,7,50,0.85,20,6,711,18.077843382463556,1
covtype_binary_20000,7,50,0.85,21,1,14,0.0008764727361865732,0
covtype_binary_20000,7,50,0.85,22,8,329,18.010926328338286,0
covtype_binary_20000,7,50,0.85,23,17,71,18.077843382463556,1
covtype_binary_20000,7,50,0.85,24,4,219,16.717794540591477,0
covtype_binary_20000,7,50,0.85,25,39,299,16.068962594053797,0
covtype_binary_20000,7,50,0.85,26,18,590,18.077843382463556,1
covtype_binary_20000,7,50,0.85,27,6,671,18.077843382463556,1
covtype_binary_20000,7,50,0.85,28,18,625,18.077843382463556,1
covtype_binary_20000,7,50,0.85,29,8,93,17.836552724310685,0
covtype_binary_20000,7,50,0.85,30,12,408,18.077843382463556,1
covtype_binary_20000,7,50,0.85,31,2,776,0.016300035912164557,0
covtype_binary_20000,7,50,0.85,32,17,416,18.077843382463556,1
covtype_binary_20000,7,50,0.85,33,12,180,17.63384316964001,0
covtype_binary_20000,7,50,0.85,34,6,500,18.077843382463556,1
covtype_binary_20000,7,50,0.85,35,6,899,18.077843382463556,1
covtype_binary_20000,7,50,0.85,36,6,824,18.070410925410066,1
covtype_binary_20000,7,50,0.85,37,42,201,16.732054483790147,0
covtype_binary_20000,7,50,0.85,38,16,580,18.077843382463556,1
covtype_binary_20000,7,50,0.85,39,6,631,18.077843382463556,1
covtype_binary_20000,7,50,0.85,40,8,24,18.023786229346115,0
covtype_binary_20000,7,50,0.85,41,8,12,17.39598510400953,0
covtype_binary_20000,7,50,0.85,42,6,771,18.077843382463556,1
covtype_binary_20000,7,50,0.85,43,12,845,18.077843382463556,1
covtype_binary_20000,7,50,0.85,44,6,98,17.14121547195662,0
covtype_binary_20000,7,50,0.85,45,6,523,18.077843382463556,1
covtype_binary_20000,7,50,0.85,46,6,460,18.077843382463556,1
covtype_binary_20000,7,50,0.85,47,6,501,18.077843382463556,1
covtype_binary_20000,7,50,0.85,48,8,289,18.009892139863513,0
covtype_binary_20000,7,50,0.85,49,4,38,16.428871964228048,0
covtype_binary_20000,7,50,0.85,50,12,719,18.077843382463556,1
covtype_binary_20000,7,50,0.85,51,11,269,17.600563055985276,0
covtype_binary_20000,7,50,0.85,52,6,628,18.077843382463556,1
covtype_binary_20000,7,50,0.85,53,6,828,18.00479757502674,0
covtype_binary_20000,7,50,0.85,54,12,770,18.077843382463556,1
covtype_binary_20000,7,50,0.85,55,1,607,0.00023273357340553025,0
covtype_binary_20000,7,50,0.85,56,9,303,17.765999330742225,0
covtype_binary_20000,7,50,0.85,57,13,561,18.077843382463556,1
covtype_binary_20000,7,50,0.85,58,7,319,17.949771522612764,0
covtype_binary_20000,7,50,0.85,59,7,403,18.077843382463556,1
covtype_binary_20000,7,50,0.85,60,1,569,0.00013613738101131423,0
covtype_binary_20000,7,50,0.85,61,9,112,17.22504483943112,0
covtype_binary_20000,7,50,0.85,62,9,273,17.983194291581086,0
covtype_binary_20000,7,50,0.85,63,6,457,18.077843382463556,1
covtype_binary_20000,7,50,0.85,64,1,104,4.683124687001961,0
covtype_binary_20000,7,50,0.85,65,9,191,17.68394335840112,0
covtype_binary_20000,7,50,0.85,66,13,555,18.077843382463556,1
covtype_binary_20000,7,50,0.85,67,9,328,18.077843382463556,1
covtype_binary_20000,7,50,0.85,68,18,487,18.07784338656039,1
covtype_binary_20000,7,50,0.85,69,1,624,0.000601903961007122,0
covtype_binary_20000,7,50,0.85,70,2,921,0.0002028463350553511,0
covtype_binary_20000,7,50,0.85,71,12,517,18.077843382463556,1
covtype_binary_20000,7,50,0.85,72,6,582,18.077843382463556,1
covtype_binary_20000,7,50,0.85,73,12,420,18.077843382463556,1
covtype_binary_20000,7,50,0.85,74,6,761,18.077843382463556,1
covtype_binary_20000,7,50,0.85,75,6,401,18.077843382463556,1
covtype_binary_20000,7,50,0.85,76,6,668,18.077843382463556,1
covtype_binary_20000,7,50,0.85,77,9,48,18.06936734291236,0
covtype_binary_20000,7,50,0.85,78,9,254,17.486441374898426,0
covtype_binary_20000,7,50,0.85,79,1,390,0.00158119423357167,0
covtype_binary_20000,7,50,0.85,80,6,179,17.424279584098322,0
covtype_binary_20000,7,50,0.85,81,11,113,16.646833429022063,0
covtype_binary_20000,7,50,0.85,82,6,679,18.077843382463556,1
covtype_binary_20000,7,50,0.85,83,9,62,18.077847120101175,1
covtype_binary_20000,7,50,0.85,84,1,229,0.9968899088524699,0
covtype_binary_20000,7,50,0.85,85,1,720,0.0006049352870284297,0
covtype_binary_20000,7,50,0.85,86,6,713,18.077843382463556,1
covtype_binary_20000,7,50,0.85,87,42,39,11.438246654583182,0
covtype_binary_20000,7,50,0.85,88,42,310,9.995719344929777,0
covtype_binary_20000,7,50,0.85,89,6,510,18.077843382463556,1
covtype_binary_20000,7,50,0.85,90,12,260,17.44026883506215,0
covtype_binary_20000,7,50,0.85,91,2,28,17.359973913725792,0
covtype_binary_20000,7,50,0.85,92,9,215,17.971399174421794,0
covtype_binary_20000,7,50,0.85,93,9,415,17.459984298223887,0
covtype_binary_20000,7,50,0.85,94,8,349,17.301938818245066,0
covtype_binary_20000,7,50,0.85,95,6,732,18.077843382463556,1
covtype_binary_20000,7,50,0.85,96,6,536,18.077843382463556,1
covtype_binary_20000,7,50,0.85,97,10,197,16.813390589862998,0
covtype_binary_20000,7,50,0.85,98,7,366,18.05671702218135,0
covtype_binary_20000,7,50,0.85,99,7,226,17.68923337913638,0
covtype_binary_20000,7,50,0.85,100,7,69,18.0180746864728,0
covtype_binary_20000,7,50,0.85,101,8,144,17.819193533564786,0
covtype_binary_20000,7,50,0.9,1,9,4,18.077843382463556,1
covtype_binary_20000,7,50,0.9,2,10,230,17.656991017270165,0
covtype_binary_20000,7,50,0.9,3,12,29,15.6537151107559,0
covtype_binary_20000,7,50,0.9,4,12,856,18.077843382463556,1
covtype_binary_20000,7,50,0.9,5,6,764,18.077843382463556,1
covtype_binary_20000,7,50,0.9,6,6,744,18.077843382463556,1
covtype_binary_20000,7,50,0.9,7,6,531,18.077843382463556,1
covtype_binary_20000,7,50,0.9,8,12,45,17.853557261567843,0
covtype_binary_20000,7,50,0.9,9,9,307,17.787950186521613,0
covtype_binary_20000,7,50,0.9,10,6,593,18.077843382463556,1
covtype_binary_20000,7,50,0.9,11,1,365,0.00028617844435097073,0
covtype_binary_20000,7,50,0.9,12,2,497,0.8719027667651347,0
covtype_binary_20000,7,50,0.9,13,6,680,18.077843382463556,1
covtype_binary_20000,7,50,0.9,14,6,833,18.077843382463556,1
covtype_binary_20000,7,50,0.9,15,6,772,18.077843382463556,1
covtype_binary_20000,7,50,0.9,16,6,818,18.077843382463556,1
covtype_binary_20000,7,50,0.9,17,6,573,18.077843382463556,1
covtype_binary_20000,7,50,0.9,18,19,67,18.077843382463556,1
covtype_binary_20000,7,50,0.9,19,1,342,0.003254248019352035,0
covtype_binary_20000,7,50,0.9,20,7,220,17.791063707092146,0
covtype_binary_20000,7,50,0.9,21,7,101,18.07473132254462,0
covtype_binary_20000,7,50,0.9,22,11,350,17.42220130124371,0
covtype_binary_20000,7,50,0.9,23,6,711,18.077843382463556,1
covtype_binary_20000,7,50,0.9,24,1,14,0.0008764727361865732,0
covtype_binary_20000,7,50,0.9,25,8,329,18.010926328338286,0
covtype_binary_20000,7,50,0.9,26,9,71,18.077843382463556,1
covtype_binary_20000,7,50,0.9,27,8,30,17.286298325758302,0
covtype_binary_20000,7,50,0.9,28,4,219,16.717794540591477,0
covtype_binary_20000,7,50,0.9,29,39,299,16.068962594053797,0
covtype_binary_20000,7,50,0.9,30,18,590,18.077843382463556,1
covtype_binary_20000,7,50,0.9,31,6,671,18.077843382463556,1
covtype_binary_20000,7,50,0.9,32,18,625,18.077843382463556,1
covtype_binary_20000,7,50,0.9,33,8,93,17.836552724310685,0
covtype_binary_20000,7,50,0.9,34,12,408,18.077843382463556,1
covtype_binary_20000,7,50,0.9,35,2,776,0.016300035912164557,0
covtype_binary_20000,7,50,0.9,36,17,416,18.077843382463556,1
covtype_binary_20000,7,50,0.9,37,12,180,17.63384316964001,0
covtype_binary_20000,7,50,0.9,38,6,500,18.077843382463556,1
covtype_binary_20000,7,50,0.9,39,6,899,18.077843382463556,1
covtype_binary_20000,7,50,0.9,40,6,824,18.070410925410066,0
covtype_binary_20000,7,50,0.9,41,42,201,16.732054483790147,0
covtype_binary_20000,7,50,0.9,42,16,580,18.077843382463556,1
covtype_binary_20000,7,50,0.9,43,6,631,18.077843382463556,1
covtype_binary_20000,7,50,0.9,44,8,24,18.023786229346115,0
covtype_binary_20000,7,50,0.9,45,8,12,17.39598510400953,0
covtype_binary_20000,7,50,0.9,46,6,771,18.077843382463556,1
covtype_binary_20000,7,50,0.9,47,12,845,18.077843382463556,1
covtype_binary_20000,7,50,0.9,48,6,98,17.14121547195662,0
covtype_binary_20000,7,50,0.9,49,6,523,18.077843382463556,1
covtype_binary_20000,7,50,0.9,50,6,460,18.077843382463556,1
covtype_binary_20000,7,50,0.9,51,6,501,18.077843382463556,1
covtype_binary_20000,7,50,0.9,52,8,289,18.009892139863513,0
covtype_binary_20000,7,50,0.9,53,4,38,16.428871964228048,0
covtype_binary_20000,7,50,0.9,54,6,719,18.077843382463556,1
covtype_binary_20000,7,50,0.9,55,6,557,17.48888724193261,0
covtype_binary_20000,7,50,0.9,56,11,269,17.600563055985276,0
covtype_binary_20000,7,50,0.9,57,6,628,18.077843382463556,1
covtype_binary_20000,7,50,0.9,58,6,828,18.00479757502674,0
covtype_binary_20000,7,50,0.9,59,12,770,18.077843382463556,1
covtype_binary_20000,7,50,0.9,60,1,607,0.00023273357340553025,0
covtype_binary_20000,7,50,0.9,61,9,303,17.765999330742225,0
covtype_binary_20000,7,50,0.9,62,13,561,18.077843382463556,1
covtype_binary_20000,7,50,0.9,63,7,319,17.949771522612764,0
covtype_binary_20000,7,50,0.9,64,7,403,18.077843382463556,1
covtype_binary_20000,7,50,0.9,65,1,569,0.00013613738101131423,0
covtype_binary_20000,7,50,0.9,66,9,112,17.22504483943112,0
covtype_binary_20000,7,50,0.9,67,9,273,17.983194291581086,0
covtype_binary_20000,7,50,0.9,68,6,457,18.077843382463556,1
covtype_binary_20000,7,50,0.9,69,1,104,4.683124687001961,0
covtype_binary_20000,7,50,0.9,70,9,191,17.68394335840112,0
covtype_binary_20000,7,50,0.9,71,6,555,18.077843382463556,1
covtype_binary_20000,7,50,0.9,72,7,650,18.077843382463556,1
covtype_binary_20000,7,50,0.9,73,9,328,18.077843382463556,1
covtype_binary_20000,7,50,0.9,74,9,63,18.077843382463556,1
covtype_binary_20000,7,50,0.9,75,9,487,18.07784338656039,1
covtype_binary_20000,7,50,0.9,76,1,624,0.000601903961007122,0
covtype_binary_20000,7,50,0.9,77,2,921,0.0002028463350553511,0
covtype_binary_20000,7,50,0.9,78,6,517,18.077843382463556,1
covtype_binary_20000,7,50,0.9,79,6,421,17.81152569943017,0
covtype_binary_20000,7,50,0.9,80,6,582,18.077843382463556,1
covtype_binary_20000,7,50,0.9,81,12,420,18.077843382463556,1
covtype_binary_20000,7,50,0.9,82,6,761,18.077843382463556,1
covtype_binary_20000,7,50,0.9,83,6,401,18.077843382463556,1
covtype_binary_20000,7,50,0.9,84,6,668,18.077843382463556,1
covtype_binary_20000,7,50,0.9,85,9,48,18.06936734291236,0
covtype_binary_20000,7,50,0.9,86,9,254,17.486441374898426,0
covtype_binary_20000,7,50,0.9,87,1,390,0.00158119423357167,0
covtype_binary_20000,7,50,0.9,88,6,179,17.424279584098322,0
covtype_binary_20000,7,50,0.9,89,11,113,16.646833429022063,0
covtype_binary_20000,7,50,0.9,90,6,679,18.077843382463556,1
covtype_binary_20000,7,50,0.9,91,9,62,18.077847120101175,1
covtype_binary_20000,7,50,0.9,92,1,229,0.9968899088524699,0
covtype_binary_20000,7,50,0.9,93,1,720,0.0006049352870284297,0
covtype_binary_20000,7,50,0.9,94,6,713,18.077843382463556,1
covtype_binary_20000,7,50,0.9,95,42,39,11.438246654583182,0
covtype_binary_20000,7,50,0.9,96,42,310,9.995719344929777,0
covtype_binary_20000,7,50,0.9,97,6,510,18.077843382463556,1
covtype_binary_20000,7,50,0.9,98,12,260,17.44026883506215,0
covtype_binary_20000,7,50,0.9,99,2,28,17.359973913725792,0
covtype_binary_20000,7,50,0.9,100,9,215,17.971399174421794,0
covtype_binary_20000,7,50,0.9,101,9,415,17.459984298223887,0
covtype_binary_20000,7,50,0.9,102,8,349,17.301938818245066,0
covtype_binary_20000,7,50,0.9,103,6,732,18.077843382463556,1
covtype_binary_20000,7,50,0.9,104,6,536,18.077843382463556,0
covtype_binary_20000,7,50,0.9,105,10,197,16.813390589862998,0
covtype_binary_20000,7,50,0.9,106,7,366,18.05671702218135,0
covtype_binary_20000,7,50,0.9,107,7,226,17.68923337913638,0
covtype_binary_20000,7,50,0.9,108,7,69,18.0180746864728,0
covtype_binary_20000,7,50,0.9,109,8,144,17.819193533564786,0
covtype_binary_20000,7,100,0.75,1,9,4,18.077843382463556,1
covtype_binary_20000,7,100,0.75,2,10,230,17.656991017270165,1
covtype_binary_20000,7,100,0.75,3,12,29,15.6537151107559,1
covtype_binary_20000,7,100,0.75,4,12,856,18.077843382463556,1
covtype_binary_20000,7,100,0.75,5,6,764,18.077843382463556,1
covtype_binary_20000,7,100,0.75,6,6,744,18.077843382463556,1
covtype_binary_20000,7,100,0.75,7,6,531,18.077843382463556,1
covtype_binary_20000,7,100,0.75,8,12,45,17.853557261567843,1
covtype_binary_20000,7,100,0.75,9,9,307,17.787950186521613,1
covtype_binary_20000,7,100,0.75,10,7,593,18.077843382463556,1
covtype_binary_20000,7,100,0.75,11,2,497,0.8719027667651347,1
covtype_binary_20000,7,100,0.75,12,12,680,18.077843382463556,1
covtype_binary_20000,7,100,0.75,13,6,772,18.077843382463556,1
covtype_binary_20000,7,100,0.75,14,6,818,18.077843382463556,1
covtype_binary_20000,7,100,0.75,15,6,573,18.077843382463556,1
covtype_binary_20000,7,100,0.75,16,20,67,18.077843382463556,1
covtype_binary_20000,7,100,0.75,17,7,220,17.791063707092146,1
covtype_binary_20000,7,100,0.75,18,7,101,18.07473132254462,1
covtype_binary_20000,7,100,0.75,19,11,350,17.42220130124371,1
covtype_binary_20000,7,100,0.75,20,7,711,18.077843382463556,1
covtype_binary_20000,7,100,0.75,21,8,329,18.010926328338286,1
covtype_binary_20000,7,100,0.75,22,17,71,18.077843382463556,1
covtype_binary_20000,7,100,0.75,23,4,219,16.717794540591477,1
covtype_binary_20000,7,100,0.75,24,39,299,16.068962594053797,1
covtype_binary_20000,7,100,0.75,25,18,590,18.077843382463556,1
covtype_binary_20000,7,100,0.75,26,6,671,18.077843382463556,1
covtype_binary_20000,7,100,0.75,27,18,625,18.077843382463556,1
covtype_binary_20000,7,100,0.75,28,8,93,17.836552724310685,1
covtype_binary_20000,7,100,0.75,29,12,408,18.077843382463556,1
covtype_binary_20000,7,100,0.75,30,19,416,18.077843382463556,1
covtype_binary_20000,7,100,0.75,31,12,180,17.63384316964001,1
covtype_binary_20000,7,100,0.75,32,6,500,18.077843382463556,1
covtype_binary_20000,7,100,0.75,33,12,899,18.077843382463556,1
covtype_binary_20000,7,100,0.75,34,42,201,16.732054483790147,1
covtype_binary_20000,7,100,0.75,35,16,580,18.077843382463556,1
covtype_binary_20000,7,100,0.75,36,6,631,18.077843382463556,1
covtype_binary_20000,7,100,0.75,37,8,24,18.023786229346115,1
covtype_binary_20000,7,100,0.75,38,8,12,17.39598510400953,1
covtype_binary_20000,7,100,0.75,39,6,771,18.077843382463556,1
covtype_binary_20000,7,100,0.75,40,12,845,18.077843382463556,1
covtype_binary_20000,7,100,0.75,41,6,98,17.14121547195662,1
covtype_binary_20000,7,100,0.75,42,12,460,18.077843382463556,1
covtype_binary_20000,7,100,0.75,43,6,501,18.077843382463556,1
covtype_binary_20000,7,100,0.75,44,8,289,18.009892139863513,1
covtype_binary_20000,7,100,0.75,45,4,38,16.428871964228048,1
covtype_binary_20000,7,100,0.75,46,12,719,18.077843382463556,1
covtype_binary_20000,7,100,0.75,47,11,269,17.600563055985276,1
covtype_binary_20000,7,100,0.75,48,12,628,18.077843382463556,1
covtype_binary_20000,7,100,0.75,49,12,770,18.077843382463556,1
covtype_binary_20000,7,100,0.75,50,1,607,0.00023273357340553025,1
covtype_binary_20000,7,100,0.75,51,9,303,17.765999330742225,1
covtype_binary_20000,7,100,0.75,52,13,561,18.077843382463556,1
covtype_binary_20000,7,100,0.75,53,7,319,17.949771522612764,1
covtype_binary_20000,7,100,0.75,54,7,403,18.077843382463556,1
covtype_binary_20000,7,100,0.75,55,1,569,0.00013613738101131423,1
covtype_binary_20000,7,100,0.75,56,9,112,17.22504483943112,1
covtype_binary_20000,7,100,0.75,57,16,457,18.077843382463556,1
covtype_binary_20000,7,100,0.75,58,9,191,17.68394335840112,1
covtype_binary_20000,7,100,0.75,59,13,555,18.077843382463556,1
covtype_binary_20000,7,100,0.75,60,9,328,18.077843382463556,1
covtype_binary_20000,7,100,0.75,61,18,487,18.07784338656039,1
covtype_binary_20000,7,100,0.75,62,1,624,0.000601903961007122,1
covtype_binary_20000,7,100,0.75,63,2,921,0.0002028463350553511,1
covtype_binary_20000,7,100,0.75,64,12,517,18.077843382463556,1
covtype_binary_20000,7,100,0.75,65,6,582,18.077843382463556,1
covtype_binary_20000,7,100,0.75,66,12,420,18.077843382463556,1
covtype_binary_20000,7,100,0.75,67,6,761,18.077843382463556,1
covtype_binary_20000,7,100,0.75,68,6,401,18.077843382463556,1
covtype_binary_20000,7,100,0.75,69,6,668,18.077843382463556,1
covtype_binary_20000,7,100,0.75,70,9,48,18.06936734291236,1
covtype_binary_20000,7,100,0.75,71,9,254,17.486441374898426,1
covtype_binary_20000,7,100,0.75,72,1,390,0.00158119423357167,1
covtype_binary_20000,7,100,0.75,73,6,179,17.424279584098322,1
covtype_binary_20000,7,100,0.75,74,11,113,16.646833429022063,1
covtype_binary_20000,7,100,0.75,75,6,679,18.077843382463556,1
covtype_binary_20000,7,100,0.75,76,10,62,18.077847120101175,1
covtype_binary_20000,7,100,0.75,77,1,720,0.0006049352870284297,1
covtype_binary_20000,7,100,0.75,78,6,713,18.077843382463556,1
covtype_binary_20000,7,100,0.75,79,84,39,11.438246654583182,1
covtype_binary_20000,7,100,0.75,80,6,510,18.077843382463556,1
covtype_binary_20000,7,100,0.75,81,12,260,17.44026883506215,1
covtype_binary_20000,7,100,0.75,82,2,28,17.359973913725792,1
covtype_binary_20000,7,100,0.75,83,9,215,17.971399174421794,1
covtype_binary_20000,7,100,0.75,84,9,415,17.459984298223887,1
covtype_binary_20000,7,100,0.75,85,8,349,17.301938818245066,1
covtype_binary_20000,7,100,0.75,86,6,732,18.077843382463556,1
covtype_binary_20000,7,100,0.75,87,6,536,18.077843382463556,1
covtype_binary_20000,7,100,0.75,88,10,197,16.813390589862998,1
covtype_binary_20000,7,100,0.75,89,14,366,18.05671702218135,1
covtype_binary_20000,7,100,0.75,90,7,69,18.0180746864728,1
covtype_binary_20000,7,100,0.75,91,8,144,17.819193533564786,1
covtype_binary_20000,7,100,0.85,1,9,4,18.077843382463556,1
covtype_binary_20000,7,100,0.85,2,10,230,17.656991017270165,1
covtype_binary_20000,7,100,0.85,3,12,29,15.6537151107559,1
covtype_binary_20000,7,100,0.85,4,12,856,18.077843382463556,1
covtype_binary_20000,7,100,0.85,5,6,764,18.077843382463556,1
covtype_binary_20000,7,100,0.85,6,6,744,18.077843382463556,1
covtype_binary_20000,7,100,0.85,7,6,531,18.077843382463556,1
covtype_binary_20000,7,100,0.85,8,12,45,17.853557261567843,1
covtype_binary_20000,7,100,0.85,9,9,307,17.787950186521613,1
covtype_binary_20000,7,100,0.85,10,7,593,18.077843382463556,1
covtype_binary_20000,7,100,0.85,11,2,497,0.8719027667651347,1
covtype_binary_20000,7,100,0.85,12,12,680,18.077843382463556,1
covtype_binary_20000,7,100,0.85,13,6,772,18.077843382463556,1
covtype_binary_20000,7,100,0.85,14,6,818,18.077843382463556,1
covtype_binary_20000,7,100,0.85,15,6,573,18.077843382463556,1
covtype_binary_20000,7,100,0.85,16,20,67,18.077843382463556,1
covtype_binary_20000,7,100,0.85,17,7,220,17.791063707092146,1
covtype_binary_20000,7,100,0.85,18,7,101,18.07473132254462,1
covtype_binary_20000,7,100,0.85,19,11,350,17.42220130124371,1
covtype_binary_20000,7,100,0.85,20,6,711,18.077843382463556,1
covtype_binary_20000,7,100,0.85,21,1,14,0.0008764727361865732,1
covtype_binary_20000,7,100,0.85,22,8,329,18.010926328338286,1
covtype_binary_20000,7,100,0.85,23,17,71,18.077843382463556,1
covtype_binary_20000,7,100,0.85,24,4,219,16.717794540591477,1
covtype_binary_20000,7,100,0.85,25,39,299,16.068962594053797,1
covtype_binary_20000,7,100,0.85,26,18,590,18.077843382463556,1
covtype_binary_20000,7,100,0.85,27,6,671,18.077843382463556,1
covtype_binary_20000,7,100,0.85,28,18,625,18.077843382463556,1
covtype_binary_20000,7,100,0.85,29,8,93,17.836552724310685,1
covtype_binary_20000,7,100,0.85,30,12,408,18.077843382463556,1
covtype_binary_20000,7,100,0.85,31,2,776,0.016300035912164557,1
covtype_binary_20000,7,100,0.85,32,17,416,18.077843382463556,1
covtype_binary_20000,7,100,0.85,33,12,180,17.63384316964001,1
covtype_binary_20000,7,100,0.85,34,6,500,18.077843382463556,1
covtype_binary_20000,7,100,0.85,35,6,899,18.077843382463556,1
covtype_binary_20000,7,100,0.85,36,6,824,18.070410925410066,1
covtype_binary_20000,7,100,0.85,37,42,201,16.732054483790147,1
covtype_binary_20000,7,100,0.85,38,16,580,18.077843382463556,1
covtype_binary_20000,7,100,0.85,39,6,631,18.077843382463556,1
covtype_binary_20000,7,100,0.85,40,8,24,18.023786229346115,1
covtype_binary_20000,7,100,0.85,41,8,12,17.39598510400953,1
covtype_binary_20000,7,100,0.85,42,6,771,18.077843382463556,1
covtype_binary_20000,7,100,0.85,43,12,845,18.077843382463556,1
covtype_binary_20000,7,100,0.85,44,6,98,17.14121547195662,1
covtype_binary_20000,7,100,0.85,45,6,523,18.077843382463556,1
covtype_binary_20000,7,100,0.85,46,6,460,18.077843382463556,1
covtype_binary_20000,7,100,0.85,47,6,501,18.077843382463556,1
covtype_binary_20000,7,100,0.85,48,8,289,18.009892139863513,1
covtype_binary_20000,7,100,0.85,49,4,38,16.428871964228048,1
covtype_binary_20000,7,100,0.85,50,12,719,18.077843382463556,1
covtype_binary_20000,7,100,0.85,51,11,269,17.600563055985276,1
covtype_binary_20000,7,100,0.85,52,6,628,18.077843382463556,1
covtype_binary_20000,7,100,0.85,53,6,828,18.00479757502674,1
covtype_binary_20000,7,100,0.85,54,12,770,18.077843382463556,1
covtype_binary_20000,7,100,0.85,55,1,607,0.00023273357340553025,1
covtype_binary_20000,7,100,0.85,56,9,303,17.765999330742225,1
covtype_binary_20000,7,100,0.85,57,13,561,18.077843382463556,1
covtype_binary_20000,7,100,0.85,58,7,319,17.949771522612764,1
covtype_binary_20000,7,100,0.85,59,7,403,18.077843382463556,1
covtype_binary_20000,7,100,0.85,60,1,569,0.00013613738101131423,0
covtype_binary_20000,7,100,0.85,61,9,112,17.22504483943112,1
covtype_binary_20000,7,100,0.85,62,9,273,17.983194291581086,1
covtype_binary_20000,7,100,0.85,63,6,457,18.077843382463556,1
covtype_binary_20000,7,100,0.85,64,1,104,4.683124687001961,1
covtype_binary_20000,7,100,0.85,65,9,191,17.68394335840112,1
covtype_binary_20000,7,100,0.85,66,13,555,18.077843382463556,1
covtype_binary_20000,7,100,0.85,67,9,328,18.077843382463556,1
covtype_binary_20000,7,100,0.85,68,18,487,18.07784338656039,1
covtype_binary_20000,7,100,0.85,69,1,624,0.000601903961007122,1
covtype_binary_20000,7,100,0.85,70,2,921,0.0002028463350553511,1
covtype_binary_20000,7,100,0.85,71,12,517,18.077843382463556,1
covtype_binary_20000,7,100,0.85,72,6,582,18.077843382463556,1
covtype_binary_20000,7,100,0.85,73,12,420,18.077843382463556,1
covtype_binary_20000,7,100,0.85,74,6,761,18.077843382463556,1
covtype_binary_20000,7,100,0.85,75,6,401,18.077843382463556,1
covtype_binary_20000,7,100,0.85,76,6,668,18.077843382463556,1
covtype_binary_20000,7,100,0.85,77,9,48,18.06936734291236,1
covtype_binary_20000,7,100,0.85,78,9,254,17.486441374898426,1
covtype_binary_20000,7,100,0.85,79,1,390,0.00158119423357167,1
covtype_binary_20000,7,100,0.85,80,6,179,17.424279584098322,1
covtype_binary_20000,7,100,0.85,81,11,113,16.646833429022063,1
covtype_binary_20000,7,100,0.85,82,6,679,18.077843382463556,1
covtype_binary_20000,7,100,0.85,83,9,62,18.077847120101175,1
covtype_binary_20000,7,100,0.85,84,1,229,0.9968899088524699,1
covtype_binary_20000,7,100,0.85,85,1,720,0.0006049352870284297,1
covtype_binary_20000,7,100,0.85,86,6,713,18.077843382463556,1
covtype_binary_20000,7,100,0.85,87,42,39,11.438246654583182,1
covtype_binary_20000,7,100,0.85,88,42,310,9.995719344929777,1
covtype_binary_20000,7,100,0.85,89,6,510,18.077843382463556,1
covtype_binary_20000,7,100,0.85,90,12,260,17.44026883506215,1
covtype_binary_20000,7,100,0.85,91,2,28,17.359973913725792,1
covtype_binary_20000,7,100,0.85,92,9,215,17.971399174421794,1
covtype_binary_20000,7,100,0.85,93,9,415,17.459984298223887,1
covtype_binary_20000,7,100,0.85,94,8,349,17.301938818245066,1
covtype_binary_20000,7,100,0.85,95,6,732,18.077843382463556,1
covtype_binary_20000,7,100,0.85,96,6,536,18.077843382463556,1
covtype_binary_20000,7,100,0.85,97,10,197,16.813390589862998,1
covtype_binary_20000,7,100,0.85,98,7,366,18.05671702218135,1
covtype_binary_20000,7,100,0.85,99,7,226,17.68923337913638,1
covtype_binary_20000,7,100,0.85,100,7,69,18.0180746864728,1
covtype_binary_20000,7,100,0.85,101,8,144,17.819193533564786,1
covtype_binary_20000,7,100,0.9,1,9,4,18.077843382463556,1
covtype_binary_20000,7,100,0.9,2,10,230,17.656991017270165,1
covtype_binary_20000,7,100,0.9,3,12,29,15.6537151107559,1
covtype_binary_20000,7,100,0.9,4,12,856,18.077843382463556,1
covtype_binary_20000,7,100,0.9,5,6,764,18.077843382463556,1
covtype_binary_20000,7,100,0.9,6,6,744,18.077843382463556,1
covtype_binary_20000,7,100,0.9,7,6,531,18.077843382463556,1
covtype_binary_20000,7,100,0.9,8,12,45,17.853557261567843,1
covtype_binary_20000,7,100,0.9,9,9,307,17.787950186521613,1
covtype_binary_20000,7,100,0.9,10,6,593,18.077843382463556,1
covtype_binary_20000,7,100,0.9,11,1,365,0.00028617844435097073,0
covtype_binary_20000,7,100,0.9,12,2,497,0.8719027667651347,1
covtype_binary_20000,7,100,0.9,13,6,680,18.077843382463556,1
covtype_binary_20000,7,100,0.9,14,6,833,18.077843382463556,1
covtype_binary_20000,7,100,0.9,15,6,772,18.077843382463556,1
covtype_binary_20000,7,100,0.9,16,6,818,18.077843382463556,1
covtype_binary_20000,7,100,0.9,17,6,573,18.077843382463556,1
covtype_binary_20000,7,100,0.9,18,19,67,18.077843382463556,1
covtype_binary_20000,7,100,0.9,19,1,342,0.003254248019352035,0
covtype_binary_20000,7,100,0.9,20,7,220,17.791063707092146,1
covtype_binary_20000,7,100,0.9,21,7,101,18.07473132254462,1
covtype_binary_20000,7,100,0.9,22,11,350,17.42220130124371,1
covtype_binary_20000,7,100,0.9,23,6,711,18.077843382463556,1
covtype_binary_20000,7,100,0.9,24,1,14,0.0008764727361865732,0
covtype_binary_20000,7,100,0.9,25,8,329,18.010926328338286,1
covtype_binary_20000,7,100,0.9,26,9,71,18.077843382463556,1
covtype_binary_20000,7,100,0.9,27,8,30,17.286298325758302,1
covtype_binary_20000,7,100,0.9,28,4,219,16.717794540591477,1
covtype_binary_20000,7,100,0.9,29,39,299,16.068962594053797,1
covtype_binary_20000,7,100,0.9,30,18,590,18.077843382463556,1
covtype_binary_20000,7,100,0.9,31,6,671,18.077843382463556,1
covtype_binary_20000,7,100,0.9,32,18,625,18.077843382463556,1
covtype_binary_20000,7,100,0.9,33,8,93,17.836552724310685,1
covtype_binary_20000,7,100,0.9,34,12,408,18.077843382463556,1
covtype_binary_20000,7,100,0.9,35,2,776,0.016300035912164557,1
covtype_binary_20000,7,100,0.9,36,17,416,18.077843382463556,1
covtype_binary_20000,7,100,0.9,37,12,180,17.63384316964001,1
covtype_binary_20000,7,100,0.9,38,6,500,18.077843382463556,1
covtype_binary_20000,7,100,0.9,39,6,899,18.077843382463556,1
covtype_binary_20000,7,100,0.9,40,6,824,18.070410925410066,1
covtype_binary_20000,7,100,0.9,41,42,201,16.732054483790147,1
covtype_binary_20000,7,100,0.9,42,16,580,18.077843382463556,1
covtype_binary_20000,7,100,0.9,43,6,631,18.077843382463556,1
covtype_binary_20000,7,100,0.9,44,8,24,18.023786229346115,1
covtype_binary_20000,7,100,0.9,45,8,12,17.39598510400953,1
covtype_binary_20000,7,100,0.9,46,6,771,18.077843382463556,1
covtype_binary_20000,7,100,0.9,47,12,845,18.077843382463556,1
covtype_binary_20000,7,100,0.9,48,6,98,17.14121547195662,1
covtype_binary_20000,7,100,0.9,49,6,523,18.077843382463556,1
covtype_binary_20000,7,100,0.9,50,6,460,18.077843382463556,1
covtype_binary_20000,7,100,0.9,51,6,501,18.077843382463556,1
covtype_binary_20000,7,100,0.9,52,8,289,18.009892139863513,1
covtype_binary_20000,7,100,0.9,53,4,38,16.428871964228048,1
covtype_binary_20000,7,100,0.9,54,6,719,18.077843382463556,1
covtype_binary_20000,7,100,0.9,55,6,557,17.48888724193261,1
covtype_binary_20000,7,100,0.9,56,11,269,17.600563055985276,1
covtype_binary_20000,7,100,0.9,57,6,628,18.077843382463556,1
covtype_binary_20000,7,100,0.9,58,6,828,18.00479757502674,1
covtype_binary_20000,7,100,0.9,59,12,770,18.077843382463556,1
covtype_binary_20000,7,100,0.9,60,1,607,0.00023273357340553025,0
covtype_binary_20000,7,100,0.9,61,9,303,17.765999330742225,1
covtype_binary_20000,7,100,0.9,62,13,561,18.077843382463556,1
covtype_binary_20000,7,100,0.9,63,7,319,17.949771522612764,1
covtype_binary_20000,7,100,0.9,64,7,403,18.077843382463556,1
covtype_binary_20000,7,100,0.9,65,1,569,0.00013613738101131423,0
covtype_binary_20000,7,100,0.9,66,9,112,17.22504483943112,1
covtype_binary_20000,7,100,0.9,67,9,273,17.983194291581086,1
covtype_binary_20000,7,100,0.9,68,6,457,18.077843382463556,1
covtype_binary_20000,7,100,0.9,69,1,104,4.683124687001961,1
covtype_binary_20000,7,100,0.9,70,9,191,17.68394335840112,1
covtype_binary_20000,7,100,0.9,71,6,555,18.077843382463556,1
covtype_binary_20000,7,100,0.9,72,7,650,18.077843382463556,1
covtype_binary_20000,7,100,0.9,73,9,328,18.077843382463556,1
covtype_binary_20000,7,100,0.9,74,9,63,18.077843382463556,1
covtype_binary_20000,7,100,0.9,75,9,487,18.07784338656039,1
covtype_binary_20000,7,100,0.9,76,1,624,0.000601903961007122,0
covtype_binary_20000,7,100,0.9,77,2,921,0.0002028463350553511,0
covtype_binary_20000,7,100,0.9,78,6,517,18.077843382463556,1
covtype_binary_20000,7,100,0.9,79,6,421,17.81152569943017,1
covtype_binary_20000,7,100,0.9,80,6,582,18.077843382463556,1
covtype_binary_20000,7,100,0.9,81,12,420,18.077843382463556,1
covtype_binary_20000,7,100,0.9,82,6,761,18.077843382463556,1
covtype_binary_20000,7,100,0.9,83,6,401,18.077843382463556,1
covtype_binary_20000,7,100,0.9,84,6,668,18.077843382463556,1
covtype_binary_20000,7,100,0.9,85,9,48,18.06936734291236,1
covtype_binary_20000,7,100,0.9,86,9,254,17.486441374898426,1
covtype_binary_20000,7,100,0.9,87,1,390,0.00158119423357167,0
covtype_binary_20000,7,100,0.9,88,6,179,17.424279584098322,1
covtype_binary_20000,7,100,0.9,89,11,113,16.646833429022063,1
covtype_binary_20000,7,100,0.9,90,6,679,18.077843382463556,1
covtype_binary_20000,7,100,0.9,91,9,62,18.077847120101175,1
covtype_binary_20000,7,100,0.9,92,1,229,0.9968899088524699,1
covtype_binary_20000,7,100,0.9,93,1,720,0.0006049352870284297,0
covtype_binary_20000,7,100,0.9,94,6,713,18.077843382463556,1
covtype_binary_20000,7,100,0.9,95,42,39,11.438246654583182,1
covtype_binary_20000,7,100,0.9,96,42,310,9.995719344929777,1
covtype_binary_20000,7,100,0.9,97,6,510,18.077843382463556,1
covtype_binary_20000,7,100,0.9,98,12,260,17.44026883506215,1
covtype_binary_20000,7,100,0.9,99,2,28,17.359973913725792,1
covtype_binary_20000,7,100,0.9,100,9,215,17.971399174421794,1
covtype_binary_20000,7,100,0.9,101,9,415,17.459984298223887,1
covtype_binary_20000,7,100,0.9,102,8,349,17.301938818245066,1
covtype_binary_20000,7,100,0.9,103,6,732,18.077843382463556,1
covtype_binary_20000,7,100,0.9,104,6,536,18.077843382463556,1
covtype_binary_20000,7,100,0.9,105,10,197,16.813390589862998,1
covtype_binary_20000,7,100,0.9,106,7,366,18.05671702218135,1
covtype_binary_20000,7,100,0.9,107,7,226,17.68923337913638,1
covtype_binary_20000,7,100,0.9,108,7,69,18.0180746864728,1
covtype_binary_20000,7,100,0.9,109,8,144,17.819193533564786,1
covtype_binary_20000,13,25,0.75,1,4,9,16.45022814225362,0
covtype_binary_20000,13,25,0.75,2,12,692,18.06693871289465,1
covtype_binary_20000,13,25,0.75,3,6,758,18.06693871289465,1
covtype_binary_20000,13,25,0.75,4,12,525,18.06693871289465,1
covtype_binary_20000,13,25,0.75,5,6,634,18.06693871289465,1
covtype_binary_20000,13,25,0.75,6,2,69,15.386948489683736,0
covtype_binary_20000,13,25,0.75,7,13,650,18.06693871289465,1
covtype_binary_20000,13,25,0.75,8,12,689,18.06693871289465,1
covtype_binary_20000,13,25,0.75,9,8,23,17.990767257622025,0
covtype_binary_20000,13,25,0.75,10,8,146,17.182285098715713,0
covtype_binary_20000,13,25,0.75,11,9,311,17.40318880872896,0
covtype_binary_20000,13,25,0.75,12,15,722,18.06693871289465,1
covtype_binary_20000,13,25,0.75,13,8,332,17.880887425183552,0
covtype_binary_20000,13,25,0.75,14,26,48,18.06693871289465,1
covtype_binary_20000,13,25,0.75,15,1,51,10.189542656353245,0
covtype_binary_20000,13,25,0.75,16,12,720,18.054370796233567,0
covtype_binary_20000,13,25,0.75,17,2,337,0.019910073860421873,0
covtype_binary_20000,13,25,0.75,18,9,127,18.02584403355797,0
covtype_binary_20000,13,25,0.75,19,9,12,17.595247761004178,0
covtype_binary_20000,13,25,0.75,20,7,114,17.937990831329742,0
covtype_binary_20000,13,25,0.75,21,12,124,16.308020086878805,0
covtype_binary_20000,13,25,0.75,22,8,95,16.571673341488275,0
covtype_binary_20000,13,25,0.75,23,6,512,18.06693871289465,1
covtype_binary_20000,13,25,0.75,24,2,292,0.007516150713802128,0
covtype_binary_20000,13,25,0.75,25,7,260,17.974730597628646,0
covtype_binary_20000,13,25,0.75,26,15,144,18.06693871289465,1
covtype_binary_20000,13,25,0.75,27,12,452,18.06693871289465,1
covtype_binary_20000,13,25,0.75,28,14,520,18.057298736178293,0
covtype_binary_20000,13,25,0.75,29,6,62,17.524993781072766,0
covtype_binary_20000,13,25,0.75,30,8,627,18.003135241544577,0
covtype_binary_20000,13,25,0.75,31,10,34,16.826616678895356,0
covtype_binary_20000,13,25,0.75,32,9,331,17.75668991999636,0
covtype_binary_20000,13,25,0.75,33,1,50,0.0047905444121275065,0
covtype_binary_20000,13,25,0.75,34,1,419,-2.078956780982022e-05,0
covtype_binary_20000,13,25,0.75,35,11,156,17.167049503424398,0
covtype_binary_20000,13,25,0.75,36,14,684,18.06693871289465,1
covtype_binary_20000,13,25,0.75,37,12,682,18.06693871289465,1
covtype_binary_20000,13,25,0.75,38,12,524,18.06693871289465,1
covtype_binary_20000,13,25,0.75,39,6,764,18.06693871289465,1
covtype_binary_20000,13,25,0.75,40,8,211,17.978804596603265,0
covtype_binary_20000,13,25,0.75,41,9,469,18.06693871289465,1
covtype_binary_20000,13,25,0.75,42,18,278,18.06693871290114,1
covtype_binary_20000,13,25,0.75,43,1,767,0.03427674744675979,0
covtype_binary_20000,13,25,0.75,44,9,86,17.625667639050103,0
covtype_binary_20000,13,25,0.75,45,7,656,18.06693871289465,1
covtype_binary_20000,13,25,0.75,46,15,450,18.06693871289465,1
covtype_binary_20000,13,25,0.75,47,1,694,0.001599161219530909,0
covtype_binary_20000,13,25,0.75,48,26,611,18.06693871289465,1
covtype_binary_20000,13,25,0.75,49,1,416,0.35480417476014287,0
covtype_binary_20000,13,25,0.75,50,6,559,18.06693871289465,1
covtype_binary_20000,13,25,0.75,51,6,610,18.06693871289465,1
covtype_binary_20000,13,25,0.75,52,42,115,16.49693373470446,0
covtype_binary_20000,13,25,0.75,53,7,155,16.631648687635735,0
covtype_binary_20000,13,25,0.75,54,6,575,18.06693871289465,1
covtype_binary_20000,13,25,0.75,55,12,652,18.06693871289465,1
covtype_binary_20000,13,25,0.75,56,9,74,17.856667845012808,0
covtype_binary_20000,13,25,0.75,57,12,552,18.06693871289465,0
covtype_binary_20000,13,25,0.75,58,6,829,18.06693871289465,0
covtype_binary_20000,13,25,0.75,59,6,646,18.06693871289465,0
covtype_binary_20000,13,25,0.75,60,6,749,18.06693871289465,0
covtype_binary_20000,13,25,0.75,61,13,480,18.06693871289465,0
covtype_binary_20000,13,25,0.75,62,6,426,18.06693871289465,0
covtype_binary_20000,13,25,0.75,63,10,30,18.06693941015692,1
covtype_binary_20000,13,25,0.75,64,9,8,18.06693871289465,0
covtype_binary_20000,13,25,0.75,65,10,87,17.52282850234423,0
covtype_binary_20000,13,25,0.75,66,6,521,18.06693871289465,0
covtype_binary_20000,13,25,0.75,67,11,104,17.345314010891425,0
covtype_binary_20000,13,25,0.75,68,12,586,18.06693871289465,0
covtype_binary_20000,13,25,0.75,69,6,485,18.06693871289465,0
covtype_binary_20000,13,25,0.75,70,10,288,17.974852827244725,0
covtype_binary_20000,13,25,0.75,71,10,150,15.98357961605147,0
covtype_binary_20000,13,25,0.75,72,13,597,18.06693871289465,0
covtype_binary_20000,13,25,0.75,73,1,54,0.05027634912608242,0
covtype_binary_20000,13,25,0.75,74,6,718,18.06693871289465,0
covtype_binary_20000,13,25,0.75,75,6,20,17.156185863338436,0
covtype_binary_20000,13,25,0.75,76,12,229,14.171620068686812,0
covtype_binary_20000,13,25,0.75,77,12,561,18.06693871289465,0
covtype_binary_20000,13,25,0.75,78,2,327,0.60954049160171,0
covtype_binary_20000,13,25,0.75,79,6,691,18.06693871289465,0
covtype_binary_20000,13,25,0.75,80,4,96,14.021147305629,0
covtype_binary_20000,13,25,0.75,81,42,102,17.01969590429265,0
covtype_binary_20000,13,25,0.75,82,11,60,17.70812410807458,0
covtype_binary_20000,13,25,0.75,83,12,805,18.06693871289465,0
covtype_binary_20000,13,25,0.75,84,12,105,16.808499443301702,0
covtype_binary_20000,13,25,0.75,85,13,636,18.06693871289465,0
covtype_binary_20000,13,25,0.75,86,6,695,18.06693871289465,0
covtype_binary_20000,13,25,0.75,87,6,562,18.06693871289465,0
covtype_binary_20000,13,25,0.75,88,84,149,10.114670748256462,0
covtype_binary_20000,13,25,0.75,89,12,66,12.550778104846076,0
covtype_binary_20000,13,25,0.75,90,1,63,0.00013949401811380602,0
covtype_binary_20000,13,25,0.75,91,6,733,18.06693871289465,0
covtype_binary_20000,13,25,0.75,92,6,606,18.06693871289465,0
covtype_binary_20000,13,25,0.85,1,4,9,16.45022814225362,0
covtype_binary_20000,13,25,0.85,2,6,692,18.06693871289465,1
covtype_binary_20000,13,25,0.85,3,6,698,18.06634145973824,0
covtype_binary_20000,13,25,0.85,4,6,758,18.06693871289465,1
covtype_binary_20000,13,25,0.85,5,12,525,18.06693871289465,1
covtype_binary_20000,13,25,0.85,6,6,634,18.06693871289465,1
covtype_binary_20000,13,25,0.85,7,2,69,15.386948489683736,0
covtype_binary_20000,13,25,0.85,8,12,650,18.06693871289465,1
covtype_binary_20000,13,25,0.85,9,1,27,0.00513746271503529,0
covtype_binary_20000,13,25,0.85,10,12,689,18.06693871289465,1
covtype_binary_20000,13,25,0.85,11,8,23,17.990767257622025,0
covtype_binary_20000,13,25,0.85,12,8,146,17.182285098715713,0
covtype_binary_20000,13,25,0.85,13,9,311,17.40318880872896,0
covtype_binary_20000,13,25,0.85,14,9,168,17.964156125547238,0
covtype_binary_20000,13,25,0.85,15,6,722,18.06693871289465,1
covtype_binary_20000,13,25,0.85,16,8,332,17.880887425183552,0
covtype_binary_20000,13,25,0.85,17,8,52,18.06693871289465,1
covtype_binary_20000,13,25,0.85,18,18,48,18.06693871289465,1
covtype_binary_20000,13,25,0.85,19,1,51,10.189542656353245,0
covtype_binary_20000,13,25,0.85,20,12,720,18.054370796233567,0
covtype_binary_20000,13,25,0.85,21,1,147,0.0018747475418232074,0
covtype_binary_20000,13,25,0.85,22,1,337,0.019910073860421873,0
covtype_binary_20000,13,25,0.85,23,9,127,18.02584403355797,0
covtype_binary_20000,13,25,0.85,24,9,12,17.595247761004178,0
covtype_binary_20000,13,25,0.85,25,7,114,17.937990831329742,0
covtype_binary_20000,13,25,0.85,26,12,124,16.308020086878805,0
covtype_binary_20000,13,25,0.85,27,8,95,16.571673341488275,0
covtype_binary_20000,13,25,0.85,28,6,512,18.06693871289465,1
covtype_binary_20000,13,25,0.85,29,1,111,0.0035738421245413154,0
covtype_binary_20000,13,25,0.85,30,1,292,0.007516150713802128,0
covtype_binary_20000,13,25,0.85,31,7,260,17.974730597628646,0
covtype_binary_20000,13,25,0.85,32,8,144,18.06693871289465,1
covtype_binary_20000,13,25,0.85,33,7,225,16.972485432721562,0
covtype_binary_20000,13,25,0.85,34,6,701,18.06693871289465,1
covtype_binary_20000,13,25,0.85,35,6,452,18.06693871289465,1
covtype_binary_20000,13,25,0.85,36,7,520,18.057298736178293,0
covtype_binary_20000,13,25,0.85,37,7,289,17.544051193010223,0
covtype_binary_20000,13,25,0.85,38,6,62,17.524993781072766,0
covtype_binary_20000,13,25,0.85,39,8,627,18.003135241544577,0
covtype_binary_20000,13,25,0.85,40,10,34,16.826616678895356,0
covtype_binary_20000,13,25,0.85,41,9,331,17.75668991999636,0
covtype_binary_20000,13,25,0.85,42,1,50,0.0047905444121275065,0
covtype_binary_20000,13,25,0.85,43,1,419,-2.078956780982022e-05,0
covtype_binary_20000,13,25,0.85,44,11,156,17.167049503424398,0
covtype_binary_20000,13,25,0.85,45,14,684,18.06693871289465,1
covtype_binary_20000,13,25,0.85,46,12,682,18.06693871289465,1
covtype_binary_20000,13,25,0.85,47,12,524,18.06693871289465,1
covtype_binary_20000,13,25,0.85,48,6,764,18.06693871289465,1
covtype_binary_20000,13,25,0.85,49,8,211,17.978804596603265,0
covtype_binary_20000,13,25,0.85,50,9,469,18.06693871289465,1
covtype_binary_20000,13,25,0.85,51,18,278,18.06693871290114,1
covtype_binary_20000,13,25,0.85,52,1,767,0.03427674744675979,0
covtype_binary_20000,13,25,0.85,53,9,86,17.625667639050103,0
covtype_binary_20000,13,25,0.85,54,7,656,18.06693871289465,1
covtype_binary_20000,13,25,0.85,55,15,450,18.06693871289465,1
covtype_binary_20000,13,25,0.85,56,1,694,0.001599161219530909,0
covtype_binary_20000,13,25,0.85,57,6,611,18.06693871289465,1
covtype_binary_20000,13,25,0.85,58,20,827,18.06693871289465,1
covtype_binary_20000,13,25,0.85,59,1,416,0.35480417476014287,0
covtype_binary_20000,13,25,0.85,60,6,559,18.06693871289465,1
covtype_binary_20000,13,25,0.85,61,6,610,18.06693871289465,0
covtype_binary_20000,13,25,0.85,62,42,115,16.49693373470446,0
covtype_binary_20000,13,25,0.85,63,7,155,16.631648687635735,0
covtype_binary_20000,13,25,0.85,64,6,575,18.06693871289465,0
covtype_binary_20000,13,25,0.85,65,12,652,18.06693871289465,0
covtype_binary_20000,13,25,0.85,66,9,74,17.856667845012808,0
covtype_binary_20000,13,25,0.85,67,12,552,18.06693871289465,0
covtype_binary_20000,13,25,0.85,68,6,829,18.06693871289465,0
covtype_binary_20000,13,25,0.85,69,6,646,18.06693871289465,0
covtype_binary_20000,13,25,0.85,70,6,749,18.06693871289465,0
covtype_binary_20000,13,25,0.85,71,13,480,18.06693871289465,0
covtype_binary_20000,13,25,0.85,72,6,426,18.06693871289465,0
covtype_binary_20000,13,25,0.85,73,9,30,18.06693941015692,1
covtype_binary_20000,13,25,0.85,74,1,137,0.002017922964813512,0
covtype_binary_20000,13,25,0.85,75,9,8,18.06693871289465,0
covtype_binary_20000,13,25,0.85,76,10,87,17.52282850234423,0
covtype_binary_20000,13,25,0.85,77,6,521,18.06693871289465,0
covtype_binary_20000,13,25,0.85,78,11,104,17.345314010891425,0
covtype_binary_20000,13,25,0.85,79,6,847,18.06693871289465,0
covtype_binary_20000,13,25,0.85,80,6,586,18.06693871289465,0
covtype_binary_20000,13,25,0.85,81,6,485,18.06693871289465,0
covtype_binary_20000,13,25,0.85,82,9,288,17.974852827244725,0
covtype_binary_20000,13,25,0.85,83,1,71,0.10135791679150946,0
covtype_binary_20000,13,25,0.85,84,10,150,15.98357961605147,0
covtype_binary_20000,13,25,0.85,85,13,597,18.06693871289465,0
covtype_binary_20000,13,25,0.85,86,1,54,0.05027634912608242,0
covtype_binary_20000,13,25,0.85,87,6,718,18.06693871289465,0
covtype_binary_20000,13,25,0.85,88,6,20,17.156185863338436,0
covtype_binary_20000,13,25,0.85,89,12,229,14.171620068686812,0
covtype_binary_20000,13,25,0.85,90,12,561,18.06693871289465,0
covtype_binary_20000,13,25,0.85,91,2,327,0.60954049160171,0
covtype_binary_20000,13,25,0.85,92,6,691,18.06693871289465,0
covtype_binary_20000,13,25,0.85,93,4,96,14.021147305629,0
covtype_binary_20000,13,25,0.85,94,42,102,17.01969590429265,0
covtype_binary_20000,13,25,0.85,95,11,60,17.70812410807458,0
covtype_binary_20000,13,25,0.85,96,6,805,18.06693871289465,0
covtype_binary_20000,13,25,0.85,97,6,539,18.05976684582951,0
covtype_binary_20000,13,25,0.85,98,12,105,16.808499443301702,0
covtype_binary_20000,13,25,0.85,99,12,636,18.06693871289465,0
covtype_binary_20000,13,25,0.85,100,1,119,0.02273240129593662,0
covtype_binary_20000,13,25,0.85,101,6,695,18.06693871289465,0
covtype_binary_20000,13,25,0.85,102,6,562,18.06693871289465,0
covtype_binary_20000,13,25,0.85,103,42,149,10.114670748256462,0
covtype_binary_20000,13,25,0.85,104,42,152,8.954786945733831,0
covtype_binary_20000,13,25,0.85,105,12,66,12.550778104846076,0
covtype_binary_20000,13,25,0.85,106,1,63,0.00013949401811380602,0
covtype_binary_20000,13,25,0.85,107,6,733,18.06693871289465,0
covtype_binary_20000,13,25,0.85,108,6,606,18.06693871289465,0
covtype_binary_20000,13,25,0.9,1,4,9,16.45022814225362,0
covtype_binary_20000,13,25,0.9,2,6,692,18.06693871289465,1
covtype_binary_20000,13,25,0.9,3,6,698,18.06634145973824,0
covtype_binary_20000,13,25,0.9,4,6,758,18.06693871289465,1
covtype_binary_20000,13,25,0.9,5,12,525,18.06693871289465,1
covtype_binary_20000,13,25,0.9,6,6,634,18.06693871289465,1
covtype_binary_20000,13,25,0.9,7,2,69,15.386948489683736,0
covtype_binary_20000,13,25,0.9,8,12,650,18.06693871289465,1
covtype_binary_20000,13,25,0.9,9,1,27,0.00513746271503529,0
covtype_binary_20000,13,25,0.9,10,6,776,17.177861929296427,0
covtype_binary_20000,13,25,0.9,11,6,689,18.06693871289465,1
covtype_binary_20000,13,25,0.9,12,8,23,17.990767257622025,0
covtype_binary_20000,13,25,0.9,13,8,146,17.182285098715713,0
covtype_binary_20000,13,25,0.9,14,9,311,17.40318880872896,0
covtype_binary_20000,13,25,0.9,15,9,168,17.964156125547238,0
covtype_binary_20000,13,25,0.9,16,6,722,18.06693871289465,1
covtype_binary_20000,13,25,0.9,17,8,332,17.880887425183552,0
covtype_binary_20000,13,25,0.9,18,8,52,18.06693871289465,1
covtype_binary_20000,13,25,0.9,19,18,48,18.06693871289465,1
covtype_binary_20000,13,25,0.9,20,1,51,10.189542656353245,0
covtype_binary_20000,13,25,0.9,21,6,572,17.70459332367837,0
covtype_binary_20000,13,25,0.9,22,6,720,18.054370796233567,0
covtype_binary_20000,13,25,0.9,23,1,147,0.0018747475418232074,0
covtype_binary_20000,13,25,0.9,24,1,337,0.019910073860421873,0
covtype_binary_20000,13,25,0.9,25,9,127,18.02584403355797,0
covtype_binary_20000,13,25,0.9,26,9,12,17.595247761004178,0
covtype_binary_20000,13,25,0.9,27,7,114,17.937990831329742,0
covtype_binary_20000,13,25,0.9,28,12,124,16.308020086878805,0
covtype_binary_20000,13,25,0.9,29,8,95,16.571673341488275,0
covtype_binary_20000,13,25,0.9,30,6,512,18.06693871289465,1
covtype_binary_20000,13,25,0.9,31,1,111,0.0035738421245413154,0
covtype_binary_20000,13,25,0.9,32,1,292,0.007516150713802128,0
covtype_binary_20000,13,25,0.9,33,7,260,17.974730597628646,0
covtype_binary_20000,13,25,0.9,34,8,144,18.06693871289465,1
covtype_binary_20000,13,25,0.9,35,7,225,16.972485432721562,0
covtype_binary_20000,13,25,0.9,36,6,701,18.06693871289465,1
covtype_binary_20000,13,25,0.9,37,6,452,18.06693871289465,1
covtype_binary_20000,13,25,0.9,38,7,520,18.057298736178293,0
covtype_binary_20000,13,25,0.9,39,7,289,17.544051193010223,0
covtype_binary_20000,13,25,0.9,40,6,62,17.524993781072766,0
covtype_binary_20000,13,25,0.9,41,8,627,18.003135241544577,0
covtype_binary_20000,13,25,0.9,42,10,34,16.826616678895356,0
covtype_binary_20000,13,25,0.9,43,9,331,17.75668991999636,0
covtype_binary_20000,13,25,0.9,44,1,50,0.0047905444121275065,0
covtype_binary_20000,13,25,0.9,45,1,419,-2.078956780982022e-05,0
covtype_binary_20000,13,25,0.9,46,11,156,17.167049503424398,0
covtype_binary_20000,13,25,0.9,47,13,684,18.06693871289465,1
covtype_binary_20000,13,25,0.9,48,1,378,2.4883076368429013,0
covtype_binary_20000,13,25,0.9,49,6,682,18.06693871289465,1
covtype_binary_20000,13,25,0.9,50,6,843,18.021946543494522,0
covtype_binary_20000,13,25,0.9,51,12,524,18.06693871289465,1
covtype_binary_20000,13,25,0.9,52,6,764,18.06693871289465,1
covtype_binary_20000,13,25,0.9,53,8,211,17.978804596603265,0
covtype_binary_20000,13,25,0.9,54,9,469,18.06693871289465,1
covtype_binary_20000,13,25,0.9,55,9,141,18.06693871289465,1
covtype_binary_20000,13,25,0.9,56,9,278,18.06693871290114,1
covtype_binary_20000,13,25,0.9,57,1,767,0.03427674744675979,0
covtype_binary_20000,13,25,0.9,58,9,86,17.625667639050103,0
covtype_binary_20000,13,25,0.9,59,7,656,18.06693871289465,1
covtype_binary_20000,13,25,0.9,60,15,450,18.06693871289465,1
covtype_binary_20000,13,25,0.9,61,1,694,0.001599161219530909,0
covtype_binary_20000,13,25,0.9,62,6,611,18.06693871289465,1
covtype_binary_20000,13,25,0.9,63,20,827,18.06693871289465,1
covtype_binary_20000,13,25,0.9,64,1,416,0.35480417476014287,0
covtype_binary_20000,13,25,0.9,65,6,559,18.06693871289465,0
covtype_binary_20000,13,25,0.9,66,6,610,18.06693871289465,0
covtype_binary_20000,13,25,0.9,67,42,115,16.49693373470446,0
covtype_binary_20000,13,25,0.9,68,6,155,16.631648687635735,0
covtype_binary_20000,13,25,0.9,69,1,351,0.005163772105831299,0
covtype_binary_20000,13,25,0.9,70,6,575,18.06693871289465,0
covtype_binary_20000,13,25,0.9,71,6,652,18.06693871289465,0
covtype_binary_20000,13,25,0.9,72,6,658,18.06693871289465,0
covtype_binary_20000,13,25,0.9,73,9,74,17.856667845012808,0
covtype_binary_20000,13,25,0.9,74,6,711,18.06693871289465,0
covtype_binary_20000,13,25,0.9,75,6,552,18.06693871289465,0
covtype_binary_20000,13,25,0.9,76,6,829,18.06693871289465,0
covtype_binary_20000,13,25,0.9,77,6,646,18.06693871289465,0
covtype_binary_20000,13,25,0.9,78,6,749,18.06693871289465,0
covtype_binary_20000,13,25,0.9,79,12,480,18.06693871289465,0
covtype_binary_20000,13,25,0.9,80,1,16,-5.3447076506007996e-05,0
covtype_binary_20000,13,25,0.9,81,6,426,18.06693871289465,0
covtype_binary_20000,13,25,0.9,82,9,30,18.06693941015692,1
covtype_binary_20000,13,25,0.9,83,1,137,0.002017922964813512,0
covtype_binary_20000,13,25,0.9,84,9,8,18.06693871289465,0
covtype_binary_20000,13,25,0.9,85,9,87,17.52282850234423,0
covtype_binary_20000,13,25,0.9,86,1,477,0.00035223508904103085,0
covtype_binary_20000,13,25,0.9,87,6,521,18.06693871289465,0
covtype_binary_20000,13,25,0.9,88,11,104,17.345314010891425,0
covtype_binary_20000,13,25,0.9,89,6,847,18.06693871289465,0
covtype_binary_20000,13,25,0.9,90,6,586,18.06693871289465,0
covtype_binary_20000,13,25,0.9,91,6,485,18.06693871289465,0
covtype_binary_20000,13,25,0.9,92,9,288,17.974852827244725,0
covtype_binary_20000,13,25,0.9,93,1,71,0.10135791679150946,0
covtype_binary_20000,13,25,0.9,94,10,150,15.98357961605147,0
covtype_binary_20000,13,25,0.9,95,6,597,18.06693871289465,0
covtype_binary_20000,13,25,0.9,96,7,629,18.06693871289465,0
covtype_binary_20000,13,25,0.9,97,1,54,0.05027634912608242,0
covtype_binary_20000,13,25,0.9,98,6,718,18.06693871289465,0
covtype_binary_20000,13,25,0.9,99,6,20,17.156185863338436,0
covtype_binary_20000,13,25,0.9,100,12,229,14.171620068686812,0
covtype_binary_20000,13,25,0.9,101,6,757,18.06693871289465,0
covtype_binary_20000,13,25,0.9,102,6,561,18.06693871289465,0
covtype_binary_20000,13,25,0.9,103,2,327,0.60954049160171,0
covtype_binary_20000,13,25,0.9,104,6,691,18.06693871289465,0
covtype_binary_20000,13,25,0.9,105,4,96,14.021147305629,0
covtype_binary_20000,13,25,0.9,106,42,102,17.01969590429265,0
covtype_binary_20000,13,25,0.9,107,11,60,17.70812410807458,0
covtype_binary_20000,13,25,0.9,108,6,805,18.06693871289465,0
covtype_binary_20000,13,25,0.9,109,6,539,18.05976684582951,0
covtype_binary_20000,13,25,0.9,110,12,105,16.808499443301702,0
covtype_binary_20000,13,25,0.9,111,12,636,18.06693871289465,0
covtype_binary_20000,13,25,0.9,112,1,119,0.02273240129593662,0
covtype_binary_20000,13,25,0.9,113,6,695,18.06693871289465,0
covtype_binary_20000,13,25,0.9,114,6,562,18.06693871289465,0
covtype_binary_20000,13,25,0.9,115,42,149,10.114670748256462,0
covtype_binary_20000,13,25,0.9,116,42,152,8.954786945733831,0
covtype_binary_20000,13,25,0.9,117,12,66,12.550778104846076,0
covtype_binary_20000,13,25,0.9,118,1,63,0.00013949401811380602,0
covtype_binary_20000,13,25,0.9,119,6,733,18.06693871289465,0
covtype_binary_20000,13,25,0.9,120,6,606,18.06693871289465,0
covtype_binary_20000,13,50,0.75,1,4,9,16.45022814225362,0
covtype_binary_20000,13,50,0.75,2,12,692,18.06693871289465,1
covtype_binary_20000,13,50,0.75,3,6,758,18.06693871289465,1
covtype_binary_20000,13,50,0.75,4,12,525,18.06693871289465,1
covtype_binary_20000,13,50,0.75,5,6,634,18.06693871289465,1
covtype_binary_20000,13,50,0.75,6,2,69,15.386948489683736,0
covtype_binary_20000,13,50,0.75,7,13,650,18.06693871289465,1
covtype_binary_20000,13,50,0.75,8,12,689,18.06693871289465,1
covtype_binary_20000,13,50,0.75,9,8,23,17.990767257622025,1
covtype_binary_20000,13,50,0.75,10,8,146,17.182285098715713,0
covtype_binary_20000,13,50,0.75,11,9,311,17.40318880872896,0
covtype_binary_20000,13,50,0.75,12,15,722,18.06693871289465,1
covtype_binary_20000,13,50,0.75,13,8,332,17.880887425183552,0
covtype_binary_20000,13,50,0.75,14,26,48,18.06693871289465,1
covtype_binary_20000,13,50,0.75,15,1,51,10.189542656353245,0
covtype_binary_20000,13,50,0.75,16,12,720,18.054370796233567,1
covtype_binary_20000,13,50,0.75,17,2,337,0.019910073860421873,0
covtype_binary_20000,13,50,0.75,18,9,127,18.02584403355797,1
covtype_binary_20000,13,50,0.75,19,9,12,17.595247761004178,0
covtype_binary_20000,13,50,0.75,20,7,114,17.937990831329742,0
covtype_binary_20000,13,50,0.75,21,12,124,16.308020086878805,0
covtype_binary_20000,13,50,0.75,22,8,95,16.571673341488275,0
covtype_binary_20000,13,50,0.75,23,6,512,18.06693871289465,1
covtype_binary_20000,13,50,0.75,24,2,292,0.007516150713802128,0
covtype_binary_20000,13,50,0.75,25,7,260,17.974730597628646,0
covtype_binary_20000,13,50,0.75,26,15,144,18.06693871289465,1
covtype_binary_20000,13,50,0.75,27,12,452,18.06693871289465,1
covtype_binary_20000,13,50,0.75,28,14,520,18.057298736178293,1
covtype_binary_20000,13,50,0.75,29,6,62,17.524993781072766,0
covtype_binary_20000,13,50,0.75,30,8,627,18.003135241544577,1
covtype_binary_20000,13,50,0.75,31,10,34,16.826616678895356,0
covtype_binary_20000,13,50,0.75,32,9,331,17.75668991999636,0
covtype_binary_20000,13,50,0.75,33,1,50,0.0047905444121275065,0
covtype_binary_20000,13,50,0.75,34,1,419,-2.078956780982022e-05,0
covtype_binary_20000,13,50,0.75,35,11,156,17.167049503424398,0
covtype_binary_20000,13,50,0.75,36,14,684,18.06693871289465,1
covtype_binary_20000,13,50,0.75,37,12,682,18.06693871289465,1
covtype_binary_20000,13,50,0.75,38,12,524,18.06693871289465,1
covtype_binary_20000,13,50,0.75,39,6,764,18.06693871289465,1
covtype_binary_20000,13,50,0.75,40,8,211,17.978804596603265,0
covtype_binary_20000,13,50,0.75,41,9,469,18.06693871289465,1
covtype_binary_20000,13,50,0.75,42,18,278,18.06693871290114,1
covtype_binary_20000,13,50,0.75,43,1,767,0.03427674744675979,0
covtype_binary_20000,13,50,0.75,44,9,86,17.625667639050103,0
covtype_binary_20000,13,50,0.75,45,7,656,18.06693871289465,1
covtype_binary_20000,13,50,0.75,46,15,450,18.06693871289465,1
covtype_binary_20000,13,50,0.75,47,1,694,0.001599161219530909,0
covtype_binary_20000,13,50,0.75,48,26,611,18.06693871289465,1
covtype_binary_20000,13,50,0.75,49,1,416,0.35480417476014287,0
covtype_binary_20000,13,50,0.75,50,6,559,18.06693871289465,1
covtype_binary_20000,13,50,0.75,51,6,610,18.06693871289465,1
covtype_binary_20000,13,50,0.75,52,42,115,16.49693373470446,0
covtype_binary_20000,13,50,0.75,53,7,155,16.631648687635735,0
covtype_binary_20000,13,50,0.75,54,6,575,18.06693871289465,1
covtype_binary_20000,13,50,0.75,55,12,652,18.06693871289465,1
covtype_binary_20000,13,50,0.75,56,9,74,17.856667845012808,0
covtype_binary_20000,13,50,0.75,57,12,552,18.06693871289465,1
covtype_binary_20000,13,50,0.75,58,6,829,18.06693871289465,1
covtype_binary_20000,13,50,0.75,59,6,646,18.06693871289465,1
covtype_binary_20000,13,50,0.75,60,6,749,18.06693871289465,1
covtype_binary_20000,13,50,0.75,61,13,480,18.06693871289465,1
covtype_binary_20000,13,50,0.75,62,6,426,18.06693871289465,1
covtype_binary_20000,13,50,0.75,63,10,30,18.06693941015692,1
covtype_binary_20000,13,50,0.75,64,9,8,18.06693871289465,1
covtype_binary_20000,13,50,0.75,65,10,87,17.52282850234423,0
covtype_binary_20000,13,50,0.75,66,6,521,18.06693871289465,1
covtype_binary_20000,13,50,0.75,67,11,104,17.345314010891425,0
covtype_binary_20000,13,50,0.75,68,12,586,18.06693871289465,1
covtype_binary_20000,13,50,0.75,69,6,485,18.06693871289465,1
covtype_binary_20000,13,50,0.75,70,10,288,17.974852827244725,0
covtype_binary_20000,13,50,0.75,71,10,150,15.98357961605147,0
covtype_binary_20000,13,50,0.75,72,13,597,18.06693871289465,1
covtype_binary_20000,13,50,0.75,73,1,54,0.05027634912608242,0
covtype_binary_20000,13,50,0.75,74,6,718,18.06693871289465,1
covtype_binary_20000,13,50,0.75,75,6,20,17.156185863338436,0
covtype_binary_20000,13,50,0.75,76,12,229,14.171620068686812,0
covtype_binary_20000,13,50,0.75,77,12,561,18.06693871289465,1
covtype_binary_20000,13,50,0.75,78,2,327,0.60954049160171,0
covtype_binary_20000,13,50,0.75,79,6,691,18.06693871289465,1
covtype_binary_20000,13,50,0.75,80,4,96,14.021147305629,0
covtype_binary_20000,13,50,0.75,81,42,102,17.01969590429265,0
covtype_binary_20000,13,50,0.75,82,11,60,17.70812410807458,0
covtype_binary_20000,13,50,0.75,83,12,805,18.06693871289465,1
covtype_binary_20000,13,50,0.75,84,12,105,16.808499443301702,0
covtype_binary_20000,13,50,0.75,85,13,636,18.06693871289465,1
covtype_binary_20000,13,50,0.75,86,6,695,18.06693871289465,1
covtype_binary_20000,13,50,0.75,87,6,562,18.06693871289465,1
covtype_binary_20000,13,50,0.75,88,84,149,10.114670748256462,0
covtype_binary_20000,13,50,0.75,89,12,66,12.550778104846076,0
covtype_binary_20000,13,50,0.75,90,1,63,0.00013949401811380602,0
covtype_binary_20000,13,50,0.75,91,6,733,18.06693871289465,1
covtype_binary_20000,13,50,0.75,92,6,606,18.06693871289465,1
covtype_binary_20000,13,50,0.85,1,4,9,16.45022814225362,0
covtype_binary_20000,13,50,0.85,2,6,692,18.06693871289465,1
covtype_binary_20000,13,50,0.85,3,6,698,18.06634145973824,1
covtype_binary_20000,13,50,0.85,4,6,758,18.06693871289465,1
covtype_binary_20000,13,50,0.85,5,12,525,18.06693871289465,1
covtype_binary_20000,13,50,0.85,6,6,634,18.06693871289465,1
covtype_binary_20000,13,50,0.85,7,2,69,15.386948489683736,0
covtype_binary_20000,13,50,0.85,8,12,650,18.06693871289465,1
covtype_binary_20000,13,50,0.85,9,1,27,0.00513746271503529,0
covtype_binary_20000,13,50,0.85,10,12,689,18.06693871289465,1
covtype_binary_20000,13,50,0.85,11,8,23,17.990767257622025,0
covtype_binary_20000,13,50,0.85,12,8,146,17.182285098715713,0
covtype_binary_20000,13,50,0.85,13,9,311,17.40318880872896,0
covtype_binary_20000,13,50,0.85,14,9,168,17.964156125547238,0
covtype_binary_20000,13,50,0.85,15,6,722,18.06693871289465,1
covtype_binary_20000,13,50,0.85,16,8,332,17.880887425183552,0
covtype_binary_20000,13,50,0.85,17,8,52,18.06693871289465,1
covtype_binary_20000,13,50,0.85,18,18,48,18.06693871289465,1
covtype_binary_20000,13,50,0.85,19,1,51,10.189542656353245,0
covtype_binary_20000,13,50,0.85,20,12,720,18.054370796233567,0
covtype_binary_20000,13,50,0.85,21,1,147,0.0018747475418232074,0
covtype_binary_20000,13,50,0.85,22,1,337,0.019910073860421873,0
covtype_binary_20000,13,50,0.85,23,9,127,18.02584403355797,0
covtype_binary_20000,13,50,0.85,24,9,12,17.595247761004178,0
covtype_binary_20000,13,50,0.85,25,7,114,17.937990831329742,0
covtype_binary_20000,13,50,0.85,26,12,124,16.308020086878805,0
covtype_binary_20000,13,50,0.85,27,8,95,16.571673341488275,0
covtype_binary_20000,13,50,0.85,28,6,512,18.06693871289465,1
covtype_binary_20000,13,50,0.85,29,1,111,0.0035738421245413154,0
covtype_binary_20000,13,50,0.85,30,1,292,0.007516150713802128,0
covtype_binary_20000,13,50,0.85,31,7,260,17.974730597628646,0
covtype_binary_20000,13,50,0.85,32,8,144,18.06693871289465,1
covtype_binary_20000,13,50,0.85,33,7,225,16.972485432721562,0
covtype_binary_20000,13,50,0.85,34,6,701,18.06693871289465,1
covtype_binary_20000,13,50,0.85,35,6,452,18.06693871289465,1
covtype_binary_20000,13,50,0.85,36,7,520,18.057298736178293,0
covtype_binary_20000,13,50,0.85,37,7,289,17.544051193010223,0
covtype_binary_20000,13,50,0.85,38,6,62,17.524993781072766,0
covtype_binary_20000,13,50,0.85,39,8,627,18.003135241544577,0
covtype_binary_20000,13,50,0.85,40,10,34,16.826616678895356,0
covtype_binary_20000,13,50,0.85,41,9,331,17.75668991999636,0
covtype_binary_20000,13,50,0.85,42,1,50,0.0047905444121275065,0
covtype_binary_20000,13,50,0.85,43,1,419,-2.078956780982022e-05,0
covtype_binary_20000,13,50,0.85,44,11,156,17.167049503424398,0
covtype_binary_20000,13,50,0.85,45,14,684,18.06693871289465,1
covtype_binary_20000,13,50,0.85,46,12,682,18.06693871289465,1
covtype_binary_20000,13,50,0.85,47,12,524,18.06693871289465,1
covtype_binary_20000,13,50,0.85,48,6,764,18.06693871289465,1
covtype_binary_20000,13,50,0.85,49,8,211,17.978804596603265,0
covtype_binary_20000,13,50,0.85,50,9,469,18.06693871289465,1
covtype_binary_20000,13,50,0.85,51,18,278,18.06693871290114,1
covtype_binary_20000,13,50,0.85,52,1,767,0.03427674744675979,0
covtype_binary_20000,13,50,0.85,53,9,86,17.625667639050103,0
covtype_binary_20000,13,50,0.85,54,7,656,18.06693871289465,1
covtype_binary_20000,13,50,0.85,55,15,450,18.06693871289465,1
covtype_binary_20000,13,50,0.85,56,1,694,0.001599161219530909,0
covtype_binary_20000,13,50,0.85,57,6,611,18.06693871289465,1
covtype_binary_20000,13,50,0.85,58,20,827,18.06693871289465,1
covtype_binary_20000,13,50,0.85,59,1,416,0.35480417476014287,0
covtype_binary_20000,13,50,0.85,60,6,559,18.06693871289465,1
covtype_binary_20000,13,50,0.85,61,6,610,18.06693871289465,1
covtype_binary_20000,13,50,0.85,62,42,115,16.49693373470446,0
covtype_binary_20000,13,50,0.85,63,7,155,16.631648687635735,0
covtype_binary_20000,13,50,0.85,64,6,575,18.06693871289465,1
covtype_binary_20000,13,50,0.85,65,12,652,18.06693871289465,1
covtype_binary_20000,13,50,0.85,66,9,74,17.856667845012808,0
covtype_binary_20000,13,50,0.85,67,12,552,18.06693871289465,1
covtype_binary_20000,13,50,0.85,68,6,829,18.06693871289465,1
covtype_binary_20000,13,50,0.85,69,6,646,18.06693871289465,1
covtype_binary_20000,13,50,0.85,70,6,749,18.06693871289465,1
covtype_binary_20000,13,50,0.85,71,13,480,18.06693871289465,1
covtype_binary_20000,13,50,0.85,72,6,426,18.06693871289465,1
covtype_binary_20000,13,50,0.85,73,9,30,18.06693941015692,1
covtype_binary_20000,13,50,0.85,74,1,137,0.002017922964813512,0
covtype_binary_20000,13,50,0.85,75,9,8,18.06693871289465,1
covtype_binary_20000,13,50,0.85,76,10,87,17.52282850234423,0
covtype_binary_20000,13,50,0.85,77,6,521,18.06693871289465,1
covtype_binary_20000,13,50,0.85,78,11,104,17.345314010891425,0
covtype_binary_20000,13,50,0.85,79,6,847,18.06693871289465,1
covtype_binary_20000,13,50,0.85,80,6,586,18.06693871289465,1
covtype_binary_20000,13,50,0.85,81,6,485,18.06693871289465,1
covtype_binary_20000,13,50,0.85,82,9,288,17.974852827244725,0
covtype_binary_20000,13,50,0.85,83,1,71,0.10135791679150946,0
covtype_binary_20000,13,50,0.85,84,10,150,15.98357961605147,0
covtype_binary_20000,13,50,0.85,85,13,597,18.06693871289465,1
covtype_binary_20000,13,50,0.85,86,1,54,0.05027634912608242,0
covtype_binary_20000,13,50,0.85,87,6,718,18.06693871289465,1
covtype_binary_20000,13,50,0.85,88,6,20,17.156185863338436,0
covtype_binary_20000,13,50,0.85,89,12,229,14.171620068686812,0
covtype_binary_20000,13,50,0.85,90,12,561,18.06693871289465,1
covtype_binary_20000,13,50,0.85,91,2,327,0.60954049160171,0
covtype_binary_20000,13,50,0.85,92,6,691,18.06693871289465,1
covtype_binary_20000,13,50,0.85,93,4,96,14.021147305629,0
covtype_binary_20000,13,50,0.85,94,42,102,17.01969590429265,0
covtype_binary_20000,13,50,0.85,95,11,60,17.70812410807458,0
covtype_binary_20000,13,50,0.85,96,6,805,18.06693871289465,1
covtype_binary_20000,13,50,0.85,97,6,539,18.05976684582951,0
covtype_binary_20000,13,50,0.85,98,12,105,16.808499443301702,0
covtype_binary_20000,13,50,0.85,99,12,636,18.06693871289465,1
covtype_binary_20000,13,50,0.85,100,1,119,0.02273240129593662,0
covtype_binary_20000,13,50,0.85,101,6,695,18.06693871289465,1
covtype_binary_20000,13,50,0.85,102,6,562,18.06693871289465,1
covtype_binary_20000,13,50,0.85,103,42,149,10.114670748256462,0
covtype_binary_20000,13,50,0.85,104,42,152,8.954786945733831,0
covtype_binary_20000,13,50,0.85,105,12,66,12.550778104846076,0
covtype_binary_20000,13,50,0.85,106,1,63,0.00013949401811380602,0
covtype_binary_20000,13,50,0.85,107,6,733,18.06693871289465,1
covtype_binary_20000,13,50,0.85,108,6,606,18.06693871289465,1
covtype_binary_20000,13,50,0.9,1,4,9,16.45022814225362,0
covtype_binary_20000,13,50,0.9,2,6,692,18.06693871289465,1
covtype_binary_20000,13,50,0.9,3,6,698,18.06634145973824,0
covtype_binary_20000,13,50,0.9,4,6,758,18.06693871289465,1
covtype_binary_20000,13,50,0.9,5,12,525,18.06693871289465,1
covtype_binary_20000,13,50,0.9,6,6,634,18.06693871289465,1
covtype_binary_20000,13,50,0.9,7,2,69,15.386948489683736,0
covtype_binary_20000,13,50,0.9,8,12,650,18.06693871289465,1
covtype_binary_20000,13,50,0.9,9,1,27,0.00513746271503529,0
covtype_binary_20000,13,50,0.9,10,6,776,17.177861929296427,0
covtype_binary_20000,13,50,0.9,11,6,689,18.06693871289465,1
covtype_binary_20000,13,50,0.9,12,8,23,17.990767257622025,0
covtype_binary_20000,13,50,0.9,13,8,146,17.182285098715713,0
covtype_binary_20000,13,50,0.9,14,9,311,17.40318880872896,0
covtype_binary_20000,13,50,0.9,15,9,168,17.964156125547238,0
covtype_binary_20000,13,50,0.9,16,6,722,18.06693871289465,1
covtype_binary_20000,13,50,0.9,17,8,332,17.880887425183552,0
covtype_binary_20000,13,50,0.9,18,8,52,18.06693871289465,1
covtype_binary_20000,13,50,0.9,19,18,48,18.06693871289465,1
covtype_binary_20000,13,50,0.9,20,1,51,10.189542656353245,0
covtype_binary_20000,13,50,0.9,21,6,572,17.70459332367837,0
covtype_binary_20000,13,50,0.9,22,6,720,18.054370796233567,0
covtype_binary_20000,13,50,0.9,23,1,147,0.0018747475418232074,0
covtype_binary_20000,13,50,0.9,24,1,337,0.019910073860421873,0
covtype_binary_20000,13,50,0.9,25,9,127,18.02584403355797,0
covtype_binary_20000,13,50,0.9,26,9,12,17.595247761004178,0
covtype_binary_20000,13,50,0.9,27,7,114,17.937990831329742,0
covtype_binary_20000,13,50,0.9,28,12,124,16.308020086878805,0
covtype_binary_20000,13,50,0.9,29,8,95,16.571673341488275,0
covtype_binary_20000,13,50,0.9,30,6,512,18.06693871289465,1
covtype_binary_20000,13,50,0.9,31,1,111,0.0035738421245413154,0
covtype_binary_20000,13,50,0.9,32,1,292,0.007516150713802128,0
covtype_binary_20000,13,50,0.9,33,7,260,17.974730597628646,0
covtype_binary_20000,13,50,0.9,34,8,144,18.06693871289465,1
covtype_binary_20000,13,50,0.9,35,7,225,16.972485432721562,0
covtype_binary_20000,13,50,0.9,36,6,701,18.06693871289465,1
covtype_binary_20000,13,50,0.9,37,6,452,18.06693871289465,1
covtype_binary_20000,13,50,0.9,38,7,520,18.057298736178293,0
covtype_binary_20000,13,50,0.9,39,7,289,17.544051193010223,0
covtype_binary_20000,13,50,0.9,40,6,62,17.524993781072766,0
covtype_binary_20000,13,50,0.9,41,8,627,18.003135241544577,0
covtype_binary_20000,13,50,0.9,42,10,34,16.826616678895356,0
covtype_binary_20000,13,50,0.9,43,9,331,17.75668991999636,0
covtype_binary_20000,13,50,0.9,44,1,50,0.0047905444121275065,0
covtype_binary_20000,13,50,0.9,45,1,419,-2.078956780982022e-05,0
covtype_binary_20000,13,50,0.9,46,11,156,17.167049503424398,0
covtype_binary_20000,13,50,0.9,47,13,684,18.06693871289465,1
covtype_binary_20000,13,50,0.9,48,1,378,2.4883076368429013,0
covtype_binary_20000,13,50,0.9,49,6,682,18.06693871289465,1
covtype_binary_20000,13,50,0.9,50,6,843,18.021946543494522,0
covtype_binary_20000,13,50,0.9,51,12,524,18.06693871289465,1
covtype_binary_20000,13,50,0.9,52,6,764,18.06693871289465,1
covtype_binary_20000,13,50,0.9,53,8,211,17.978804596603265,0
covtype_binary_20000,13,50,0.9,54,9,469,18.06693871289465,1
covtype_binary_20000,13,50,0.9,55,9,141,18.06693871289465,1
covtype_binary_20000,13,50,0.9,56,9,278,18.06693871290114,1
covtype_binary_20000,13,50,0.9,57,1,767,0.03427674744675979,0
covtype_binary_20000,13,50,0.9,58,9,86,17.625667639050103,0
covtype_binary_20000,13,50,0.9,59,7,656,18.06693871289465,1
covtype_binary_20000,13,50,0.9,60,15,450,18.06693871289465,1
covtype_binary_20000,13,50,0.9,61,1,694,0.001599161219530909,0
covtype_binary_20000,13,50,0.9,62,6,611,18.06693871289465,1
covtype_binary_20000,13,50,0.9,63,20,827,18.06693871289465,1
covtype_binary_20000,13,50,0.9,64,1,416,0.35480417476014287,0
covtype_binary_20000,13,50,0.9,65,6,559,18.06693871289465,1
covtype_binary_20000,13,50,0.9,66,6,610,18.06693871289465,1
covtype_binary_20000,13,50,0.9,67,42,115,16.49693373470446,0
covtype_binary_20000,13,50,0.9,68,6,155,16.631648687635735,0
covtype_binary_20000,13,50,0.9,69,1,351,0.005163772105831299,0
covtype_binary_20000,13,50,0.9,70,6,575,18.06693871289465,1
covtype_binary_20000,13,50,0.9,71,6,652,18.06693871289465,1
covtype_binary_20000,13,50,0.9,72,6,658,18.06693871289465,1
covtype_binary_20000,13,50,0.9,73,9,74,17.856667845012808,0
covtype_binary_20000,13,50,0.9,74,6,711,18.06693871289465,1
covtype_binary_20000,13,50,0.9,75,6,552,18.06693871289465,1
covtype_binary_20000,13,50,0.9,76,6,829,18.06693871289465,1
covtype_binary_20000,13,50,0.9,77,6,646,18.06693871289465,1
covtype_binary_20000,13,50,0.9,78,6,749,18.06693871289465,1
covtype_binary_20000,13,50,0.9,79,12,480,18.06693871289465,1
covtype_binary_20000,13,50,0.9,80,1,16,-5.3447076506007996e-05,0
covtype_binary_20000,13,50,0.9,81,6,426,18.06693871289465,1
covtype_binary_20000,13,50,0.9,82,9,30,18.06693941015692,1
covtype_binary_20000,13,50,0.9,83,1,137,0.002017922964813512,0
covtype_binary_20000,13,50,0.9,84,9,8,18.06693871289465,1
covtype_binary_20000,13,50,0.9,85,9,87,17.52282850234423,0
covtype_binary_20000,13,50,0.9,86,1,477,0.00035223508904103085,0
covtype_binary_20000,13,50,0.9,87,6,521,18.06693871289465,1
covtype_binary_20000,13,50,0.9,88,11,104,17.345314010891425,0
covtype_binary_20000,13,50,0.9,89,6,847,18.06693871289465,1
covtype_binary_20000,13,50,0.9,90,6,586,18.06693871289465,1
covtype_binary_20000,13,50,0.9,91,6,485,18.06693871289465,1
covtype_binary_20000,13,50,0.9,92,9,288,17.974852827244725,0
covtype_binary_20000,13,50,0.9,93,1,71,0.10135791679150946,0
covtype_binary_20000,13,50,0.9,94,10,150,15.98357961605147,0
covtype_binary_20000,13,50,0.9,95,6,597,18.06693871289465,1
covtype_binary_20000,13,50,0.9,96,7,629,18.06693871289465,1
covtype_binary_20000,13,50,0.9,97,1,54,0.05027634912608242,0
covtype_binary_20000,13,50,0.9,98,6,718,18.06693871289465,1
covtype_binary_20000,13,50,0.9,99,6,20,17.156185863338436,0
covtype_binary_20000,13,50,0.9,100,12,229,14.171620068686812,0
covtype_binary_20000,13,50,0.9,101,6,757,18.06693871289465,1
covtype_binary_20000,13,50,0.9,102,6,561,18.06693871289465,1
covtype_binary_20000,13,50,0.9,103,2,327,0.60954049160171,0
covtype_binary_20000,13,50,0.9,104,6,691,18.06693871289465,1
covtype_binary_20000,13,50,0.9,105,4,96,14.021147305629,0
covtype_binary_20000,13,50,0.9,106,42,102,17.01969590429265,0
covtype_binary_20000,13,50,0.9,107,11,60,17.70812410807458,0
covtype_binary_20000,13,50,0.9,108,6,805,18.06693871289465,1
covtype_binary_20000,13,50,0.9,109,6,539,18.05976684582951,0
covtype_binary_20000,13,50,0.9,110,12,105,16.808499443301702,0
covtype_binary_20000,13,50,0.9,111,12,636,18.06693871289465,1
covtype_binary_20000,13,50,0.9,112,1,119,0.02273240129593662,0
covtype_binary_20000,13,50,0.9,113,6,695,18.06693871289465,0
covtype_binary_20000,13,50,0.9,114,6,562,18.06693871289465,0
covtype_binary_20000,13,50,0.9,115,42,149,10.114670748256462,0
covtype_binary_20000,13,50,0.9,116,42,152,8.954786945733831,0
covtype_binary_20000,13,50,0.9,117,12,66,12.550778104846076,0
covtype_binary_20000,13,50,0.9,118,1,63,0.00013949401811380602,0
covtype_binary_20000,13,50,0.9,119,6,733,18.06693871289465,0
covtype_binary_20000,13,50,0.9,120,6,606,18.06693871289465,0
covtype_binary_20000,13,100,0.75,1,4,9,16.45022814225362,1
covtype_binary_20000,13,100,0.75,2,12,692,18.06693871289465,1
covtype_binary_20000,13,100,0.75,3,6,758,18.06693871289465,1
covtype_binary_20000,13,100,0.75,4,12,525,18.06693871289465,1
covtype_binary_20000,13,100,0.75,5,6,634,18.06693871289465,1
covtype_binary_20000,13,100,0.75,6,2,69,15.386948489683736,1
covtype_binary_20000,13,100,0.75,7,13,650,18.06693871289465,1
covtype_binary_20000,13,100,0.75,8,12,689,18.06693871289465,1
covtype_binary_20000,13,100,0.75,9,8,23,17.990767257622025,1
covtype_binary_20000,13,100,0.75,10,8,146,17.182285098715713,1
covtype_binary_20000,13,100,0.75,11,9,311,17.40318880872896,1
covtype_binary_20000,13,100,0.75,12,15,722,18.06693871289465,1
covtype_binary_20000,13,100,0.75,13,8,332,17.880887425183552,1
covtype_binary_20000,13,100,0.75,14,26,48,18.06693871289465,1
covtype_binary_20000,13,100,0.75,15,1,51,10.189542656353245,1
covtype_binary_20000,13,100,0.75,16,12,720,18.054370796233567,1
covtype_binary_20000,13,100,0.75,17,2,337,0.019910073860421873,1
covtype_binary_20000,13,100,0.75,18,9,127,18.02584403355797,1
covtype_binary_20000,13,100,0.75,19,9,12,17.595247761004178,1
covtype_binary_20000,13,100,0.75,20,7,114,17.937990831329742,1
covtype_binary_20000,13,100,0.75,21,12,124,16.308020086878805,1
covtype_binary_20000,13,100,0.75,22,8,95,16.571673341488275,1
covtype_binary_20000,13,100,0.75,23,6,512,18.06693871289465,1
covtype_binary_20000,13,100,0.75,24,2,292,0.007516150713802128,1
covtype_binary_20000,13,100,0.75,25,7,260,17.974730597628646,1
covtype_binary_20000,13,100,0.75,26,15,144,18.06693871289465,1
covtype_binary_20000,13,100,0.75,27,12,452,18.06693871289465,1
covtype_binary_20000,13,100,0.75,28,14,520,18.057298736178293,1
covtype_binary_20000,13,100,0.75,29,6,62,17.524993781072766,1
covtype_binary_20000,13,100,0.75,30,8,627,18.003135241544577,1
covtype_binary_20000,13,100,0.75,31,10,34,16.826616678895356,1
covtype_binary_20000,13,100,0.75,32,9,331,17.75668991999636,1
covtype_binary_20000,13,100,0.75,33,1,50,0.0047905444121275065,1
covtype_binary_20000,13,100,0.75,34,1,419,-2.078956780982022e-05,1
covtype_binary_20000,13,100,0.75,35,11,156,17.167049503424398,1
covtype_binary_20000,13,100,0.75,36,14,684,18.06693871289465,1
covtype_binary_20000,13,100,0.75,37,12,682,18.06693871289465,1
covtype_binary_20000,13,100,0.75,38,12,524,18.06693871289465,1
covtype_binary_20000,13,100,0.75,39,6,764,18.06693871289465,1
covtype_binary_20000,13,100,0.75,40,8,211,17.978804596603265,1
covtype_binary_20000,13,100,0.75,41,9,469,18.06693871289465,1
covtype_binary_20000,13,100,0.75,42,18,278,18.06693871290114,1
covtype_binary_20000,13,100,0.75,43,1,767,0.03427674744675979,1
covtype_binary_20000,13,100,0.75,44,9,86,17.625667639050103,1
covtype_binary_20000,13,100,0.75,45,7,656,18.06693871289465,1
covtype_binary_20000,13,100,0.75,46,15,450,18.06693871289465,1
covtype_binary_20000,13,100,0.75,47,1,694,0.001599161219530909,1
covtype_binary_20000,13,100,0.75,48,26,611,18.06693871289465,1
covtype_binary_20000,13,100,0.75,49,1,416,0.35480417476014287,1
covtype_binary_20000,13,100,0.75,50,6,559,18.06693871289465,1
covtype_binary_20000,13,100,0.75,51,6,610,18.06693871289465,1
covtype_binary_20000,13,100,0.75,52,42,115,16.49693373470446,1
covtype_binary_20000,13,100,0.75,53,7,155,16.631648687635735,1
covtype_binary_20000,13,100,0.75,54,6,575,18.06693871289465,1
covtype_binary_20000,13,100,0.75,55,12,652,18.06693871289465,1
covtype_binary_20000,13,100,0.75,56,9,74,17.856667845012808,1
covtype_binary_20000,13,100,0.75,57,12,552,18.06693871289465,1
covtype_binary_20000,13,100,0.75,58,6,829,18.06693871289465,1
covtype_binary_20000,13,100,0.75,59,6,646,18.06693871289465,1
covtype_binary_20000,13,100,0.75,60,6,749,18.06693871289465,1
covtype_binary_20000,13,100,0.75,61,13,480,18.06693871289465,1
covtype_binary_20000,13,100,0.75,62,6,426,18.06693871289465,1
covtype_binary_20000,13,100,0.75,63,10,30,18.06693941015692,1
covtype_binary_20000,13,100,0.75,64,9,8,18.06693871289465,1
covtype_binary_20000,13,100,0.75,65,10,87,17.52282850234423,1
covtype_binary_20000,13,100,0.75,66,6,521,18.06693871289465,1
covtype_binary_20000,13,100,0.75,67,11,104,17.345314010891425,1
covtype_binary_20000,13,100,0.75,68,12,586,18.06693871289465,1
covtype_binary_20000,13,100,0.75,69,6,485,18.06693871289465,1
covtype_binary_20000,13,100,0.75,70,10,288,17.974852827244725,1
covtype_binary_20000,13,100,0.75,71,10,150,15.98357961605147,1
covtype_binary_20000,13,100,0.75,72,13,597,18.06693871289465,1
covtype_binary_20000,13,100,0.75,73,1,54,0.05027634912608242,1
covtype_binary_20000,13,100,0.75,74,6,718,18.06693871289465,1
covtype_binary_20000,13,100,0.75,75,6,20,17.156185863338436,1
covtype_binary_20000,13,100,0.75,76,12,229,14.171620068686812,1
covtype_binary_20000,13,100,0.75,77,12,561,18.06693871289465,1
covtype_binary_20000,13,100,0.75,78,2,327,0.60954049160171,1
covtype_binary_20000,13,100,0.75,79,6,691,18.06693871289465,1
covtype_binary_20000,13,100,0.75,80,4,96,14.021147305629,1
covtype_binary_20000,13,100,0.75,81,42,102,17.01969590429265,1
covtype_binary_20000,13,100,0.75,82,11,60,17.70812410807458,1
covtype_binary_20000,13,100,0.75,83,12,805,18.06693871289465,1
covtype_binary_20000,13,100,0.75,84,12,105,16.808499443301702,1
covtype_binary_20000,13,100,0.75,85,13,636,18.06693871289465,1
covtype_binary_20000,13,100,0.75,86,6,695,18.06693871289465,1
covtype_binary_20000,13,100,0.75,87,6,562,18.06693871289465,1
covtype_binary_20000,13,100,0.75,88,84,149,10.114670748256462,1
covtype_binary_20000,13,100,0.75,89,12,66,12.550778104846076,1
covtype_binary_20000,13,100,0.75,90,1,63,0.00013949401811380602,1
covtype_binary_20000,13,100,0.75,91,6,733,18.06693871289465,1
covtype_binary_20000,13,100,0.75,92,6,606,18.06693871289465,1
covtype_binary_20000,13,100,0.85,1,4,9,16.45022814225362,1
covtype_binary_20000,13,100,0.85,2,6,692,18.06693871289465,1
covtype_binary_20000,13,100,0.85,3,6,698,18.06634145973824,1
covtype_binary_20000,13,100,0.85,4,6,758,18.06693871289465,1
covtype_binary_20000,13,100,0.85,5,12,525,18.06693871289465,1
covtype_binary_20000,13,100,0.85,6,6,634,18.06693871289465,1
covtype_binary_20000,13,100,0.85,7,2,69,15.386948489683736,1
covtype_binary_20000,13,100,0.85,8,12,650,18.06693871289465,1
covtype_binary_20000,13,100,0.85,9,1,27,0.00513746271503529,0
covtype_binary_20000,13,100,0.85,10,12,689,18.06693871289465,1
covtype_binary_20000,13,100,0.85,11,8,23,17.990767257622025,1
covtype_binary_20000,13,100,0.85,12,8,146,17.182285098715713,1
covtype_binary_20000,13,100,0.85,13,9,311,17.40318880872896,1
covtype_binary_20000,13,100,0.85,14,9,168,17.964156125547238,1
covtype_binary_20000,13,100,0.85,15,6,722,18.06693871289465,1
covtype_binary_20000,13,100,0.85,16,8,332,17.880887425183552,1
covtype_binary_20000,13,100,0.85,17,8,52,18.06693871289465,1
covtype_binary_20000,13,100,0.85,18,18,48,18.06693871289465,1
covtype_binary_20000,13,100,0.85,19,1,51,10.189542656353245,1
covtype_binary_20000,13,100,0.85,20,12,720,18.054370796233567,1
covtype_binary_20000,13,100,0.85,21,1,147,0.0018747475418232074,0
covtype_binary_20000,13,100,0.85,22,1,337,0.019910073860421873,1
covtype_binary_20000,13,100,0.85,23,9,127,18.02584403355797,1
covtype_binary_20000,13,100,0.85,24,9,12,17.595247761004178,1
covtype_binary_20000,13,100,0.85,25,7,114,17.937990831329742,1
covtype_binary_20000,13,100,0.85,26,12,124,16.308020086878805,1
covtype_binary_20000,13,100,0.85,27,8,95,16.571673341488275,1
covtype_binary_20000,13,100,0.85,28,6,512,18.06693871289465,1
covtype_binary_20000,13,100,0.85,29,1,111,0.0035738421245413154,0
covtype_binary_20000,13,100,0.85,30,1,292,0.007516150713802128,1
covtype_binary_20000,13,100,0.85,31,7,260,17.974730597628646,1
covtype_binary_20000,13,100,0.85,32,8,144,18.06693871289465,1
covtype_binary_20000,13,100,0.85,33,7,225,16.972485432721562,1
covtype_binary_20000,13,100,0.85,34,6,701,18.06693871289465,1
covtype_binary_20000,13,100,0.85,35,6,452,18.06693871289465,1
covtype_binary_20000,13,100,0.85,36,7,520,18.057298736178293,1
covtype_binary_20000,13,100,0.85,37,7,289,17.544051193010223,1
covtype_binary_20000,13,100,0.85,38,6,62,17.524993781072766,1
covtype_binary_20000,13,100,0.85,39,8,627,18.003135241544577,1
covtype_binary_20000,13,100,0.85,40,10,34,16.826616678895356,1
covtype_binary_20000,13,100,0.85,41,9,331,17.75668991999636,1
covtype_binary_20000,13,100,0.85,42,1,50,0.0047905444121275065,0
covtype_binary_20000,13,100,0.85,43,1,419,-2.078956780982022e-05,0
covtype_binary_20000,13,100,0.85,44,11,156,17.167049503424398,1
covtype_binary_20000,13,100,0.85,45,14,684,18.06693871289465,1
covtype_binary_20000,13,100,0.85,46,12,682,18.06693871289465,1
covtype_binary_20000,13,100,0.85,47,12,524,18.06693871289465,1
covtype_binary_20000,13,100,0.85,48,6,764,18.06693871289465,1
covtype_binary_20000,13,100,0.85,49,8,211,17.978804596603265,1
covtype_binary_20000,13,100,0.85,50,9,469,18.06693871289465,1
covtype_binary_20000,13,100,0.85,51,18,278,18.06693871290114,1
covtype_binary_20000,13,100,0.85,52,1,767,0.03427674744675979,1
covtype_binary_20000,13,100,0.85,53,9,86,17.625667639050103,1
covtype_binary_20000,13,100,0.85,54,7,656,18.06693871289465,1
covtype_binary_20000,13,100,0.85,55,15,450,18.06693871289465,1
covtype_binary_20000,13,100,0.85,56,1,694,0.001599161219530909,0
covtype_binary_20000,13,100,0.85,57,6,611,18.06693871289465,1
covtype_binary_20000,13,100,0.85,58,20,827,18.06693871289465,1
covtype_binary_20000,13,100,0.85,59,1,416,0.35480417476014287,1
covtype_binary_20000,13,100,0.85,60,6,559,18.06693871289465,1
covtype_binary_20000,13,100,0.85,61,6,610,18.06693871289465,1
covtype_binary_20000,13,100,0.85,62,42,115,16.49693373470446,1
covtype_binary_20000,13,100,0.85,63,7,155,16.631648687635735,1
covtype_binary_20000,13,100,0.85,64,6,575,18.06693871289465,1
covtype_binary_20000,13,100,0.85,65,12,652,18.06693871289465,1
covtype_binary_20000,13,100,0.85,66,9,74,17.856667845012808,1
covtype_binary_20000,13,100,0.85,67,12,552,18.06693871289465,1
covtype_binary_20000,13,100,0.85,68,6,829,18.06693871289465,1
covtype_binary_20000,13,100,0.85,69,6,646,18.06693871289465,1
covtype_binary_20000,13,100,0.85,70,6,749,18.06693871289465,1
covtype_binary_20000,13,100,0.85,71,13,480,18.06693871289465,1
covtype_binary_20000,13,100,0.85,72,6,426,18.06693871289465,1
covtype_binary_20000,13,100,0.85,73,9,30,18.06693941015692,1
covtype_binary_20000,13,100,0.85,74,1,137,0.002017922964813512,0
covtype_binary_20000,13,100,0.85,75,9,8,18.06693871289465,1
covtype_binary_20000,13,100,0.85,76,10,87,17.52282850234423,1
covtype_binary_20000,13,100,0.85,77,6,521,18.06693871289465,1
covtype_binary_20000,13,100,0.85,78,11,104,17.345314010891425,1
covtype_binary_20000,13,100,0.85,79,6,847,18.06693871289465,1
covtype_binary_20000,13,100,0.85,80,6,586,18.06693871289465,1
covtype_binary_20000,13,100,0.85,81,6,485,18.06693871289465,1
covtype_binary_20000,13,100,0.85,82,9,288,17.974852827244725,1
covtype_binary_20000,13,100,0.85,83,1,71,0.10135791679150946,1
covtype_binary_20000,13,100,0.85,84,10,150,15.98357961605147,1
covtype_binary_20000,13,100,0.85,85,13,597,18.06693871289465,1
covtype_binary_20000,13,100,0.85,86,1,54,0.05027634912608242,1
covtype_binary_20000,13,100,0.85,87,6,718,18.06693871289465,1
covtype_binary_20000,13,100,0.85,88,6,20,17.156185863338436,1
covtype_binary_20000,13,100,0.85,89,12,229,14.171620068686812,1
covtype_binary_20000,13,100,0.85,90,12,561,18.06693871289465,1
covtype_binary_20000,13,100,0.85,91,2,327,0.60954049160171,1
covtype_binary_20000,13,100,0.85,92,6,691,18.06693871289465,1
covtype_binary_20000,13,100,0.85,93,4,96,14.021147305629,1
covtype_binary_20000,13,100,0.85,94,42,102,17.01969590429265,1
covtype_binary_20000,13,100,0.85,95,11,60,17.70812410807458,1
covtype_binary_20000,13,100,0.85,96,6,805,18.06693871289465,1
covtype_binary_20000,13,100,0.85,97,6,539,18.05976684582951,1
covtype_binary_20000,13,100,0.85,98,12,105,16.808499443301702,1
covtype_binary_20000,13,100,0.85,99,12,636,18.06693871289465,1
covtype_binary_20000,13,100,0.85,100,1,119,0.02273240129593662,1
covtype_binary_20000,13,100,0.85,101,6,695,18.06693871289465,1
covtype_binary_20000,13,100,0.85,102,6,562,18.06693871289465,1
covtype_binary_20000,13,100,0.85,103,42,149,10.114670748256462,1
covtype_binary_20000,13,100,0.85,104,42,152,8.954786945733831,1
covtype_binary_20000,13,100,0.85,105,12,66,12.550778104846076,1
covtype_binary_20000,13,100,0.85,106,1,63,0.00013949401811380602,0
covtype_binary_20000,13,100,0.85,107,6,733,18.06693871289465,1
covtype_binary_20000,13,100,0.85,108,6,606,18.06693871289465,1
covtype_binary_20000,13,100,0.9,1,4,9,16.45022814225362,1
covtype_binary_20000,13,100,0.9,2,6,692,18.06693871289465,1
covtype_binary_20000,13,100,0.9,3,6,698,18.06634145973824,1
covtype_binary_20000,13,100,0.9,4,6,758,18.06693871289465,1
covtype_binary_20000,13,100,0.9,5,12,525,18.06693871289465,1
covtype_binary_20000,13,100,0.9,6,6,634,18.06693871289465,1
covtype_binary_20000,13,100,0.9,7,2,69,15.386948489683736,1
covtype_binary_20000,13,100,0.9,8,12,650,18.06693871289465,1
covtype_binary_20000,13,100,0.9,9,1,27,0.00513746271503529,0
covtype_binary_20000,13,100,0.9,10,6,776,17.177861929296427,1
covtype_binary_20000,13,100,0.9,11,6,689,18.06693871289465,1
covtype_binary_20000,13,100,0.9,12,8,23,17.990767257622025,1
covtype_binary_20000,13,100,0.9,13,8,146,17.182285098715713,1
covtype_binary_20000,13,100,0.9,14,9,311,17.40318880872896,1
covtype_binary_20000,13,100,0.9,15,9,168,17.964156125547238,1
covtype_binary_20000,13,100,0.9,16,6,722,18.06693871289465,1
covtype_binary_20000,13,100,0.9,17,8,332,17.880887425183552,1
covtype_binary_20000,13,100,0.9,18,8,52,18.06693871289465,1
covtype_binary_20000,13,100,0.9,19,18,48,18.06693871289465,1
covtype_binary_20000,13,100,0.9,20,1,51,10.189542656353245,1
covtype_binary_20000,13,100,0.9,21,6,572,17.70459332367837,1
covtype_binary_20000,13,100,0.9,22,6,720,18.054370796233567,1
covtype_binary_20000,13,100,0.9,23,1,147,0.0018747475418232074,0
covtype_binary_20000,13,100,0.9,24,1,337,0.019910073860421873,0
covtype_binary_20000,13,100,0.9,25,9,127,18.02584403355797,1
covtype_binary_20000,13,100,0.9,26,9,12,17.595247761004178,1
covtype_binary_20000,13,100,0.9,27,7,114,17.937990831329742,1
covtype_binary_20000,13,100,0.9,28,12,124,16.308020086878805,1
covtype_binary_20000,13,100,0.9,29,8,95,16.571673341488275,1
covtype_binary_20000,13,100,0.9,30,6,512,18.06693871289465,1
covtype_binary_20000,13,100,0.9,31,1,111,0.0035738421245413154,0
covtype_binary_20000,13,100,0.9,32,1,292,0.007516150713802128,0
covtype_binary_20000,13,100,0.9,33,7,260,17.974730597628646,1
covtype_binary_20000,13,100,0.9,34,8,144,18.06693871289465,1
covtype_binary_20000,13,100,0.9,35,7,225,16.972485432721562,1
covtype_binary_20000,13,100,0.9,36,6,701,18.06693871289465,1
covtype_binary_20000,13,100,0.9,37,6,452,18.06693871289465,1
covtype_binary_20000,13,100,0.9,38,7,520,18.057298736178293,1
covtype_binary_20000,13,100,0.9,39,7,289,17.544051193010223,1
covtype_binary_20000,13,100,0.9,40,6,62,17.524993781072766,1
covtype_binary_20000,13,100,0.9,41,8,627,18.003135241544577,1
covtype_binary_20000,13,100,0.9,42,10,34,16.826616678895356,1
covtype_binary_20000,13,100,0.9,43,9,331,17.75668991999636,1
covtype_binary_20000,13,100,0.9,44,1,50,0.0047905444121275065,0
covtype_binary_20000,13,100,0.9,45,1,419,-2.078956780982022e-05,0
covtype_binary_20000,13,100,0.9,46,11,156,17.167049503424398,1
covtype_binary_20000,13,100,0.9,47,13,684,18.06693871289465,1
covtype_binary_20000,13,100,0.9,48,1,378,2.4883076368429013,0
covtype_binary_20000,13,100,0.9,49,6,682,18.06693871289465,1
covtype_binary_20000,13,100,0.9,50,6,843,18.021946543494522,1
covtype_binary_20000,13,100,0.9,51,12,524,18.06693871289465,1
covtype_binary_20000,13,100,0.9,52,6,764,18.06693871289465,1
covtype_binary_20000,13,100,0.9,53,8,211,17.978804596603265,1
covtype_binary_20000,13,100,0.9,54,9,469,18.06693871289465,1
covtype_binary_20000,13,100,0.9,55,9,141,18.06693871289465,1
covtype_binary_20000,13,100,0.9,56,9,278,18.06693871290114,1
covtype_binary_20000,13,100,0.9,57,1,767,0.03427674744675979,0
covtype_binary_20000,13,100,0.9,58,9,86,17.625667639050103,1
covtype_binary_20000,13,100,0.9,59,7,656,18.06693871289465,1
covtype_binary_20000,13,100,0.9,60,15,450,18.06693871289465,1
covtype_binary_20000,13,100,0.9,61,1,694,0.001599161219530909,0
covtype_binary_20000,13,100,0.9,62,6,611,18.06693871289465,1
covtype_binary_20000,13,100,0.9,63,20,827,18.06693871289465,1
covtype_binary_20000,13,100,0.9,64,1,416,0.35480417476014287,0
covtype_binary_20000,13,100,0.9,65,6,559,18.06693871289465,1
covtype_binary_20000,13,100,0.9,66,6,610,18.06693871289465,1
covtype_binary_20000,13,100,0.9,67,42,115,16.49693373470446,1
covtype_binary_20000,13,100,0.9,68,6,155,16.631648687635735,1
covtype_binary_20000,13,100,0.9,69,1,351,0.005163772105831299,0
covtype_binary_20000,13,100,0.9,70,6,575,18.06693871289465,1
covtype_binary_20000,13,100,0.9,71,6,652,18.06693871289465,1
covtype_binary_20000,13,100,0.9,72,6,658,18.06693871289465,1
covtype_binary_20000,13,100,0.9,73,9,74,17.856667845012808,1
covtype_binary_20000,13,100,0.9,74,6,711,18.06693871289465,1
covtype_binary_20000,13,100,0.9,75,6,552,18.06693871289465,1
covtype_binary_20000,13,100,0.9,76,6,829,18.06693871289465,1
covtype_binary_20000,13,100,0.9,77,6,646,18.06693871289465,1
covtype_binary_20000,13,100,0.9,78,6,749,18.06693871289465,1
covtype_binary_20000,13,100,0.9,79,12,480,18.06693871289465,1
covtype_binary_20000,13,100,0.9,80,1,16,-5.3447076506007996e-05,0
covtype_binary_20000,13,100,0.9,81,6,426,18.06693871289465,1
covtype_binary_20000,13,100,0.9,82,9,30,18.06693941015692,1
covtype_binary_20000,13,100,0.9,83,1,137,0.002017922964813512,0
covtype_binary_20000,13,100,0.9,84,9,8,18.06693871289465,1
covtype_binary_20000,13,100,0.9,85,9,87,17.52282850234423,1
covtype_binary_20000,13,100,0.9,86,1,477,0.00035223508904103085,0
covtype_binary_20000,13,100,0.9,87,6,521,18.06693871289465,1
covtype_binary_20000,13,100,0.9,88,11,104,17.345314010891425,1
covtype_binary_20000,13,100,0.9,89,6,847,18.06693871289465,1
covtype_binary_20000,13,100,0.9,90,6,586,18.06693871289465,1
covtype_binary_20000,13,100,0.9,91,6,485,18.06693871289465,1
covtype_binary_20000,13,100,0.9,92,9,288,17.974852827244725,1
covtype_binary_20000,13,100,0.9,93,1,71,0.10135791679150946,0
covtype_binary_20000,13,100,0.9,94,10,150,15.98357961605147,1
covtype_binary_20000,13,100,0.9,95,6,597,18.06693871289465,1
covtype_binary_20000,13,100,0.9,96,7,629,18.06693871289465,1
covtype_binary_20000,13,100,0.9,97,1,54,0.05027634912608242,0
covtype_binary_20000,13,100,0.9,98,6,718,18.06693871289465,1
covtype_binary_20000,13,100,0.9,99,6,20,17.156185863338436,1
covtype_binary_20000,13,100,0.9,100,12,229,14.171620068686812,1
covtype_binary_20000,13,100,0.9,101,6,757,18.06693871289465,1
covtype_binary_20000,13,100,0.9,102,6,561,18.06693871289465,1
covtype_binary_20000,13,100,0.9,103,2,327,0.60954049160171,0
covtype_binary_20000,13,100,0.9,104,6,691,18.06693871289465,1
covtype_binary_20000,13,100,0.9,105,4,96,14.021147305629,1
covtype_binary_20000,13,100,0.9,106,42,102,17.01969590429265,1
covtype_binary_20000,13,100,0.9,107,11,60,17.70812410807458,1
covtype_binary_20000,13,100,0.9,108,6,805,18.06693871289465,1
covtype_binary_20000,13,100,0.9,109,6,539,18.05976684582951,1
covtype_binary_20000,13,100,0.9,110,12,105,16.808499443301702,1
covtype_binary_20000,13,100,0.9,111,12,636,18.06693871289465,1
covtype_binary_20000,13,100,0.9,112,1,119,0.02273240129593662,0
covtype_binary_20000,13,100,0.9,113,6,695,18.06693871289465,1
covtype_binary_20000,13,100,0.9,114,6,562,18.06693871289465,1
covtype_binary_20000,13,100,0.9,115,42,149,10.114670748256462,1
covtype_binary_20000,13,100,0.9,116,42,152,8.954786945733831,1
covtype_binary_20000,13,100,0.9,117,12,66,12.550778104846076,1
covtype_binary_20000,13,100,0.9,118,1,63,0.00013949401811380602,0
covtype_binary_20000,13,100,0.9,119,6,733,18.06693871289465,1
covtype_binary_20000,13,100,0.9,120,6,606,18.06693871289465,1
covtype_binary_20000,19,25,0.75,1,6,564,17.95818791526314,1
covtype_binary_20000,19,25,0.75,2,11,316,16.852512523217555,0
covtype_binary_20000,19,25,0.75,3,42,63,16.791944930009123,0
covtype_binary_20000,19,25,0.75,4,20,671,17.95818791526314,1
covtype_binary_20000,19,25,0.75,5,2,392,0.04685868234090207,0
covtype_binary_20000,19,25,0.75,6,8,237,17.770473175261465,0
covtype_binary_20000,19,25,0.75,7,8,154,17.1209871981926,0
covtype_binary_20000,19,25,0.75,8,6,153,6.345157810746218,0
covtype_binary_20000,19,25,0.75,9,7,445,17.95818791526314,1
covtype_binary_20000,19,25,0.75,10,14,489,17.95818791526314,1
covtype_binary_20000,19,25,0.75,11,9,252,17.70628557060897,0
covtype_binary_20000,19,25,0.75,12,17,31,17.95818791526314,1
covtype_binary_20000,19,25,0.75,13,18,251,17.95818791526314,1
covtype_binary_20000,19,25,0.75,14,7,618,17.874306249870926,0
covtype_binary_20000,19,25,0.75,15,7,274,17.40540473187837,0
covtype_binary_20000,19,25,0.75,16,12,184,16.43475609460635,0
covtype_binary_20000,19,25,0.75,17,9,121,17.74919510974167,0
covtype_binary_20000,19,25,0.75,18,9,253,17.601451634919556,0
covtype_binary_20000,19,25,0.75,19,2,638,4.683704556300737,0
covtype_binary_20000,19,25,0.75,20,4,77,17.037064026457593,0
covtype_binary_20000,19,25,0.75,21,18,720,17.934219848664767,0
covtype_binary_20000,19,25,0.75,22,9,207,17.0094204928453,0
covtype_binary_20000,19,25,0.75,23,7,377,17.858975624333567,0
covtype_binary_20000,19,25,0.75,24,1,444,-0.0019478318674800432,0
covtype_binary_20000,19,25,0.75,25,19,466,17.95818791526314,1
covtype_binary_20000,19,25,0.75,26,8,668,17.03209459080039,0
covtype_binary_20000,19,25,0.75,27,11,259,16.034943454159126,0
covtype_binary_20000,19,25,0.75,28,6,485,17.95818791526314,1
covtype_binary_20000,19,25,0.75,29,6,427,17.95818791526314,1
covtype_binary_20000,19,25,0.75,30,6,795,17.95818791526314,1
covtype_binary_20000,19,25,0.75,31,18,760,17.95818791526314,1
covtype_binary_20000,19,25,0.75,32,90,410,17.95818791526314,1
covtype_binary_20000,19,25,0.75,33,11,585,10.258417570235219,0
covtype_binary_20000,19,25,0.75,34,6,464,17.95818791526314,1
covtype_binary_20000,19,25,0.75,35,9,14,17.041275856059684,0
covtype_binary_20000,19,25,0.75,36,12,307,17.95818791526314,1
covtype_binary_20000,19,25,0.75,37,8,101,16.914453132895247,0
covtype_binary_20000,19,25,0.75,38,9,34,17.7718922131415,0
covtype_binary_20000,19,25,0.75,39,18,32,17.95818791526314,1
covtype_binary_20000,19,25,0.75,40,10,60,17.05882779220382,0
covtype_binary_20000,19,25,0.75,41,7,891,17.95818791526314,1
covtype_binary_20000,19,25,0.75,42,14,150,17.95822118399412,1
covtype_binary_20000,19,25,0.75,43,9,130,17.48300811302242,0
covtype_binary_20000,19,25,0.75,44,1,106,0.23720693659408354,0
covtype_binary_20000,19,25,0.75,45,1,804,0.0033881446486604405,0
covtype_binary_20000,19,25,0.75,46,18,405,17.90483437396147,0
covtype_binary_20000,19,25,0.75,47,6,158,16.69957063986206,0
covtype_binary_20000,19,25,0.75,48,19,231,17.95818791526314,1
covtype_binary_20000,19,25,0.75,49,11,168,17.06929778014348,0
covtype_binary_20000,19,25,0.75,50,6,468,17.95818791526314,1
covtype_binary_20000,19,25,0.75,51,9,47,17.82031551418408,0
covtype_binary_20000,19,25,0.75,52,9,81,17.264426793778462,0
covtype_binary_20000,19,25,0.75,53,18,654,17.95818791526314,1
covtype_binary_20000,19,25,0.75,54,13,467,17.95818791526314,1
covtype_binary_20000,19,25,0.75,55,4,157,5.6356146446279665,0
covtype_binary_20000,19,25,0.75,56,62,525,17.95818791526314,1
covtype_binary_20000,19,25,0.75,57,14,503,17.95818791526314,1
covtype_binary_20000,19,25,0.75,58,1,687,-0.0014295565049955439,0
covtype_binary_20000,19,25,0.75,59,8,58,17.036915190407655,0
covtype_binary_20000,19,25,0.75,60,18,579,17.913176999202193,0
covtype_binary_20000,19,25,0.75,61,15,598,17.95818791526314,1
covtype_binary_20000,19,25,0.75,62,12,228,17.95818791526314,0
covtype_binary_20000,19,25,0.75,63,6,419,17.958187915263146,1
covtype_binary_20000,19,25,0.75,64,6,371,17.95818791526314,0
covtype_binary_20000,19,25,0.75,65,18,537,17.95818791526314,0
covtype_binary_20000,19,25,0.75,66,12,531,17.95818791526314,0
covtype_binary_20000,19,25,0.75,67,18,870,17.95818791526314,0
covtype_binary_20000,19,25,0.75,68,9,11,17.432591176861727,0
covtype_binary_20000,19,25,0.75,69,12,365,17.94940182430856,0
covtype_binary_20000,19,25,0.75,70,10,263,16.44026761299692,0
covtype_binary_20000,19,25,0.75,71,6,482,17.95818791526314,0
covtype_binary_20000,19,25,0.75,72,12,171,12.752284445938855,0
covtype_binary_20000,19,25,0.75,73,11,705,17.95818791526314,0
covtype_binary_20000,19,25,0.75,74,12,450,17.95818791526314,0
covtype_binary_20000,19,25,0.75,75,7,459,17.95818791526314,0
covtype_binary_20000,19,25,0.75,76,8,21,17.49800675824894,0
covtype_binary_20000,19,25,0.75,77,14,591,17.95818791526314,0
covtype_binary_20000,19,25,0.85,1,6,564,17.95818791526314,1
covtype_binary_20000,19,25,0.85,2,11,316,16.852512523217555,0
covtype_binary_20000,19,25,0.85,3,42,63,16.791944930009123,0
covtype_binary_20000,19,25,0.85,4,20,671,17.95818791526314,1
covtype_binary_20000,19,25,0.85,5,2,392,0.04685868234090207,0
covtype_binary_20000,19,25,0.85,6,8,237,17.770473175261465,0
covtype_binary_20000,19,25,0.85,7,8,154,17.1209871981926,0
covtype_binary_20000,19,25,0.85,8,6,153,6.345157810746218,0
covtype_binary_20000,19,25,0.85,9,7,445,17.95818791526314,1
covtype_binary_20000,19,25,0.85,10,14,489,17.95818791526314,1
covtype_binary_20000,19,25,0.85,11,9,252,17.70628557060897,0
covtype_binary_20000,19,25,0.85,12,8,31,17.95818791526314,1
covtype_binary_20000,19,25,0.85,13,9,145,16.35036139841276,0
covtype_binary_20000,19,25,0.85,14,16,251,17.95818791526314,1
covtype_binary_20000,19,25,0.85,15,2,24,0.21269766090096054,0
covtype_binary_20000,19,25,0.85,16,7,618,17.874306249870926,0
covtype_binary_20000,19,25,0.85,17,7,274,17.40540473187837,0
covtype_binary_20000,19,25,0.85,18,12,184,16.43475609460635,0
covtype_binary_20000,19,25,0.85,19,9,121,17.74919510974167,0
covtype_binary_20000,19,25,0.85,20,9,253,17.601451634919556,0
covtype_binary_20000,19,25,0.85,21,2,638,4.683704556300737,0
covtype_binary_20000,19,25,0.85,22,4,77,17.037064026457593,0
covtype_binary_20000,19,25,0.85,23,9,720,17.934219848664767,0
covtype_binary_20000,19,25,0.85,24,9,55,17.418108191866025,0
covtype_binary_20000,19,25,0.85,25,9,207,17.0094204928453,0
covtype_binary_20000,19,25,0.85,26,7,377,17.858975624333567,0
covtype_binary_20000,19,25,0.85,27,1,444,-0.0019478318674800432,0
covtype_binary_20000,19,25,0.85,28,19,466,17.95818791526314,1
covtype_binary_20000,19,25,0.85,29,2,43,15.35739709857506,0
covtype_binary_20000,19,25,0.85,30,6,668,17.03209459080039,0
covtype_binary_20000,19,25,0.85,31,11,259,16.034943454159126,0
covtype_binary_20000,19,25,0.85,32,6,485,17.95818791526314,1
covtype_binary_20000,19,25,0.85,33,6,427,17.95818791526314,1
covtype_binary_20000,19,25,0.85,34,6,795,17.95818791526314,1
covtype_binary_20000,19,25,0.85,35,6,708,17.832768541905104,0
covtype_binary_20000,19,25,0.85,36,12,760,17.95818791526314,1
covtype_binary_20000,19,25,0.85,37,42,48,9.67643933907562,0
covtype_binary_20000,19,25,0.85,38,6,410,17.95818791526314,1
covtype_binary_20000,19,25,0.85,39,42,149,8.714780548540794,0
covtype_binary_20000,19,25,0.85,40,11,585,10.258417570235219,0
covtype_binary_20000,19,25,0.85,41,6,464,17.95818791526314,1
covtype_binary_20000,19,25,0.85,42,9,14,17.041275856059684,0
covtype_binary_20000,19,25,0.85,43,12,307,17.95818791526314,1
covtype_binary_20000,19,25,0.85,44,8,101,16.914453132895247,0
covtype_binary_20000,19,25,0.85,45,9,34,17.7718922131415,0
covtype_binary_20000,19,25,0.85,46,9,32,17.95818791526314,1
covtype_binary_20000,19,25,0.85,47,9,330,16.90017466811372,0
covtype_binary_20000,19,25,0.85,48,10,60,17.05882779220382,0
covtype_binary_20000,19,25,0.85,49,7,891,17.95818791526314,1
covtype_binary_20000,19,25,0.85,50,14,150,17.95822118399412,1
covtype_binary_20000,19,25,0.85,51,9,130,17.48300811302242,0
covtype_binary_20000,19,25,0.85,52,1,106,0.23720693659408354,0
covtype_binary_20000,19,25,0.85,53,1,804,0.0033881446486604405,0
covtype_binary_20000,19,25,0.85,54,9,405,17.90483437396147,0
covtype_binary_20000,19,25,0.85,55,9,74,16.855271948267877,0
covtype_binary_20000,19,25,0.85,56,6,158,16.69957063986206,0
covtype_binary_20000,19,25,0.85,57,12,231,17.95818791526314,1
covtype_binary_20000,19,25,0.85,58,7,718,17.95818791526314,1
covtype_binary_20000,19,25,0.85,59,11,168,17.06929778014348,0
covtype_binary_20000,19,25,0.85,60,6,468,17.95818791526314,1
covtype_binary_20000,19,25,0.85,61,9,47,17.82031551418408,0
covtype_binary_20000,19,25,0.85,62,9,81,17.264426793778462,0
covtype_binary_20000,19,25,0.85,63,18,654,17.95818791526314,1
covtype_binary_20000,19,25,0.85,64,12,467,17.95818791526314,1
covtype_binary_20000,19,25,0.85,65,1,13,0.3752736984127958,0
covtype_binary_20000,19,25,0.85,66,4,157,5.6356146446279665,0
covtype_binary_20000,19,25,0.85,67,62,525,17.95818791526314,1
covtype_binary_20000,19,25,0.85,68,7,503,17.95818791526314,1
covtype_binary_20000,19,25,0.85,69,7,578,17.95818791526314,0
covtype_binary_20000,19,25,0.85,70,1,687,-0.0014295565049955439,0
covtype_binary_20000,19,25,0.85,71,8,58,17.036915190407655,0
covtype_binary_20000,19,25,0.85,72,18,579,17.913176999202193,0
covtype_binary_20000,19,25,0.85,73,6,598,17.95818791526314,0
covtype_binary_20000,19,25,0.85,74,9,22,17.801571070780483,0
covtype_binary_20000,19,25,0.85,75,6,228,17.95818791526314,0
covtype_binary_20000,19,25,0.85,76,6,276,17.95818791526314,0
covtype_binary_20000,19,25,0.85,77,6,419,17.958187915263146,1
covtype_binary_20000,19,25,0.85,78,6,371,17.95818791526314,0
covtype_binary_20000,19,25,0.85,79,6,537,17.95818791526314,0
covtype_binary_20000,19,25,0.85,80,12,791,17.939069215053323,0
covtype_binary_20000,19,25,0.85,81,12,531,17.95818791526314,0
covtype_binary_20000,19,25,0.85,82,6,428,17.86515164462626,0
covtype_binary_20000,19,25,0.85,83,12,870,17.95818791526314,0
covtype_binary_20000,19,25,0.85,84,9,11,17.432591176861727,0
covtype_binary_20000,19,25,0.85,85,12,365,17.94940182430856,0
covtype_binary_20000,19,25,0.85,86,10,263,16.44026761299692,0
covtype_binary_20000,19,25,0.85,87,6,482,17.95818791526314,0
covtype_binary_20000,19,25,0.85,88,12,171,12.752284445938855,0
covtype_binary_20000,19,25,0.85,89,11,705,17.95818791526314,0
covtype_binary_20000,19,25,0.85,90,12,450,17.95818791526314,0
covtype_binary_20000,19,25,0.85,91,6,459,17.95818791526314,0
covtype_binary_20000,19,25,0.85,92,1,132,0.39378583620981167,0
covtype_binary_20000,19,25,0.85,93,8,21,17.49800675824894,0
covtype_binary_20000,19,25,0.85,94,14,591,17.95818791526314,0
covtype_binary_20000,19,25,0.9,1,6,564,17.95818791526314,1
covtype_binary_20000,19,25,0.9,2,11,316,16.852512523217555,0
covtype_binary_20000,19,25,0.9,3,42,63,16.791944930009123,0
covtype_binary_20000,19,25,0.9,4,19,671,17.95818791526314,1
covtype_binary_20000,19,25,0.9,5,1,931,0.003948897628745174,0
covtype_binary_20000,19,25,0.9,6,1,392,0.04685868234090207,0
covtype_binary_20000,19,25,0.9,7,1,504,0.02432930946971401,0
covtype_binary_20000,19,25,0.9,8,8,237,17.770473175261465,0
covtype_binary_20000,19,25,0.9,9,8,154,17.1209871981926,0
covtype_binary_20000,19,25,0.9,10,6,153,6.345157810746218,0
covtype_binary_20000,19,25,0.9,11,7,445,17.95818791526314,1
covtype_binary_20000,19,25,0.9,12,13,489,17.95818791526314,1
covtype_binary_20000,19,25,0.9,13,1,44,0.013891581805658526,0
covtype_binary_20000,19,25,0.9,14,9,252,17.70628557060897,0
covtype_binary_20000,19,25,0.9,15,8,31,17.95818791526314,1
covtype_binary_20000,19,25,0.9,16,9,145,16.35036139841276,0
covtype_binary_20000,19,25,0.9,17,16,251,17.95818791526314,1
covtype_binary_20000,19,25,0.9,18,2,24,0.21269766090096054,0
covtype_binary_20000,19,25,0.9,19,7,618,17.874306249870926,0
covtype_binary_20000,19,25,0.9,20,7,274,17.40540473187837,0
covtype_binary_20000,19,25,0.9,21,12,184,16.43475609460635,0
covtype_binary_20000,19,25,0.9,22,9,121,17.74919510974167,0
covtype_binary_20000,19,25,0.9,23,9,253,17.601451634919556,0
covtype_binary_20000,19,25,0.9,24,2,638,4.683704556300737,0
covtype_binary_20000,19,25,0.9,25,4,77,17.037064026457593,0
covtype_binary_20000,19,25,0.9,26,9,720,17.934219848664767,0
covtype_binary_20000,19,25,0.9,27,9,55,17.418108191866025,0
covtype_binary_20000,19,25,0.9,28,9,207,17.0094204928453,0
covtype_binary_20000,19,25,0.9,29,7,377,17.858975624333567,0
covtype_binary_20000,19,25,0.9,30,1,444,-0.0019478318674800432,0
covtype_binary_20000,19,25,0.9,31,19,466,17.95818791526314,1
covtype_binary_20000,19,25,0.9,32,2,43,15.35739709857506,0
covtype_binary_20000,19,25,0.9,33,6,668,17.03209459080039,0
covtype_binary_20000,19,25,0.9,34,11,259,16.034943454159126,0
covtype_binary_20000,19,25,0.9,35,6,485,17.95818791526314,1
covtype_binary_20000,19,25,0.9,36,6,427,17.95818791526314,1
covtype_binary_20000,19,25,0.9,37,6,795,17.95818791526314,1
covtype_binary_20000,19,25,0.9,38,6,708,17.832768541905104,0
covtype_binary_20000,19,25,0.9,39,6,760,17.95818791526314,1
covtype_binary_20000,19,25,0.9,40,6,771,17.941575245639626,0
covtype_binary_20000,19,25,0.9,41,42,48,9.67643933907562,0
covtype_binary_20000,19,25,0.9,42,6,410,17.95818791526314,1
covtype_binary_20000,19,25,0.9,43,42,149,8.714780548540794,0
covtype_binary_20000,19,25,0.9,44,11,585,10.258417570235219,0
covtype_binary_20000,19,25,0.9,45,6,464,17.95818791526314,1
covtype_binary_20000,19,25,0.9,46,9,14,17.041275856059684,0
covtype_binary_20000,19,25,0.9,47,6,840,17.89438685085871,0
covtype_binary_20000,19,25,0.9,48,6,307,17.95818791526314,1
covtype_binary_20000,19,25,0.9,49,8,101,16.914453132895247,0
covtype_binary_20000,19,25,0.9,50,9,34,17.7718922131415,0
covtype_binary_20000,19,25,0.9,51,9,32,17.95818791526314,1
covtype_binary_20000,19,25,0.9,52,9,330,16.90017466811372,0
covtype_binary_20000,19,25,0.9,53,10,60,17.05882779220382,0
covtype_binary_20000,19,25,0.9,54,7,891,17.95818791526314,1
covtype_binary_20000,19,25,0.9,55,7,191,17.95818791526314,1
covtype_binary_20000,19,25,0.9,56,7,150,17.95822118399412,1
covtype_binary_20000,19,25,0.9,57,9,130,17.48300811302242,0
covtype_binary_20000,19,25,0.9,58,1,106,0.23720693659408354,0
covtype_binary_20000,19,25,0.9,59,1,804,0.0033881446486604405,0
covtype_binary_20000,19,25,0.9,60,9,405,17.90483437396147,0
covtype_binary_20000,19,25,0.9,61,9,74,16.855271948267877,0
covtype_binary_20000,19,25,0.9,62,6,158,16.69957063986206,0
covtype_binary_20000,19,25,0.9,63,12,231,17.95818791526314,1
covtype_binary_20000,19,25,0.9,64,7,718,17.95818791526314,1
covtype_binary_20000,19,25,0.9,65,11,168,17.06929778014348,0
covtype_binary_20000,19,25,0.9,66,6,468,17.95818791526314,1
covtype_binary_20000,19,25,0.9,67,9,47,17.82031551418408,0
covtype_binary_20000,19,25,0.9,68,9,81,17.264426793778462,0
covtype_binary_20000,19,25,0.9,69,6,654,17.95818791526314,1
covtype_binary_20000,19,25,0.9,70,12,108,17.01432728986118,0
covtype_binary_20000,19,25,0.9,71,12,467,17.95818791526314,1
covtype_binary_20000,19,25,0.9,72,1,13,0.3752736984127958,0
covtype_binary_20000,19,25,0.9,73,4,157,5.6356146446279665,0
covtype_binary_20000,19,25,0.9,74,62,525,17.95818791526314,1
covtype_binary_20000,19,25,0.9,75,7,503,17.95818791526314,0
covtype_binary_20000,19,25,0.9,76,7,578,17.95818791526314,0
covtype_binary_20000,19,25,0.9,77,1,687,-0.0014295565049955439,0
covtype_binary_20000,19,25,0.9,78,8,58,17.036915190407655,0
covtype_binary_20000,19,25,0.9,79,6,536,17.811186151014745,0
covtype_binary_20000,19,25,0.9,80,6,471,17.9023157685357,0
covtype_binary_20000,19,25,0.9,81,6,579,17.913176999202193,0
covtype_binary_20000,19,25,0.9,82,6,598,17.95818791526314,0
covtype_binary_20000,19,25,0.9,83,9,22,17.801571070780483,0
covtype_binary_20000,19,25,0.9,84,6,228,17.95818791526314,0
covtype_binary_20000,19,25,0.9,85,6,276,17.95818791526314,0
covtype_binary_20000,19,25,0.9,86,6,419,17.958187915263146,1
covtype_binary_20000,19,25,0.9,87,6,371,17.95818791526314,0
covtype_binary_20000,19,25,0.9,88,6,537,17.95818791526314,0
covtype_binary_20000,19,25,0.9,89,6,791,17.939069215053323,0
covtype_binary_20000,19,25,0.9,90,6,807,17.60738291740291,0
covtype_binary_20000,19,25,0.9,91,6,531,17.95818791526314,0
covtype_binary_20000,19,25,0.9,92,6,105,17.943527220873257,0
covtype_binary_20000,19,25,0.9,93,6,428,17.86515164462626,0
covtype_binary_20000,19,25,0.9,94,6,870,17.95818791526314,0
covtype_binary_20000,19,25,0.9,95,6,622,17.953756263231313,0
covtype_binary_20000,19,25,0.9,96,9,11,17.432591176861727,0
covtype_binary_20000,19,25,0.9,97,6,365,17.94940182430856,0
covtype_binary_20000,19,25,0.9,98,6,632,17.6112539397241,0
covtype_binary_20000,19,25,0.9,99,10,263,16.44026761299692,0
covtype_binary_20000,19,25,0.9,100,6,482,17.95818791526314,0
covtype_binary_20000,19,25,0.9,101,12,171,12.752284445938855,0
covtype_binary_20000,19,25,0.9,102,11,705,17.95818791526314,0
covtype_binary_20000,19,25,0.9,103,12,450,17.95818791526314,0
covtype_binary_20000,19,25,0.9,104,6,459,17.95818791526314,0
covtype_binary_20000,19,25,0.9,105,1,132,0.39378583620981167,0
covtype_binary_20000,19,25,0.9,106,8,21,17.49800675824894,0
covtype_binary_20000,19,25,0.9,107,14,591,17.95818791526314,0
covtype_binary_20000,19,50,0.75,1,6,564,17.95818791526314,1
covtype_binary_20000,19,50,0.75,2,11,316,16.852512523217555,0
covtype_binary_20000,19,50,0.75,3,42,63,16.791944930009123,0
covtype_binary_20000,19,50,0.75,4,20,671,17.95818791526314,1
covtype_binary_20000,19,50,0.75,5,2,392,0.04685868234090207,0
covtype_binary_20000,19,50,0.75,6,8,237,17.770473175261465,1
covtype_binary_20000,19,50,0.75,7,8,154,17.1209871981926,0
covtype_binary_20000,19,50,0.75,8,6,153,6.345157810746218,0
covtype_binary_20000,19,50,0.75,9,7,445,17.95818791526314,1
covtype_binary_20000,19,50,0.75,10,14,489,17.95818791526314,1
covtype_binary_20000,19,50,0.75,11,9,252,17.70628557060897,1
covtype_binary_20000,19,50,0.75,12,17,31,17.95818791526314,1
covtype_binary_20000,19,50,0.75,13,18,251,17.95818791526314,1
covtype_binary_20000,19,50,0.75,14,7,618,17.874306249870926,1
covtype_binary_20000,19,50,0.75,15,7,274,17.40540473187837,0
covtype_binary_20000,19,50,0.75,16,12,184,16.43475609460635,0
covtype_binary_20000,19,50,0.75,17,9,121,17.74919510974167,1
covtype_binary_20000,19,50,0.75,18,9,253,17.601451634919556,1
covtype_binary_20000,19,50,0.75,19,2,638,4.683704556300737,0
covtype_binary_20000,19,50,0.75,20,4,77,17.037064026457593,0
covtype_binary_20000,19,50,0.75,21,18,720,17.934219848664767,1
covtype_binary_20000,19,50,0.75,22,9,207,17.0094204928453,0
covtype_binary_20000,19,50,0.75,23,7,377,17.858975624333567,1
covtype_binary_20000,19,50,0.75,24,1,444,-0.0019478318674800432,0
covtype_binary_20000,19,50,0.75,25,19,466,17.95818791526314,1
covtype_binary_20000,19,50,0.75,26,8,668,17.03209459080039,0
covtype_binary_20000,19,50,0.75,27,11,259,16.034943454159126,0
covtype_binary_20000,19,50,0.75,28,6,485,17.95818791526314,1
covtype_binary_20000,19,50,0.75,29,6,427,17.95818791526314,1
covtype_binary_20000,19,50,0.75,30,6,795,17.95818791526314,1
covtype_binary_20000,19,50,0.75,31,18,760,17.95818791526314,1
covtype_binary_20000,19,50,0.75,32,90,410,17.95818791526314,1
covtype_binary_20000,19,50,0.75,33,11,585,10.258417570235219,0
covtype_binary_20000,19,50,0.75,34,6,464,17.95818791526314,1
covtype_binary_20000,19,50,0.75,35,9,14,17.041275856059684,0
covtype_binary_20000,19,50,0.75,36,12,307,17.95818791526314,1
covtype_binary_20000,19,50,0.75,37,8,101,16.914453132895247,0
covtype_binary_20000,19,50,0.75,38,9,34,17.7718922131415,1
covtype_binary_20000,19,50,0.75,39,18,32,17.95818791526314,1
covtype_binary_20000,19,50,0.75,40,10,60,17.05882779220382,0
covtype_binary_20000,19,50,0.75,41,7,891,17.95818791526314,1
covtype_binary_20000,19,50,0.75,42,14,150,17.95822118399412,1
covtype_binary_20000,19,50,0.75,43,9,130,17.48300811302242,1
covtype_binary_20000,19,50,0.75,44,1,106,0.23720693659408354,0
covtype_binary_20000,19,50,0.75,45,1,804,0.0033881446486604405,0
covtype_binary_20000,19,50,0.75,46,18,405,17.90483437396147,1
covtype_binary_20000,19,50,0.75,47,6,158,16.69957063986206,0
covtype_binary_20000,19,50,0.75,48,19,231,17.95818791526314,1
covtype_binary_20000,19,50,0.75,49,11,168,17.06929778014348,0
covtype_binary_20000,19,50,0.75,50,6,468,17.95818791526314,1
covtype_binary_20000,19,50,0.75,51,9,47,17.82031551418408,1
covtype_binary_20000,19,50,0.75,52,9,81,17.264426793778462,0
covtype_binary_20000,19,50,0.75,53,18,654,17.95818791526314,1
covtype_binary_20000,19,50,0.75,54,13,467,17.95818791526314,1
covtype_binary_20000,19,50,0.75,55,4,157,5.6356146446279665,0
covtype_binary_20000,19,50,0.75,56,62,525,17.95818791526314,1
covtype_binary_20000,19,50,0.75,57,14,503,17.95818791526314,1
covtype_binary_20000,19,50,0.75,58,1,687,-0.0014295565049955439,0
covtype_binary_20000,19,50,0.75,59,8,58,17.036915190407655,0
covtype_binary_20000,19,50,0.75,60,18,579,17.913176999202193,1
covtype_binary_20000,19,50,0.75,61,15,598,17.95818791526314,1
covtype_binary_20000,19,50,0.75,62,12,228,17.95818791526314,1
covtype_binary_20000,19,50,0.75,63,6,419,17.958187915263146,1
covtype_binary_20000,19,50,0.75,64,6,371,17.95818791526314,1
covtype_binary_20000,19,50,0.75,65,18,537,17.95818791526314,1
covtype_binary_20000,19,50,0.75,66,12,531,17.95818791526314,1
covtype_binary_20000,19,50,0.75,67,18,870,17.95818791526314,1
covtype_binary_20000,19,50,0.75,68,9,11,17.432591176861727,1
covtype_binary_20000,19,50,0.75,69,12,365,17.94940182430856,1
covtype_binary_20000,19,50,0.75,70,10,263,16.44026761299692,0
covtype_binary_20000,19,50,0.75,71,6,482,17.95818791526314,1
covtype_binary_20000,19,50,0.75,72,12,171,12.752284445938855,0
covtype_binary_20000,19,50,0.75,73,11,705,17.95818791526314,1
covtype_binary_20000,19,50,0.75,74,12,450,17.95818791526314,1
covtype_binary_20000,19,50,0.75,75,7,459,17.95818791526314,1
covtype_binary_20000,19,50,0.75,76,8,21,17.49800675824894,1
covtype_binary_20000,19,50,0.75,77,14,591,17.95818791526314,1
covtype_binary_20000,19,50,0.85,1,6,564,17.95818791526314,1
covtype_binary_20000,19,50,0.85,2,11,316,16.852512523217555,0
covtype_binary_20000,19,50,0.85,3,42,63,16.791944930009123,0
covtype_binary_20000,19,50,0.85,4,20,671,17.95818791526314,1
covtype_binary_20000,19,50,0.85,5,2,392,0.04685868234090207,0
covtype_binary_20000,19,50,0.85,6,8,237,17.770473175261465,0
covtype_binary_20000,19,50,0.85,7,8,154,17.1209871981926,0
covtype_binary_20000,19,50,0.85,8,6,153,6.345157810746218,0
covtype_binary_20000,19,50,0.85,9,7,445,17.95818791526314,1
covtype_binary_20000,19,50,0.85,10,14,489,17.95818791526314,1
covtype_binary_20000,19,50,0.85,11,9,252,17.70628557060897,0
covtype_binary_20000,19,50,0.85,12,8,31,17.95818791526314,1
covtype_binary_20000,19,50,0.85,13,9,145,16.35036139841276,0
covtype_binary_20000,19,50,0.85,14,16,251,17.95818791526314,1
covtype_binary_20000,19,50,0.85,15,2,24,0.21269766090096054,0
covtype_binary_20000,19,50,0.85,16,7,618,17.874306249870926,1
covtype_binary_20000,19,50,0.85,17,7,274,17.40540473187837,0
covtype_binary_20000,19,50,0.85,18,12,184,16.43475609460635,0
covtype_binary_20000,19,50,0.85,19,9,121,17.74919510974167,0
covtype_binary_20000,19,50,0.85,20,9,253,17.601451634919556,0
covtype_binary_20000,19,50,0.85,21,2,638,4.683704556300737,0
covtype_binary_20000,19,50,0.85,22,4,77,17.037064026457593,0
covtype_binary_20000,19,50,0.85,23,9,720,17.934219848664767,1
covtype_binary_20000,19,50,0.85,24,9,55,17.418108191866025,0
covtype_binary_20000,19,50,0.85,25,9,207,17.0094204928453,0
covtype_binary_20000,19,50,0.85,26,7,377,17.858975624333567,1
covtype_binary_20000,19,50,0.85,27,1,444,-0.0019478318674800432,0
covtype_binary_20000,19,50,0.85,28,19,466,17.95818791526314,1
covtype_binary_20000,19,50,0.85,29,2,43,15.35739709857506,0
covtype_binary_20000,19,50,0.85,30,6,668,17.03209459080039,0
covtype_binary_20000,19,50,0.85,31,11,259,16.034943454159126,0
covtype_binary_20000,19,50,0.85,32,6,485,17.95818791526314,1
covtype_binary_20000,19,50,0.85,33,6,427,17.95818791526314,1
covtype_binary_20000,19,50,0.85,34,6,795,17.95818791526314,1
covtype_binary_20000,19,50,0.85,35,6,708,17.832768541905104,1
covtype_binary_20000,19,50,0.85,36,12,760,17.95818791526314,1
covtype_binary_20000,19,50,0.85,37,42,48,9.67643933907562,0
covtype_binary_20000,19,50,0.85,38,6,410,17.95818791526314,1
covtype_binary_20000,19,50,0.85,39,42,149,8.714780548540794,0
covtype_binary_20000,19,50,0.85,40,11,585,10.258417570235219,0
covtype_binary_20000,19,50,0.85,41,6,464,17.95818791526314,1
covtype_binary_20000,19,50,0.85,42,9,14,17.041275856059684,0
covtype_binary_20000,19,50,0.85,43,12,307,17.95818791526314,1
covtype_binary_20000,19,50,0.85,44,8,101,16.914453132895247,0
covtype_binary_20000,19,50,0.85,45,9,34,17.7718922131415,1
covtype_binary_20000,19,50,0.85,46,9,32,17.95818791526314,1
covtype_binary_20000,19,50,0.85,47,9,330,16.90017466811372,0
covtype_binary_20000,19,50,0.85,48,10,60,17.05882779220382,0
covtype_binary_20000,19,50,0.85,49,7,891,17.95818791526314,1
covtype_binary_20000,19,50,0.85,50,14,150,17.95822118399412,1
covtype_binary_20000,19,50,0.85,51,9,130,17.48300811302242,0
covtype_binary_20000,19,50,0.85,52,1,106,0.23720693659408354,0
covtype_binary_20000,19,50,0.85,53,1,804,0.0033881446486604405,0
covtype_binary_20000,19,50,0.85,54,9,405,17.90483437396147,1
covtype_binary_20000,19,50,0.85,55,9,74,16.855271948267877,0
covtype_binary_20000,19,50,0.85,56,6,158,16.69957063986206,0
covtype_binary_20000,19,50,0.85,57,12,231,17.95818791526314,1
covtype_binary_20000,19,50,0.85,58,7,718,17.95818791526314,1
covtype_binary_20000,19,50,0.85,59,11,168,17.06929778014348,0
covtype_binary_20000,19,50,0.85,60,6,468,17.95818791526314,1
covtype_binary_20000,19,50,0.85,61,9,47,17.82031551418408,1
covtype_binary_20000,19,50,0.85,62,9,81,17.264426793778462,0
covtype_binary_20000,19,50,0.85,63,18,654,17.95818791526314,1
covtype_binary_20000,19,50,0.85,64,12,467,17.95818791526314,1
covtype_binary_20000,19,50,0.85,65,1,13,0.3752736984127958,0
covtype_binary_20000,19,50,0.85,66,4,157,5.6356146446279665,0
covtype_binary_20000,19,50,0.85,67,62,525,17.95818791526314,1
covtype_binary_20000,19,50,0.85,68,7,503,17.95818791526314,1
covtype_binary_20000,19,50,0.85,69,7,578,17.95818791526314,1
covtype_binary_20000,19,50,0.85,70,1,687,-0.0014295565049955439,0
covtype_binary_20000,19,50,0.85,71,8,58,17.036915190407655,0
covtype_binary_20000,19,50,0.85,72,18,579,17.913176999202193,1
covtype_binary_20000,19,50,0.85,73,6,598,17.95818791526314,1
covtype_binary_20000,19,50,0.85,74,9,22,17.801571070780483,1
covtype_binary_20000,19,50,0.85,75,6,228,17.95818791526314,1
covtype_binary_20000,19,50,0.85,76,6,276,17.95818791526314,1
covtype_binary_20000,19,50,0.85,77,6,419,17.958187915263146,1
covtype_binary_20000,19,50,0.85,78,6,371,17.95818791526314,1
covtype_binary_20000,19,50,0.85,79,6,537,17.95818791526314,1
covtype_binary_20000,19,50,0.85,80,12,791,17.939069215053323,1
covtype_binary_20000,19,50,0.85,81,12,531,17.95818791526314,1
covtype_binary_20000,19,50,0.85,82,6,428,17.86515164462626,1
covtype_binary_20000,19,50,0.85,83,12,870,17.95818791526314,1
covtype_binary_20000,19,50,0.85,84,9,11,17.432591176861727,0
covtype_binary_20000,19,50,0.85,85,12,365,17.94940182430856,1
covtype_binary_20000,19,50,0.85,86,10,263,16.44026761299692,0
covtype_binary_20000,19,50,0.85,87,6,482,17.95818791526314,1
covtype_binary_20000,19,50,0.85,88,12,171,12.752284445938855,0
covtype_binary_20000,19,50,0.85,89,11,705,17.95818791526314,1
covtype_binary_20000,19,50,0.85,90,12,450,17.95818791526314,1
covtype_binary_20000,19,50,0.85,91,6,459,17.95818791526314,1
covtype_binary_20000,19,50,0.85,92,1,132,0.39378583620981167,0
covtype_binary_20000,19,50,0.85,93,8,21,17.49800675824894,0
covtype_binary_20000,19,50,0.85,94,14,591,17.95818791526314,1
covtype_binary_20000,19,50,0.9,1,6,564,17.95818791526314,1
covtype_binary_20000,19,50,0.9,2,11,316,16.852512523217555,0
covtype_binary_20000,19,50,0.9,3,42,63,16.791944930009123,0
covtype_binary_20000,19,50,0.9,4,19,671,17.95818791526314,1
covtype_binary_20000,19,50,0.9,5,1,931,0.003948897628745174,0
covtype_binary_20000,19,50,0.9,6,1,392,0.04685868234090207,0
covtype_binary_20000,19,50,0.9,7,1,504,0.02432930946971401,0
covtype_binary_20000,19,50,0.9,8,8,237,17.770473175261465,0
covtype_binary_20000,19,50,0.9,9,8,154,17.1209871981926,0
covtype_binary_20000,19,50,0.9,10,6,153,6.345157810746218,0
covtype_binary_20000,19,50,0.9,11,7,445,17.95818791526314,1
covtype_binary_20000,19,50,0.9,12,13,489,17.95818791526314,1
covtype_binary_20000,19,50,0.9,13,1,44,0.013891581805658526,0
covtype_binary_20000,19,50,0.9,14,9,252,17.70628557060897,0
covtype_binary_20000,19,50,0.9,15,8,31,17.95818791526314,1
covtype_binary_20000,19,50,0.9,16,9,145,16.35036139841276,0
covtype_binary_20000,19,50,0.9,17,16,251,17.95818791526314,1
covtype_binary_20000,19,50,0.9,18,2,24,0.21269766090096054,0
covtype_binary_20000,19,50,0.9,19,7,618,17.874306249870926,1
covtype_binary_20000,19,50,0.9,20,7,274,17.40540473187837,0
covtype_binary_20000,19,50,0.9,21,12,184,16.43475609460635,0
covtype_binary_20000,19,50,0.9,22,9,121,17.74919510974167,0
covtype_binary_20000,19,50,0.9,23,9,253,17.601451634919556,0
covtype_binary_20000,19,50,0.9,24,2,638,4.683704556300737,0
covtype_binary_20000,19,50,0.9,25,4,77,17.037064026457593,0
covtype_binary_20000,19,50,0.9,26,9,720,17.934219848664767,1
covtype_binary_20000,19,50,0.9,27,9,55,17.418108191866025,0
covtype_binary_20000,19,50,0.9,28,9,207,17.0094204928453,0
covtype_binary_20000,19,50,0.9,29,7,377,17.858975624333567,0
covtype_binary_20000,19,50,0.9,30,1,444,-0.0019478318674800432,0
covtype_binary_20000,19,50,0.9,31,19,466,17.95818791526314,1
covtype_binary_20000,19,50,0.9,32,2,43,15.35739709857506,0
covtype_binary_20000,19,50,0.9,33,6,668,17.03209459080039,0
covtype_binary_20000,19,50,0.9,34,11,259,16.034943454159126,0
covtype_binary_20000,19,50,0.9,35,6,485,17.95818791526314,1
covtype_binary_20000,19,50,0.9,36,6,427,17.95818791526314,1
covtype_binary_20000,19,50,0.9,37,6,795,17.95818791526314,1
covtype_binary_20000,19,50,0.9,38,6,708,17.832768541905104,0
covtype_binary_20000,19,50,0.9,39,6,760,17.95818791526314,1
covtype_binary_20000,19,50,0.9,40,6,771,17.941575245639626,1
covtype_binary_20000,19,50,0.9,41,42,48,9.67643933907562,0
covtype_binary_20000,19,50,0.9,42,6,410,17.95818791526314,1
covtype_binary_20000,19,50,0.9,43,42,149,8.714780548540794,0
covtype_binary_20000,19,50,0.9,44,11,585,10.258417570235219,0
covtype_binary_20000,19,50,0.9,45,6,464,17.95818791526314,1
covtype_binary_20000,19,50,0.9,46,9,14,17.041275856059684,0
covtype_binary_20000,19,50,0.9,47,6,840,17.89438685085871,1
covtype_binary_20000,19,50,0.9,48,6,307,17.95818791526314,1
covtype_binary_20000,19,50,0.9,49,8,101,16.914453132895247,0
covtype_binary_20000,19,50,0.9,50,9,34,17.7718922131415,0
covtype_binary_20000,19,50,0.9,51,9,32,17.95818791526314,1
covtype_binary_20000,19,50,0.9,52,9,330,16.90017466811372,0
covtype_binary_20000,19,50,0.9,53,10,60,17.05882779220382,0
covtype_binary_20000,19,50,0.9,54,7,891,17.95818791526314,1
covtype_binary_20000,19,50,0.9,55,7,191,17.95818791526314,1
covtype_binary_20000,19,50,0.9,56,7,150,17.95822118399412,1
covtype_binary_20000,19,50,0.9,57,9,130,17.48300811302242,0
covtype_binary_20000,19,50,0.9,58,1,106,0.23720693659408354,0
covtype_binary_20000,19,50,0.9,59,1,804,0.0033881446486604405,0
covtype_binary_20000,19,50,0.9,60,9,405,17.90483437396147,1
covtype_binary_20000,19,50,0.9,61,9,74,16.855271948267877,0
covtype_binary_20000,19,50,0.9,62,6,158,16.69957063986206,0
covtype_binary_20000,19,50,0.9,63,12,231,17.95818791526314,1
covtype_binary_20000,19,50,0.9,64,7,718,17.95818791526314,1
covtype_binary_20000,19,50,0.9,65,11,168,17.06929778014348,0
covtype_binary_20000,19,50,0.9,66,6,468,17.95818791526314,1
covtype_binary_20000,19,50,0.9,67,9,47,17.82031551418408,0
covtype_binary_20000,19,50,0.9,68,9,81,17.264426793778462,0
covtype_binary_20000,19,50,0.9,69,6,654,17.95818791526314,1
covtype_binary_20000,19,50,0.9,70,12,108,17.01432728986118,0
covtype_binary_20000,19,50,0.9,71,12,467,17.95818791526314,1
covtype_binary_20000,19,50,0.9,72,1,13,0.3752736984127958,0
covtype_binary_20000,19,50,0.9,73,4,157,5.6356146446279665,0
covtype_binary_20000,19,50,0.9,74,62,525,17.95818791526314,1
covtype_binary_20000,19,50,0.9,75,7,503,17.95818791526314,1
covtype_binary_20000,19,50,0.9,76,7,578,17.95818791526314,1
covtype_binary_20000,19,50,0.9,77,1,687,-0.0014295565049955439,0
covtype_binary_20000,19,50,0.9,78,8,58,17.036915190407655,0
covtype_binary_20000,19,50,0.9,79,6,536,17.811186151014745,0
covtype_binary_20000,19,50,0.9,80,6,471,17.9023157685357,1
covtype_binary_20000,19,50,0.9,81,6,579,17.913176999202193,1
covtype_binary_20000,19,50,0.9,82,6,598,17.95818791526314,1
covtype_binary_20000,19,50,0.9,83,9,22,17.801571070780483,0
covtype_binary_20000,19,50,0.9,84,6,228,17.95818791526314,1
covtype_binary_20000,19,50,0.9,85,6,276,17.95818791526314,1
covtype_binary_20000,19,50,0.9,86,6,419,17.958187915263146,1
covtype_binary_20000,19,50,0.9,87,6,371,17.95818791526314,1
covtype_binary_20000,19,50,0.9,88,6,537,17.95818791526314,1
covtype_binary_20000,19,50,0.9,89,6,791,17.939069215053323,1
covtype_binary_20000,19,50,0.9,90,6,807,17.60738291740291,0
covtype_binary_20000,19,50,0.9,91,6,531,17.95818791526314,1
covtype_binary_20000,19,50,0.9,92,6,105,17.943527220873257,1
covtype_binary_20000,19,50,0.9,93,6,428,17.86515164462626,0
covtype_binary_20000,19,50,0.9,94,6,870,17.95818791526314,1
covtype_binary_20000,19,50,0.9,95,6,622,17.953756263231313,1
covtype_binary_20000,19,50,0.9,96,9,11,17.432591176861727,0
covtype_binary_20000,19,50,0.9,97,6,365,17.94940182430856,1
covtype_binary_20000,19,50,0.9,98,6,632,17.6112539397241,0
covtype_binary_20000,19,50,0.9,99,10,263,16.44026761299692,0
covtype_binary_20000,19,50,0.9,100,6,482,17.95818791526314,1
covtype_binary_20000,19,50,0.9,101,12,171,12.752284445938855,0
covtype_binary_20000,19,50,0.9,102,11,705,17.95818791526314,1
covtype_binary_20000,19,50,0.9,103,12,450,17.95818791526314,1
covtype_binary_20000,19,50,0.9,104,6,459,17.95818791526314,1
covtype_binary_20000,19,50,0.9,105,1,132,0.39378583620981167,0
covtype_binary_20000,19,50,0.9,106,8,21,17.49800675824894,0
covtype_binary_20000,19,50,0.9,107,14,591,17.95818791526314,1
covtype_binary_20000,19,100,0.75,1,6,564,17.95818791526314,1
covtype_binary_20000,19,100,0.75,2,11,316,16.852512523217555,1
covtype_binary_20000,19,100,0.75,3,42,63,16.791944930009123,1
covtype_binary_20000,19,100,0.75,4,20,671,17.95818791526314,1
covtype_binary_20000,19,100,0.75,5,2,392,0.04685868234090207,1
covtype_binary_20000,19,100,0.75,6,8,237,17.770473175261465,1
covtype_binary_20000,19,100,0.75,7,8,154,17.1209871981926,1
covtype_binary_20000,19,100,0.75,8,6,153,6.345157810746218,1
covtype_binary_20000,19,100,0.75,9,7,445,17.95818791526314,1
covtype_binary_20000,19,100,0.75,10,14,489,17.95818791526314,1
covtype_binary_20000,19,100,0.75,11,9,252,17.70628557060897,1
covtype_binary_20000,19,100,0.75,12,17,31,17.95818791526314,1
covtype_binary_20000,19,100,0.75,13,18,251,17.95818791526314,1
covtype_binary_20000,19,100,0.75,14,7,618,17.874306249870926,1
covtype_binary_20000,19,100,0.75,15,7,274,17.40540473187837,1
covtype_binary_20000,19,100,0.75,16,12,184,16.43475609460635,1
covtype_binary_20000,19,100,0.75,17,9,121,17.74919510974167,1
covtype_binary_20000,19,100,0.75,18,9,253,17.601451634919556,1
covtype_binary_20000,19,100,0.75,19,2,638,4.683704556300737,1
covtype_binary_20000,19,100,0.75,20,4,77,17.037064026457593,1
covtype_binary_20000,19,100,0.75,21,18,720,17.934219848664767,1
covtype_binary_20000,19,100,0.75,22,9,207,17.0094204928453,1
covtype_binary_20000,19,100,0.75,23,7,377,17.858975624333567,1
covtype_binary_20000,19,100,0.75,24,1,444,-0.0019478318674800432,1
covtype_binary_20000,19,100,0.75,25,19,466,17.95818791526314,1
covtype_binary_20000,19,100,0.75,26,8,668,17.03209459080039,1
covtype_binary_20000,19,100,0.75,27,11,259,16.034943454159126,1
covtype_binary_20000,19,100,0.75,28,6,485,17.95818791526314,1
covtype_binary_20000,19,100,0.75,29,6,427,17.95818791526314,1
covtype_binary_20000,19,100,0.75,30,6,795,17.95818791526314,1
covtype_binary_20000,19,100,0.75,31,18,760,17.95818791526314,1
covtype_binary_20000,19,100,0.75,32,90,410,17.95818791526314,1
covtype_binary_20000,19,100,0.75,33,11,585,10.258417570235219,1
covtype_binary_20000,19,100,0.75,34,6,464,17.95818791526314,1
covtype_binary_20000,19,100,0.75,35,9,14,17.041275856059684,1
covtype_binary_20000,19,100,0.75,36,12,307,17.95818791526314,1
covtype_binary_20000,19,100,0.75,37,8,101,16.914453132895247,1
covtype_binary_20000,19,100,0.75,38,9,34,17.7718922131415,1
covtype_binary_20000,19,100,0.75,39,18,32,17.95818791526314,1
covtype_binary_20000,19,100,0.75,40,10,60,17.05882779220382,1
covtype_binary_20000,19,100,0.75,41,7,891,17.95818791526314,1
covtype_binary_20000,19,100,0.75,42,14,150,17.95822118399412,1
covtype_binary_20000,19,100,0.75,43,9,130,17.48300811302242,1
covtype_binary_20000,19,100,0.75,44,1,106,0.23720693659408354,1
covtype_binary_20000,19,100,0.75,45,1,804,0.0033881446486604405,1
covtype_binary_20000,19,100,0.75,46,18,405,17.90483437396147,1
covtype_binary_20000,19,100,0.75,47,6,158,16.69957063986206,1
covtype_binary_20000,19,100,0.75,48,19,231,17.95818791526314,1
covtype_binary_20000,19,100,0.75,49,11,168,17.06929778014348,1
covtype_binary_20000,19,100,0.75,50,6,468,17.95818791526314,1
covtype_binary_20000,19,100,0.75,51,9,47,17.82031551418408,1
covtype_binary_20000,19,100,0.75,52,9,81,17.264426793778462,1
covtype_binary_20000,19,100,0.75,53,18,654,17.95818791526314,1
covtype_binary_20000,19,100,0.75,54,13,467,17.95818791526314,1
covtype_binary_20000,19,100,0.75,55,4,157,5.6356146446279665,1
covtype_binary_20000,19,100,0.75,56,62,525,17.95818791526314,1
covtype_binary_20000,19,100,0.75,57,14,503,17.95818791526314,1
covtype_binary_20000,19,100,0.75,58,1,687,-0.0014295565049955439,1
covtype_binary_20000,19,100,0.75,59,8,58,17.036915190407655,1
covtype_binary_20000,19,100,0.75,60,18,579,17.913176999202193,1
covtype_binary_20000,19,100,0.75,61,15,598,17.95818791526314,1
covtype_binary_20000,19,100,0.75,62,12,228,17.95818791526314,1
covtype_binary_20000,19,100,0.75,63,6,419,17.958187915263146,1
covtype_binary_20000,19,100,0.75,64,6,371,17.95818791526314,1
covtype_binary_20000,19,100,0.75,65,18,537,17.95818791526314,1
covtype_binary_20000,19,100,0.75,66,12,531,17.95818791526314,1
covtype_binary_20000,19,100,0.75,67,18,870,17.95818791526314,1
covtype_binary_20000,19,100,0.75,68,9,11,17.432591176861727,1
covtype_binary_20000,19,100,0.75,69,12,365,17.94940182430856,1
covtype_binary_20000,19,100,0.75,70,10,263,16.44026761299692,1
covtype_binary_20000,19,100,0.75,71,6,482,17.95818791526314,1
covtype_binary_20000,19,100,0.75,72,12,171,12.752284445938855,1
covtype_binary_20000,19,100,0.75,73,11,705,17.95818791526314,1
covtype_binary_20000,19,100,0.75,74,12,450,17.95818791526314,1
covtype_binary_20000,19,100,0.75,75,7,459,17.95818791526314,1
covtype_binary_20000,19,100,0.75,76,8,21,17.49800675824894,1
covtype_binary_20000,19,100,0.75,77,14,591,17.95818791526314,1
covtype_binary_20000,19,100,0.85,1,6,564,17.95818791526314,1
covtype_binary_20000,19,100,0.85,2,11,316,16.852512523217555,1
covtype_binary_20000,19,100,0.85,3,42,63,16.791944930009123,1
covtype_binary_20000,19,100,0.85,4,20,671,17.95818791526314,1
covtype_binary_20000,19,100,0.85,5,2,392,0.04685868234090207,1
covtype_binary_20000,19,100,0.85,6,8,237,17.770473175261465,1
covtype_binary_20000,19,100,0.85,7,8,154,17.1209871981926,1
covtype_binary_20000,19,100,0.85,8,6,153,6.345157810746218,1
covtype_binary_20000,19,100,0.85,9,7,445,17.95818791526314,1
covtype_binary_20000,19,100,0.85,10,14,489,17.95818791526314,1
covtype_binary_20000,19,100,0.85,11,9,252,17.70628557060897,1
covtype_binary_20000,19,100,0.85,12,8,31,17.95818791526314,1
covtype_binary_20000,19,100,0.85,13,9,145,16.35036139841276,1
covtype_binary_20000,19,100,0.85,14,16,251,17.95818791526314,1
covtype_binary_20000,19,100,0.85,15,2,24,0.21269766090096054,1
covtype_binary_20000,19,100,0.85,16,7,618,17.874306249870926,1
covtype_binary_20000,19,100,0.85,17,7,274,17.40540473187837,1
covtype_binary_20000,19,100,0.85,18,12,184,16.43475609460635,1
covtype_binary_20000,19,100,0.85,19,9,121,17.74919510974167,1
covtype_binary_20000,19,100,0.85,20,9,253,17.601451634919556,1
covtype_binary_20000,19,100,0.85,21,2,638,4.683704556300737,1
covtype_binary_20000,19,100,0.85,22,4,77,17.037064026457593,1
covtype_binary_20000,19,100,0.85,23,9,720,17.934219848664767,1
covtype_binary_20000,19,100,0.85,24,9,55,17.418108191866025,1
covtype_binary_20000,19,100,0.85,25,9,207,17.0094204928453,1
covtype_binary_20000,19,100,0.85,26,7,377,17.858975624333567,1
covtype_binary_20000,19,100,0.85,27,1,444,-0.0019478318674800432,1
covtype_binary_20000,19,100,0.85,28,19,466,17.95818791526314,1
covtype_binary_20000,19,100,0.85,29,2,43,15.35739709857506,1
covtype_binary_20000,19,100,0.85,30,6,668,17.03209459080039,1
covtype_binary_20000,19,100,0.85,31,11,259,16.034943454159126,1
covtype_binary_20000,19,100,0.85,32,6,485,17.95818791526314,1
covtype_binary_20000,19,100,0.85,33,6,427,17.95818791526314,1
covtype_binary_20000,19,100,0.85,34,6,795,17.95818791526314,1
covtype_binary_20000,19,100,0.85,35,6,708,17.832768541905104,1
covtype_binary_20000,19,100,0.85,36,12,760,17.95818791526314,1
covtype_binary_20000,19,100,0.85,37,42,48,9.67643933907562,1
covtype_binary_20000,19,100,0.85,38,6,410,17.95818791526314,1
covtype_binary_20000,19,100,0.85,39,42,149,8.714780548540794,1
covtype_binary_20000,19,100,0.85,40,11,585,10.258417570235219,1
covtype_binary_20000,19,100,0.85,41,6,464,17.95818791526314,1
covtype_binary_20000,19,100,0.85,42,9,14,17.041275856059684,1
covtype_binary_20000,19,100,0.85,43,12,307,17.95818791526314,1
covtype_binary_20000,19,100,0.85,44,8,101,16.914453132895247,1
covtype_binary_20000,19,100,0.85,45,9,34,17.7718922131415,1
covtype_binary_20000,19,100,0.85,46,9,32,17.95818791526314,1
covtype_binary_20000,19,100,0.85,47,9,330,16.90017466811372,1
covtype_binary_20000,19,100,0.85,48,10,60,17.05882779220382,1
covtype_binary_20000,19,100,0.85,49,7,891,17.95818791526314,1
covtype_binary_20000,19,100,0.85,50,14,150,17.95822118399412,1
covtype_binary_20000,19,100,0.85,51,9,130,17.48300811302242,1
covtype_binary_20000,19,100,0.85,52,1,106,0.23720693659408354,1
covtype_binary_20000,19,100,0.85,53,1,804,0.0033881446486604405,1
covtype_binary_20000,19,100,0.85,54,9,405,17.90483437396147,1
covtype_binary_20000,19,100,0.85,55,9,74,16.855271948267877,1
covtype_binary_20000,19,100,0.85,56,6,158,16.69957063986206,1
covtype_binary_20000,19,100,0.85,57,12,231,17.95818791526314,1
covtype_binary_20000,19,100,0.85,58,7,718,17.95818791526314,1
covtype_binary_20000,19,100,0.85,59,11,168,17.06929778014348,1
covtype_binary_20000,19,100,0.85,60,6,468,17.95818791526314,1
covtype_binary_20000,19,100,0.85,61,9,47,17.82031551418408,1
covtype_binary_20000,19,100,0.85,62,9,81,17.264426793778462,1
covtype_binary_20000,19,100,0.85,63,18,654,17.95818791526314,1
covtype_binary_20000,19,100,0.85,64,12,467,17.95818791526314,1
covtype_binary_20000,19,100,0.85,65,1,13,0.3752736984127958,1
covtype_binary_20000,19,100,0.85,66,4,157,5.6356146446279665,1
covtype_binary_20000,19,100,0.85,67,62,525,17.95818791526314,1
covtype_binary_20000,19,100,0.85,68,7,503,17.95818791526314,1
covtype_binary_20000,19,100,0.85,69,7,578,17.95818791526314,1
covtype_binary_20000,19,100,0.85,70,1,687,-0.0014295565049955439,1
covtype_binary_20000,19,100,0.85,71,8,58,17.036915190407655,1
covtype_binary_20000,19,100,0.85,72,18,579,17.913176999202193,1
covtype_binary_20000,19,100,0.85,73,6,598,17.95818791526314,1
covtype_binary_20000,19,100,0.85,74,9,22,17.801571070780483,1
covtype_binary_20000,19,100,0.85,75,6,228,17.95818791526314,1
covtype_binary_20000,19,100,0.85,76,6,276,17.95818791526314,1
covtype_binary_20000,19,100,0.85,77,6,419,17.958187915263146,1
covtype_binary_20000,19,100,0.85,78,6,371,17.95818791526314,1
covtype_binary_20000,19,100,0.85,79,6,537,17.95818791526314,1
covtype_binary_20000,19,100,0.85,80,12,791,17.939069215053323,1
covtype_binary_20000,19,100,0.85,81,12,531,17.95818791526314,1
covtype_binary_20000,19,100,0.85,82,6,428,17.86515164462626,1
covtype_binary_20000,19,100,0.85,83,12,870,17.95818791526314,1
covtype_binary_20000,19,100,0.85,84,9,11,17.432591176861727,1
covtype_binary_20000,19,100,0.85,85,12,365,17.94940182430856,1
covtype_binary_20000,19,100,0.85,86,10,263,16.44026761299692,1
covtype_binary_20000,19,100,0.85,87,6,482,17.95818791526314,1
covtype_binary_20000,19,100,0.85,88,12,171,12.752284445938855,1
covtype_binary_20000,19,100,0.85,89,11,705,17.95818791526314,1
covtype_binary_20000,19,100,0.85,90,12,450,17.95818791526314,1
covtype_binary_20000,19,100,0.85,91,6,459,17.95818791526314,1
covtype_binary_20000,19,100,0.85,92,1,132,0.39378583620981167,1
covtype_binary_20000,19,100,0.85,93,8,21,17.49800675824894,1
covtype_binary_20000,19,100,0.85,94,14,591,17.95818791526314,1
covtype_binary_20000,19,100,0.9,1,6,564,17.95818791526314,1
covtype_binary_20000,19,100,0.9,2,11,316,16.852512523217555,1
covtype_binary_20000,19,100,0.9,3,42,63,16.791944930009123,1
covtype_binary_20000,19,100,0.9,4,19,671,17.95818791526314,1
covtype_binary_20000,19,100,0.9,5,1,931,0.003948897628745174,0
covtype_binary_20000,19,100,0.9,6,1,392,0.04685868234090207,0
covtype_binary_20000,19,100,0.9,7,1,504,0.02432930946971401,0
covtype_binary_20000,19,100,0.9,8,8,237,17.770473175261465,1
covtype_binary_20000,19,100,0.9,9,8,154,17.1209871981926,1
covtype_binary_20000,19,100,0.9,10,6,153,6.345157810746218,1
covtype_binary_20000,19,100,0.9,11,7,445,17.95818791526314,1
covtype_binary_20000,19,100,0.9,12,13,489,17.95818791526314,1
covtype_binary_20000,19,100,0.9,13,1,44,0.013891581805658526,0
covtype_binary_20000,19,100,0.9,14,9,252,17.70628557060897,1
covtype_binary_20000,19,100,0.9,15,8,31,17.95818791526314,1
covtype_binary_20000,19,100,0.9,16,9,145,16.35036139841276,1
covtype_binary_20000,19,100,0.9,17,16,251,17.95818791526314,1
covtype_binary_20000,19,100,0.9,18,2,24,0.21269766090096054,1
covtype_binary_20000,19,100,0.9,19,7,618,17.874306249870926,1
covtype_binary_20000,19,100,0.9,20,7,274,17.40540473187837,1
covtype_binary_20000,19,100,0.9,21,12,184,16.43475609460635,1
covtype_binary_20000,19,100,0.9,22,9,121,17.74919510974167,1
covtype_binary_20000,19,100,0.9,23,9,253,17.601451634919556,1
covtype_binary_20000,19,100,0.9,24,2,638,4.683704556300737,1
covtype_binary_20000,19,100,0.9,25,4,77,17.037064026457593,1
covtype_binary_20000,19,100,0.9,26,9,720,17.934219848664767,1
covtype_binary_20000,19,100,0.9,27,9,55,17.418108191866025,1
covtype_binary_20000,19,100,0.9,28,9,207,17.0094204928453,1
covtype_binary_20000,19,100,0.9,29,7,377,17.858975624333567,1
covtype_binary_20000,19,100,0.9,30,1,444,-0.0019478318674800432,0
covtype_binary_20000,19,100,0.9,31,19,466,17.95818791526314,1
covtype_binary_20000,19,100,0.9,32,2,43,15.35739709857506,1
covtype_binary_20000,19,100,0.9,33,6,668,17.03209459080039,1
covtype_binary_20000,19,100,0.9,34,11,259,16.034943454159126,1
covtype_binary_20000,19,100,0.9,35,6,485,17.95818791526314,1
covtype_binary_20000,19,100,0.9,36,6,427,17.95818791526314,1
covtype_binary_20000,19,100,0.9,37,6,795,17.95818791526314,1
covtype_binary_20000,19,100,0.9,38,6,708,17.832768541905104,1
covtype_binary_20000,19,100,0.9,39,6,760,17.95818791526314,1
covtype_binary_20000,19,100,0.9,40,6,771,17.941575245639626,1
covtype_binary_20000,19,100,0.9,41,42,48,9.67643933907562,1
covtype_binary_20000,19,100,0.9,42,6,410,17.95818791526314,1
covtype_binary_20000,19,100,0.9,43,42,149,8.714780548540794,1
covtype_binary_20000,19,100,0.9,44,11,585,10.258417570235219,1
covtype_binary_20000,19,100,0.9,45,6,464,17.95818791526314,1
covtype_binary_20000,19,100,0.9,46,9,14,17.041275856059684,1
covtype_binary_20000,19,100,0.9,47,6,840,17.89438685085871,1
covtype_binary_20000,19,100,0.9,48,6,307,17.95818791526314,1
covtype_binary_20000,19,100,0.9,49,8,101,16.914453132895247,1
covtype_binary_20000,19,100,0.9,50,9,34,17.7718922131415,1
covtype_binary_20000,19,100,0.9,51,9,32,17.95818791526314,1
covtype_binary_20000,19,100,0.9,52,9,330,16.90017466811372,1
covtype_binary_20000,19,100,0.9,53,10,60,17.05882779220382,1
covtype_binary_20000,19,100,0.9,54,7,891,17.95818791526314,1
covtype_binary_20000,19,100,0.9,55,7,191,17.95818791526314,1
covtype_binary_20000,19,100,0.9,56,7,150,17.95822118399412,1
covtype_binary_20000,19,100,0.9,57,9,130,17.48300811302242,1
covtype_binary_20000,19,100,0.9,58,1,106,0.23720693659408354,1
covtype_binary_20000,19,100,0.9,59,1,804,0.0033881446486604405,0
covtype_binary_20000,19,100,0.9,60,9,405,17.90483437396147,1
covtype_binary_20000,19,100,0.9,61,9,74,16.855271948267877,1
covtype_binary_20000,19,100,0.9,62,6,158,16.69957063986206,1
covtype_binary_20000,19,100,0.9,63,12,231,17.95818791526314,1
covtype_binary_20000,19,100,0.9,64,7,718,17.95818791526314,1
covtype_binary_20000,19,100,0.9,65,11,168,17.06929778014348,1
covtype_binary_20000,19,100,0.9,66,6,468,17.95818791526314,1
covtype_binary_20000,19,100,0.9,67,9,47,17.82031551418408,1
covtype_binary_20000,19,100,0.9,68,9,81,17.264426793778462,1
covtype_binary_20000,19,100,0.9,69,6,654,17.95818791526314,1
covtype_binary_20000,19,100,0.9,70,12,108,17.01432728986118,1
covtype_binary_20000,19,100,0.9,71,12,467,17.95818791526314,1
covtype_binary_20000,19,100,0.9,72,1,13,0.3752736984127958,1
covtype_binary_20000,19,100,0.9,73,4,157,5.6356146446279665,1
covtype_binary_20000,19,100,0.9,74,62,525,17.95818791526314,1
covtype_binary_20000,19,100,0.9,75,7,503,17.95818791526314,1
covtype_binary_20000,19,100,0.9,76,7,578,17.95818791526314,1
covtype_binary_20000,19,100,0.9,77,1,687,-0.0014295565049955439,0
covtype_binary_20000,19,100,0.9,78,8,58,17.036915190407655,1
covtype_binary_20000,19,100,0.9,79,6,536,17.811186151014745,1
covtype_binary_20000,19,100,0.9,80,6,471,17.9023157685357,1
covtype_binary_20000,19,100,0.9,81,6,579,17.913176999202193,1
covtype_binary_20000,19,100,0.9,82,6,598,17.95818791526314,1
covtype_binary_20000,19,100,0.9,83,9,22,17.801571070780483,1
covtype_binary_20000,19,100,0.9,84,6,228,17.95818791526314,1
covtype_binary_20000,19,100,0.9,85,6,276,17.95818791526314,1
covtype_binary_20000,19,100,0.9,86,6,419,17.958187915263146,1
covtype_binary_20000,19,100,0.9,87,6,371,17.95818791526314,1
covtype_binary_20000,19,100,0.9,88,6,537,17.95818791526314,1
covtype_binary_20000,19,100,0.9,89,6,791,17.939069215053323,1
covtype_binary_20000,19,100,0.9,90,6,807,17.60738291740291,1
covtype_binary_20000,19,100,0.9,91,6,531,17.95818791526314,1
covtype_binary_20000,19,100,0.9,92,6,105,17.943527220873257,1
covtype_binary_20000,19,100,0.9,93,6,428,17.86515164462626,1
covtype_binary_20000,19,100,0.9,94,6,870,17.95818791526314,1
covtype_binary_20000,19,100,0.9,95,6,622,17.953756263231313,1
covtype_binary_20000,19,100,0.9,96,9,11,17.432591176861727,1
covtype_binary_20000,19,100,0.9,97,6,365,17.94940182430856,1
covtype_binary_20000,19,100,0.9,98,6,632,17.6112539397241,1
covtype_binary_20000,19,100,0.9,99,10,263,16.44026761299692,1
covtype_binary_20000,19,100,0.9,100,6,482,17.95818791526314,1
covtype_binary_20000,19,100,0.9,101,12,171,12.752284445938855,1
covtype_binary_20000,19,100,0.9,102,11,705,17.95818791526314,1
covtype_binary_20000,19,100,0.9,103,12,450,17.95818791526314,1
covtype_binary_20000,19,100,0.9,104,6,459,17.95818791526314,1
covtype_binary_20000,19,100,0.9,105,1,132,0.39378583620981167,1
covtype_binary_20000,19,100,0.9,106,8,21,17.49800675824894,1
covtype_binary_20000,19,100,0.9,107,14,591,17.95818791526314,1
covtype_binary_20000,23,25,0.75,1,4,10,16.735166979646067,0
covtype_binary_20000,23,25,0.75,2,18,565,17.962488623710215,1
covtype_binary_20000,23,25,0.75,3,43,47,16.599583066455732,0
covtype_binary_20000,23,25,0.75,4,18,353,17.962488623710215,1
covtype_binary_20000,23,25,0.75,5,10,85,14.114637350789467,0
covtype_binary_20000,23,25,0.75,6,7,845,17.962488623710215,1
covtype_binary_20000,23,25,0.75,7,13,308,17.96249326195287,1
covtype_binary_20000,23,25,0.75,8,9,259,17.289569609310643,0
covtype_binary_20000,23,25,0.75,9,2,314,0.011049973506491728,0
covtype_binary_20000,23,25,0.75,10,6,212,11.111479608183211,0
covtype_binary_20000,23,25,0.75,11,18,192,17.804022184128403,0
covtype_binary_20000,23,25,0.75,12,10,127,6.5910725901438685,0
covtype_binary_20000,23,25,0.75,13,6,427,17.962488623710215,1
covtype_binary_20000,23,25,0.75,14,41,120,9.381472283709542,0
covtype_binary_20000,23,25,0.75,15,6,524,17.962488623710215,1
covtype_binary_20000,23,25,0.75,16,48,655,17.962488623710215,1
covtype_binary_20000,23,25,0.75,17,19,355,17.962488623710215,1
covtype_binary_20000,23,25,0.75,18,18,492,17.962488623710215,1
covtype_binary_20000,23,25,0.75,19,8,48,16.448632054278278,0
covtype_binary_20000,23,25,0.75,20,11,354,17.962488623710215,1
covtype_binary_20000,23,25,0.75,21,31,566,17.962488623710215,1
covtype_binary_20000,23,25,0.75,22,1,464,0.005809547655951319,0
covtype_binary_20000,23,25,0.75,23,9,19,17.888505611255454,0
covtype_binary_20000,23,25,0.75,24,18,53,17.962488623710215,1
covtype_binary_20000,23,25,0.75,25,11,111,3.966457885515128,0
covtype_binary_20000,23,25,0.75,26,12,669,17.962488623710215,1
covtype_binary_20000,23,25,0.75,27,12,552,17.962488623710215,1
covtype_binary_20000,23,25,0.75,28,9,143,17.12045572891549,0
covtype_binary_20000,23,25,0.75,29,12,533,17.962488623710215,1
covtype_binary_20000,23,25,0.75,30,12,623,17.962488623710215,1
covtype_binary_20000,23,25,0.75,31,11,238,17.806935604112194,0
covtype_binary_20000,23,25,0.75,32,18,476,17.951188637821605,0
covtype_binary_20000,23,25,0.75,33,6,319,17.962488623710215,1
covtype_binary_20000,23,25,0.75,34,6,644,17.962488623710215,1
covtype_binary_20000,23,25,0.75,35,11,52,16.569784705860492,0
covtype_binary_20000,23,25,0.75,36,8,95,12.17456591139074,0
covtype_binary_20000,23,25,0.75,37,20,72,17.962488623710215,1
covtype_binary_20000,23,25,0.75,38,10,42,17.05577699377347,0
covtype_binary_20000,23,25,0.75,39,12,317,17.962488623710215,1
covtype_binary_20000,23,25,0.75,40,12,451,17.962488623710215,1
covtype_binary_20000,23,25,0.75,41,6,470,17.962488623710215,1
covtype_binary_20000,23,25,0.75,42,21,393,17.962488623710215,1
covtype_binary_20000,23,25,0.75,43,12,117,16.85526515369253,0
covtype_binary_20000,23,25,0.75,44,11,489,17.962488623710215,1
covtype_binary_20000,23,25,0.75,45,21,460,17.962488623710215,0
covtype_binary_20000,23,25,0.75,46,9,154,17.234603691213103,0
covtype_binary_20000,23,25,0.75,47,8,162,17.962488623710463,1
covtype_binary_20000,23,25,0.75,48,7,348,17.923351342167535,0
covtype_binary_20000,23,25,0.75,49,9,344,17.18494788440195,0
covtype_binary_20000,23,25,0.75,50,2,467,0.02138676267679973,0
covtype_binary_20000,23,25,0.75,51,12,88,16.995228566926745,0
covtype_binary_20000,23,25,0.75,52,42,36,16.816694572471853,0
covtype_binary_20000,23,25,0.75,53,12,436,17.962488623710215,0
covtype_binary_20000,23,25,0.75,54,12,294,17.962488623710215,0
covtype_binary_20000,23,25,0.75,55,4,115,6.750844381248327,0
covtype_binary_20000,23,25,0.75,56,6,188,5.992659366109425,0
covtype_binary_20000,23,25,0.75,57,1,69,17.05136272719542,0
covtype_binary_20000,23,25,0.75,58,4,224,2.3264105063435063,0
covtype_binary_20000,23,25,0.75,59,12,49,11.586459825730604,0
covtype_binary_20000,23,25,0.75,60,19,281,17.962488623710215,0
covtype_binary_20000,23,25,0.75,61,9,197,17.565970277277618,0
covtype_binary_20000,23,25,0.75,62,9,76,17.789050568412076,0
covtype_binary_20000,23,25,0.75,63,8,102,17.478618805764675,0
covtype_binary_20000,23,25,0.75,64,8,278,17.810006641440317,0
covtype_binary_20000,23,25,0.75,65,8,377,17.205991840494256,0
covtype_binary_20000,23,25,0.75,66,18,432,17.962488623710215,0
covtype_binary_20000,23,25,0.75,67,9,426,17.262293601525073,0
covtype_binary_20000,23,25,0.75,68,9,202,17.81380557649701,0
covtype_binary_20000,23,25,0.75,69,7,765,17.89466974140207,0
covtype_binary_20000,23,25,0.75,70,18,74,17.962488623710215,0
covtype_binary_20000,23,25,0.75,71,1,769,0.00019559248773814986,0
covtype_binary_20000,23,25,0.75,72,12,223,16.96647607103418,0
covtype_binary_20000,23,25,0.75,73,7,118,17.640570048334858,0
covtype_binary_20000,23,25,0.75,74,9,396,17.648173536034605,0
covtype_binary_20000,23,25,0.75,75,18,26,17.962488623710215,0
covtype_binary_20000,23,25,0.85,1,4,10,16.735166979646067,0
covtype_binary_20000,23,25,0.85,2,12,565,17.962488623710215,1
covtype_binary_20000,23,25,0.85,3,6,775,17.962488623710215,1
covtype_binary_20000,23,25,0.85,4,43,47,16.599583066455732,0
covtype_binary_20000,23,25,0.85,5,18,353,17.962488623710215,1
covtype_binary_20000,23,25,0.85,6,10,85,14.114637350789467,0
covtype_binary_20000,23,25,0.85,7,7,845,17.962488623710215,1
covtype_binary_20000,23,25,0.85,8,13,308,17.96249326195287,1
covtype_binary_20000,23,25,0.85,9,9,259,17.289569609310643,0
covtype_binary_20000,23,25,0.85,10,1,314,0.011049973506491728,0
covtype_binary_20000,23,25,0.85,11,1,847,0.00030802768570736827,0
covtype_binary_20000,23,25,0.85,12,6,212,11.111479608183211,0
covtype_binary_20000,23,25,0.85,13,9,192,17.804022184128403,0
covtype_binary_20000,23,25,0.85,14,9,77,16.680843301642522,0
covtype_binary_20000,23,25,0.85,15,10,127,6.5910725901438685,0
covtype_binary_20000,23,25,0.85,16,6,427,17.962488623710215,1
covtype_binary_20000,23,25,0.85,17,41,120,9.381472283709542,0
covtype_binary_20000,23,25,0.85,18,6,524,17.962488623710215,1
covtype_binary_20000,23,25,0.85,19,48,655,17.962488623710215,1
covtype_binary_20000,23,25,0.85,20,18,355,17.962488623710215,1
covtype_binary_20000,23,25,0.85,21,1,340,0.031160045972639883,0
covtype_binary_20000,23,25,0.85,22,6,492,17.962488623710215,1
covtype_binary_20000,23,25,0.85,23,12,792,17.962488623710215,1
covtype_binary_20000,23,25,0.85,24,8,48,16.448632054278278,0
covtype_binary_20000,23,25,0.85,25,11,354,17.962488623710215,1
covtype_binary_20000,23,25,0.85,26,31,566,17.962488623710215,1
covtype_binary_20000,23,25,0.85,27,1,464,0.005809547655951319,0
covtype_binary_20000,23,25,0.85,28,9,19,17.888505611255454,0
covtype_binary_20000,23,25,0.85,29,9,53,17.962488623710215,1
covtype_binary_20000,23,25,0.85,30,9,320,16.680977266494814,0
covtype_binary_20000,23,25,0.85,31,11,111,3.966457885515128,0
covtype_binary_20000,23,25,0.85,32,12,669,17.962488623710215,1
covtype_binary_20000,23,25,0.85,33,12,552,17.962488623710215,1
covtype_binary_20000,23,25,0.85,34,9,143,17.12045572891549,0
covtype_binary_20000,23,25,0.85,35,12,533,17.962488623710215,1
covtype_binary_20000,23,25,0.85,36,12,623,17.962488623710215,1
covtype_binary_20000,23,25,0.85,37,11,238,17.806935604112194,0
covtype_binary_20000,23,25,0.85,38,18,476,17.951188637821605,0
covtype_binary_20000,23,25,0.85,39,6,319,17.962488623710215,1
covtype_binary_20000,23,25,0.85,40,6,644,17.962488623710215,1
covtype_binary_20000,23,25,0.85,41,11,52,16.569784705860492,0
covtype_binary_20000,23,25,0.85,42,8,95,12.17456591139074,0
covtype_binary_20000,23,25,0.85,43,20,72,17.962488623710215,1
covtype_binary_20000,23,25,0.85,44,10,42,17.05577699377347,0
covtype_binary_20000,23,25,0.85,45,12,317,17.962488623710215,1
covtype_binary_20000,23,25,0.85,46,6,451,17.962488623710215,1
covtype_binary_20000,23,25,0.85,47,6,528,17.962488623710215,1
covtype_binary_20000,23,25,0.85,48,6,470,17.962488623710215,0
covtype_binary_20000,23,25,0.85,49,9,4,17.829082562624638,0
covtype_binary_20000,23,25,0.85,50,12,393,17.962488623710215,0
covtype_binary_20000,23,25,0.85,51,12,117,16.85526515369253,0
covtype_binary_20000,23,25,0.85,52,5,788,17.962488623710215,0
covtype_binary_20000,23,25,0.85,53,6,489,17.962488623710215,0
covtype_binary_20000,23,25,0.85,54,20,460,17.962488623710215,0
covtype_binary_20000,23,25,0.85,55,1,699,0.0046176020153000374,0
covtype_binary_20000,23,25,0.85,56,9,154,17.234603691213103,0
covtype_binary_20000,23,25,0.85,57,8,162,17.962488623710463,1
covtype_binary_20000,23,25,0.85,58,7,348,17.923351342167535,0
covtype_binary_20000,23,25,0.85,59,9,344,17.18494788440195,0
covtype_binary_20000,23,25,0.85,60,2,467,0.02138676267679973,0
covtype_binary_20000,23,25,0.85,61,12,88,16.995228566926745,0
covtype_binary_20000,23,25,0.85,62,42,36,16.816694572471853,0
covtype_binary_20000,23,25,0.85,63,6,436,17.962488623710215,0
covtype_binary_20000,23,25,0.85,64,6,703,17.87839452497665,0
covtype_binary_20000,23,25,0.85,65,6,717,17.962488623710215,0
covtype_binary_20000,23,25,0.85,66,6,294,17.962488623710215,0
covtype_binary_20000,23,25,0.85,67,3,97,6.3945371243023965,0
covtype_binary_20000,23,25,0.85,68,1,115,6.750844381248327,0
covtype_binary_20000,23,25,0.85,69,6,188,5.992659366109425,0
covtype_binary_20000,23,25,0.85,70,1,69,17.05136272719542,0
covtype_binary_20000,23,25,0.85,71,4,224,2.3264105063435063,0
covtype_binary_20000,23,25,0.85,72,12,49,11.586459825730604,0
covtype_binary_20000,23,25,0.85,73,19,281,17.962488623710215,0
covtype_binary_20000,23,25,0.85,74,9,197,17.565970277277618,0
covtype_binary_20000,23,25,0.85,75,9,76,17.789050568412076,0
covtype_binary_20000,23,25,0.85,76,8,102,17.478618805764675,0
covtype_binary_20000,23,25,0.85,77,8,278,17.810006641440317,0
covtype_binary_20000,23,25,0.85,78,8,377,17.205991840494256,0
covtype_binary_20000,23,25,0.85,79,6,432,17.962488623710215,0
covtype_binary_20000,23,25,0.85,80,12,530,17.962488623710215,0
covtype_binary_20000,23,25,0.85,81,9,426,17.262293601525073,0
covtype_binary_20000,23,25,0.85,82,9,202,17.81380557649701,0
covtype_binary_20000,23,25,0.85,83,7,765,17.89466974140207,0
covtype_binary_20000,23,25,0.85,84,17,74,17.962488623710215,0
covtype_binary_20000,23,25,0.85,85,1,231,2.9754805071109613,0
covtype_binary_20000,23,25,0.85,86,1,769,0.00019559248773814986,0
covtype_binary_20000,23,25,0.85,87,12,223,16.96647607103418,0
covtype_binary_20000,23,25,0.85,88,7,118,17.640570048334858,0
covtype_binary_20000,23,25,0.85,89,9,396,17.648173536034605,0
covtype_binary_20000,23,25,0.85,90,18,26,17.962488623710215,0
covtype_binary_20000,23,25,0.9,1,4,10,16.735166979646067,0
covtype_binary_20000,23,25,0.9,2,12,565,17.962488623710215,1
covtype_binary_20000,23,25,0.9,3,6,775,17.962488623710215,1
covtype_binary_20000,23,25,0.9,4,43,47,16.599583066455732,0
covtype_binary_20000,23,25,0.9,5,6,772,17.962488623710215,1
covtype_binary_20000,23,25,0.9,6,12,353,17.962488623710215,1
covtype_binary_20000,23,25,0.9,7,10,85,14.114637350789467,0
covtype_binary_20000,23,25,0.9,8,7,845,17.962488623710215,1
covtype_binary_20000,23,25,0.9,9,7,57,17.962488623710215,1
covtype_binary_20000,23,25,0.9,10,6,308,17.96249326195287,1
covtype_binary_20000,23,25,0.9,11,9,259,17.289569609310643,0
covtype_binary_20000,23,25,0.9,12,1,314,0.011049973506491728,0
covtype_binary_20000,23,25,0.9,13,1,847,0.00030802768570736827,0
covtype_binary_20000,23,25,0.9,14,6,212,11.111479608183211,0
covtype_binary_20000,23,25,0.9,15,9,192,17.804022184128403,0
covtype_binary_20000,23,25,0.9,16,9,77,16.680843301642522,0
covtype_binary_20000,23,25,0.9,17,10,127,6.5910725901438685,0
covtype_binary_20000,23,25,0.9,18,6,427,17.962488623710215,1
covtype_binary_20000,23,25,0.9,19,41,120,9.381472283709542,0
covtype_binary_20000,23,25,0.9,20,6,524,17.962488623710215,1
covtype_binary_20000,23,25,0.9,21,6,655,17.962488623710215,1
covtype_binary_20000,23,25,0.9,22,42,167,8.650937954115555,0
covtype_binary_20000,23,25,0.9,23,18,355,17.962488623710215,1
covtype_binary_20000,23,25,0.9,24,1,340,0.031160045972639883,0
covtype_binary_20000,23,25,0.9,25,6,492,17.962488623710215,1
covtype_binary_20000,23,25,0.9,26,6,792,17.962488623710215,1
covtype_binary_20000,23,25,0.9,27,6,722,17.91765270989088,0
covtype_binary_20000,23,25,0.9,28,8,48,16.448632054278278,0
covtype_binary_20000,23,25,0.9,29,11,354,17.962488623710215,1
covtype_binary_20000,23,25,0.9,30,31,566,17.962488623710215,1
covtype_binary_20000,23,25,0.9,31,1,464,0.005809547655951319,0
covtype_binary_20000,23,25,0.9,32,9,19,17.888505611255454,0
covtype_binary_20000,23,25,0.9,33,9,53,17.962488623710215,1
covtype_binary_20000,23,25,0.9,34,9,320,16.680977266494814,0
covtype_binary_20000,23,25,0.9,35,11,111,3.966457885515128,0
covtype_binary_20000,23,25,0.9,36,6,812,17.962488623710215,1
covtype_binary_20000,23,25,0.9,37,6,669,17.962488623710215,1
covtype_binary_20000,23,25,0.9,38,6,552,17.962488623710215,1
covtype_binary_20000,23,25,0.9,39,6,861,17.962488623710215,1
covtype_binary_20000,23,25,0.9,40,9,143,17.12045572891549,0
covtype_binary_20000,23,25,0.9,41,6,533,17.962488623710215,1
covtype_binary_20000,23,25,0.9,42,6,262,17.882405865671778,0
covtype_binary_20000,23,25,0.9,43,6,623,17.962488623710215,1
covtype_binary_20000,23,25,0.9,44,6,688,17.962488623710215,1
covtype_binary_20000,23,25,0.9,45,6,629,17.777088896651254,0
covtype_binary_20000,23,25,0.9,46,5,238,17.806935604112194,0
covtype_binary_20000,23,25,0.9,47,6,569,17.631287774305008,0
covtype_binary_20000,23,25,0.9,48,12,476,17.951188637821605,0
covtype_binary_20000,23,25,0.9,49,6,319,17.962488623710215,1
covtype_binary_20000,23,25,0.9,50,6,644,17.962488623710215,0
covtype_binary_20000,23,25,0.9,51,11,52,16.569784705860492,0
covtype_binary_20000,23,25,0.9,52,8,95,12.17456591139074,0
covtype_binary_20000,23,25,0.9,53,20,72,17.962488623710215,0
covtype_binary_20000,23,25,0.9,54,10,42,17.05577699377347,0
covtype_binary_20000,23,25,0.9,55,6,797,17.841645941924288,0
covtype_binary_20000,23,25,0.9,56,6,317,17.962488623710215,0
covtype_binary_20000,23,25,0.9,57,6,451,17.962488623710215,0
covtype_binary_20000,23,25,0.9,58,6,528,17.962488623710215,0
covtype_binary_20000,23,25,0.9,59,6,470,17.962488623710215,0
covtype_binary_20000,23,25,0.9,60,9,4,17.829082562624638,0
covtype_binary_20000,23,25,0.9,61,6,915,17.836839729150704,0
covtype_binary_20000,23,25,0.9,62,6,393,17.962488623710215,0
covtype_binary_20000,23,25,0.9,63,12,117,16.85526515369253,0
covtype_binary_20000,23,25,0.9,64,5,788,17.962488623710215,0
covtype_binary_20000,23,25,0.9,65,6,489,17.962488623710215,0
covtype_binary_20000,23,25,0.9,66,20,460,17.962488623710215,0
covtype_binary_20000,23,25,0.9,67,1,699,0.0046176020153000374,0
covtype_binary_20000,23,25,0.9,68,9,154,17.234603691213103,0
covtype_binary_20000,23,25,0.9,69,8,162,17.962488623710463,1
covtype_binary_20000,23,25,0.9,70,7,348,17.923351342167535,0
covtype_binary_20000,23,25,0.9,71,9,344,17.18494788440195,0
covtype_binary_20000,23,25,0.9,72,2,467,0.02138676267679973,0
covtype_binary_20000,23,25,0.9,73,12,88,16.995228566926745,0
covtype_binary_20000,23,25,0.9,74,42,36,16.816694572471853,0
covtype_binary_20000,23,25,0.9,75,6,436,17.962488623710215,0
covtype_binary_20000,23,25,0.9,76,6,703,17.87839452497665,0
covtype_binary_20000,23,25,0.9,77,6,717,17.962488623710215,0
covtype_binary_20000,23,25,0.9,78,6,294,17.962488623710215,0
covtype_binary_20000,23,25,0.9,79,3,97,6.3945371243023965,0
covtype_binary_20000,23,25,0.9,80,1,115,6.750844381248327,0
covtype_binary_20000,23,25,0.9,81,6,188,5.992659366109425,0
covtype_binary_20000,23,25,0.9,82,1,69,17.05136272719542,0
covtype_binary_20000,23,25,0.9,83,4,224,2.3264105063435063,0
covtype_binary_20000,23,25,0.9,84,12,49,11.586459825730604,0
covtype_binary_20000,23,25,0.9,85,19,281,17.962488623710215,0
covtype_binary_20000,23,25,0.9,86,9,197,17.565970277277618,0
covtype_binary_20000,23,25,0.9,87,9,76,17.789050568412076,0
covtype_binary_20000,23,25,0.9,88,8,102,17.478618805764675,0
covtype_binary_20000,23,25,0.9,89,8,278,17.810006641440317,0
covtype_binary_20000,23,25,0.9,90,8,377,17.205991840494256,0
covtype_binary_20000,23,25,0.9,91,6,432,17.962488623710215,0
covtype_binary_20000,23,25,0.9,92,12,530,17.962488623710215,0
covtype_binary_20000,23,25,0.9,93,9,426,17.262293601525073,0
covtype_binary_20000,23,25,0.9,94,9,202,17.81380557649701,0
covtype_binary_20000,23,25,0.9,95,7,765,17.89466974140207,0
covtype_binary_20000,23,25,0.9,96,17,74,17.962488623710215,0
covtype_binary_20000,23,25,0.9,97,1,231,2.9754805071109613,0
covtype_binary_20000,23,25,0.9,98,1,769,0.00019559248773814986,0
covtype_binary_20000,23,25,0.9,99,12,223,16.96647607103418,0
covtype_binary_20000,23,25,0.9,100,7,118,17.640570048334858,0
covtype_binary_20000,23,25,0.9,101,9,396,17.648173536034605,0
covtype_binary_20000,23,25,0.9,102,9,240,16.27002156770226,0
covtype_binary_20000,23,25,0.9,103,9,26,17.962488623710215,0
covtype_binary_20000,23,50,0.75,1,4,10,16.735166979646067,0
covtype_binary_20000,23,50,0.75,2,18,565,17.962488623710215,1
covtype_binary_20000,23,50,0.75,3,43,47,16.599583066455732,0
covtype_binary_20000,23,50,0.75,4,18,353,17.962488623710215,1
covtype_binary_20000,23,50,0.75,5,10,85,14.114637350789467,0
covtype_binary_20000,23,50,0.75,6,7,845,17.962488623710215,1
covtype_binary_20000,23,50,0.75,7,13,308,17.96249326195287,1
covtype_binary_20000,23,50,0.75,8,9,259,17.289569609310643,1
covtype_binary_20000,23,50,0.75,9,2,314,0.011049973506491728,0
covtype_binary_20000,23,50,0.75,10,6,212,11.111479608183211,0
covtype_binary_20000,23,50,0.75,11,18,192,17.804022184128403,1
covtype_binary_20000,23,50,0.75,12,10,127,6.5910725901438685,0
covtype_binary_20000,23,50,0.75,13,6,427,17.962488623710215,1
covtype_binary_20000,23,50,0.75,14,41,120,9.381472283709542,0
covtype_binary_20000,23,50,0.75,15,6,524,17.962488623710215,1
covtype_binary_20000,23,50,0.75,16,48,655,17.962488623710215,1
covtype_binary_20000,23,50,0.75,17,19,355,17.962488623710215,1
covtype_binary_20000,23,50,0.75,18,18,492,17.962488623710215,1
covtype_binary_20000,23,50,0.75,19,8,48,16.448632054278278,0
covtype_binary_20000,23,50,0.75,20,11,354,17.962488623710215,1
covtype_binary_20000,23,50,0.75,21,31,566,17.962488623710215,1
covtype_binary_20000,23,50,0.75,22,1,464,0.005809547655951319,0
covtype_binary_20000,23,50,0.75,23,9,19,17.888505611255454,1
covtype_binary_20000,23,50,0.75,24,18,53,17.962488623710215,1
covtype_binary_20000,23,50,0.75,25,11,111,3.966457885515128,0
covtype_binary_20000,23,50,0.75,26,12,669,17.962488623710215,1
covtype_binary_20000,23,50,0.75,27,12,552,17.962488623710215,1
covtype_binary_20000,23,50,0.75,28,9,143,17.12045572891549,0
covtype_binary_20000,23,50,0.75,29,12,533,17.962488623710215,1
covtype_binary_20000,23,50,0.75,30,12,623,17.962488623710215,1
covtype_binary_20000,23,50,0.75,31,11,238,17.806935604112194,1
covtype_binary_20000,23,50,0.75,32,18,476,17.951188637821605,1
covtype_binary_20000,23,50,0.75,33,6,319,17.962488623710215,1
covtype_binary_20000,23,50,0.75,34,6,644,17.962488623710215,1
covtype_binary_20000,23,50,0.75,35,11,52,16.569784705860492,0
covtype_binary_20000,23,50,0.75,36,8,95,12.17456591139074,0
covtype_binary_20000,23,50,0.75,37,20,72,17.962488623710215,1
covtype_binary_20000,23,50,0.75,38,10,42,17.05577699377347,0
covtype_binary_20000,23,50,0.75,39,12,317,17.962488623710215,1
covtype_binary_20000,23,50,0.75,40,12,451,17.962488623710215,1
covtype_binary_20000,23,50,0.75,41,6,470,17.962488623710215,1
covtype_binary_20000,23,50,0.75,42,21,393,17.962488623710215,1
covtype_binary_20000,23,50,0.75,43,12,117,16.85526515369253,0
covtype_binary_20000,23,50,0.75,44,11,489,17.962488623710215,1
covtype_binary_20000,23,50,0.75,45,21,460,17.962488623710215,1
covtype_binary_20000,23,50,0.75,46,9,154,17.234603691213103,1
covtype_binary_20000,23,50,0.75,47,8,162,17.962488623710463,1
covtype_binary_20000,23,50,0.75,48,7,348,17.923351342167535,1
covtype_binary_20000,23,50,0.75,49,9,344,17.18494788440195,1
covtype_binary_20000,23,50,0.75,50,2,467,0.02138676267679973,0
covtype_binary_20000,23,50,0.75,51,12,88,16.995228566926745,0
covtype_binary_20000,23,50,0.75,52,42,36,16.816694572471853,0
covtype_binary_20000,23,50,0.75,53,12,436,17.962488623710215,1
covtype_binary_20000,23,50,0.75,54,12,294,17.962488623710215,1
covtype_binary_20000,23,50,0.75,55,4,115,6.750844381248327,0
covtype_binary_20000,23,50,0.75,56,6,188,5.992659366109425,0
covtype_binary_20000,23,50,0.75,57,1,69,17.05136272719542,0
covtype_binary_20000,23,50,0.75,58,4,224,2.3264105063435063,0
covtype_binary_20000,23,50,0.75,59,12,49,11.586459825730604,0
covtype_binary_20000,23,50,0.75,60,19,281,17.962488623710215,1
covtype_binary_20000,23,50,0.75,61,9,197,17.565970277277618,1
covtype_binary_20000,23,50,0.75,62,9,76,17.789050568412076,1
covtype_binary_20000,23,50,0.75,63,8,102,17.478618805764675,1
covtype_binary_20000,23,50,0.75,64,8,278,17.810006641440317,1
covtype_binary_20000,23,50,0.75,65,8,377,17.205991840494256,1
covtype_binary_20000,23,50,0.75,66,18,432,17.962488623710215,1
covtype_binary_20000,23,50,0.75,67,9,426,17.262293601525073,1
covtype_binary_20000,23,50,0.75,68,9,202,17.81380557649701,1
covtype_binary_20000,23,50,0.75,69,7,765,17.89466974140207,1
covtype_binary_20000,23,50,0.75,70,18,74,17.962488623710215,1
covtype_binary_20000,23,50,0.75,71,1,769,0.00019559248773814986,0
covtype_binary_20000,23,50,0.75,72,12,223,16.96647607103418,0
covtype_binary_20000,23,50,0.75,73,7,118,17.640570048334858,1
covtype_binary_20000,23,50,0.75,74,9,396,17.648173536034605,1
covtype_binary_20000,23,50,0.75,75,18,26,17.962488623710215,1
covtype_binary_20000,23,50,0.85,1,4,10,16.735166979646067,0
covtype_binary_20000,23,50,0.85,2,12,565,17.962488623710215,1
covtype_binary_20000,23,50,0.85,3,6,775,17.962488623710215,1
covtype_binary_20000,23,50,0.85,4,43,47,16.599583066455732,0
covtype_binary_20000,23,50,0.85,5,18,353,17.962488623710215,1
covtype_binary_20000,23,50,0.85,6,10,85,14.114637350789467,0
covtype_binary_20000,23,50,0.85,7,7,845,17.962488623710215,1
covtype_binary_20000,23,50,0.85,8,13,308,17.96249326195287,1
covtype_binary_20000,23,50,0.85,9,9,259,17.289569609310643,0
covtype_binary_20000,23,50,0.85,10,1,314,0.011049973506491728,0
covtype_binary_20000,23,50,0.85,11,1,847,0.00030802768570736827,0
covtype_binary_20000,23,50,0.85,12,6,212,11.111479608183211,0
covtype_binary_20000,23,50,0.85,13,9,192,17.804022184128403,1
covtype_binary_20000,23,50,0.85,14,9,77,16.680843301642522,0
covtype_binary_20000,23,50,0.85,15,10,127,6.5910725901438685,0
covtype_binary_20000,23,50,0.85,16,6,427,17.962488623710215,1
covtype_binary_20000,23,50,0.85,17,41,120,9.381472283709542,0
covtype_binary_20000,23,50,0.85,18,6,524,17.962488623710215,1
covtype_binary_20000,23,50,0.85,19,48,655,17.962488623710215,1
covtype_binary_20000,23,50,0.85,20,18,355,17.962488623710215,1
covtype_binary_20000,23,50,0.85,21,1,340,0.031160045972639883,0
covtype_binary_20000,23,50,0.85,22,6,492,17.962488623710215,1
covtype_binary_20000,23,50,0.85,23,12,792,17.962488623710215,1
covtype_binary_20000,23,50,0.85,24,8,48,16.448632054278278,0
covtype_binary_20000,23,50,0.85,25,11,354,17.962488623710215,1
covtype_binary_20000,23,50,0.85,26,31,566,17.962488623710215,1
covtype_binary_20000,23,50,0.85,27,1,464,0.005809547655951319,0
covtype_binary_20000,23,50,0.85,28,9,19,17.888505611255454,1
covtype_binary_20000,23,50,0.85,29,9,53,17.962488623710215,1
covtype_binary_20000,23,50,0.85,30,9,320,16.680977266494814,0
covtype_binary_20000,23,50,0.85,31,11,111,3.966457885515128,0
covtype_binary_20000,23,50,0.85,32,12,669,17.962488623710215,1
covtype_binary_20000,23,50,0.85,33,12,552,17.962488623710215,1
covtype_binary_20000,23,50,0.85,34,9,143,17.12045572891549,0
covtype_binary_20000,23,50,0.85,35,12,533,17.962488623710215,1
covtype_binary_20000,23,50,0.85,36,12,623,17.962488623710215,1
covtype_binary_20000,23,50,0.85,37,11,238,17.806935604112194,1
covtype_binary_20000,23,50,0.85,38,18,476,17.951188637821605,1
covtype_binary_20000,23,50,0.85,39,6,319,17.962488623710215,1
covtype_binary_20000,23,50,0.85,40,6,644,17.962488623710215,1
covtype_binary_20000,23,50,0.85,41,11,52,16.569784705860492,0
covtype_binary_20000,23,50,0.85,42,8,95,12.17456591139074,0
covtype_binary_20000,23,50,0.85,43,20,72,17.962488623710215,1
covtype_binary_20000,23,50,0.85,44,10,42,17.05577699377347,0
covtype_binary_20000,23,50,0.85,45,12,317,17.962488623710215,1
covtype_binary_20000,23,50,0.85,46,6,451,17.962488623710215,1
covtype_binary_20000,23,50,0.85,47,6,528,17.962488623710215,1
covtype_binary_20000,23,50,0.85,48,6,470,17.962488623710215,1
covtype_binary_20000,23,50,0.85,49,9,4,17.829082562624638,1
covtype_binary_20000,23,50,0.85,50,12,393,17.962488623710215,1
covtype_binary_20000,23,50,0.85,51,12,117,16.85526515369253,0
covtype_binary_20000,23,50,0.85,52,5,788,17.962488623710215,1
covtype_binary_20000,23,50,0.85,53,6,489,17.962488623710215,1
covtype_binary_20000,23,50,0.85,54,20,460,17.962488623710215,1
covtype_binary_20000,23,50,0.85,55,1,699,0.0046176020153000374,0
covtype_binary_20000,23,50,0.85,56,9,154,17.234603691213103,0
covtype_binary_20000,23,50,0.85,57,8,162,17.962488623710463,1
covtype_binary_20000,23,50,0.85,58,7,348,17.923351342167535,1
covtype_binary_20000,23,50,0.85,59,9,344,17.18494788440195,0
covtype_binary_20000,23,50,0.85,60,2,467,0.02138676267679973,0
covtype_binary_20000,23,50,0.85,61,12,88,16.995228566926745,0
covtype_binary_20000,23,50,0.85,62,42,36,16.816694572471853,0
covtype_binary_20000,23,50,0.85,63,6,436,17.962488623710215,1
covtype_binary_20000,23,50,0.85,64,6,703,17.87839452497665,1
covtype_binary_20000,23,50,0.85,65,6,717,17.962488623710215,1
covtype_binary_20000,23,50,0.85,66,6,294,17.962488623710215,1
covtype_binary_20000,23,50,0.85,67,3,97,6.3945371243023965,0
covtype_binary_20000,23,50,0.85,68,1,115,6.750844381248327,0
covtype_binary_20000,23,50,0.85,69,6,188,5.992659366109425,0
covtype_binary_20000,23,50,0.85,70,1,69,17.05136272719542,0
covtype_binary_20000,23,50,0.85,71,4,224,2.3264105063435063,0
covtype_binary_20000,23,50,0.85,72,12,49,11.586459825730604,0
covtype_binary_20000,23,50,0.85,73,19,281,17.962488623710215,1
covtype_binary_20000,23,50,0.85,74,9,197,17.565970277277618,0
covtype_binary_20000,23,50,0.85,75,9,76,17.789050568412076,1
covtype_binary_20000,23,50,0.85,76,8,102,17.478618805764675,0
covtype_binary_20000,23,50,0.85,77,8,278,17.810006641440317,1
covtype_binary_20000,23,50,0.85,78,8,377,17.205991840494256,0
covtype_binary_20000,23,50,0.85,79,6,432,17.962488623710215,1
covtype_binary_20000,23,50,0.85,80,12,530,17.962488623710215,1
covtype_binary_20000,23,50,0.85,81,9,426,17.262293601525073,0
covtype_binary_20000,23,50,0.85,82,9,202,17.81380557649701,1
covtype_binary_20000,23,50,0.85,83,7,765,17.89466974140207,1
covtype_binary_20000,23,50,0.85,84,17,74,17.962488623710215,1
covtype_binary_20000,23,50,0.85,85,1,231,2.9754805071109613,0
covtype_binary_20000,23,50,0.85,86,1,769,0.00019559248773814986,0
covtype_binary_20000,23,50,0.85,87,12,223,16.96647607103418,0
covtype_binary_20000,23,50,0.85,88,7,118,17.640570048334858,0
covtype_binary_20000,23,50,0.85,89,9,396,17.648173536034605,1
covtype_binary_20000,23,50,0.85,90,18,26,17.962488623710215,1
covtype_binary_20000,23,50,0.9,1,4,10,16.735166979646067,0
covtype_binary_20000,23,50,0.9,2,12,565,17.962488623710215,1
covtype_binary_20000,23,50,0.9,3,6,775,17.962488623710215,1
covtype_binary_20000,23,50,0.9,4,43,47,16.599583066455732,0
covtype_binary_20000,23,50,0.9,5,6,772,17.962488623710215,1
covtype_binary_20000,23,50,0.9,6,12,353,17.962488623710215,1
covtype_binary_20000,23,50,0.9,7,10,85,14.114637350789467,0
covtype_binary_20000,23,50,0.9,8,7,845,17.962488623710215,1
covtype_binary_20000,23,50,0.9,9,7,57,17.962488623710215,1
covtype_binary_20000,23,50,0.9,10,6,308,17.96249326195287,1
covtype_binary_20000,23,50,0.9,11,9,259,17.289569609310643,0
covtype_binary_20000,23,50,0.9,12,1,314,0.011049973506491728,0
covtype_binary_20000,23,50,0.9,13,1,847,0.00030802768570736827,0
covtype_binary_20000,23,50,0.9,14,6,212,11.111479608183211,0
covtype_binary_20000,23,50,0.9,15,9,192,17.804022184128403,0
covtype_binary_20000,23,50,0.9,16,9,77,16.680843301642522,0
covtype_binary_20000,23,50,0.9,17,10,127,6.5910725901438685,0
covtype_binary_20000,23,50,0.9,18,6,427,17.962488623710215,1
covtype_binary_20000,23,50,0.9,19,41,120,9.381472283709542,0
covtype_binary_20000,23,50,0.9,20,6,524,17.962488623710215,1
covtype_binary_20000,23,50,0.9,21,6,655,17.962488623710215,1
covtype_binary_20000,23,50,0.9,22,42,167,8.650937954115555,0
covtype_binary_20000,23,50,0.9,23,18,355,17.962488623710215,1
covtype_binary_20000,23,50,0.9,24,1,340,0.031160045972639883,0
covtype_binary_20000,23,50,0.9,25,6,492,17.962488623710215,1
covtype_binary_20000,23,50,0.9,26,6,792,17.962488623710215,1
covtype_binary_20000,23,50,0.9,27,6,722,17.91765270989088,1
covtype_binary_20000,23,50,0.9,28,8,48,16.448632054278278,0
covtype_binary_20000,23,50,0.9,29,11,354,17.962488623710215,1
covtype_binary_20000,23,50,0.9,30,31,566,17.962488623710215,1
covtype_binary_20000,23,50,0.9,31,1,464,0.005809547655951319,0
covtype_binary_20000,23,50,0.9,32,9,19,17.888505611255454,1
covtype_binary_20000,23,50,0.9,33,9,53,17.962488623710215,1
covtype_binary_20000,23,50,0.9,34,9,320,16.680977266494814,0
covtype_binary_20000,23,50,0.9,35,11,111,3.966457885515128,0
covtype_binary_20000,23,50,0.9,36,6,812,17.962488623710215,1
covtype_binary_20000,23,50,0.9,37,6,669,17.962488623710215,1
covtype_binary_20000,23,50,0.9,38,6,552,17.962488623710215,1
covtype_binary_20000,23,50,0.9,39,6,861,17.962488623710215,1
covtype_binary_20000,23,50,0.9,40,9,143,17.12045572891549,0
covtype_binary_20000,23,50,0.9,41,6,533,17.962488623710215,1
covtype_binary_20000,23,50,0.9,42,6,262,17.882405865671778,1
covtype_binary_20000,23,50,0.9,43,6,623,17.962488623710215,1
covtype_binary_20000,23,50,0.9,44,6,688,17.962488623710215,1
covtype_binary_20000,23,50,0.9,45,6,629,17.777088896651254,0
covtype_binary_20000,23,50,0.9,46,5,238,17.806935604112194,0
covtype_binary_20000,23,50,0.9,47,6,569,17.631287774305008,0
covtype_binary_20000,23,50,0.9,48,12,476,17.951188637821605,1
covtype_binary_20000,23,50,0.9,49,6,319,17.962488623710215,1
covtype_binary_20000,23,50,0.9,50,6,644,17.962488623710215,1
covtype_binary_20000,23,50,0.9,51,11,52,16.569784705860492,0
covtype_binary_20000,23,50,0.9,52,8,95,12.17456591139074,0
covtype_binary_20000,23,50,0.9,53,20,72,17.962488623710215,1
covtype_binary_20000,23,50,0.9,54,10,42,17.05577699377347,0
covtype_binary_20000,23,50,0.9,55,6,797,17.841645941924288,0
covtype_binary_20000,23,50,0.9,56,6,317,17.962488623710215,1
covtype_binary_20000,23,50,0.9,57,6,451,17.962488623710215,1
covtype_binary_20000,23,50,0.9,58,6,528,17.962488623710215,1
covtype_binary_20000,23,50,0.9,59,6,470,17.962488623710215,1
covtype_binary_20000,23,50,0.9,60,9,4,17.829082562624638,0
covtype_binary_20000,23,50,0.9,61,6,915,17.836839729150704,0
covtype_binary_20000,23,50,0.9,62,6,393,17.962488623710215,1
covtype_binary_20000,23,50,0.9,63,12,117,16.85526515369253,0
covtype_binary_20000,23,50,0.9,64,5,788,17.962488623710215,1
covtype_binary_20000,23,50,0.9,65,6,489,17.962488623710215,1
covtype_binary_20000,23,50,0.9,66,20,460,17.962488623710215,1
covtype_binary_20000,23,50,0.9,67,1,699,0.0046176020153000374,0
covtype_binary_20000,23,50,0.9,68,9,154,17.234603691213103,0
covtype_binary_20000,23,50,0.9,69,8,162,17.962488623710463,1
covtype_binary_20000,23,50,0.9,70,7,348,17.923351342167535,1
covtype_binary_20000,23,50,0.9,71,9,344,17.18494788440195,0
covtype_binary_20000,23,50,0.9,72,2,467,0.02138676267679973,0
covtype_binary_20000,23,50,0.9,73,12,88,16.995228566926745,0
covtype_binary_20000,23,50,0.9,74,42,36,16.816694572471853,0
covtype_binary_20000,23,50,0.9,75,6,436,17.962488623710215,1
covtype_binary_20000,23,50,0.9,76,6,703,17.87839452497665,1
covtype_binary_20000,23,50,0.9,77,6,717,17.962488623710215,1
covtype_binary_20000,23,50,0.9,78,6,294,17.962488623710215,1
covtype_binary_20000,23,50,0.9,79,3,97,6.3945371243023965,0
covtype_binary_20000,23,50,0.9,80,1,115,6.750844381248327,0
covtype_binary_20000,23,50,0.9,81,6,188,5.992659366109425,0
covtype_binary_20000,23,50,0.9,82,1,69,17.05136272719542,0
covtype_binary_20000,23,50,0.9,83,4,224,2.3264105063435063,0
covtype_binary_20000,23,50,0.9,84,12,49,11.586459825730604,0
covtype_binary_20000,23,50,0.9,85,19,281,17.962488623710215,1
covtype_binary_20000,23,50,0.9,86,9,197,17.565970277277618,0
covtype_binary_20000,23,50,0.9,87,9,76,17.789050568412076,0
covtype_binary_20000,23,50,0.9,88,8,102,17.478618805764675,0
covtype_binary_20000,23,50,0.9,89,8,278,17.810006641440317,0
covtype_binary_20000,23,50,0.9,90,8,377,17.205991840494256,0
covtype_binary_20000,23,50,0.9,91,6,432,17.962488623710215,1
covtype_binary_20000,23,50,0.9,92,12,530,17.962488623710215,1
covtype_binary_20000,23,50,0.9,93,9,426,17.262293601525073,0
covtype_binary_20000,23,50,0.9,94,9,202,17.81380557649701,0
covtype_binary_20000,23,50,0.9,95,7,765,17.89466974140207,1
covtype_binary_20000,23,50,0.9,96,17,74,17.962488623710215,1
covtype_binary_20000,23,50,0.9,97,1,231,2.9754805071109613,0
covtype_binary_20000,23,50,0.9,98,1,769,0.00019559248773814986,0
covtype_binary_20000,23,50,0.9,99,12,223,16.96647607103418,0
covtype_binary_20000,23,50,0.9,100,7,118,17.640570048334858,0
covtype_binary_20000,23,50,0.9,101,9,396,17.648173536034605,0
covtype_binary_20000,23,50,0.9,102,9,240,16.27002156770226,0
covtype_binary_20000,23,50,0.9,103,9,26,17.962488623710215,1
covtype_binary_20000,23,100,0.75,1,4,10,16.735166979646067,1
covtype_binary_20000,23,100,0.75,2,18,565,17.962488623710215,1
covtype_binary_20000,23,100,0.75,3,43,47,16.599583066455732,1
covtype_binary_20000,23,100,0.75,4,18,353,17.962488623710215,1
covtype_binary_20000,23,100,0.75,5,10,85,14.114637350789467,1
covtype_binary_20000,23,100,0.75,6,7,845,17.962488623710215,1
covtype_binary_20000,23,100,0.75,7,13,308,17.96249326195287,1
covtype_binary_20000,23,100,0.75,8,9,259,17.289569609310643,1
covtype_binary_20000,23,100,0.75,9,2,314,0.011049973506491728,1
covtype_binary_20000,23,100,0.75,10,6,212,11.111479608183211,1
covtype_binary_20000,23,100,0.75,11,18,192,17.804022184128403,1
covtype_binary_20000,23,100,0.75,12,10,127,6.5910725901438685,1
covtype_binary_20000,23,100,0.75,13,6,427,17.962488623710215,1
covtype_binary_20000,23,100,0.75,14,41,120,9.381472283709542,1
covtype_binary_20000,23,100,0.75,15,6,524,17.962488623710215,1
covtype_binary_20000,23,100,0.75,16,48,655,17.962488623710215,1
covtype_binary_20000,23,100,0.75,17,19,355,17.962488623710215,1
covtype_binary_20000,23,100,0.75,18,18,492,17.962488623710215,1
covtype_binary_20000,23,100,0.75,19,8,48,16.448632054278278,1
covtype_binary_20000,23,100,0.75,20,11,354,17.962488623710215,1
covtype_binary_20000,23,100,0.75,21,31,566,17.962488623710215,1
covtype_binary_20000,23,100,0.75,22,1,464,0.005809547655951319,1
covtype_binary_20000,23,100,0.75,23,9,19,17.888505611255454,1
covtype_binary_20000,23,100,0.75,24,18,53,17.962488623710215,1
covtype_binary_20000,23,100,0.75,25,11,111,3.966457885515128,1
covtype_binary_20000,23,100,0.75,26,12,669,17.962488623710215,1
covtype_binary_20000,23,100,0.75,27,12,552,17.962488623710215,1
covtype_binary_20000,23,100,0.75,28,9,143,17.12045572891549,1
covtype_binary_20000,23,100,0.75,29,12,533,17.962488623710215,1
covtype_binary_20000,23,100,0.75,30,12,623,17.962488623710215,1
covtype_binary_20000,23,100,0.75,31,11,238,17.806935604112194,1
covtype_binary_20000,23,100,0.75,32,18,476,17.951188637821605,1
covtype_binary_20000,23,100,0.75,33,6,319,17.962488623710215,1
covtype_binary_20000,23,100,0.75,34,6,644,17.962488623710215,1
covtype_binary_20000,23,100,0.75,35,11,52,16.569784705860492,1
covtype_binary_20000,23,100,0.75,36,8,95,12.17456591139074,1
covtype_binary_20000,23,100,0.75,37,20,72,17.962488623710215,1
covtype_binary_20000,23,100,0.75,38,10,42,17.05577699377347,1
covtype_binary_20000,23,100,0.75,39,12,317,17.962488623710215,1
covtype_binary_20000,23,100,0.75,40,12,451,17.962488623710215,1
covtype_binary_20000,23,100,0.75,41,6,470,17.962488623710215,1
covtype_binary_20000,23,100,0.75,42,21,393,17.962488623710215,1
covtype_binary_20000,23,100,0.75,43,12,117,16.85526515369253,1
covtype_binary_20000,23,100,0.75,44,11,489,17.962488623710215,1
covtype_binary_20000,23,100,0.75,45,21,460,17.962488623710215,1
covtype_binary_20000,23,100,0.75,46,9,154,17.234603691213103,1
covtype_binary_20000,23,100,0.75,47,8,162,17.962488623710463,1
covtype_binary_20000,23,100,0.75,48,7,348,17.923351342167535,1
covtype_binary_20000,23,100,0.75,49,9,344,17.18494788440195,1
covtype_binary_20000,23,100,0.75,50,2,467,0.02138676267679973,1
covtype_binary_20000,23,100,0.75,51,12,88,16.995228566926745,1
covtype_binary_20000,23,100,0.75,52,42,36,16.816694572471853,1
covtype_binary_20000,23,100,0.75,53,12,436,17.962488623710215,1
covtype_binary_20000,23,100,0.75,54,12,294,17.962488623710215,1
covtype_binary_20000,23,100,0.75,55,4,115,6.750844381248327,1
covtype_binary_20000,23,100,0.75,56,6,188,5.992659366109425,1
covtype_binary_20000,23,100,0.75,57,1,69,17.05136272719542,1
covtype_binary_20000,23,100,0.75,58,4,224,2.3264105063435063,1
covtype_binary_20000,23,100,0.75,59,12,49,11.586459825730604,1
covtype_binary_20000,23,100,0.75,60,19,281,17.962488623710215,1
covtype_binary_20000,23,100,0.75,61,9,197,17.565970277277618,1
covtype_binary_20000,23,100,0.75,62,9,76,17.789050568412076,1
covtype_binary_20000,23,100,0.75,63,8,102,17.478618805764675,1
covtype_binary_20000,23,100,0.75,64,8,278,17.810006641440317,1
covtype_binary_20000,23,100,0.75,65,8,377,17.205991840494256,1
covtype_binary_20000,23,100,0.75,66,18,432,17.962488623710215,1
covtype_binary_20000,23,100,0.75,67,9,426,17.262293601525073,1
covtype_binary_20000,23,100,0.75,68,9,202,17.81380557649701,1
covtype_binary_20000,23,100,0.75,69,7,765,17.89466974140207,1
covtype_binary_20000,23,100,0.75,70,18,74,17.962488623710215,1
covtype_binary_20000,23,100,0.75,71,1,769,0.00019559248773814986,1
covtype_binary_20000,23,100,0.75,72,12,223,16.96647607103418,1
covtype_binary_20000,23,100,0.75,73,7,118,17.640570048334858,1
covtype_binary_20000,23,100,0.75,74,9,396,17.648173536034605,1
covtype_binary_20000,23,100,0.75,75,18,26,17.962488623710215,1
covtype_binary_20000,23,100,0.85,1,4,10,16.735166979646067,1
covtype_binary_20000,23,100,0.85,2,12,565,17.962488623710215,1
covtype_binary_20000,23,100,0.85,3,6,775,17.962488623710215,1
covtype_binary_20000,23,100,0.85,4,43,47,16.599583066455732,1
covtype_binary_20000,23,100,0.85,5,18,353,17.962488623710215,1
covtype_binary_20000,23,100,0.85,6,10,85,14.114637350789467,1
covtype_binary_20000,23,100,0.85,7,7,845,17.962488623710215,1
covtype_binary_20000,23,100,0.85,8,13,308,17.96249326195287,1
covtype_binary_20000,23,100,0.85,9,9,259,17.289569609310643,1
covtype_binary_20000,23,100,0.85,10,1,314,0.011049973506491728,1
covtype_binary_20000,23,100,0.85,11,1,847,0.00030802768570736827,1
covtype_binary_20000,23,100,0.85,12,6,212,11.111479608183211,1
covtype_binary_20000,23,100,0.85,13,9,192,17.804022184128403,1
covtype_binary_20000,23,100,0.85,14,9,77,16.680843301642522,1
covtype_binary_20000,23,100,0.85,15,10,127,6.5910725901438685,1
covtype_binary_20000,23,100,0.85,16,6,427,17.962488623710215,1
covtype_binary_20000,23,100,0.85,17,41,120,9.381472283709542,1
covtype_binary_20000,23,100,0.85,18,6,524,17.962488623710215,1
covtype_binary_20000,23,100,0.85,19,48,655,17.962488623710215,1
covtype_binary_20000,23,100,0.85,20,18,355,17.962488623710215,1
covtype_binary_20000,23,100,0.85,21,1,340,0.031160045972639883,1
covtype_binary_20000,23,100,0.85,22,6,492,17.962488623710215,1
covtype_binary_20000,23,100,0.85,23,12,792,17.962488623710215,1
covtype_binary_20000,23,100,0.85,24,8,48,16.448632054278278,1
covtype_binary_20000,23,100,0.85,25,11,354,17.962488623710215,1
covtype_binary_20000,23,100,0.85,26,31,566,17.962488623710215,1
covtype_binary_20000,23,100,0.85,27,1,464,0.005809547655951319,1
covtype_binary_20000,23,100,0.85,28,9,19,17.888505611255454,1
covtype_binary_20000,23,100,0.85,29,9,53,17.962488623710215,1
covtype_binary_20000,23,100,0.85,30,9,320,16.680977266494814,1
covtype_binary_20000,23,100,0.85,31,11,111,3.966457885515128,1
covtype_binary_20000,23,100,0.85,32,12,669,17.962488623710215,1
covtype_binary_20000,23,100,0.85,33,12,552,17.962488623710215,1
covtype_binary_20000,23,100,0.85,34,9,143,17.12045572891549,1
covtype_binary_20000,23,100,0.85,35,12,533,17.962488623710215,1
covtype_binary_20000,23,100,0.85,36,12,623,17.962488623710215,1
covtype_binary_20000,23,100,0.85,37,11,238,17.806935604112194,1
covtype_binary_20000,23,100,0.85,38,18,476,17.951188637821605,1
covtype_binary_20000,23,100,0.85,39,6,319,17.962488623710215,1
covtype_binary_20000,23,100,0.85,40,6,644,17.962488623710215,1
covtype_binary_20000,23,100,0.85,41,11,52,16.569784705860492,1
covtype_binary_20000,23,100,0.85,42,8,95,12.17456591139074,1
covtype_binary_20000,23,100,0.85,43,20,72,17.962488623710215,1
covtype_binary_20000,23,100,0.85,44,10,42,17.05577699377347,1
covtype_binary_20000,23,100,0.85,45,12,317,17.962488623710215,1
covtype_binary_20000,23,100,0.85,46,6,451,17.962488623710215,1
covtype_binary_20000,23,100,0.85,47,6,528,17.962488623710215,1
covtype_binary_20000,23,100,0.85,48,6,470,17.962488623710215,1
covtype_binary_20000,23,100,0.85,49,9,4,17.829082562624638,1
covtype_binary_20000,23,100,0.85,50,12,393,17.962488623710215,1
covtype_binary_20000,23,100,0.85,51,12,117,16.85526515369253,1
covtype_binary_20000,23,100,0.85,52,5,788,17.962488623710215,1
covtype_binary_20000,23,100,0.85,53,6,489,17.962488623710215,1
covtype_binary_20000,23,100,0.85,54,20,460,17.962488623710215,1
covtype_binary_20000,23,100,0.85,55,1,699,0.0046176020153000374,1
covtype_binary_20000,23,100,0.85,56,9,154,17.234603691213103,1
covtype_binary_20000,23,100,0.85,57,8,162,17.962488623710463,1
covtype_binary_20000,23,100,0.85,58,7,348,17.923351342167535,1
covtype_binary_20000,23,100,0.85,59,9,344,17.18494788440195,1
covtype_binary_20000,23,100,0.85,60,2,467,0.02138676267679973,1
covtype_binary_20000,23,100,0.85,61,12,88,16.995228566926745,1
covtype_binary_20000,23,100,0.85,62,42,36,16.816694572471853,1
covtype_binary_20000,23,100,0.85,63,6,436,17.962488623710215,1
covtype_binary_20000,23,100,0.85,64,6,703,17.87839452497665,1
covtype_binary_20000,23,100,0.85,65,6,717,17.962488623710215,1
covtype_binary_20000,23,100,0.85,66,6,294,17.962488623710215,1
covtype_binary_20000,23,100,0.85,67,3,97,6.3945371243023965,1
covtype_binary_20000,23,100,0.85,68,1,115,6.750844381248327,1
covtype_binary_20000,23,100,0.85,69,6,188,5.992659366109425,1
covtype_binary_20000,23,100,0.85,70,1,69,17.05136272719542,1
covtype_binary_20000,23,100,0.85,71,4,224,2.3264105063435063,1
covtype_binary_20000,23,100,0.85,72,12,49,11.586459825730604,1
covtype_binary_20000,23,100,0.85,73,19,281,17.962488623710215,1
covtype_binary_20000,23,100,0.85,74,9,197,17.565970277277618,1
covtype_binary_20000,23,100,0.85,75,9,76,17.789050568412076,1
covtype_binary_20000,23,100,0.85,76,8,102,17.478618805764675,1
covtype_binary_20000,23,100,0.85,77,8,278,17.810006641440317,1
covtype_binary_20000,23,100,0.85,78,8,377,17.205991840494256,1
covtype_binary_20000,23,100,0.85,79,6,432,17.962488623710215,1
covtype_binary_20000,23,100,0.85,80,12,530,17.962488623710215,1
covtype_binary_20000,23,100,0.85,81,9,426,17.262293601525073,1
covtype_binary_20000,23,100,0.85,82,9,202,17.81380557649701,1
covtype_binary_20000,23,100,0.85,83,7,765,17.89466974140207,1
covtype_binary_20000,23,100,0.85,84,17,74,17.962488623710215,1
covtype_binary_20000,23,100,0.85,85,1,231,2.9754805071109613,1
covtype_binary_20000,23,100,0.85,86,1,769,0.00019559248773814986,1
covtype_binary_20000,23,100,0.85,87,12,223,16.96647607103418,1
covtype_binary_20000,23,100,0.85,88,7,118,17.640570048334858,1
covtype_binary_20000,23,100,0.85,89,9,396,17.648173536034605,1
covtype_binary_20000,23,100,0.85,90,18,26,17.962488623710215,1
covtype_binary_20000,23,100,0.9,1,4,10,16.735166979646067,1
covtype_binary_20000,23,100,0.9,2,12,565,17.962488623710215,1
covtype_binary_20000,23,100,0.9,3,6,775,17.962488623710215,1
covtype_binary_20000,23,100,0.9,4,43,47,16.599583066455732,1
covtype_binary_20000,23,100,0.9,5,6,772,17.962488623710215,1
covtype_binary_20000,23,100,0.9,6,12,353,17.962488623710215,1
covtype_binary_20000,23,100,0.9,7,10,85,14.114637350789467,1
covtype_binary_20000,23,100,0.9,8,7,845,17.962488623710215,1
covtype_binary_20000,23,100,0.9,9,7,57,17.962488623710215,1
covtype_binary_20000,23,100,0.9,10,6,308,17.96249326195287,1
covtype_binary_20000,23,100,0.9,11,9,259,17.289569609310643,1
covtype_binary_20000,23,100,0.9,12,1,314,0.011049973506491728,1
covtype_binary_20000,23,100,0.9,13,1,847,0.00030802768570736827,0
covtype_binary_20000,23,100,0.9,14,6,212,11.111479608183211,1
covtype_binary_20000,23,100,0.9,15,9,192,17.804022184128403,1
covtype_binary_20000,23,100,0.9,16,9,77,16.680843301642522,1
covtype_binary_20000,23,100,0.9,17,10,127,6.5910725901438685,1
covtype_binary_20000,23,100,0.9,18,6,427,17.962488623710215,1
covtype_binary_20000,23,100,0.9,19,41,120,9.381472283709542,1
covtype_binary_20000,23,100,0.9,20,6,524,17.962488623710215,1
covtype_binary_20000,23,100,0.9,21,6,655,17.962488623710215,1
covtype_binary_20000,23,100,0.9,22,42,167,8.650937954115555,1
covtype_binary_20000,23,100,0.9,23,18,355,17.962488623710215,1
covtype_binary_20000,23,100,0.9,24,1,340,0.031160045972639883,1
covtype_binary_20000,23,100,0.9,25,6,492,17.962488623710215,1
covtype_binary_20000,23,100,0.9,26,6,792,17.962488623710215,1
covtype_binary_20000,23,100,0.9,27,6,722,17.91765270989088,1
covtype_binary_20000,23,100,0.9,28,8,48,16.448632054278278,1
covtype_binary_20000,23,100,0.9,29,11,354,17.962488623710215,1
covtype_binary_20000,23,100,0.9,30,31,566,17.962488623710215,1
covtype_binary_20000,23,100,0.9,31,1,464,0.005809547655951319,1
covtype_binary_20000,23,100,0.9,32,9,19,17.888505611255454,1
covtype_binary_20000,23,100,0.9,33,9,53,17.962488623710215,1
covtype_binary_20000,23,100,0.9,34,9,320,16.680977266494814,1
covtype_binary_20000,23,100,0.9,35,11,111,3.966457885515128,1
covtype_binary_20000,23,100,0.9,36,6,812,17.962488623710215,1
covtype_binary_20000,23,100,0.9,37,6,669,17.962488623710215,1
covtype_binary_20000,23,100,0.9,38,6,552,17.962488623710215,1
covtype_binary_20000,23,100,0.9,39,6,861,17.962488623710215,1
covtype_binary_20000,23,100,0.9,40,9,143,17.12045572891549,1
covtype_binary_20000,23,100,0.9,41,6,533,17.962488623710215,1
covtype_binary_20000,23,100,0.9,42,6,262,17.882405865671778,1
covtype_binary_20000,23,100,0.9,43,6,623,17.962488623710215,1
covtype_binary_20000,23,100,0.9,44,6,688,17.962488623710215,1
covtype_binary_20000,23,100,0.9,45,6,629,17.777088896651254,1
covtype_binary_20000,23,100,0.9,46,5,238,17.806935604112194,1
covtype_binary_20000,23,100,0.9,47,6,569,17.631287774305008,1
covtype_binary_20000,23,100,0.9,48,12,476,17.951188637821605,1
covtype_binary_20000,23,100,0.9,49,6,319,17.962488623710215,1
covtype_binary_20000,23,100,0.9,50,6,644,17.962488623710215,1
covtype_binary_20000,23,100,0.9,51,11,52,16.569784705860492,1
covtype_binary_20000,23,100,0.9,52,8,95,12.17456591139074,1
covtype_binary_20000,23,100,0.9,53,20,72,17.962488623710215,1
covtype_binary_20000,23,100,0.9,54,10,42,17.05577699377347,1
covtype_binary_20000,23,100,0.9,55,6,797,17.841645941924288,1
covtype_binary_20000,23,100,0.9,56,6,317,17.962488623710215,1
covtype_binary_20000,23,100,0.9,57,6,451,17.962488623710215,1
covtype_binary_20000,23,100,0.9,58,6,528,17.962488623710215,1
covtype_binary_20000,23,100,0.9,59,6,470,17.962488623710215,1
covtype_binary_20000,23,100,0.9,60,9,4,17.829082562624638,1
covtype_binary_20000,23,100,0.9,61,6,915,17.836839729150704,1
covtype_binary_20000,23,100,0.9,62,6,393,17.962488623710215,1
covtype_binary_20000,23,100,0.9,63,12,117,16.85526515369253,1
covtype_binary_20000,23,100,0.9,64,5,788,17.962488623710215,1
covtype_binary_20000,23,100,0.9,65,6,489,17.962488623710215,1
covtype_binary_20000,23,100,0.9,66,20,460,17.962488623710215,1
covtype_binary_20000,23,100,0.9,67,1,699,0.0046176020153000374,0
covtype_binary_20000,23,100,0.9,68,9,154,17.234603691213103,1
covtype_binary_20000,23,100,0.9,69,8,162,17.962488623710463,1
covtype_binary_20000,23,100,0.9,70,7,348,17.923351342167535,1
covtype_binary_20000,23,100,0.9,71,9,344,17.18494788440195,1
covtype_binary_20000,23,100,0.9,72,2,467,0.02138676267679973,1
covtype_binary_20000,23,100,0.9,73,12,88,16.995228566926745,1
covtype_binary_20000,23,100,0.9,74,42,36,16.816694572471853,1
covtype_binary_20000,23,100,0.9,75,6,436,17.962488623710215,1
covtype_binary_20000,23,100,0.9,76,6,703,17.87839452497665,1
covtype_binary_20000,23,100,0.9,77,6,717,17.962488623710215,1
covtype_binary_20000,23,100,0.9,78,6,294,17.962488623710215,1
covtype_binary_20000,23,100,0.9,79,3,97,6.3945371243023965,1
covtype_binary_20000,23,100,0.9,80,1,115,6.750844381248327,1
covtype_binary_20000,23,100,0.9,81,6,188,5.992659366109425,1
covtype_binary_20000,23,100,0.9,82,1,69,17.05136272719542,1
covtype_binary_20000,23,100,0.9,83,4,224,2.3264105063435063,1
covtype_binary_20000,23,100,0.9,84,12,49,11.586459825730604,1
covtype_binary_20000,23,100,0.9,85,19,281,17.962488623710215,1
covtype_binary_20000,23,100,0.9,86,9,197,17.565970277277618,1
covtype_binary_20000,23,100,0.9,87,9,76,17.789050568412076,1
covtype_binary_20000,23,100,0.9,88,8,102,17.478618805764675,1
covtype_binary_20000,23,100,0.9,89,8,278,17.810006641440317,1
covtype_binary_20000,23,100,0.9,90,8,377,17.205991840494256,1
covtype_binary_20000,23,100,0.9,91,6,432,17.962488623710215,1
covtype_binary_20000,23,100,0.9,92,12,530,17.962488623710215,1
covtype_binary_20000,23,100,0.9,93,9,426,17.262293601525073,1
covtype_binary_20000,23,100,0.9,94,9,202,17.81380557649701,1
covtype_binary_20000,23,100,0.9,95,7,765,17.89466974140207,1
covtype_binary_20000,23,100,0.9,96,17,74,17.962488623710215,1
covtype_binary_20000,23,100,0.9,97,1,231,2.9754805071109613,1
covtype_binary_20000,23,100,0.9,98,1,769,0.00019559248773814986,0
covtype_binary_20000,23,100,0.9,99,12,223,16.96647607103418,1
covtype_binary_20000,23,100,0.9,100,7,118,17.640570048334858,1
covtype_binary_20000,23,100,0.9,101,9,396,17.648173536034605,1
covtype_binary_20000,23,100,0.9,102,9,240,16.27002156770226,1
covtype_binary_20000,23,100,0.9,103,9,26,17.962488623710215,1
covtype_binary_20000,29,25,0.75,1,23,355,17.982036528014365,1
covtype_binary_20000,29,25,0.75,2,9,14,17.903091537824352,0
covtype_binary_20000,29,25,0.75,3,9,61,17.07481696356765,0
covtype_binary_20000,29,25,0.75,4,6,36,17.179522024729742,0
covtype_binary_20000,29,25,0.75,5,12,367,17.982036528014365,1
covtype_binary_20000,29,25,0.75,6,6,414,17.982036528014365,1
covtype_binary_20000,29,25,0.75,7,12,638,17.982036528014365,1
covtype_binary_20000,29,25,0.75,8,12,494,17.982036528014365,1
covtype_binary_20000,29,25,0.75,9,6,277,17.982036528014365,1
covtype_binary_20000,29,25,0.75,10,12,511,17.971251206722336,0
covtype_binary_20000,29,25,0.75,11,11,173,11.773731413610982,0
covtype_binary_20000,29,25,0.75,12,10,135,17.804951466592918,0
covtype_binary_20000,29,25,0.75,13,7,333,17.982036528014365,1
covtype_binary_20000,29,25,0.75,14,12,573,17.982036528014365,1
covtype_binary_20000,29,25,0.75,15,12,60,17.838162142518755,0
covtype_binary_20000,29,25,0.75,16,18,422,17.901049535824527,0
covtype_binary_20000,29,25,0.75,17,9,769,17.38079111228307,0
covtype_binary_20000,29,25,0.75,18,6,363,17.982036528014365,1
covtype_binary_20000,29,25,0.75,19,11,338,17.982036528014365,1
covtype_binary_20000,29,25,0.75,20,2,310,7.875231055211841,0
covtype_binary_20000,29,25,0.75,21,6,318,17.982036528014365,1
covtype_binary_20000,29,25,0.75,22,14,262,17.982036528014365,1
covtype_binary_20000,29,25,0.75,23,7,914,17.961248392226562,0
covtype_binary_20000,29,25,0.75,24,14,83,17.982036528014365,1
covtype_binary_20000,29,25,0.75,25,9,197,17.96570565416134,0
covtype_binary_20000,29,25,0.75,26,9,257,17.120849592951565,0
covtype_binary_20000,29,25,0.75,27,9,124,17.26181929103048,0
covtype_binary_20000,29,25,0.75,28,7,52,17.854398975631398,0
covtype_binary_20000,29,25,0.75,29,84,170,11.129878127757062,0
covtype_binary_20000,29,25,0.75,30,18,296,17.982036528014365,1
covtype_binary_20000,29,25,0.75,31,8,147,17.37283018935025,0
covtype_binary_20000,29,25,0.75,32,11,343,17.982036528014365,1
covtype_binary_20000,29,25,0.75,33,12,118,17.59114141967468,0
covtype_binary_20000,29,25,0.75,34,13,366,17.982036528014365,1
covtype_binary_20000,29,25,0.75,35,8,473,17.982036528014365,1
covtype_binary_20000,29,25,0.75,36,12,47,17.835807523193264,0
covtype_binary_20000,29,25,0.75,37,1,213,0.0010209075134507417,0
covtype_binary_20000,29,25,0.75,38,6,408,17.982036528014365,1
covtype_binary_20000,29,25,0.75,39,12,84,17.402561196810364,0
covtype_binary_20000,29,25,0.75,40,9,171,17.982036528014365,1
covtype_binary_20000,29,25,0.75,41,10,134,17.0067631353234,0
covtype_binary_20000,29,25,0.75,42,6,190,17.982036528014365,1
covtype_binary_20000,29,25,0.75,43,40,215,16.673132200942085,0
covtype_binary_20000,29,25,0.75,44,9,95,17.90855720594396,0
covtype_binary_20000,29,25,0.75,45,5,743,17.982036528014365,1
covtype_binary_20000,29,25,0.75,46,42,140,15.65499416938532,0
covtype_binary_20000,29,25,0.75,47,12,540,17.982036528014365,1
covtype_binary_20000,29,25,0.75,48,8,155,17.591463554883703,0
covtype_binary_20000,29,25,0.75,49,8,687,17.83645322433988,0
covtype_binary_20000,29,25,0.75,50,8,57,17.179943937309044,0
covtype_binary_20000,29,25,0.75,51,6,245,12.536928460785298,0
covtype_binary_20000,29,25,0.75,52,18,264,17.982036528014365,1
covtype_binary_20000,29,25,0.75,53,1,508,0.002642789476660523,0
covtype_binary_20000,29,25,0.75,54,7,381,17.496093880878522,0
covtype_binary_20000,29,25,0.75,55,7,282,17.759926951715563,0
covtype_binary_20000,29,25,0.75,56,18,246,17.982036528014365,1
covtype_binary_20000,29,25,0.75,57,26,27,17.982036528014365,1
covtype_binary_20000,29,25,0.75,58,9,278,17.76226832604534,0
covtype_binary_20000,29,25,0.75,59,9,566,16.30716716728386,0
covtype_binary_20000,29,25,0.75,60,2,379,0.0005036070281158045,0
covtype_binary_20000,29,25,0.75,61,29,400,17.982036528014365,0
covtype_binary_20000,29,25,0.75,62,12,70,15.42081702478828,0
covtype_binary_20000,29,25,0.75,63,1,217,0.023279492621125164,0
covtype_binary_20000,29,25,0.75,64,13,592,17.982036528014365,0
covtype_binary_20000,29,25,0.75,65,17,359,17.982036528014365,0
covtype_binary_20000,29,25,0.75,66,6,412,17.982036528014365,0
covtype_binary_20000,29,25,0.75,67,12,481,17.938866469972254,0
covtype_binary_20000,29,25,0.75,68,12,300,17.982036528014365,0
covtype_binary_20000,29,25,0.75,69,18,622,17.982036528014365,0
covtype_binary_20000,29,25,0.75,70,18,301,17.982036528014365,0
covtype_binary_20000,29,25,0.75,71,9,11,17.45423060284944,0
covtype_binary_20000,29,25,0.75,72,12,612,17.982036528014365,0
covtype_binary_20000,29,25,0.75,73,12,42,17.779215738558406,0
covtype_binary_20000,29,25,0.75,74,9,256,17.453250889797342,0
covtype_binary_20000,29,25,0.75,75,9,54,17.70627576503184,0
covtype_binary_20000,29,25,0.75,76,4,63,14.837318428288443,0
covtype_binary_20000,29,25,0.75,77,9,247,16.993722396964397,0
covtype_binary_20000,29,25,0.75,78,9,382,17.811280541444134,0
covtype_binary_20000,29,25,0.85,1,22,355,17.982036528014365,1
covtype_binary_20000,29,25,0.85,2,1,203,0.22475632479895824,0
covtype_binary_20000,29,25,0.85,3,9,14,17.903091537824352,0
covtype_binary_20000,29,25,0.85,4,9,61,17.07481696356765,0
covtype_binary_20000,29,25,0.85,5,6,36,17.179522024729742,0
covtype_binary_20000,29,25,0.85,6,6,578,17.982036528014365,1
covtype_binary_20000,29,25,0.85,7,6,367,17.982036528014365,1
covtype_binary_20000,29,25,0.85,8,6,414,17.982036528014365,1
covtype_binary_20000,29,25,0.85,9,12,638,17.982036528014365,1
covtype_binary_20000,29,25,0.85,10,6,753,17.4204243974571,0
covtype_binary_20000,29,25,0.85,11,6,494,17.982036528014365,1
covtype_binary_20000,29,25,0.85,12,6,277,17.982036528014365,1
covtype_binary_20000,29,25,0.85,13,12,511,17.971251206722336,0
covtype_binary_20000,29,25,0.85,14,11,173,11.773731413610982,0
covtype_binary_20000,29,25,0.85,15,9,135,17.804951466592918,0
covtype_binary_20000,29,25,0.85,16,1,128,0.0037187932170019145,0
covtype_binary_20000,29,25,0.85,17,7,333,17.982036528014365,1
covtype_binary_20000,29,25,0.85,18,12,573,17.982036528014365,1
covtype_binary_20000,29,25,0.85,19,12,60,17.838162142518755,0
covtype_binary_20000,29,25,0.85,20,9,24,16.961680217265677,0
covtype_binary_20000,29,25,0.85,21,9,422,17.901049535824527,0
covtype_binary_20000,29,25,0.85,22,9,769,17.38079111228307,0
covtype_binary_20000,29,25,0.85,23,6,363,17.982036528014365,1
covtype_binary_20000,29,25,0.85,24,11,338,17.982036528014365,1
covtype_binary_20000,29,25,0.85,25,2,310,7.875231055211841,0
covtype_binary_20000,29,25,0.85,26,6,318,17.982036528014365,1
covtype_binary_20000,29,25,0.85,27,14,262,17.982036528014365,1
covtype_binary_20000,29,25,0.85,28,7,914,17.961248392226562,0
covtype_binary_20000,29,25,0.85,29,14,83,17.982036528014365,1
covtype_binary_20000,29,25,0.85,30,9,197,17.96570565416134,0
covtype_binary_20000,29,25,0.85,31,9,257,17.120849592951565,0
covtype_binary_20000,29,25,0.85,32,9,124,17.26181929103048,0
covtype_binary_20000,29,25,0.85,33,7,52,17.854398975631398,0
covtype_binary_20000,29,25,0.85,34,42,170,11.129878127757062,0
covtype_binary_20000,29,25,0.85,35,42,130,9.957632527562142,0
covtype_binary_20000,29,25,0.85,36,6,746,17.982036528014365,1
covtype_binary_20000,29,25,0.85,37,12,296,17.982036528014365,1
covtype_binary_20000,29,25,0.85,38,8,147,17.37283018935025,0
covtype_binary_20000,29,25,0.85,39,11,343,17.982036528014365,1
covtype_binary_20000,29,25,0.85,40,12,118,17.59114141967468,0
covtype_binary_20000,29,25,0.85,41,13,366,17.982036528014365,1
covtype_binary_20000,29,25,0.85,42,7,473,17.982036528014365,1
covtype_binary_20000,29,25,0.85,43,1,662,0.0015276296191394922,0
covtype_binary_20000,29,25,0.85,44,12,47,17.835807523193264,0
covtype_binary_20000,29,25,0.85,45,1,213,0.0010209075134507417,0
covtype_binary_20000,29,25,0.85,46,6,408,17.982036528014365,1
covtype_binary_20000,29,25,0.85,47,12,84,17.402561196810364,0
covtype_binary_20000,29,25,0.85,48,9,171,17.982036528014365,1
covtype_binary_20000,29,25,0.85,49,10,134,17.0067631353234,0
covtype_binary_20000,29,25,0.85,50,6,190,17.982036528014365,1
covtype_binary_20000,29,25,0.85,51,40,215,16.673132200942085,0
covtype_binary_20000,29,25,0.85,52,9,95,17.90855720594396,0
covtype_binary_20000,29,25,0.85,53,5,743,17.982036528014365,1
covtype_binary_20000,29,25,0.85,54,42,140,15.65499416938532,0
covtype_binary_20000,29,25,0.85,55,6,912,17.982036528014365,1
covtype_binary_20000,29,25,0.85,56,6,540,17.982036528014365,1
covtype_binary_20000,29,25,0.85,57,8,155,17.591463554883703,0
covtype_binary_20000,29,25,0.85,58,8,687,17.83645322433988,0
covtype_binary_20000,29,25,0.85,59,8,57,17.179943937309044,0
covtype_binary_20000,29,25,0.85,60,6,245,12.536928460785298,0
covtype_binary_20000,29,25,0.85,61,6,264,17.982036528014365,0
covtype_binary_20000,29,25,0.85,62,12,428,17.982036528014365,0
covtype_binary_20000,29,25,0.85,63,1,508,0.002642789476660523,0
covtype_binary_20000,29,25,0.85,64,7,381,17.496093880878522,0
covtype_binary_20000,29,25,0.85,65,7,282,17.759926951715563,0
covtype_binary_20000,29,25,0.85,66,18,246,17.982036528014365,0
covtype_binary_20000,29,25,0.85,67,17,369,17.982036528014365,0
covtype_binary_20000,29,25,0.85,68,9,27,17.982036528014365,0
covtype_binary_20000,29,25,0.85,69,9,278,17.76226832604534,0
covtype_binary_20000,29,25,0.85,70,9,566,16.30716716728386,0
covtype_binary_20000,29,25,0.85,71,2,379,0.0005036070281158045,0
covtype_binary_20000,29,25,0.85,72,28,400,17.982036528014365,0
covtype_binary_20000,29,25,0.85,73,1,114,5.450249250220726,0
covtype_binary_20000,29,25,0.85,74,12,70,15.42081702478828,0
covtype_binary_20000,29,25,0.85,75,1,217,0.023279492621125164,0
covtype_binary_20000,29,25,0.85,76,13,592,17.982036528014365,0
covtype_binary_20000,29,25,0.85,77,6,359,17.982036528014365,0
covtype_binary_20000,29,25,0.85,78,11,78,13.857586485340468,0
covtype_binary_20000,29,25,0.85,79,6,412,17.982036528014365,0
covtype_binary_20000,29,25,0.85,80,12,481,17.938866469972254,0
covtype_binary_20000,29,25,0.85,81,12,300,17.982036528014365,0
covtype_binary_20000,29,25,0.85,82,18,622,17.982036528014365,0
covtype_binary_20000,29,25,0.85,83,6,755,17.982036528014365,0
covtype_binary_20000,29,25,0.85,84,12,301,17.982036528014365,0
covtype_binary_20000,29,25,0.85,85,9,11,17.45423060284944,0
covtype_binary_20000,29,25,0.85,86,12,612,17.982036528014365,0
covtype_binary_20000,29,25,0.85,87,12,42,17.779215738558406,0
covtype_binary_20000,29,25,0.85,88,9,256,17.453250889797342,0
covtype_binary_20000,29,25,0.85,89,9,54,17.70627576503184,0
covtype_binary_20000,29,25,0.85,90,4,63,14.837318428288443,0
covtype_binary_20000,29,25,0.85,91,9,247,16.993722396964397,0
covtype_binary_20000,29,25,0.85,92,9,382,17.811280541444134,0
covtype_binary_20000,29,25,0.9,1,22,355,17.982036528014365,1
covtype_binary_20000,29,25,0.9,2,1,203,0.22475632479895824,0
covtype_binary_20000,29,25,0.9,3,9,14,17.903091537824352,0
covtype_binary_20000,29,25,0.9,4,9,61,17.07481696356765,0
covtype_binary_20000,29,25,0.9,5,6,36,17.179522024729742,0
covtype_binary_20000,29,25,0.9,6,6,578,17.982036528014365,1
covtype_binary_20000,29,25,0.9,7,6,367,17.982036528014365,1
covtype_binary_20000,29,25,0.9,8,6,414,17.982036528014365,1
covtype_binary_20000,29,25,0.9,9,6,638,17.982036528014365,1
covtype_binary_20000,29,25,0.9,10,6,814,17.79857569588207,0
covtype_binary_20000,29,25,0.9,11,6,753,17.4204243974571,0
covtype_binary_20000,29,25,0.9,12,6,494,17.982036528014365,1
covtype_binary_20000,29,25,0.9,13,6,277,17.982036528014365,1
covtype_binary_20000,29,25,0.9,14,6,518,17.06648355203391,0
covtype_binary_20000,29,25,0.9,15,6,511,17.971251206722336,0
covtype_binary_20000,29,25,0.9,16,11,173,11.773731413610982,0
covtype_binary_20000,29,25,0.9,17,9,135,17.804951466592918,0
covtype_binary_20000,29,25,0.9,18,1,128,0.0037187932170019145,0
covtype_binary_20000,29,25,0.9,19,7,333,17.982036528014365,1
covtype_binary_20000,29,25,0.9,20,12,573,17.982036528014365,1
covtype_binary_20000,29,25,0.9,21,12,60,17.838162142518755,0
covtype_binary_20000,29,25,0.9,22,9,24,16.961680217265677,0
covtype_binary_20000,29,25,0.9,23,9,422,17.901049535824527,0
covtype_binary_20000,29,25,0.9,24,9,769,17.38079111228307,0
covtype_binary_20000,29,25,0.9,25,6,363,17.982036528014365,1
covtype_binary_20000,29,25,0.9,26,5,866,17.781193618894903,0
covtype_binary_20000,29,25,0.9,27,6,338,17.982036528014365,1
covtype_binary_20000,29,25,0.9,28,2,310,7.875231055211841,0
covtype_binary_20000,29,25,0.9,29,6,318,17.982036528014365,1
covtype_binary_20000,29,25,0.9,30,14,262,17.982036528014365,1
covtype_binary_20000,29,25,0.9,31,7,914,17.961248392226562,0
covtype_binary_20000,29,25,0.9,32,14,83,17.982036528014365,1
covtype_binary_20000,29,25,0.9,33,9,197,17.96570565416134,0
covtype_binary_20000,29,25,0.9,34,9,257,17.120849592951565,0
covtype_binary_20000,29,25,0.9,35,9,124,17.26181929103048,0
covtype_binary_20000,29,25,0.9,36,7,52,17.854398975631398,0
covtype_binary_20000,29,25,0.9,37,42,170,11.129878127757062,0
covtype_binary_20000,29,25,0.9,38,42,130,9.957632527562142,0
covtype_binary_20000,29,25,0.9,39,6,746,17.982036528014365,1
covtype_binary_20000,29,25,0.9,40,6,770,17.661939940496534,0
covtype_binary_20000,29,25,0.9,41,6,296,17.982036528014365,1
covtype_binary_20000,29,25,0.9,42,8,147,17.37283018935025,0
covtype_binary_20000,29,25,0.9,43,5,841,17.81503330034684,0
covtype_binary_20000,29,25,0.9,44,6,343,17.982036528014365,1
covtype_binary_20000,29,25,0.9,45,12,118,17.59114141967468,0
covtype_binary_20000,29,25,0.9,46,13,366,17.982036528014365,1
covtype_binary_20000,29,25,0.9,47,7,473,17.982036528014365,1
covtype_binary_20000,29,25,0.9,48,1,662,0.0015276296191394922,0
covtype_binary_20000,29,25,0.9,49,12,47,17.835807523193264,0
covtype_binary_20000,29,25,0.9,50,1,213,0.0010209075134507417,0
covtype_binary_20000,29,25,0.9,51,6,408,17.982036528014365,1
covtype_binary_20000,29,25,0.9,52,12,84,17.402561196810364,0
covtype_binary_20000,29,25,0.9,53,9,171,17.982036528014365,1
covtype_binary_20000,29,25,0.9,54,9,134,17.0067631353234,0
covtype_binary_20000,29,25,0.9,55,1,183,0.004525917967787008,0
covtype_binary_20000,29,25,0.9,56,6,190,17.982036528014365,1
covtype_binary_20000,29,25,0.9,57,40,215,16.673132200942085,0
covtype_binary_20000,29,25,0.9,58,9,95,17.90855720594396,0
covtype_binary_20000,29,25,0.9,59,5,743,17.982036528014365,1
covtype_binary_20000,29,25,0.9,60,42,140,15.65499416938532,0
covtype_binary_20000,29,25,0.9,61,6,912,17.982036528014365,1
covtype_binary_20000,29,25,0.9,62,6,540,17.982036528014365,1
covtype_binary_20000,29,25,0.9,63,8,155,17.591463554883703,0
covtype_binary_20000,29,25,0.9,64,8,687,17.83645322433988,0
covtype_binary_20000,29,25,0.9,65,8,57,17.179943937309044,0
covtype_binary_20000,29,25,0.9,66,6,245,12.536928460785298,0
covtype_binary_20000,29,25,0.9,67,6,264,17.982036528014365,0
covtype_binary_20000,29,25,0.9,68,12,428,17.982036528014365,0
covtype_binary_20000,29,25,0.9,69,1,508,0.002642789476660523,0
covtype_binary_20000,29,25,0.9,70,7,381,17.496093880878522,0
covtype_binary_20000,29,25,0.9,71,7,282,17.759926951715563,0
covtype_binary_20000,29,25,0.9,72,17,246,17.982036528014365,0
covtype_binary_20000,29,25,0.9,73,1,695,0.004078033026430117,0
covtype_binary_20000,29,25,0.9,74,17,369,17.982036528014365,0
covtype_binary_20000,29,25,0.9,75,9,27,17.982036528014365,0
covtype_binary_20000,29,25,0.9,76,9,278,17.76226832604534,0
covtype_binary_20000,29,25,0.9,77,9,566,16.30716716728386,0
covtype_binary_20000,29,25,0.9,78,2,379,0.0005036070281158045,0
covtype_binary_20000,29,25,0.9,79,28,400,17.982036528014365,0
covtype_binary_20000,29,25,0.9,80,1,114,5.450249250220726,0
covtype_binary_20000,29,25,0.9,81,12,70,15.42081702478828,0
covtype_binary_20000,29,25,0.9,82,1,217,0.023279492621125164,0
covtype_binary_20000,29,25,0.9,83,13,592,17.982036528014365,0
covtype_binary_20000,29,25,0.9,84,6,359,17.982036528014365,0
covtype_binary_20000,29,25,0.9,85,10,78,13.857586485340468,0
covtype_binary_20000,29,25,0.9,86,1,924,0.3629307613769268,0
covtype_binary_20000,29,25,0.9,87,6,412,17.982036528014365,0
covtype_binary_20000,29,25,0.9,88,6,710,17.876882016409862,0
covtype_binary_20000,29,25,0.9,89,6,481,17.938866469972254,0
covtype_binary_20000,29,25,0.9,90,6,828,17.98180547895418,0
covtype_binary_20000,29,25,0.9,91,6,300,17.982036528014365,0
covtype_binary_20000,29,25,0.9,92,6,744,17.974684415636567,0
covtype_binary_20000,29,25,0.9,93,6,622,17.982036528014365,0
covtype_binary_20000,29,25,0.9,94,6,433,17.9410780313913,0
covtype_binary_20000,29,25,0.9,95,6,755,17.982036528014365,0
covtype_binary_20000,29,25,0.9,96,12,301,17.982036528014365,0
covtype_binary_20000,29,25,0.9,97,9,11,17.45423060284944,0
covtype_binary_20000,29,25,0.9,98,6,612,17.982036528014365,0
covtype_binary_20000,29,25,0.9,99,6,250,17.976811666502545,0
covtype_binary_20000,29,25,0.9,100,12,42,17.779215738558406,0
covtype_binary_20000,29,25,0.9,101,9,256,17.453250889797342,0
covtype_binary_20000,29,25,0.9,102,9,54,17.70627576503184,0
covtype_binary_20000,29,25,0.9,103,4,63,14.837318428288443,0
covtype_binary_20000,29,25,0.9,104,9,247,16.993722396964397,0
covtype_binary_20000,29,25,0.9,105,9,382,17.811280541444134,0
covtype_binary_20000,29,50,0.75,1,23,355,17.982036528014365,1
covtype_binary_20000,29,50,0.75,2,9,14,17.903091537824352,1
covtype_binary_20000,29,50,0.75,3,9,61,17.07481696356765,0
covtype_binary_20000,29,50,0.75,4,6,36,17.179522024729742,0
covtype_binary_20000,29,50,0.75,5,12,367,17.982036528014365,1
covtype_binary_20000,29,50,0.75,6,6,414,17.982036528014365,1
covtype_binary_20000,29,50,0.75,7,12,638,17.982036528014365,1
covtype_binary_20000,29,50,0.75,8,12,494,17.982036528014365,1
covtype_binary_20000,29,50,0.75,9,6,277,17.982036528014365,1
covtype_binary_20000,29,50,0.75,10,12,511,17.971251206722336,1
covtype_binary_20000,29,50,0.75,11,11,173,11.773731413610982,0
covtype_binary_20000,29,50,0.75,12,10,135,17.804951466592918,1
covtype_binary_20000,29,50,0.75,13,7,333,17.982036528014365,1
covtype_binary_20000,29,50,0.75,14,12,573,17.982036528014365,1
covtype_binary_20000,29,50,0.75,15,12,60,17.838162142518755,1
covtype_binary_20000,29,50,0.75,16,18,422,17.901049535824527,1
covtype_binary_20000,29,50,0.75,17,9,769,17.38079111228307,0
covtype_binary_20000,29,50,0.75,18,6,363,17.982036528014365,1
covtype_binary_20000,29,50,0.75,19,11,338,17.982036528014365,1
covtype_binary_20000,29,50,0.75,20,2,310,7.875231055211841,0
covtype_binary_20000,29,50,0.75,21,6,318,17.982036528014365,1
covtype_binary_20000,29,50,0.75,22,14,262,17.982036528014365,1
covtype_binary_20000,29,50,0.75,23,7,914,17.961248392226562,1
covtype_binary_20000,29,50,0.75,24,14,83,17.982036528014365,1
covtype_binary_20000,29,50,0.75,25,9,197,17.96570565416134,1
covtype_binary_20000,29,50,0.75,26,9,257,17.120849592951565,0
covtype_binary_20000,29,50,0.75,27,9,124,17.26181929103048,0
covtype_binary_20000,29,50,0.75,28,7,52,17.854398975631398,1
covtype_binary_20000,29,50,0.75,29,84,170,11.129878127757062,0
covtype_binary_20000,29,50,0.75,30,18,296,17.982036528014365,1
covtype_binary_20000,29,50,0.75,31,8,147,17.37283018935025,0
covtype_binary_20000,29,50,0.75,32,11,343,17.982036528014365,1
covtype_binary_20000,29,50,0.75,33,12,118,17.59114141967468,0
covtype_binary_20000,29,50,0.75,34,13,366,17.982036528014365,1
covtype_binary_20000,29,50,0.75,35,8,473,17.982036528014365,1
covtype_binary_20000,29,50,0.75,36,12,47,17.835807523193264,1
covtype_binary_20000,29,50,0.75,37,1,213,0.0010209075134507417,0
covtype_binary_20000,29,50,0.75,38,6,408,17.982036528014365,1
covtype_binary_20000,29,50,0.75,39,12,84,17.402561196810364,0
covtype_binary_20000,29,50,0.75,40,9,171,17.982036528014365,1
covtype_binary_20000,29,50,0.75,41,10,134,17.0067631353234,0
covtype_binary_20000,29,50,0.75,42,6,190,17.982036528014365,1
covtype_binary_20000,29,50,0.75,43,40,215,16.673132200942085,0
covtype_binary_20000,29,50,0.75,44,9,95,17.90855720594396,1
covtype_binary_20000,29,50,0.75,45,5,743,17.982036528014365,1
covtype_binary_20000,29,50,0.75,46,42,140,15.65499416938532,0
covtype_binary_20000,29,50,0.75,47,12,540,17.982036528014365,1
covtype_binary_20000,29,50,0.75,48,8,155,17.591463554883703,0
covtype_binary_20000,29,50,0.75,49,8,687,17.83645322433988,1
covtype_binary_20000,29,50,0.75,50,8,57,17.179943937309044,0
covtype_binary_20000,29,50,0.75,51,6,245,12.536928460785298,0
covtype_binary_20000,29,50,0.75,52,18,264,17.982036528014365,1
covtype_binary_20000,29,50,0.75,53,1,508,0.002642789476660523,0
covtype_binary_20000,29,50,0.75,54,7,381,17.496093880878522,0
covtype_binary_20000,29,50,0.75,55,7,282,17.759926951715563,1
covtype_binary_20000,29,50,0.75,56,18,246,17.982036528014365,1
covtype_binary_20000,29,50,0.75,57,26,27,17.982036528014365,1
covtype_binary_20000,29,50,0.75,58,9,278,17.76226832604534,1
covtype_binary_20000,29,50,0.75,59,9,566,16.30716716728386,0
covtype_binary_20000,29,50,0.75,60,2,379,0.0005036070281158045,0
covtype_binary_20000,29,50,0.75,61,29,400,17.982036528014365,1
covtype_binary_20000,29,50,0.75,62,12,70,15.42081702478828,0
covtype_binary_20000,29,50,0.75,63,1,217,0.023279492621125164,0
covtype_binary_20000,29,50,0.75,64,13,592,17.982036528014365,1
covtype_binary_20000,29,50,0.75,65,17,359,17.982036528014365,1
covtype_binary_20000,29,50,0.75,66,6,412,17.982036528014365,1
covtype_binary_20000,29,50,0.75,67,12,481,17.938866469972254,1
covtype_binary_20000,29,50,0.75,68,12,300,17.982036528014365,1
covtype_binary_20000,29,50,0.75,69,18,622,17.982036528014365,1
covtype_binary_20000,29,50,0.75,70,18,301,17.982036528014365,1
covtype_binary_20000,29,50,0.75,71,9,11,17.45423060284944,0
covtype_binary_20000,29,50,0.75,72,12,612,17.982036528014365,1
covtype_binary_20000,29,50,0.75,73,12,42,17.779215738558406,1
covtype_binary_20000,29,50,0.75,74,9,256,17.453250889797342,0
covtype_binary_20000,29,50,0.75,75,9,54,17.70627576503184,1
covtype_binary_20000,29,50,0.75,76,4,63,14.837318428288443,0
covtype_binary_20000,29,50,0.75,77,9,247,16.993722396964397,0
covtype_binary_20000,29,50,0.75,78,9,382,17.811280541444134,1
covtype_binary_20000,29,50,0.85,1,22,355,17.982036528014365,1
covtype_binary_20000,29,50,0.85,2,1,203,0.22475632479895824,0
covtype_binary_20000,29,50,0.85,3,9,14,17.903091537824352,1
covtype_binary_20000,29,50,0.85,4,9,61,17.07481696356765,0
covtype_binary_20000,29,50,0.85,5,6,36,17.179522024729742,0
covtype_binary_20000,29,50,0.85,6,6,578,17.982036528014365,1
covtype_binary_20000,29,50,0.85,7,6,367,17.982036528014365,1
covtype_binary_20000,29,50,0.85,8,6,414,17.982036528014365,1
covtype_binary_20000,29,50,0.85,9,12,638,17.982036528014365,1
covtype_binary_20000,29,50,0.85,10,6,753,17.4204243974571,0
covtype_binary_20000,29,50,0.85,11,6,494,17.982036528014365,1
covtype_binary_20000,29,50,0.85,12,6,277,17.982036528014365,1
covtype_binary_20000,29,50,0.85,13,12,511,17.971251206722336,1
covtype_binary_20000,29,50,0.85,14,11,173,11.773731413610982,0
covtype_binary_20000,29,50,0.85,15,9,135,17.804951466592918,0
covtype_binary_20000,29,50,0.85,16,1,128,0.0037187932170019145,0
covtype_binary_20000,29,50,0.85,17,7,333,17.982036528014365,1
covtype_binary_20000,29,50,0.85,18,12,573,17.982036528014365,1
covtype_binary_20000,29,50,0.85,19,12,60,17.838162142518755,1
covtype_binary_20000,29,50,0.85,20,9,24,16.961680217265677,0
covtype_binary_20000,29,50,0.85,21,9,422,17.901049535824527,1
covtype_binary_20000,29,50,0.85,22,9,769,17.38079111228307,0
covtype_binary_20000,29,50,0.85,23,6,363,17.982036528014365,1
covtype_binary_20000,29,50,0.85,24,11,338,17.982036528014365,1
covtype_binary_20000,29,50,0.85,25,2,310,7.875231055211841,0
covtype_binary_20000,29,50,0.85,26,6,318,17.982036528014365,1
covtype_binary_20000,29,50,0.85,27,14,262,17.982036528014365,1
covtype_binary_20000,29,50,0.85,28,7,914,17.961248392226562,1
covtype_binary_20000,29,50,0.85,29,14,83,17.982036528014365,1
covtype_binary_20000,29,50,0.85,30,9,197,17.96570565416134,1
covtype_binary_20000,29,50,0.85,31,9,257,17.120849592951565,0
covtype_binary_20000,29,50,0.85,32,9,124,17.26181929103048,0
covtype_binary_20000,29,50,0.85,33,7,52,17.854398975631398,1
covtype_binary_20000,29,50,0.85,34,42,170,11.129878127757062,0
covtype_binary_20000,29,50,0.85,35,42,130,9.957632527562142,0
covtype_binary_20000,29,50,0.85,36,6,746,17.982036528014365,1
covtype_binary_20000,29,50,0.85,37,12,296,17.982036528014365,1
covtype_binary_20000,29,50,0.85,38,8,147,17.37283018935025,0
covtype_binary_20000,29,50,0.85,39,11,343,17.982036528014365,1
covtype_binary_20000,29,50,0.85,40,12,118,17.59114141967468,0
covtype_binary_20000,29,50,0.85,41,13,366,17.982036528014365,1
covtype_binary_20000,29,50,0.85,42,7,473,17.982036528014365,1
covtype_binary_20000,29,50,0.85,43,1,662,0.0015276296191394922,0
covtype_binary_20000,29,50,0.85,44,12,47,17.835807523193264,1
covtype_binary_20000,29,50,0.85,45,1,213,0.0010209075134507417,0
covtype_binary_20000,29,50,0.85,46,6,408,17.982036528014365,1
covtype_binary_20000,29,50,0.85,47,12,84,17.402561196810364,0
covtype_binary_20000,29,50,0.85,48,9,171,17.982036528014365,1
covtype_binary_20000,29,50,0.85,49,10,134,17.0067631353234,0
covtype_binary_20000,29,50,0.85,50,6,190,17.982036528014365,1
covtype_binary_20000,29,50,0.85,51,40,215,16.673132200942085,0
covtype_binary_20000,29,50,0.85,52,9,95,17.90855720594396,1
covtype_binary_20000,29,50,0.85,53,5,743,17.982036528014365,1
covtype_binary_20000,29,50,0.85,54,42,140,15.65499416938532,0
covtype_binary_20000,29,50,0.85,55,6,912,17.982036528014365,1
covtype_binary_20000,29,50,0.85,56,6,540,17.982036528014365,1
covtype_binary_20000,29,50,0.85,57,8,155,17.591463554883703,0
covtype_binary_20000,29,50,0.85,58,8,687,17.83645322433988,1
covtype_binary_20000,29,50,0.85,59,8,57,17.179943937309044,0
covtype_binary_20000,29,50,0.85,60,6,245,12.536928460785298,0
covtype_binary_20000,29,50,0.85,61,6,264,17.982036528014365,1
covtype_binary_20000,29,50,0.85,62,12,428,17.982036528014365,1
covtype_binary_20000,29,50,0.85,63,1,508,0.002642789476660523,0
covtype_binary_20000,29,50,0.85,64,7,381,17.496093880878522,0
covtype_binary_20000,29,50,0.85,65,7,282,17.759926951715563,0
covtype_binary_20000,29,50,0.85,66,18,246,17.982036528014365,1
covtype_binary_20000,29,50,0.85,67,17,369,17.982036528014365,1
covtype_binary_20000,29,50,0.85,68,9,27,17.982036528014365,1
covtype_binary_20000,29,50,0.85,69,9,278,17.76226832604534,0
covtype_binary_20000,29,50,0.85,70,9,566,16.30716716728386,0
covtype_binary_20000,29,50,0.85,71,2,379,0.0005036070281158045,0
covtype_binary_20000,29,50,0.85,72,28,400,17.982036528014365,1
covtype_binary_20000,29,50,0.85,73,1,114,5.450249250220726,0
covtype_binary_20000,29,50,0.85,74,12,70,15.42081702478828,0
covtype_binary_20000,29,50,0.85,75,1,217,0.023279492621125164,0
covtype_binary_20000,29,50,0.85,76,13,592,17.982036528014365,1
covtype_binary_20000,29,50,0.85,77,6,359,17.982036528014365,1
covtype_binary_20000,29,50,0.85,78,11,78,13.857586485340468,0
covtype_binary_20000,29,50,0.85,79,6,412,17.982036528014365,1
covtype_binary_20000,29,50,0.85,80,12,481,17.938866469972254,1
covtype_binary_20000,29,50,0.85,81,12,300,17.982036528014365,1
covtype_binary_20000,29,50,0.85,82,18,622,17.982036528014365,1
covtype_binary_20000,29,50,0.85,83,6,755,17.982036528014365,1
covtype_binary_20000,29,50,0.85,84,12,301,17.982036528014365,1
covtype_binary_20000,29,50,0.85,85,9,11,17.45423060284944,0
covtype_binary_20000,29,50,0.85,86,12,612,17.982036528014365,1
covtype_binary_20000,29,50,0.85,87,12,42,17.779215738558406,0
covtype_binary_20000,29,50,0.85,88,9,256,17.453250889797342,0
covtype_binary_20000,29,50,0.85,89,9,54,17.70627576503184,0
covtype_binary_20000,29,50,0.85,90,4,63,14.837318428288443,0
covtype_binary_20000,29,50,0.85,91,9,247,16.993722396964397,0
covtype_binary_20000,29,50,0.85,92,9,382,17.811280541444134,0
covtype_binary_20000,29,50,0.9,1,22,355,17.982036528014365,1
covtype_binary_20000,29,50,0.9,2,1,203,0.22475632479895824,0
covtype_binary_20000,29,50,0.9,3,9,14,17.903091537824352,1
covtype_binary_20000,29,50,0.9,4,9,61,17.07481696356765,0
covtype_binary_20000,29,50,0.9,5,6,36,17.179522024729742,0
covtype_binary_20000,29,50,0.9,6,6,578,17.982036528014365,1
covtype_binary_20000,29,50,0.9,7,6,367,17.982036528014365,1
covtype_binary_20000,29,50,0.9,8,6,414,17.982036528014365,1
covtype_binary_20000,29,50,0.9,9,6,638,17.982036528014365,1
covtype_binary_20000,29,50,0.9,10,6,814,17.79857569588207,0
covtype_binary_20000,29,50,0.9,11,6,753,17.4204243974571,0
covtype_binary_20000,29,50,0.9,12,6,494,17.982036528014365,1
covtype_binary_20000,29,50,0.9,13,6,277,17.982036528014365,1
covtype_binary_20000,29,50,0.9,14,6,518,17.06648355203391,0
covtype_binary_20000,29,50,0.9,15,6,511,17.971251206722336,1
covtype_binary_20000,29,50,0.9,16,11,173,11.773731413610982,0
covtype_binary_20000,29,50,0.9,17,9,135,17.804951466592918,0
covtype_binary_20000,29,50,0.9,18,1,128,0.0037187932170019145,0
covtype_binary_20000,29,50,0.9,19,7,333,17.982036528014365,1
covtype_binary_20000,29,50,0.9,20,12,573,17.982036528014365,1
covtype_binary_20000,29,50,0.9,21,12,60,17.838162142518755,0
covtype_binary_20000,29,50,0.9,22,9,24,16.961680217265677,0
covtype_binary_20000,29,50,0.9,23,9,422,17.901049535824527,1
covtype_binary_20000,29,50,0.9,24,9,769,17.38079111228307,0
covtype_binary_20000,29,50,0.9,25,6,363,17.982036528014365,1
covtype_binary_20000,29,50,0.9,26,5,866,17.781193618894903,0
covtype_binary_20000,29,50,0.9,27,6,338,17.982036528014365,1
covtype_binary_20000,29,50,0.9,28,2,310,7.875231055211841,0
covtype_binary_20000,29,50,0.9,29,6,318,17.982036528014365,1
covtype_binary_20000,29,50,0.9,30,14,262,17.982036528014365,1
covtype_binary_20000,29,50,0.9,31,7,914,17.961248392226562,1
covtype_binary_20000,29,50,0.9,32,14,83,17.982036528014365,1
covtype_binary_20000,29,50,0.9,33,9,197,17.96570565416134,1
covtype_binary_20000,29,50,0.9,34,9,257,17.120849592951565,0
covtype_binary_20000,29,50,0.9,35,9,124,17.26181929103048,0
covtype_binary_20000,29,50,0.9,36,7,52,17.854398975631398,0
covtype_binary_20000,29,50,0.9,37,42,170,11.129878127757062,0
covtype_binary_20000,29,50,0.9,38,42,130,9.957632527562142,0
covtype_binary_20000,29,50,0.9,39,6,746,17.982036528014365,1
covtype_binary_20000,29,50,0.9,40,6,770,17.661939940496534,0
covtype_binary_20000,29,50,0.9,41,6,296,17.982036528014365,1
covtype_binary_20000,29,50,0.9,42,8,147,17.37283018935025,0
covtype_binary_20000,29,50,0.9,43,5,841,17.81503330034684,0
covtype_binary_20000,29,50,0.9,44,6,343,17.982036528014365,1
covtype_binary_20000,29,50,0.9,45,12,118,17.59114141967468,0
covtype_binary_20000,29,50,0.9,46,13,366,17.982036528014365,1
covtype_binary_20000,29,50,0.9,47,7,473,17.982036528014365,1
covtype_binary_20000,29,50,0.9,48,1,662,0.0015276296191394922,0
covtype_binary_20000,29,50,0.9,49,12,47,17.835807523193264,0
covtype_binary_20000,29,50,0.9,50,1,213,0.0010209075134507417,0
covtype_binary_20000,29,50,0.9,51,6,408,17.982036528014365,1
covtype_binary_20000,29,50,0.9,52,12,84,17.402561196810364,0
covtype_binary_20000,29,50,0.9,53,9,171,17.982036528014365,1
covtype_binary_20000,29,50,0.9,54,9,134,17.0067631353234,0
covtype_binary_20000,29,50,0.9,55,1,183,0.004525917967787008,0
covtype_binary_20000,29,50,0.9,56,6,190,17.982036528014365,1
covtype_binary_20000,29,50,0.9,57,40,215,16.673132200942085,0
covtype_binary_20000,29,50,0.9,58,9,95,17.90855720594396,1
covtype_binary_20000,29,50,0.9,59,5,743,17.982036528014365,1
covtype_binary_20000,29,50,0.9,60,42,140,15.65499416938532,0
covtype_binary_20000,29,50,0.9,61,6,912,17.982036528014365,1
covtype_binary_20000,29,50,0.9,62,6,540,17.982036528014365,1
covtype_binary_20000,29,50,0.9,63,8,155,17.591463554883703,0
covtype_binary_20000,29,50,0.9,64,8,687,17.83645322433988,0
covtype_binary_20000,29,50,0.9,65,8,57,17.179943937309044,0
covtype_binary_20000,29,50,0.9,66,6,245,12.536928460785298,0
covtype_binary_20000,29,50,0.9,67,6,264,17.982036528014365,1
covtype_binary_20000,29,50,0.9,68,12,428,17.982036528014365,1
covtype_binary_20000,29,50,0.9,69,1,508,0.002642789476660523,0
covtype_binary_20000,29,50,0.9,70,7,381,17.496093880878522,0
covtype_binary_20000,29,50,0.9,71,7,282,17.759926951715563,0
covtype_binary_20000,29,50,0.9,72,17,246,17.982036528014365,1
covtype_binary_20000,29,50,0.9,73,1,695,0.004078033026430117,0
covtype_binary_20000,29,50,0.9,74,17,369,17.982036528014365,1
covtype_binary_20000,29,50,0.9,75,9,27,17.982036528014365,1
covtype_binary_20000,29,50,0.9,76,9,278,17.76226832604534,0
covtype_binary_20000,29,50,0.9,77,9,566,16.30716716728386,0
covtype_binary_20000,29,50,0.9,78,2,379,0.0005036070281158045,0
covtype_binary_20000,29,50,0.9,79,28,400,17.982036528014365,1
covtype_binary_20000,29,50,0.9,80,1,114,5.450249250220726,0
covtype_binary_20000,29,50,0.9,81,12,70,15.42081702478828,0
covtype_binary_20000,29,50,0.9,82,1,217,0.023279492621125164,0
covtype_binary_20000,29,50,0.9,83,13,592,17.982036528014365,1
covtype_binary_20000,29,50,0.9,84,6,359,17.982036528014365,1
covtype_binary_20000,29,50,0.9,85,10,78,13.857586485340468,0
covtype_binary_20000,29,50,0.9,86,1,924,0.3629307613769268,0
covtype_binary_20000,29,50,0.9,87,6,412,17.982036528014365,1
covtype_binary_20000,29,50,0.9,88,6,710,17.876882016409862,0
covtype_binary_20000,29,50,0.9,89,6,481,17.938866469972254,1
covtype_binary_20000,29,50,0.9,90,6,828,17.98180547895418,1
covtype_binary_20000,29,50,0.9,91,6,300,17.982036528014365,1
covtype_binary_20000,29,50,0.9,92,6,744,17.974684415636567,1
covtype_binary_20000,29,50,0.9,93,6,622,17.982036528014365,1
covtype_binary_20000,29,50,0.9,94,6,433,17.9410780313913,1
covtype_binary_20000,29,50,0.9,95,6,755,17.982036528014365,1
covtype_binary_20000,29,50,0.9,96,12,301,17.982036528014365,1
covtype_binary_20000,29,50,0.9,97,9,11,17.45423060284944,0
covtype_binary_20000,29,50,0.9,98,6,612,17.982036528014365,1
covtype_binary_20000,29,50,0.9,99,6,250,17.976811666502545,1
covtype_binary_20000,29,50,0.9,100,12,42,17.779215738558406,0
covtype_binary_20000,29,50,0.9,101,9,256,17.453250889797342,0
covtype_binary_20000,29,50,0.9,102,9,54,17.70627576503184,0
covtype_binary_20000,29,50,0.9,103,4,63,14.837318428288443,0
covtype_binary_20000,29,50,0.9,104,9,247,16.993722396964397,0
covtype_binary_20000,29,50,0.9,105,9,382,17.811280541444134,0
covtype_binary_20000,29,100,0.75,1,23,355,17.982036528014365,1
covtype_binary_20000,29,100,0.75,2,9,14,17.903091537824352,1
covtype_binary_20000,29,100,0.75,3,9,61,17.07481696356765,1
covtype_binary_20000,29,100,0.75,4,6,36,17.179522024729742,1
covtype_binary_20000,29,100,0.75,5,12,367,17.982036528014365,1
covtype_binary_20000,29,100,0.75,6,6,414,17.982036528014365,1
covtype_binary_20000,29,100,0.75,7,12,638,17.982036528014365,1
covtype_binary_20000,29,100,0.75,8,12,494,17.982036528014365,1
covtype_binary_20000,29,100,0.75,9,6,277,17.982036528014365,1
covtype_binary_20000,29,100,0.75,10,12,511,17.971251206722336,1
covtype_binary_20000,29,100,0.75,11,11,173,11.773731413610982,1
covtype_binary_20000,29,100,0.75,12,10,135,17.804951466592918,1
covtype_binary_20000,29,100,0.75,13,7,333,17.982036528014365,1
covtype_binary_20000,29,100,0.75,14,12,573,17.982036528014365,1
covtype_binary_20000,29,100,0.75,15,12,60,17.838162142518755,1
covtype_binary_20000,29,100,0.75,16,18,422,17.901049535824527,1
covtype_binary_20000,29,100,0.75,17,9,769,17.38079111228307,1
covtype_binary_20000,29,100,0.75,18,6,363,17.982036528014365,1
covtype_binary_20000,29,100,0.75,19,11,338,17.982036528014365,1
covtype_binary_20000,29,100,0.75,20,2,310,7.875231055211841,1
covtype_binary_20000,29,100,0.75,21,6,318,17.982036528014365,1
covtype_binary_20000,29,100,0.75,22,14,262,17.982036528014365,1
covtype_binary_20000,29,100,0.75,23,7,914,17.961248392226562,1
covtype_binary_20000,29,100,0.75,24,14,83,17.982036528014365,1
covtype_binary_20000,29,100,0.75,25,9,197,17.96570565416134,1
covtype_binary_20000,29,100,0.75,26,9,257,17.120849592951565,1
covtype_binary_20000,29,100,0.75,27,9,124,17.26181929103048,1
covtype_binary_20000,29,100,0.75,28,7,52,17.854398975631398,1
covtype_binary_20000,29,100,0.75,29,84,170,11.129878127757062,1
covtype_binary_20000,29,100,0.75,30,18,296,17.982036528014365,1
covtype_binary_20000,29,100,0.75,31,8,147,17.37283018935025,1
covtype_binary_20000,29,100,0.75,32,11,343,17.982036528014365,1
covtype_binary_20000,29,100,0.75,33,12,118,17.59114141967468,1
covtype_binary_20000,29,100,0.75,34,13,366,17.982036528014365,1
covtype_binary_20000,29,100,0.75,35,8,473,17.982036528014365,1
covtype_binary_20000,29,100,0.75,36,12,47,17.835807523193264,1
covtype_binary_20000,29,100,0.75,37,1,213,0.0010209075134507417,1
covtype_binary_20000,29,100,0.75,38,6,408,17.982036528014365,1
covtype_binary_20000,29,100,0.75,39,12,84,17.402561196810364,1
covtype_binary_20000,29,100,0.75,40,9,171,17.982036528014365,1
covtype_binary_20000,29,100,0.75,41,10,134,17.0067631353234,1
covtype_binary_20000,29,100,0.75,42,6,190,17.982036528014365,1
covtype_binary_20000,29,100,0.75,43,40,215,16.673132200942085,1
covtype_binary_20000,29,100,0.75,44,9,95,17.90855720594396,1
covtype_binary_20000,29,100,0.75,45,5,743,17.982036528014365,1
covtype_binary_20000,29,100,0.75,46,42,140,15.65499416938532,1
covtype_binary_20000,29,100,0.75,47,12,540,17.982036528014365,1
covtype_binary_20000,29,100,0.75,48,8,155,17.591463554883703,1
covtype_binary_20000,29,100,0.75,49,8,687,17.83645322433988,1
covtype_binary_20000,29,100,0.75,50,8,57,17.179943937309044,1
covtype_binary_20000,29,100,0.75,51,6,245,12.536928460785298,1
covtype_binary_20000,29,100,0.75,52,18,264,17.982036528014365,1
covtype_binary_20000,29,100,0.75,53,1,508,0.002642789476660523,1
covtype_binary_20000,29,100,0.75,54,7,381,17.496093880878522,1
covtype_binary_20000,29,100,0.75,55,7,282,17.759926951715563,1
covtype_binary_20000,29,100,0.75,56,18,246,17.982036528014365,1
covtype_binary_20000,29,100,0.75,57,26,27,17.982036528014365,1
covtype_binary_20000,29,100,0.75,58,9,278,17.76226832604534,1
covtype_binary_20000,29,100,0.75,59,9,566,16.30716716728386,1
covtype_binary_20000,29,100,0.75,60,2,379,0.0005036070281158045,1
covtype_binary_20000,29,100,0.75,61,29,400,17.982036528014365,1
covtype_binary_20000,29,100,0.75,62,12,70,15.42081702478828,1
covtype_binary_20000,29,100,0.75,63,1,217,0.023279492621125164,1
covtype_binary_20000,29,100,0.75,64,13,592,17.982036528014365,1
covtype_binary_20000,29,100,0.75,65,17,359,17.982036528014365,1
covtype_binary_20000,29,100,0.75,66,6,412,17.982036528014365,1
covtype_binary_20000,29,100,0.75,67,12,481,17.938866469972254,1
covtype_binary_20000,29,100,0.75,68,12,300,17.982036528014365,1
covtype_binary_20000,29,100,0.75,69,18,622,17.982036528014365,1
covtype_binary_20000,29,100,0.75,70,18,301,17.982036528014365,1
covtype_binary_20000,29,100,0.75,71,9,11,17.45423060284944,1
covtype_binary_20000,29,100,0.75,72,12,612,17.982036528014365,1
covtype_binary_20000,29,100,0.75,73,12,42,17.779215738558406,1
covtype_binary_20000,29,100,0.75,74,9,256,17.453250889797342,1
covtype_binary_20000,29,100,0.75,75,9,54,17.70627576503184,1
covtype_binary_20000,29,100,0.75,76,4,63,14.837318428288443,1
covtype_binary_20000,29,100,0.75,77,9,247,16.993722396964397,1
covtype_binary_20000,29,100,0.75,78,9,382,17.811280541444134,1
covtype_binary_20000,29,100,0.85,1,22,355,17.982036528014365,1
covtype_binary_20000,29,100,0.85,2,1,203,0.22475632479895824,1
covtype_binary_20000,29,100,0.85,3,9,14,17.903091537824352,1
covtype_binary_20000,29,100,0.85,4,9,61,17.07481696356765,1
covtype_binary_20000,29,100,0.85,5,6,36,17.179522024729742,1
covtype_binary_20000,29,100,0.85,6,6,578,17.982036528014365,1
covtype_binary_20000,29,100,0.85,7,6,367,17.982036528014365,1
covtype_binary_20000,29,100,0.85,8,6,414,17.982036528014365,1
covtype_binary_20000,29,100,0.85,9,12,638,17.982036528014365,1
covtype_binary_20000,29,100,0.85,10,6,753,17.4204243974571,1
covtype_binary_20000,29,100,0.85,11,6,494,17.982036528014365,1
covtype_binary_20000,29,100,0.85,12,6,277,17.982036528014365,1
covtype_binary_20000,29,100,0.85,13,12,511,17.971251206722336,1
covtype_binary_20000,29,100,0.85,14,11,173,11.773731413610982,1
covtype_binary_20000,29,100,0.85,15,9,135,17.804951466592918,1
covtype_binary_20000,29,100,0.85,16,1,128,0.0037187932170019145,1
covtype_binary_20000,29,100,0.85,17,7,333,17.982036528014365,1
covtype_binary_20000,29,100,0.85,18,12,573,17.982036528014365,1
covtype_binary_20000,29,100,0.85,19,12,60,17.838162142518755,1
covtype_binary_20000,29,100,0.85,20,9,24,16.961680217265677,1
covtype_binary_20000,29,100,0.85,21,9,422,17.901049535824527,1
covtype_binary_20000,29,100,0.85,22,9,769,17.38079111228307,1
covtype_binary_20000,29,100,0.85,23,6,363,17.982036528014365,1
covtype_binary_20000,29,100,0.85,24,11,338,17.982036528014365,1
covtype_binary_20000,29,100,0.85,25,2,310,7.875231055211841,1
covtype_binary_20000,29,100,0.85,26,6,318,17.982036528014365,1
covtype_binary_20000,29,100,0.85,27,14,262,17.982036528014365,1
covtype_binary_20000,29,100,0.85,28,7,914,17.961248392226562,1
covtype_binary_20000,29,100,0.85,29,14,83,17.982036528014365,1
covtype_binary_20000,29,100,0.85,30,9,197,17.96570565416134,1
covtype_binary_20000,29,100,0.85,31,9,257,17.120849592951565,1
covtype_binary_20000,29,100,0.85,32,9,124,17.26181929103048,1
covtype_binary_20000,29,100,0.85,33,7,52,17.854398975631398,1
covtype_binary_20000,29,100,0.85,34,42,170,11.129878127757062,1
covtype_binary_20000,29,100,0.85,35,42,130,9.957632527562142,1
covtype_binary_20000,29,100,0.85,36,6,746,17.982036528014365,1
covtype_binary_20000,29,100,0.85,37,12,296,17.982036528014365,1
covtype_binary_20000,29,100,0.85,38,8,147,17.37283018935025,1
covtype_binary_20000,29,100,0.85,39,11,343,17.982036528014365,1
covtype_binary_20000,29,100,0.85,40,12,118,17.59114141967468,1
covtype_binary_20000,29,100,0.85,41,13,366,17.982036528014365,1
covtype_binary_20000,29,100,0.85,42,7,473,17.982036528014365,1
covtype_binary_20000,29,100,0.85,43,1,662,0.0015276296191394922,1
covtype_binary_20000,29,100,0.85,44,12,47,17.835807523193264,1
covtype_binary_20000,29,100,0.85,45,1,213,0.0010209075134507417,1
covtype_binary_20000,29,100,0.85,46,6,408,17.982036528014365,1
covtype_binary_20000,29,100,0.85,47,12,84,17.402561196810364,1
covtype_binary_20000,29,100,0.85,48,9,171,17.982036528014365,1
covtype_binary_20000,29,100,0.85,49,10,134,17.0067631353234,1
covtype_binary_20000,29,100,0.85,50,6,190,17.982036528014365,1
covtype_binary_20000,29,100,0.85,51,40,215,16.673132200942085,1
covtype_binary_20000,29,100,0.85,52,9,95,17.90855720594396,1
covtype_binary_20000,29,100,0.85,53,5,743,17.982036528014365,1
covtype_binary_20000,29,100,0.85,54,42,140,15.65499416938532,1
covtype_binary_20000,29,100,0.85,55,6,912,17.982036528014365,1
covtype_binary_20000,29,100,0.85,56,6,540,17.982036528014365,1
covtype_binary_20000,29,100,0.85,57,8,155,17.591463554883703,1
covtype_binary_20000,29,100,0.85,58,8,687,17.83645322433988,1
covtype_binary_20000,29,100,0.85,59,8,57,17.179943937309044,1
covtype_binary_20000,29,100,0.85,60,6,245,12.536928460785298,1
covtype_binary_20000,29,100,0.85,61,6,264,17.982036528014365,1
covtype_binary_20000,29,100,0.85,62,12,428,17.982036528014365,1
covtype_binary_20000,29,100,0.85,63,1,508,0.002642789476660523,1
covtype_binary_20000,29,100,0.85,64,7,381,17.496093880878522,1
covtype_binary_20000,29,100,0.85,65,7,282,17.759926951715563,1
covtype_binary_20000,29,100,0.85,66,18,246,17.982036528014365,1
covtype_binary_20000,29,100,0.85,67,17,369,17.982036528014365,1
covtype_binary_20000,29,100,0.85,68,9,27,17.982036528014365,1
covtype_binary_20000,29,100,0.85,69,9,278,17.76226832604534,1
covtype_binary_20000,29,100,0.85,70,9,566,16.30716716728386,1
covtype_binary_20000,29,100,0.85,71,2,379,0.0005036070281158045,1
covtype_binary_20000,29,100,0.85,72,28,400,17.982036528014365,1
covtype_binary_20000,29,100,0.85,73,1,114,5.450249250220726,1
covtype_binary_20000,29,100,0.85,74,12,70,15.42081702478828,1
covtype_binary_20000,29,100,0.85,75,1,217,0.023279492621125164,1
covtype_binary_20000,29,100,0.85,76,13,592,17.982036528014365,1
covtype_binary_20000,29,100,0.85,77,6,359,17.982036528014365,1
covtype_binary_20000,29,100,0.85,78,11,78,13.857586485340468,1
covtype_binary_20000,29,100,0.85,79,6,412,17.982036528014365,1
covtype_binary_20000,29,100,0.85,80,12,481,17.938866469972254,1
covtype_binary_20000,29,100,0.85,81,12,300,17.982036528014365,1
covtype_binary_20000,29,100,0.85,82,18,622,17.982036528014365,1
covtype_binary_20000,29,100,0.85,83,6,755,17.982036528014365,1
covtype_binary_20000,29,100,0.85,84,12,301,17.982036528014365,1
covtype_binary_20000,29,100,0.85,85,9,11,17.45423060284944,1
covtype_binary_20000,29,100,0.85,86,12,612,17.982036528014365,1
covtype_binary_20000,29,100,0.85,87,12,42,17.779215738558406,1
covtype_binary_20000,29,100,0.85,88,9,256,17.453250889797342,1
covtype_binary_20000,29,100,0.85,89,9,54,17.70627576503184,1
covtype_binary_20000,29,100,0.85,90,4,63,14.837318428288443,1
covtype_binary_20000,29,100,0.85,91,9,247,16.993722396964397,1
covtype_binary_20000,29,100,0.85,92,9,382,17.811280541444134,1
covtype_binary_20000,29,100,0.9,1,22,355,17.982036528014365,1
covtype_binary_20000,29,100,0.9,2,1,203,0.22475632479895824,1
covtype_binary_20000,29,100,0.9,3,9,14,17.903091537824352,1
covtype_binary_20000,29,100,0.9,4,9,61,17.07481696356765,1
covtype_binary_20000,29,100,0.9,5,6,36,17.179522024729742,1
covtype_binary_20000,29,100,0.9,6,6,578,17.982036528014365,1
covtype_binary_20000,29,100,0.9,7,6,367,17.982036528014365,1
covtype_binary_20000,29,100,0.9,8,6,414,17.982036528014365,1
covtype_binary_20000,29,100,0.9,9,6,638,17.982036528014365,1
covtype_binary_20000,29,100,0.9,10,6,814,17.79857569588207,1
covtype_binary_20000,29,100,0.9,11,6,753,17.4204243974571,1
covtype_binary_20000,29,100,0.9,12,6,494,17.982036528014365,1
covtype_binary_20000,29,100,0.9,13,6,277,17.982036528014365,1
covtype_binary_20000,29,100,0.9,14,6,518,17.06648355203391,1
covtype_binary_20000,29,100,0.9,15,6,511,17.971251206722336,1
covtype_binary_20000,29,100,0.9,16,11,173,11.773731413610982,1
covtype_binary_20000,29,100,0.9,17,9,135,17.804951466592918,1
covtype_binary_20000,29,100,0.9,18,1,128,0.0037187932170019145,0
covtype_binary_20000,29,100,0.9,19,7,333,17.982036528014365,1
covtype_binary_20000,29,100,0.9,20,12,573,17.982036528014365,1
covtype_binary_20000,29,100,0.9,21,12,60,17.838162142518755,1
covtype_binary_20000,29,100,0.9,22,9,24,16.961680217265677,1
covtype_binary_20000,29,100,0.9,23,9,422,17.901049535824527,1
covtype_binary_20000,29,100,0.9,24,9,769,17.38079111228307,1
covtype_binary_20000,29,100,0.9,25,6,363,17.982036528014365,1
covtype_binary_20000,29,100,0.9,26,5,866,17.781193618894903,1
covtype_binary_20000,29,100,0.9,27,6,338,17.982036528014365,1
covtype_binary_20000,29,100,0.9,28,2,310,7.875231055211841,1
covtype_binary_20000,29,100,0.9,29,6,318,17.982036528014365,1
covtype_binary_20000,29,100,0.9,30,14,262,17.982036528014365,1
covtype_binary_20000,29,100,0.9,31,7,914,17.961248392226562,1
covtype_binary_20000,29,100,0.9,32,14,83,17.982036528014365,1
covtype_binary_20000,29,100,0.9,33,9,197,17.96570565416134,1
covtype_binary_20000,29,100,0.9,34,9,257,17.120849592951565,1
covtype_binary_20000,29,100,0.9,35,9,124,17.26181929103048,1
covtype_binary_20000,29,100,0.9,36,7,52,17.854398975631398,1
covtype_binary_20000,29,100,0.9,37,42,170,11.129878127757062,1
covtype_binary_20000,29,100,0.9,38,42,130,9.957632527562142,1
covtype_binary_20000,29,100,0.9,39,6,746,17.982036528014365,1
covtype_binary_20000,29,100,0.9,40,6,770,17.661939940496534,1
covtype_binary_20000,29,100,0.9,41,6,296,17.982036528014365,1
covtype_binary_20000,29,100,0.9,42,8,147,17.37283018935025,1
covtype_binary_20000,29,100,0.9,43,5,841,17.81503330034684,1
covtype_binary_20000,29,100,0.9,44,6,343,17.982036528014365,1
covtype_binary_20000,29,100,0.9,45,12,118,17.59114141967468,1
covtype_binary_20000,29,100,0.9,46,13,366,17.982036528014365,1
covtype_binary_20000,29,100,0.9,47,7,473,17.982036528014365,1
covtype_binary_20000,29,100,0.9,48,1,662,0.0015276296191394922,0
covtype_binary_20000,29,100,0.9,49,12,47,17.835807523193264,1
covtype_binary_20000,29,100,0.9,50,1,213,0.0010209075134507417,0
covtype_binary_20000,29,100,0.9,51,6,408,17.982036528014365,1
covtype_binary_20000,29,100,0.9,52,12,84,17.402561196810364,1
covtype_binary_20000,29,100,0.9,53,9,171,17.982036528014365,1
covtype_binary_20000,29,100,0.9,54,9,134,17.0067631353234,1
covtype_binary_20000,29,100,0.9,55,1,183,0.004525917967787008,1
covtype_binary_20000,29,100,0.9,56,6,190,17.982036528014365,1
covtype_binary_20000,29,100,0.9,57,40,215,16.673132200942085,1
covtype_binary_20000,29,100,0.9,58,9,95,17.90855720594396,1
covtype_binary_20000,29,100,0.9,59,5,743,17.982036528014365,1
covtype_binary_20000,29,100,0.9,60,42,140,15.65499416938532,1
covtype_binary_20000,29,100,0.9,61,6,912,17.982036528014365,1
covtype_binary_20000,29,100,0.9,62,6,540,17.982036528014365,1
covtype_binary_20000,29,100,0.9,63,8,155,17.591463554883703,1
covtype_binary_20000,29,100,0.9,64,8,687,17.83645322433988,1
covtype_binary_20000,29,100,0.9,65,8,57,17.179943937309044,1
covtype_binary_20000,29,100,0.9,66,6,245,12.536928460785298,1
covtype_binary_20000,29,100,0.9,67,6,264,17.982036528014365,1
covtype_binary_20000,29,100,0.9,68,12,428,17.982036528014365,1
covtype_binary_20000,29,100,0.9,69,1,508,0.002642789476660523,0
covtype_binary_20000,29,100,0.9,70,7,381,17.496093880878522,1
covtype_binary_20000,29,100,0.9,71,7,282,17.759926951715563,1
covtype_binary_20000,29,100,0.9,72,17,246,17.982036528014365,1
covtype_binary_20000,29,100,0.9,73,1,695,0.004078033026430117,1
covtype_binary_20000,29,100,0.9,74,17,369,17.982036528014365,1
covtype_binary_20000,29,100,0.9,75,9,27,17.982036528014365,1
covtype_binary_20000,29,100,0.9,76,9,278,17.76226832604534,1
covtype_binary_20000,29,100,0.9,77,9,566,16.30716716728386,1
covtype_binary_20000,29,100,0.9,78,2,379,0.0005036070281158045,0
covtype_binary_20000,29,100,0.9,79,28,400,17.982036528014365,1
covtype_binary_20000,29,100,0.9,80,1,114,5.450249250220726,1
covtype_binary_20000,29,100,0.9,81,12,70,15.42081702478828,1
covtype_binary_20000,29,100,0.9,82,1,217,0.023279492621125164,1
covtype_binary_20000,29,100,0.9,83,13,592,17.982036528014365,1
covtype_binary_20000,29,100,0.9,84,6,359,17.982036528014365,1
covtype_binary_20000,29,100,0.9,85,10,78,13.857586485340468,1
covtype_binary_20000,29,100,0.9,86,1,924,0.3629307613769268,1
covtype_binary_20000,29,100,0.9,87,6,412,17.982036528014365,1
covtype_binary_20000,29,100,0.9,88,6,710,17.876882016409862,1
covtype_binary_20000,29,100,0.9,89,6,481,17.938866469972254,1
covtype_binary_20000,29,100,0.9,90,6,828,17.98180547895418,1
covtype_binary_20000,29,100,0.9,91,6,300,17.982036528014365,1
covtype_binary_20000,29,100,0.9,92,6,744,17.974684415636567,1
covtype_binary_20000,29,100,0.9,93,6,622,17.982036528014365,1
covtype_binary_20000,29,100,0.9,94,6,433,17.9410780313913,1
covtype_binary_20000,29,100,0.9,95,6,755,17.982036528014365,1
covtype_binary_20000,29,100,0.9,96,12,301,17.982036528014365,1
covtype_binary_20000,29,100,0.9,97,9,11,17.45423060284944,1
covtype_binary_20000,29,100,0.9,98,6,612,17.982036528014365,1
covtype_binary_20000,29,100,0.9,99,6,250,17.976811666502545,1
covtype_binary_20000,29,100,0.9,100,12,42,17.779215738558406,1
covtype_binary_20000,29,100,0.9,101,9,256,17.453250889797342,1
covtype_binary_20000,29,100,0.9,102,9,54,17.70627576503184,1
covtype_binary_20000,29,100,0.9,103,4,63,14.837318428288443,1
covtype_binary_20000,29,100,0.9,104,9,247,16.993722396964397,1
covtype_binary_20000,29,100,0.9,105,9,382,17.811280541444134,1
covtype_binary_20000,31,25,0.75,1,9,752,18.024875098156958,0
covtype_binary_20000,31,25,0.75,2,12,700,18.048652717267043,1
covtype_binary_20000,31,25,0.75,3,25,318,18.048652717267043,1
covtype_binary_20000,31,25,0.75,4,1,261,17.15957593366882,0
covtype_binary_20000,31,25,0.75,5,4,253,16.410136868540583,0
covtype_binary_20000,31,25,0.75,6,12,575,18.04252195094587,0
covtype_binary_20000,31,25,0.75,7,12,419,18.048652717267043,1
covtype_binary_20000,31,25,0.75,8,6,466,18.048652717267043,1
covtype_binary_20000,31,25,0.75,9,2,784,0.1405041289251469,0
covtype_binary_20000,31,25,0.75,10,12,117,17.102362284821698,0
covtype_binary_20000,31,25,0.75,11,6,598,18.048652717267043,1
covtype_binary_20000,31,25,0.75,12,6,597,18.048652717267043,1
covtype_binary_20000,31,25,0.75,13,7,770,17.914576564335043,0
covtype_binary_20000,31,25,0.75,14,16,28,18.048652717267043,1
covtype_binary_20000,31,25,0.75,15,8,52,17.858937557371192,0
covtype_binary_20000,31,25,0.75,16,26,13,18.048652717267043,1
covtype_binary_20000,31,25,0.75,17,3,852,0.00031232923199298046,0
covtype_binary_20000,31,25,0.75,18,7,629,18.048652717267043,1
covtype_binary_20000,31,25,0.75,19,6,462,18.048652717267043,1
covtype_binary_20000,31,25,0.75,20,6,366,18.048652717267043,1
covtype_binary_20000,31,25,0.75,21,12,169,15.821820190413996,0
covtype_binary_20000,31,25,0.75,22,6,429,18.048652717267043,1
covtype_binary_20000,31,25,0.75,23,17,587,18.048652717267043,1
covtype_binary_20000,31,25,0.75,24,8,73,16.419553785845128,0
covtype_binary_20000,31,25,0.75,25,12,185,15.486792827136684,0
covtype_binary_20000,31,25,0.75,26,7,573,18.048652717267043,1
covtype_binary_20000,31,25,0.75,27,6,238,16.706192194111782,0
covtype_binary_20000,31,25,0.75,28,12,534,18.048652717267043,1
covtype_binary_20000,31,25,0.75,29,8,5,17.81805011254903,0
covtype_binary_20000,31,25,0.75,30,41,286,17.009859374951112,0
covtype_binary_20000,31,25,0.75,31,12,606,18.048652717267043,1
covtype_binary_20000,31,25,0.75,32,9,135,17.988907175998836,0
covtype_binary_20000,31,25,0.75,33,6,384,18.048652717267043,1
covtype_binary_20000,31,25,0.75,34,9,144,17.452993380457194,0
covtype_binary_20000,31,25,0.75,35,1,51,0.001257125876052534,0
covtype_binary_20000,31,25,0.75,36,7,148,17.930128887506275,0
covtype_binary_20000,31,25,0.75,37,12,211,16.31102578937275,0
covtype_binary_20000,31,25,0.75,38,6,643,18.048652717267043,1
covtype_binary_20000,31,25,0.75,39,9,29,17.94670254686764,0
covtype_binary_20000,31,25,0.75,40,9,104,17.440691769043557,0
covtype_binary_20000,31,25,0.75,41,6,772,18.048652717267043,1
covtype_binary_20000,31,25,0.75,42,15,764,18.048652717267043,1
covtype_binary_20000,31,25,0.75,43,9,34,17.784289579654587,0
covtype_binary_20000,31,25,0.75,44,14,335,18.037003782218232,0
covtype_binary_20000,31,25,0.75,45,12,97,16.961371040829675,0
covtype_binary_20000,31,25,0.75,46,6,814,18.048652717267043,1
covtype_binary_20000,31,25,0.75,47,6,497,17.99295464520399,0
covtype_binary_20000,31,25,0.75,48,12,257,12.664092585302301,0
covtype_binary_20000,31,25,0.75,49,1,171,0.00023894819189423933,0
covtype_binary_20000,31,25,0.75,50,6,504,18.048652717267043,1
covtype_binary_20000,31,25,0.75,51,6,759,18.048652717267043,1
covtype_binary_20000,31,25,0.75,52,42,315,9.621012090879933,0
covtype_binary_20000,31,25,0.75,53,56,511,18.048652717267043,1
covtype_binary_20000,31,25,0.75,54,10,214,15.484306619396136,0
covtype_binary_20000,31,25,0.75,55,6,530,18.048652717267043,0
covtype_binary_20000,31,25,0.75,56,9,6,18.02474927528675,0
covtype_binary_20000,31,25,0.75,57,6,829,18.048652717267043,0
covtype_binary_20000,31,25,0.75,58,6,621,18.048652717267043,0
covtype_binary_20000,31,25,0.75,59,9,107,17.72044502803124,0
covtype_binary_20000,31,25,0.75,60,1,780,0.001613241122561171,0
covtype_binary_20000,31,25,0.75,61,15,488,18.048652717267043,0
covtype_binary_20000,31,25,0.75,62,1,102,0.27434359277293413,0
covtype_binary_20000,31,25,0.75,63,8,385,18.048652717267043,0
covtype_binary_20000,31,25,0.75,64,18,71,18.0486527346398,1
covtype_binary_20000,31,25,0.75,65,11,633,17.138086716111204,0
covtype_binary_20000,31,25,0.75,66,6,552,18.048652717267043,0
covtype_binary_20000,31,25,0.75,67,12,521,17.9057732998276,0
covtype_binary_20000,31,25,0.75,68,9,43,18.009765645048113,0
covtype_binary_20000,31,25,0.75,69,7,355,18.048652717267043,0
covtype_binary_20000,31,25,0.75,70,9,691,18.048652717267043,0
covtype_binary_20000,31,25,0.75,71,2,114,15.55894047031416,0
covtype_binary_20000,31,25,0.75,72,12,563,17.998924283613846,0
covtype_binary_20000,31,25,0.75,73,12,512,17.698841134046297,0
covtype_binary_20000,31,25,0.75,74,10,849,18.048652717267043,0
covtype_binary_20000,31,25,0.75,75,7,540,18.048652717267043,0
covtype_binary_20000,31,25,0.75,76,7,288,17.66327057895856,0
covtype_binary_20000,31,25,0.75,77,8,99,17.99562900696225,0
covtype_binary_20000,31,25,0.75,78,1,544,0.0008294608550060145,0
covtype_binary_20000,31,25,0.75,79,7,127,17.11488833173657,0
covtype_binary_20000,31,25,0.75,80,6,627,18.048652717267043,0
covtype_binary_20000,31,25,0.75,81,12,475,18.014424231076337,0
covtype_binary_20000,31,25,0.75,82,9,37,17.15970423741172,0
covtype_binary_20000,31,25,0.75,83,1,17,0.004537626682872997,0
covtype_binary_20000,31,25,0.75,84,42,675,16.657063983257146,0
covtype_binary_20000,31,25,0.75,85,13,673,18.048652717267043,0
covtype_binary_20000,31,25,0.75,86,6,456,18.048652717267043,0
covtype_binary_20000,31,25,0.75,87,12,547,18.007251283321363,0
covtype_binary_20000,31,25,0.75,88,9,237,17.69746297619413,0
covtype_binary_20000,31,25,0.75,89,1,156,0.0011448558085337956,0
covtype_binary_20000,31,25,0.75,90,12,645,18.038425618977744,0
covtype_binary_20000,31,25,0.75,91,18,14,18.048652717267043,0
covtype_binary_20000,31,25,0.85,1,9,752,18.024875098156958,0
covtype_binary_20000,31,25,0.85,2,6,700,18.048652717267043,1
covtype_binary_20000,31,25,0.85,3,6,486,17.98536999574627,0
covtype_binary_20000,31,25,0.85,4,5,650,17.14879273476789,0
covtype_binary_20000,31,25,0.85,5,20,318,18.048652717267043,1
covtype_binary_20000,31,25,0.85,6,1,261,17.15957593366882,0
covtype_binary_20000,31,25,0.85,7,4,253,16.410136868540583,0
covtype_binary_20000,31,25,0.85,8,6,731,16.667884423804527,0
covtype_binary_20000,31,25,0.85,9,6,575,18.04252195094587,0
covtype_binary_20000,31,25,0.85,10,12,419,18.048652717267043,1
covtype_binary_20000,31,25,0.85,11,6,466,18.048652717267043,1
covtype_binary_20000,31,25,0.85,12,2,784,0.1405041289251469,0
covtype_binary_20000,31,25,0.85,13,12,117,17.102362284821698,0
covtype_binary_20000,31,25,0.85,14,6,598,18.048652717267043,1
covtype_binary_20000,31,25,0.85,15,6,597,18.048652717267043,1
covtype_binary_20000,31,25,0.85,16,7,770,17.914576564335043,0
covtype_binary_20000,31,25,0.85,17,16,28,18.048652717267043,1
covtype_binary_20000,31,25,0.85,18,8,52,17.858937557371192,0
covtype_binary_20000,31,25,0.85,19,8,167,18.042002439347872,0
covtype_binary_20000,31,25,0.85,20,18,13,18.048652717267043,1
covtype_binary_20000,31,25,0.85,21,3,852,0.00031232923199298046,0
covtype_binary_20000,31,25,0.85,22,7,629,18.048652717267043,1
covtype_binary_20000,31,25,0.85,23,6,462,18.048652717267043,1
covtype_binary_20000,31,25,0.85,24,6,366,18.048652717267043,1
covtype_binary_20000,31,25,0.85,25,12,169,15.821820190413996,0
covtype_binary_20000,31,25,0.85,26,6,429,18.048652717267043,1
covtype_binary_20000,31,25,0.85,27,10,656,15.92004840324431,0
covtype_binary_20000,31,25,0.85,28,7,587,18.048652717267043,1
covtype_binary_20000,31,25,0.85,29,8,73,16.419553785845128,0
covtype_binary_20000,31,25,0.85,30,12,185,15.486792827136684,0
covtype_binary_20000,31,25,0.85,31,6,573,18.048652717267043,1
covtype_binary_20000,31,25,0.85,32,1,143,0.20601440851625136,0
covtype_binary_20000,31,25,0.85,33,6,238,16.706192194111782,0
covtype_binary_20000,31,25,0.85,34,12,534,18.048652717267043,1
covtype_binary_20000,31,25,0.85,35,8,5,17.81805011254903,0
covtype_binary_20000,31,25,0.85,36,41,286,17.009859374951112,0
covtype_binary_20000,31,25,0.85,37,12,606,18.048652717267043,1
covtype_binary_20000,31,25,0.85,38,9,135,17.988907175998836,0
covtype_binary_20000,31,25,0.85,39,6,384,18.048652717267043,1
covtype_binary_20000,31,25,0.85,40,9,144,17.452993380457194,0
covtype_binary_20000,31,25,0.85,41,1,51,0.001257125876052534,0
covtype_binary_20000,31,25,0.85,42,7,148,17.930128887506275,0
covtype_binary_20000,31,25,0.85,43,12,211,16.31102578937275,0
covtype_binary_20000,31,25,0.85,44,6,643,18.048652717267043,1
covtype_binary_20000,31,25,0.85,45,9,29,17.94670254686764,0
covtype_binary_20000,31,25,0.85,46,9,104,17.440691769043557,0
covtype_binary_20000,31,25,0.85,47,6,772,18.048652717267043,1
covtype_binary_20000,31,25,0.85,48,15,764,18.048652717267043,1
covtype_binary_20000,31,25,0.85,49,9,34,17.784289579654587,0
covtype_binary_20000,31,25,0.85,50,7,141,17.5600504771559,0
covtype_binary_20000,31,25,0.85,51,7,335,18.037003782218232,0
covtype_binary_20000,31,25,0.85,52,12,97,16.961371040829675,0
covtype_binary_20000,31,25,0.85,53,6,814,18.048652717267043,1
covtype_binary_20000,31,25,0.85,54,6,497,17.99295464520399,0
covtype_binary_20000,31,25,0.85,55,12,257,12.664092585302301,0
covtype_binary_20000,31,25,0.85,56,1,171,0.00023894819189423933,0
covtype_binary_20000,31,25,0.85,57,6,504,18.048652717267043,1
covtype_binary_20000,31,25,0.85,58,6,759,18.048652717267043,1
covtype_binary_20000,31,25,0.85,59,42,315,9.621012090879933,0
covtype_binary_20000,31,25,0.85,60,42,300,8.968822238941774,0
covtype_binary_20000,31,25,0.85,61,14,511,18.048652717267043,1
covtype_binary_20000,31,25,0.85,62,10,214,15.484306619396136,0
covtype_binary_20000,31,25,0.85,63,6,530,18.048652717267043,0
covtype_binary_20000,31,25,0.85,64,9,6,18.02474927528675,0
covtype_binary_20000,31,25,0.85,65,6,829,18.048652717267043,0
covtype_binary_20000,31,25,0.85,66,6,621,18.048652717267043,0
covtype_binary_20000,31,25,0.85,67,9,107,17.72044502803124,0
covtype_binary_20000,31,25,0.85,68,1,780,0.001613241122561171,0
covtype_binary_20000,31,25,0.85,69,15,488,18.048652717267043,0
covtype_binary_20000,31,25,0.85,70,1,102,0.27434359277293413,0
covtype_binary_20000,31,25,0.85,71,8,385,18.048652717267043,0
covtype_binary_20000,31,25,0.85,72,18,71,18.0486527346398,1
covtype_binary_20000,31,25,0.85,73,11,633,17.138086716111204,0
covtype_binary_20000,31,25,0.85,74,6,552,18.048652717267043,0
covtype_binary_20000,31,25,0.85,75,12,521,17.9057732998276,0
covtype_binary_20000,31,25,0.85,76,8,43,18.009765645048113,0
covtype_binary_20000,31,25,0.85,77,1,3,0.005549235824134469,0
covtype_binary_20000,31,25,0.85,78,7,355,18.048652717267043,0
covtype_binary_20000,31,25,0.85,79,6,691,18.048652717267043,0
covtype_binary_20000,31,25,0.85,80,3,636,16.80891016077765,0
covtype_binary_20000,31,25,0.85,81,2,114,15.55894047031416,0
covtype_binary_20000,31,25,0.85,82,12,563,17.998924283613846,0
covtype_binary_20000,31,25,0.85,83,12,512,17.698841134046297,0
covtype_binary_20000,31,25,0.85,84,10,849,18.048652717267043,0
covtype_binary_20000,31,25,0.85,85,7,540,18.048652717267043,0
covtype_binary_20000,31,25,0.85,86,7,288,17.66327057895856,0
covtype_binary_20000,31,25,0.85,87,8,99,17.99562900696225,0
covtype_binary_20000,31,25,0.85,88,1,544,0.0008294608550060145,0
covtype_binary_20000,31,25,0.85,89,7,127,17.11488833173657,0
covtype_binary_20000,31,25,0.85,90,6,627,18.048652717267043,0
covtype_binary_20000,31,25,0.85,91,12,475,18.014424231076337,0
covtype_binary_20000,31,25,0.85,92,9,37,17.15970423741172,0
covtype_binary_20000,31,25,0.85,93,1,17,0.004537626682872997,0
covtype_binary_20000,31,25,0.85,94,42,675,16.657063983257146,0
covtype_binary_20000,31,25,0.85,95,13,673,18.048652717267043,0
covtype_binary_20000,31,25,0.85,96,6,456,18.048652717267043,0
covtype_binary_20000,31,25,0.85,97,12,547,18.007251283321363,0
covtype_binary_20000,31,25,0.85,98,9,237,17.69746297619413,0
covtype_binary_20000,31,25,0.85,99,1,156,0.0011448558085337956,0
covtype_binary_20000,31,25,0.85,100,12,645,18.038425618977744,0
covtype_binary_20000,31,25,0.85,101,9,14,18.048652717267043,0
covtype_binary_20000,31,25,0.85,102,9,11,17.44816820106237,0
covtype_binary_20000,31,25,0.9,1,9,752,18.024875098156958,0
covtype_binary_20000,31,25,0.9,2,6,700,18.048652717267043,1
covtype_binary_20000,31,25,0.9,3,6,486,17.98536999574627,0
covtype_binary_20000,31,25,0.9,4,5,650,17.14879273476789,0
covtype_binary_20000,31,25,0.9,5,20,318,18.048652717267043,1
covtype_binary_20000,31,25,0.9,6,1,261,17.15957593366882,0
covtype_binary_20000,31,25,0.9,7,4,253,16.410136868540583,0
covtype_binary_20000,31,25,0.9,8,6,731,16.667884423804527,0
covtype_binary_20000,31,25,0.9,9,6,575,18.04252195094587,0
covtype_binary_20000,31,25,0.9,10,6,463,18.048652717267043,1
covtype_binary_20000,31,25,0.9,11,6,419,18.048652717267043,1
covtype_binary_20000,31,25,0.9,12,6,466,18.048652717267043,1
covtype_binary_20000,31,25,0.9,13,2,784,0.1405041289251469,0
covtype_binary_20000,31,25,0.9,14,12,117,17.102362284821698,0
covtype_binary_20000,31,25,0.9,15,6,598,18.048652717267043,1
covtype_binary_20000,31,25,0.9,16,6,597,18.048652717267043,1
covtype_binary_20000,31,25,0.9,17,7,770,17.914576564335043,0
covtype_binary_20000,31,25,0.9,18,7,502,17.0577514083847,0
covtype_binary_20000,31,25,0.9,19,9,28,18.048652717267043,1
covtype_binary_20000,31,25,0.9,20,8,52,17.858937557371192,0
covtype_binary_20000,31,25,0.9,21,8,167,18.042002439347872,0
covtype_binary_20000,31,25,0.9,22,18,13,18.048652717267043,1
covtype_binary_20000,31,25,0.9,23,3,852,0.00031232923199298046,0
covtype_binary_20000,31,25,0.9,24,7,629,18.048652717267043,1
covtype_binary_20000,31,25,0.9,25,6,462,18.048652717267043,1
covtype_binary_20000,31,25,0.9,26,6,366,18.048652717267043,1
covtype_binary_20000,31,25,0.9,27,12,169,15.821820190413996,0
covtype_binary_20000,31,25,0.9,28,6,429,18.048652717267043,1
covtype_binary_20000,31,25,0.9,29,10,656,15.92004840324431,0
covtype_binary_20000,31,25,0.9,30,7,587,18.048652717267043,1
covtype_binary_20000,31,25,0.9,31,8,73,16.419553785845128,0
covtype_binary_20000,31,25,0.9,32,12,185,15.486792827136684,0
covtype_binary_20000,31,25,0.9,33,6,573,18.048652717267043,1
covtype_binary_20000,31,25,0.9,34,1,143,0.20601440851625136,0
covtype_binary_20000,31,25,0.9,35,6,238,16.706192194111782,0
covtype_binary_20000,31,25,0.9,36,6,534,18.048652717267043,1
covtype_binary_20000,31,25,0.9,37,6,483,18.008584653432077,0
covtype_binary_20000,31,25,0.9,38,8,5,17.81805011254903,0
covtype_binary_20000,31,25,0.9,39,41,286,17.009859374951112,0
covtype_binary_20000,31,25,0.9,40,12,606,18.048652717267043,1
covtype_binary_20000,31,25,0.9,41,9,135,17.988907175998836,0
covtype_binary_20000,31,25,0.9,42,6,384,18.048652717267043,1
covtype_binary_20000,31,25,0.9,43,9,144,17.452993380457194,0
covtype_binary_20000,31,25,0.9,44,1,51,0.001257125876052534,0
covtype_binary_20000,31,25,0.9,45,7,148,17.930128887506275,0
covtype_binary_20000,31,25,0.9,46,12,211,16.31102578937275,0
covtype_binary_20000,31,25,0.9,47,6,643,18.048652717267043,1
covtype_binary_20000,31,25,0.9,48,9,29,17.94670254686764,0
covtype_binary_20000,31,25,0.9,49,9,104,17.440691769043557,0
covtype_binary_20000,31,25,0.9,50,6,772,18.048652717267043,1
covtype_binary_20000,31,25,0.9,51,15,764,18.048652717267043,1
covtype_binary_20000,31,25,0.9,52,9,34,17.784289579654587,0
covtype_binary_20000,31,25,0.9,53,7,141,17.5600504771559,0
covtype_binary_20000,31,25,0.9,54,7,335,18.037003782218232,0
covtype_binary_20000,31,25,0.9,55,12,97,16.961371040829675,0
covtype_binary_20000,31,25,0.9,56,6,814,18.048652717267043,1
covtype_binary_20000,31,25,0.9,57,6,497,17.99295464520399,0
covtype_binary_20000,31,25,0.9,58,12,257,12.664092585302301,0
covtype_binary_20000,31,25,0.9,59,1,171,0.00023894819189423933,0
covtype_binary_20000,31,25,0.9,60,6,504,18.048652717267043,1
covtype_binary_20000,31,25,0.9,61,6,759,18.048652717267043,1
covtype_binary_20000,31,25,0.9,62,42,315,9.621012090879933,0
covtype_binary_20000,31,25,0.9,63,42,300,8.968822238941774,0
covtype_binary_20000,31,25,0.9,64,14,511,18.048652717267043,0
covtype_binary_20000,31,25,0.9,65,10,214,15.484306619396136,0
covtype_binary_20000,31,25,0.9,66,6,530,18.048652717267043,0
covtype_binary_20000,31,25,0.9,67,9,6,18.02474927528675,0
covtype_binary_20000,31,25,0.9,68,6,829,18.048652717267043,0
covtype_binary_20000,31,25,0.9,69,6,621,18.048652717267043,0
covtype_binary_20000,31,25,0.9,70,9,107,17.72044502803124,0
covtype_binary_20000,31,25,0.9,71,1,780,0.001613241122561171,0
covtype_binary_20000,31,25,0.9,72,6,488,18.048652717267043,0
covtype_binary_20000,31,25,0.9,73,9,684,17.42992718550988,0
covtype_binary_20000,31,25,0.9,74,1,102,0.27434359277293413,0
covtype_binary_20000,31,25,0.9,75,8,385,18.048652717267043,0
covtype_binary_20000,31,25,0.9,76,18,71,18.0486527346398,1
covtype_binary_20000,31,25,0.9,77,11,633,17.138086716111204,0
covtype_binary_20000,31,25,0.9,78,6,552,18.048652717267043,0
covtype_binary_20000,31,25,0.9,79,12,521,17.9057732998276,0
covtype_binary_20000,31,25,0.9,80,8,43,18.009765645048113,0
covtype_binary_20000,31,25,0.9,81,1,3,0.005549235824134469,0
covtype_binary_20000,31,25,0.9,82,7,355,18.048652717267043,0
covtype_binary_20000,31,25,0.9,83,6,691,18.048652717267043,0
covtype_binary_20000,31,25,0.9,84,3,636,16.80891016077765,0
covtype_binary_20000,31,25,0.9,85,2,114,15.55894047031416,0
covtype_binary_20000,31,25,0.9,86,12,563,17.998924283613846,0
covtype_binary_20000,31,25,0.9,87,6,512,17.698841134046297,0
covtype_binary_20000,31,25,0.9,88,6,472,17.69157918485675,0
covtype_binary_20000,31,25,0.9,89,10,849,18.048652717267043,0
covtype_binary_20000,31,25,0.9,90,7,540,18.048652717267043,0
covtype_binary_20000,31,25,0.9,91,7,288,17.66327057895856,0
covtype_binary_20000,31,25,0.9,92,8,99,17.99562900696225,0
covtype_binary_20000,31,25,0.9,93,1,544,0.0008294608550060145,0
covtype_binary_20000,31,25,0.9,94,7,127,17.11488833173657,0
covtype_binary_20000,31,25,0.9,95,6,627,18.048652717267043,0
covtype_binary_20000,31,25,0.9,96,12,475,18.014424231076337,0
covtype_binary_20000,31,25,0.9,97,8,37,17.15970423741172,0
covtype_binary_20000,31,25,0.9,98,1,8,0.01050325330768348,0
covtype_binary_20000,31,25,0.9,99,1,17,0.004537626682872997,0
covtype_binary_20000,31,25,0.9,100,42,675,16.657063983257146,0
covtype_binary_20000,31,25,0.9,101,13,673,18.048652717267043,0
covtype_binary_20000,31,25,0.9,102,6,456,18.048652717267043,0
covtype_binary_20000,31,25,0.9,103,6,803,16.934389355724104,0
covtype_binary_20000,31,25,0.9,104,6,547,18.007251283321363,0
covtype_binary_20000,31,25,0.9,105,9,237,17.69746297619413,0
covtype_binary_20000,31,25,0.9,106,1,156,0.0011448558085337956,0
covtype_binary_20000,31,25,0.9,107,6,645,18.038425618977744,0
covtype_binary_20000,31,25,0.9,108,6,883,17.206145085470187,0
covtype_binary_20000,31,25,0.9,109,9,14,18.048652717267043,0
covtype_binary_20000,31,25,0.9,110,9,11,17.44816820106237,0
covtype_binary_20000,31,50,0.75,1,9,752,18.024875098156958,1
covtype_binary_20000,31,50,0.75,2,12,700,18.048652717267043,1
covtype_binary_20000,31,50,0.75,3,25,318,18.048652717267043,1
covtype_binary_20000,31,50,0.75,4,1,261,17.15957593366882,0
covtype_binary_20000,31,50,0.75,5,4,253,16.410136868540583,0
covtype_binary_20000,31,50,0.75,6,12,575,18.04252195094587,1
covtype_binary_20000,31,50,0.75,7,12,419,18.048652717267043,1
covtype_binary_20000,31,50,0.75,8,6,466,18.048652717267043,1
covtype_binary_20000,31,50,0.75,9,2,784,0.1405041289251469,0
covtype_binary_20000,31,50,0.75,10,12,117,17.102362284821698,0
covtype_binary_20000,31,50,0.75,11,6,598,18.048652717267043,1
covtype_binary_20000,31,50,0.75,12,6,597,18.048652717267043,1
covtype_binary_20000,31,50,0.75,13,7,770,17.914576564335043,0
covtype_binary_20000,31,50,0.75,14,16,28,18.048652717267043,1
covtype_binary_20000,31,50,0.75,15,8,52,17.858937557371192,0
covtype_binary_20000,31,50,0.75,16,26,13,18.048652717267043,1
covtype_binary_20000,31,50,0.75,17,3,852,0.00031232923199298046,0
covtype_binary_20000,31,50,0.75,18,7,629,18.048652717267043,1
covtype_binary_20000,31,50,0.75,19,6,462,18.048652717267043,1
covtype_binary_20000,31,50,0.75,20,6,366,18.048652717267043,1
covtype_binary_20000,31,50,0.75,21,12,169,15.821820190413996,0
covtype_binary_20000,31,50,0.75,22,6,429,18.048652717267043,1
covtype_binary_20000,31,50,0.75,23,17,587,18.048652717267043,1
covtype_binary_20000,31,50,0.75,24,8,73,16.419553785845128,0
covtype_binary_20000,31,50,0.75,25,12,185,15.486792827136684,0
covtype_binary_20000,31,50,0.75,26,7,573,18.048652717267043,1
covtype_binary_20000,31,50,0.75,27,6,238,16.706192194111782,0
covtype_binary_20000,31,50,0.75,28,12,534,18.048652717267043,1
covtype_binary_20000,31,50,0.75,29,8,5,17.81805011254903,0
covtype_binary_20000,31,50,0.75,30,41,286,17.009859374951112,0
covtype_binary_20000,31,50,0.75,31,12,606,18.048652717267043,1
covtype_binary_20000,31,50,0.75,32,9,135,17.988907175998836,0
covtype_binary_20000,31,50,0.75,33,6,384,18.048652717267043,1
covtype_binary_20000,31,50,0.75,34,9,144,17.452993380457194,0
covtype_binary_20000,31,50,0.75,35,1,51,0.001257125876052534,0
covtype_binary_20000,31,50,0.75,36,7,148,17.930128887506275,0
covtype_binary_20000,31,50,0.75,37,12,211,16.31102578937275,0
covtype_binary_20000,31,50,0.75,38,6,643,18.048652717267043,1
covtype_binary_20000,31,50,0.75,39,9,29,17.94670254686764,0
covtype_binary_20000,31,50,0.75,40,9,104,17.440691769043557,0
covtype_binary_20000,31,50,0.75,41,6,772,18.048652717267043,1
covtype_binary_20000,31,50,0.75,42,15,764,18.048652717267043,1
covtype_binary_20000,31,50,0.75,43,9,34,17.784289579654587,0
covtype_binary_20000,31,50,0.75,44,14,335,18.037003782218232,1
covtype_binary_20000,31,50,0.75,45,12,97,16.961371040829675,0
covtype_binary_20000,31,50,0.75,46,6,814,18.048652717267043,1
covtype_binary_20000,31,50,0.75,47,6,497,17.99295464520399,1
covtype_binary_20000,31,50,0.75,48,12,257,12.664092585302301,0
covtype_binary_20000,31,50,0.75,49,1,171,0.00023894819189423933,0
covtype_binary_20000,31,50,0.75,50,6,504,18.048652717267043,1
covtype_binary_20000,31,50,0.75,51,6,759,18.048652717267043,1
covtype_binary_20000,31,50,0.75,52,42,315,9.621012090879933,0
covtype_binary_20000,31,50,0.75,53,56,511,18.048652717267043,1
covtype_binary_20000,31,50,0.75,54,10,214,15.484306619396136,0
covtype_binary_20000,31,50,0.75,55,6,530,18.048652717267043,1
covtype_binary_20000,31,50,0.75,56,9,6,18.02474927528675,1
covtype_binary_20000,31,50,0.75,57,6,829,18.048652717267043,1
covtype_binary_20000,31,50,0.75,58,6,621,18.048652717267043,1
covtype_binary_20000,31,50,0.75,59,9,107,17.72044502803124,0
covtype_binary_20000,31,50,0.75,60,1,780,0.001613241122561171,0
covtype_binary_20000,31,50,0.75,61,15,488,18.048652717267043,1
covtype_binary_20000,31,50,0.75,62,1,102,0.27434359277293413,0
covtype_binary_20000,31,50,0.75,63,8,385,18.048652717267043,1
covtype_binary_20000,31,50,0.75,64,18,71,18.0486527346398,1
covtype_binary_20000,31,50,0.75,65,11,633,17.138086716111204,0
covtype_binary_20000,31,50,0.75,66,6,552,18.048652717267043,1
covtype_binary_20000,31,50,0.75,67,12,521,17.9057732998276,0
covtype_binary_20000,31,50,0.75,68,9,43,18.009765645048113,1
covtype_binary_20000,31,50,0.75,69,7,355,18.048652717267043,1
covtype_binary_20000,31,50,0.75,70,9,691,18.048652717267043,1
covtype_binary_20000,31,50,0.75,71,2,114,15.55894047031416,0
covtype_binary_20000,31,50,0.75,72,12,563,17.998924283613846,1
covtype_binary_20000,31,50,0.75,73,12,512,17.698841134046297,0
covtype_binary_20000,31,50,0.75,74,10,849,18.048652717267043,1
covtype_binary_20000,31,50,0.75,75,7,540,18.048652717267043,1
covtype_binary_20000,31,50,0.75,76,7,288,17.66327057895856,0
covtype_binary_20000,31,50,0.75,77,8,99,17.99562900696225,1
covtype_binary_20000,31,50,0.75,78,1,544,0.0008294608550060145,0
covtype_binary_20000,31,50,0.75,79,7,127,17.11488833173657,0
covtype_binary_20000,31,50,0.75,80,6,627,18.048652717267043,1
covtype_binary_20000,31,50,0.75,81,12,475,18.014424231076337,1
covtype_binary_20000,31,50,0.75,82,9,37,17.15970423741172,0
covtype_binary_20000,31,50,0.75,83,1,17,0.004537626682872997,0
covtype_binary_20000,31,50,0.75,84,42,675,16.657063983257146,0
covtype_binary_20000,31,50,0.75,85,13,673,18.048652717267043,1
covtype_binary_20000,31,50,0.75,86,6,456,18.048652717267043,1
covtype_binary_20000,31,50,0.75,87,12,547,18.007251283321363,1
covtype_binary_20000,31,50,0.75,88,9,237,17.69746297619413,0
covtype_binary_20000,31,50,0.75,89,1,156,0.0011448558085337956,0
covtype_binary_20000,31,50,0.75,90,12,645,18.038425618977744,1
covtype_binary_20000,31,50,0.75,91,18,14,18.048652717267043,1
covtype_binary_20000,31,50,0.85,1,9,752,18.024875098156958,1
covtype_binary_20000,31,50,0.85,2,6,700,18.048652717267043,1
covtype_binary_20000,31,50,0.85,3,6,486,17.98536999574627,0
covtype_binary_20000,31,50,0.85,4,5,650,17.14879273476789,0
covtype_binary_20000,31,50,0.85,5,20,318,18.048652717267043,1
covtype_binary_20000,31,50,0.85,6,1,261,17.15957593366882,0
covtype_binary_20000,31,50,0.85,7,4,253,16.410136868540583,0
covtype_binary_20000,31,50,0.85,8,6,731,16.667884423804527,0
covtype_binary_20000,31,50,0.85,9,6,575,18.04252195094587,1
covtype_binary_20000,31,50,0.85,10,12,419,18.048652717267043,1
covtype_binary_20000,31,50,0.85,11,6,466,18.048652717267043,1
covtype_binary_20000,31,50,0.85,12,2,784,0.1405041289251469,0
covtype_binary_20000,31,50,0.85,13,12,117,17.102362284821698,0
covtype_binary_20000,31,50,0.85,14,6,598,18.048652717267043,1
covtype_binary_20000,31,50,0.85,15,6,597,18.048652717267043,1
covtype_binary_20000,31,50,0.85,16,7,770,17.914576564335043,0
covtype_binary_20000,31,50,0.85,17,16,28,18.048652717267043,1
covtype_binary_20000,31,50,0.85,18,8,52,17.858937557371192,0
covtype_binary_20000,31,50,0.85,19,8,167,18.042002439347872,1
covtype_binary_20000,31,50,0.85,20,18,13,18.048652717267043,1
covtype_binary_20000,31,50,0.85,21,3,852,0.00031232923199298046,0
covtype_binary_20000,31,50,0.85,22,7,629,18.048652717267043,1
covtype_binary_20000,31,50,0.85,23,6,462,18.048652717267043,1
covtype_binary_20000,31,50,0.85,24,6,366,18.048652717267043,1
covtype_binary_20000,31,50,0.85,25,12,169,15.821820190413996,0
covtype_binary_20000,31,50,0.85,26,6,429,18.048652717267043,1
covtype_binary_20000,31,50,0.85,27,10,656,15.92004840324431,0
covtype_binary_20000,31,50,0.85,28,7,587,18.048652717267043,1
covtype_binary_20000,31,50,0.85,29,8,73,16.419553785845128,0
covtype_binary_20000,31,50,0.85,30,12,185,15.486792827136684,0
covtype_binary_20000,31,50,0.85,31,6,573,18.048652717267043,1
covtype_binary_20000,31,50,0.85,32,1,143,0.20601440851625136,0
covtype_binary_20000,31,50,0.85,33,6,238,16.706192194111782,0
covtype_binary_20000,31,50,0.85,34,12,534,18.048652717267043,1
covtype_binary_20000,31,50,0.85,35,8,5,17.81805011254903,0
covtype_binary_20000,31,50,0.85,36,41,286,17.009859374951112,0
covtype_binary_20000,31,50,0.85,37,12,606,18.048652717267043,1
covtype_binary_20000,31,50,0.85,38,9,135,17.988907175998836,0
covtype_binary_20000,31,50,0.85,39,6,384,18.048652717267043,1
covtype_binary_20000,31,50,0.85,40,9,144,17.452993380457194,0
covtype_binary_20000,31,50,0.85,41,1,51,0.001257125876052534,0
covtype_binary_20000,31,50,0.85,42,7,148,17.930128887506275,0
covtype_binary_20000,31,50,0.85,43,12,211,16.31102578937275,0
covtype_binary_20000,31,50,0.85,44,6,643,18.048652717267043,1
covtype_binary_20000,31,50,0.85,45,9,29,17.94670254686764,0
covtype_binary_20000,31,50,0.85,46,9,104,17.440691769043557,0
covtype_binary_20000,31,50,0.85,47,6,772,18.048652717267043,1
covtype_binary_20000,31,50,0.85,48,15,764,18.048652717267043,1
covtype_binary_20000,31,50,0.85,49,9,34,17.784289579654587,0
covtype_binary_20000,31,50,0.85,50,7,141,17.5600504771559,0
covtype_binary_20000,31,50,0.85,51,7,335,18.037003782218232,1
covtype_binary_20000,31,50,0.85,52,12,97,16.961371040829675,0
covtype_binary_20000,31,50,0.85,53,6,814,18.048652717267043,1
covtype_binary_20000,31,50,0.85,54,6,497,17.99295464520399,0
covtype_binary_20000,31,50,0.85,55,12,257,12.664092585302301,0
covtype_binary_20000,31,50,0.85,56,1,171,0.00023894819189423933,0
covtype_binary_20000,31,50,0.85,57,6,504,18.048652717267043,1
covtype_binary_20000,31,50,0.85,58,6,759,18.048652717267043,1
covtype_binary_20000,31,50,0.85,59,42,315,9.621012090879933,0
covtype_binary_20000,31,50,0.85,60,42,300,8.968822238941774,0
covtype_binary_20000,31,50,0.85,61,14,511,18.048652717267043,1
covtype_binary_20000,31,50,0.85,62,10,214,15.484306619396136,0
covtype_binary_20000,31,50,0.85,63,6,530,18.048652717267043,1
covtype_binary_20000,31,50,0.85,64,9,6,18.02474927528675,1
covtype_binary_20000,31,50,0.85,65,6,829,18.048652717267043,1
covtype_binary_20000,31,50,0.85,66,6,621,18.048652717267043,1
covtype_binary_20000,31,50,0.85,67,9,107,17.72044502803124,0
covtype_binary_20000,31,50,0.85,68,1,780,0.001613241122561171,0
covtype_binary_20000,31,50,0.85,69,15,488,18.048652717267043,1
covtype_binary_20000,31,50,0.85,70,1,102,0.27434359277293413,0
covtype_binary_20000,31,50,0.85,71,8,385,18.048652717267043,1
covtype_binary_20000,31,50,0.85,72,18,71,18.0486527346398,1
covtype_binary_20000,31,50,0.85,73,11,633,17.138086716111204,0
covtype_binary_20000,31,50,0.85,74,6,552,18.048652717267043,1
covtype_binary_20000,31,50,0.85,75,12,521,17.9057732998276,0
covtype_binary_20000,31,50,0.85,76,8,43,18.009765645048113,1
covtype_binary_20000,31,50,0.85,77,1,3,0.005549235824134469,0
covtype_binary_20000,31,50,0.85,78,7,355,18.048652717267043,1
covtype_binary_20000,31,50,0.85,79,6,691,18.048652717267043,1
covtype_binary_20000,31,50,0.85,80,3,636,16.80891016077765,0
covtype_binary_20000,31,50,0.85,81,2,114,15.55894047031416,0
covtype_binary_20000,31,50,0.85,82,12,563,17.998924283613846,1
covtype_binary_20000,31,50,0.85,83,12,512,17.698841134046297,0
covtype_binary_20000,31,50,0.85,84,10,849,18.048652717267043,1
covtype_binary_20000,31,50,0.85,85,7,540,18.048652717267043,1
covtype_binary_20000,31,50,0.85,86,7,288,17.66327057895856,0
covtype_binary_20000,31,50,0.85,87,8,99,17.99562900696225,1
covtype_binary_20000,31,50,0.85,88,1,544,0.0008294608550060145,0
covtype_binary_20000,31,50,0.85,89,7,127,17.11488833173657,0
covtype_binary_20000,31,50,0.85,90,6,627,18.048652717267043,1
covtype_binary_20000,31,50,0.85,91,12,475,18.014424231076337,1
covtype_binary_20000,31,50,0.85,92,9,37,17.15970423741172,0
covtype_binary_20000,31,50,0.85,93,1,17,0.004537626682872997,0
covtype_binary_20000,31,50,0.85,94,42,675,16.657063983257146,0
covtype_binary_20000,31,50,0.85,95,13,673,18.048652717267043,1
covtype_binary_20000,31,50,0.85,96,6,456,18.048652717267043,1
covtype_binary_20000,31,50,0.85,97,12,547,18.007251283321363,1
covtype_binary_20000,31,50,0.85,98,9,237,17.69746297619413,0
covtype_binary_20000,31,50,0.85,99,1,156,0.0011448558085337956,0
covtype_binary_20000,31,50,0.85,100,12,645,18.038425618977744,1
covtype_binary_20000,31,50,0.85,101,9,14,18.048652717267043,1
covtype_binary_20000,31,50,0.85,102,9,11,17.44816820106237,0
covtype_binary_20000,31,50,0.9,1,9,752,18.024875098156958,1
covtype_binary_20000,31,50,0.9,2,6,700,18.048652717267043,1
covtype_binary_20000,31,50,0.9,3,6,486,17.98536999574627,0
covtype_binary_20000,31,50,0.9,4,5,650,17.14879273476789,0
covtype_binary_20000,31,50,0.9,5,20,318,18.048652717267043,1
covtype_binary_20000,31,50,0.9,6,1,261,17.15957593366882,0
covtype_binary_20000,31,50,0.9,7,4,253,16.410136868540583,0
covtype_binary_20000,31,50,0.9,8,6,731,16.667884423804527,0
covtype_binary_20000,31,50,0.9,9,6,575,18.04252195094587,1
covtype_binary_20000,31,50,0.9,10,6,463,18.048652717267043,1
covtype_binary_20000,31,50,0.9,11,6,419,18.048652717267043,1
covtype_binary_20000,31,50,0.9,12,6,466,18.048652717267043,1
covtype_binary_20000,31,50,0.9,13,2,784,0.1405041289251469,0
covtype_binary_20000,31,50,0.9,14,12,117,17.102362284821698,0
covtype_binary_20000,31,50,0.9,15,6,598,18.048652717267043,1
covtype_binary_20000,31,50,0.9,16,6,597,18.048652717267043,1
covtype_binary_20000,31,50,0.9,17,7,770,17.914576564335043,0
covtype_binary_20000,31,50,0.9,18,7,502,17.0577514083847,0
covtype_binary_20000,31,50,0.9,19,9,28,18.048652717267043,1
covtype_binary_20000,31,50,0.9,20,8,52,17.858937557371192,0
covtype_binary_20000,31,50,0.9,21,8,167,18.042002439347872,1
covtype_binary_20000,31,50,0.9,22,18,13,18.048652717267043,1
covtype_binary_20000,31,50,0.9,23,3,852,0.00031232923199298046,0
covtype_binary_20000,31,50,0.9,24,7,629,18.048652717267043,1
covtype_binary_20000,31,50,0.9,25,6,462,18.048652717267043,1
covtype_binary_20000,31,50,0.9,26,6,366,18.048652717267043,1
covtype_binary_20000,31,50,0.9,27,12,169,15.821820190413996,0
covtype_binary_20000,31,50,0.9,28,6,429,18.048652717267043,1
covtype_binary_20000,31,50,0.9,29,10,656,15.92004840324431,0
covtype_binary_20000,31,50,0.9,30,7,587,18.048652717267043,1
covtype_binary_20000,31,50,0.9,31,8,73,16.419553785845128,0
covtype_binary_20000,31,50,0.9,32,12,185,15.486792827136684,0
covtype_binary_20000,31,50,0.9,33,6,573,18.048652717267043,1
covtype_binary_20000,31,50,0.9,34,1,143,0.20601440851625136,0
covtype_binary_20000,31,50,0.9,35,6,238,16.706192194111782,0
covtype_binary_20000,31,50,0.9,36,6,534,18.048652717267043,1
covtype_binary_20000,31,50,0.9,37,6,483,18.008584653432077,1
covtype_binary_20000,31,50,0.9,38,8,5,17.81805011254903,0
covtype_binary_20000,31,50,0.9,39,41,286,17.009859374951112,0
covtype_binary_20000,31,50,0.9,40,12,606,18.048652717267043,1
covtype_binary_20000,31,50,0.9,41,9,135,17.988907175998836,0
covtype_binary_20000,31,50,0.9,42,6,384,18.048652717267043,1
covtype_binary_20000,31,50,0.9,43,9,144,17.452993380457194,0
covtype_binary_20000,31,50,0.9,44,1,51,0.001257125876052534,0
covtype_binary_20000,31,50,0.9,45,7,148,17.930128887506275,0
covtype_binary_20000,31,50,0.9,46,12,211,16.31102578937275,0
covtype_binary_20000,31,50,0.9,47,6,643,18.048652717267043,1
covtype_binary_20000,31,50,0.9,48,9,29,17.94670254686764,0
covtype_binary_20000,31,50,0.9,49,9,104,17.440691769043557,0
covtype_binary_20000,31,50,0.9,50,6,772,18.048652717267043,1
covtype_binary_20000,31,50,0.9,51,15,764,18.048652717267043,1
covtype_binary_20000,31,50,0.9,52,9,34,17.784289579654587,0
covtype_binary_20000,31,50,0.9,53,7,141,17.5600504771559,0
covtype_binary_20000,31,50,0.9,54,7,335,18.037003782218232,1
covtype_binary_20000,31,50,0.9,55,12,97,16.961371040829675,0
covtype_binary_20000,31,50,0.9,56,6,814,18.048652717267043,1
covtype_binary_20000,31,50,0.9,57,6,497,17.99295464520399,0
covtype_binary_20000,31,50,0.9,58,12,257,12.664092585302301,0
covtype_binary_20000,31,50,0.9,59,1,171,0.00023894819189423933,0
covtype_binary_20000,31,50,0.9,60,6,504,18.048652717267043,1
covtype_binary_20000,31,50,0.9,61,6,759,18.048652717267043,1
covtype_binary_20000,31,50,0.9,62,42,315,9.621012090879933,0
covtype_binary_20000,31,50,0.9,63,42,300,8.968822238941774,0
covtype_binary_20000,31,50,0.9,64,14,511,18.048652717267043,1
covtype_binary_20000,31,50,0.9,65,10,214,15.484306619396136,0
covtype_binary_20000,31,50,0.9,66,6,530,18.048652717267043,1
covtype_binary_20000,31,50,0.9,67,9,6,18.02474927528675,1
covtype_binary_20000,31,50,0.9,68,6,829,18.048652717267043,1
covtype_binary_20000,31,50,0.9,69,6,621,18.048652717267043,1
covtype_binary_20000,31,50,0.9,70,9,107,17.72044502803124,0
covtype_binary_20000,31,50,0.9,71,1,780,0.001613241122561171,0
covtype_binary_20000,31,50,0.9,72,6,488,18.048652717267043,1
covtype_binary_20000,31,50,0.9,73,9,684,17.42992718550988,0
covtype_binary_20000,31,50,0.9,74,1,102,0.27434359277293413,0
covtype_binary_20000,31,50,0.9,75,8,385,18.048652717267043,1
covtype_binary_20000,31,50,0.9,76,18,71,18.0486527346398,1
covtype_binary_20000,31,50,0.9,77,11,633,17.138086716111204,0
covtype_binary_20000,31,50,0.9,78,6,552,18.048652717267043,1
covtype_binary_20000,31,50,0.9,79,12,521,17.9057732998276,0
covtype_binary_20000,31,50,0.9,80,8,43,18.009765645048113,1
covtype_binary_20000,31,50,0.9,81,1,3,0.005549235824134469,0
covtype_binary_20000,31,50,0.9,82,7,355,18.048652717267043,1
covtype_binary_20000,31,50,0.9,83,6,691,18.048652717267043,1
covtype_binary_20000,31,50,0.9,84,3,636,16.80891016077765,0
covtype_binary_20000,31,50,0.9,85,2,114,15.55894047031416,0
covtype_binary_20000,31,50,0.9,86,12,563,17.998924283613846,0
covtype_binary_20000,31,50,0.9,87,6,512,17.698841134046297,0
covtype_binary_20000,31,50,0.9,88,6,472,17.69157918485675,0
covtype_binary_20000,31,50,0.9,89,10,849,18.048652717267043,1
covtype_binary_20000,31,50,0.9,90,7,540,18.048652717267043,1
covtype_binary_20000,31,50,0.9,91,7,288,17.66327057895856,0
covtype_binary_20000,31,50,0.9,92,8,99,17.99562900696225,0
covtype_binary_20000,31,50,0.9,93,1,544,0.0008294608550060145,0
covtype_binary_20000,31,50,0.9,94,7,127,17.11488833173657,0
covtype_binary_20000,31,50,0.9,95,6,627,18.048652717267043,1
covtype_binary_20000,31,50,0.9,96,12,475,18.014424231076337,1
covtype_binary_20000,31,50,0.9,97,8,37,17.15970423741172,0
covtype_binary_20000,31,50,0.9,98,1,8,0.01050325330768348,0
covtype_binary_20000,31,50,0.9,99,1,17,0.004537626682872997,0
covtype_binary_20000,31,50,0.9,100,42,675,16.657063983257146,0
covtype_binary_20000,31,50,0.9,101,13,673,18.048652717267043,1
covtype_binary_20000,31,50,0.9,102,6,456,18.048652717267043,1
covtype_binary_20000,31,50,0.9,103,6,803,16.934389355724104,0
covtype_binary_20000,31,50,0.9,104,6,547,18.007251283321363,1
covtype_binary_20000,31,50,0.9,105,9,237,17.69746297619413,0
covtype_binary_20000,31,50,0.9,106,1,156,0.0011448558085337956,0
covtype_binary_20000,31,50,0.9,107,6,645,18.038425618977744,1
covtype_binary_20000,31,50,0.9,108,6,883,17.206145085470187,0
covtype_binary_20000,31,50,0.9,109,9,14,18.048652717267043,1
covtype_binary_20000,31,50,0.9,110,9,11,17.44816820106237,0
covtype_binary_20000,31,100,0.75,1,9,752,18.024875098156958,1
covtype_binary_20000,31,100,0.75,2,12,700,18.048652717267043,1
covtype_binary_20000,31,100,0.75,3,25,318,18.048652717267043,1
covtype_binary_20000,31,100,0.75,4,1,261,17.15957593366882,1
covtype_binary_20000,31,100,0.75,5,4,253,16.410136868540583,1
covtype_binary_20000,31,100,0.75,6,12,575,18.04252195094587,1
covtype_binary_20000,31,100,0.75,7,12,419,18.048652717267043,1
covtype_binary_20000,31,100,0.75,8,6,466,18.048652717267043,1
covtype_binary_20000,31,100,0.75,9,2,784,0.1405041289251469,1
covtype_binary_20000,31,100,0.75,10,12,117,17.102362284821698,1
covtype_binary_20000,31,100,0.75,11,6,598,18.048652717267043,1
covtype_binary_20000,31,100,0.75,12,6,597,18.048652717267043,1
covtype_binary_20000,31,100,0.75,13,7,770,17.914576564335043,1
covtype_binary_20000,31,100,0.75,14,16,28,18.048652717267043,1
covtype_binary_20000,31,100,0.75,15,8,52,17.858937557371192,1
covtype_binary_20000,31,100,0.75,16,26,13,18.048652717267043,1
covtype_binary_20000,31,100,0.75,17,3,852,0.00031232923199298046,1
covtype_binary_20000,31,100,0.75,18,7,629,18.048652717267043,1
covtype_binary_20000,31,100,0.75,19,6,462,18.048652717267043,1
covtype_binary_20000,31,100,0.75,20,6,366,18.048652717267043,1
covtype_binary_20000,31,100,0.75,21,12,169,15.821820190413996,1
covtype_binary_20000,31,100,0.75,22,6,429,18.048652717267043,1
covtype_binary_20000,31,100,0.75,23,17,587,18.048652717267043,1
covtype_binary_20000,31,100,0.75,24,8,73,16.419553785845128,1
covtype_binary_20000,31,100,0.75,25,12,185,15.486792827136684,1
covtype_binary_20000,31,100,0.75,26,7,573,18.048652717267043,1
covtype_binary_20000,31,100,0.75,27,6,238,16.706192194111782,1
covtype_binary_20000,31,100,0.75,28,12,534,18.048652717267043,1
covtype_binary_20000,31,100,0.75,29,8,5,17.81805011254903,1
covtype_binary_20000,31,100,0.75,30,41,286,17.009859374951112,1
covtype_binary_20000,31,100,0.75,31,12,606,18.048652717267043,1
covtype_binary_20000,31,100,0.75,32,9,135,17.988907175998836,1
covtype_binary_20000,31,100,0.75,33,6,384,18.048652717267043,1
covtype_binary_20000,31,100,0.75,34,9,144,17.452993380457194,1
covtype_binary_20000,31,100,0.75,35,1,51,0.001257125876052534,1
covtype_binary_20000,31,100,0.75,36,7,148,17.930128887506275,1
covtype_binary_20000,31,100,0.75,37,12,211,16.31102578937275,1
covtype_binary_20000,31,100,0.75,38,6,643,18.048652717267043,1
covtype_binary_20000,31,100,0.75,39,9,29,17.94670254686764,1
covtype_binary_20000,31,100,0.75,40,9,104,17.440691769043557,1
covtype_binary_20000,31,100,0.75,41,6,772,18.048652717267043,1
covtype_binary_20000,31,100,0.75,42,15,764,18.048652717267043,1
covtype_binary_20000,31,100,0.75,43,9,34,17.784289579654587,1
covtype_binary_20000,31,100,0.75,44,14,335,18.037003782218232,1
covtype_binary_20000,31,100,0.75,45,12,97,16.961371040829675,1
covtype_binary_20000,31,100,0.75,46,6,814,18.048652717267043,1
covtype_binary_20000,31,100,0.75,47,6,497,17.99295464520399,1
covtype_binary_20000,31,100,0.75,48,12,257,12.664092585302301,1
covtype_binary_20000,31,100,0.75,49,1,171,0.00023894819189423933,1
covtype_binary_20000,31,100,0.75,50,6,504,18.048652717267043,1
covtype_binary_20000,31,100,0.75,51,6,759,18.048652717267043,1
covtype_binary_20000,31,100,0.75,52,42,315,9.621012090879933,1
covtype_binary_20000,31,100,0.75,53,56,511,18.048652717267043,1
covtype_binary_20000,31,100,0.75,54,10,214,15.484306619396136,1
covtype_binary_20000,31,100,0.75,55,6,530,18.048652717267043,1
covtype_binary_20000,31,100,0.75,56,9,6,18.02474927528675,1
covtype_binary_20000,31,100,0.75,57,6,829,18.048652717267043,1
covtype_binary_20000,31,100,0.75,58,6,621,18.048652717267043,1
covtype_binary_20000,31,100,0.75,59,9,107,17.72044502803124,1
covtype_binary_20000,31,100,0.75,60,1,780,0.001613241122561171,1
covtype_binary_20000,31,100,0.75,61,15,488,18.048652717267043,1
covtype_binary_20000,31,100,0.75,62,1,102,0.27434359277293413,1
covtype_binary_20000,31,100,0.75,63,8,385,18.048652717267043,1
covtype_binary_20000,31,100,0.75,64,18,71,18.0486527346398,1
covtype_binary_20000,31,100,0.75,65,11,633,17.138086716111204,1
covtype_binary_20000,31,100,0.75,66,6,552,18.048652717267043,1
covtype_binary_20000,31,100,0.75,67,12,521,17.9057732998276,1
covtype_binary_20000,31,100,0.75,68,9,43,18.009765645048113,1
covtype_binary_20000,31,100,0.75,69,7,355,18.048652717267043,1
covtype_binary_20000,31,100,0.75,70,9,691,18.048652717267043,1
covtype_binary_20000,31,100,0.75,71,2,114,15.55894047031416,1
covtype_binary_20000,31,100,0.75,72,12,563,17.998924283613846,1
covtype_binary_20000,31,100,0.75,73,12,512,17.698841134046297,1
covtype_binary_20000,31,100,0.75,74,10,849,18.048652717267043,1
covtype_binary_20000,31,100,0.75,75,7,540,18.048652717267043,1
covtype_binary_20000,31,100,0.75,76,7,288,17.66327057895856,1
covtype_binary_20000,31,100,0.75,77,8,99,17.99562900696225,1
covtype_binary_20000,31,100,0.75,78,1,544,0.0008294608550060145,1
covtype_binary_20000,31,100,0.75,79,7,127,17.11488833173657,1
covtype_binary_20000,31,100,0.75,80,6,627,18.048652717267043,1
covtype_binary_20000,31,100,0.75,81,12,475,18.014424231076337,1
covtype_binary_20000,31,100,0.75,82,9,37,17.15970423741172,1
covtype_binary_20000,31,100,0.75,83,1,17,0.004537626682872997,1
covtype_binary_20000,31,100,0.75,84,42,675,16.657063983257146,1
covtype_binary_20000,31,100,0.75,85,13,673,18.048652717267043,1
covtype_binary_20000,31,100,0.75,86,6,456,18.048652717267043,1
covtype_binary_20000,31,100,0.75,87,12,547,18.007251283321363,1
covtype_binary_20000,31,100,0.75,88,9,237,17.69746297619413,1
covtype_binary_20000,31,100,0.75,89,1,156,0.0011448558085337956,1
covtype_binary_20000,31,100,0.75,90,12,645,18.038425618977744,1
covtype_binary_20000,31,100,0.75,91,18,14,18.048652717267043,1
covtype_binary_20000,31,100,0.85,1,9,752,18.024875098156958,1
covtype_binary_20000,31,100,0.85,2,6,700,18.048652717267043,1
covtype_binary_20000,31,100,0.85,3,6,486,17.98536999574627,1
covtype_binary_20000,31,100,0.85,4,5,650,17.14879273476789,1
covtype_binary_20000,31,100,0.85,5,20,318,18.048652717267043,1
covtype_binary_20000,31,100,0.85,6,1,261,17.15957593366882,1
covtype_binary_20000,31,100,0.85,7,4,253,16.410136868540583,1
covtype_binary_20000,31,100,0.85,8,6,731,16.667884423804527,1
covtype_binary_20000,31,100,0.85,9,6,575,18.04252195094587,1
covtype_binary_20000,31,100,0.85,10,12,419,18.048652717267043,1
covtype_binary_20000,31,100,0.85,11,6,466,18.048652717267043,1
covtype_binary_20000,31,100,0.85,12,2,784,0.1405041289251469,1
covtype_binary_20000,31,100,0.85,13,12,117,17.102362284821698,1
covtype_binary_20000,31,100,0.85,14,6,598,18.048652717267043,1
covtype_binary_20000,31,100,0.85,15,6,597,18.048652717267043,1
covtype_binary_20000,31,100,0.85,16,7,770,17.914576564335043,1
covtype_binary_20000,31,100,0.85,17,16,28,18.048652717267043,1
covtype_binary_20000,31,100,0.85,18,8,52,17.858937557371192,1
covtype_binary_20000,31,100,0.85,19,8,167,18.042002439347872,1
covtype_binary_20000,31,100,0.85,20,18,13,18.048652717267043,1
covtype_binary_20000,31,100,0.85,21,3,852,0.00031232923199298046,0
covtype_binary_20000,31,100,0.85,22,7,629,18.048652717267043,1
covtype_binary_20000,31,100,0.85,23,6,462,18.048652717267043,1
covtype_binary_20000,31,100,0.85,24,6,366,18.048652717267043,1
covtype_binary_20000,31,100,0.85,25,12,169,15.821820190413996,1
covtype_binary_20000,31,100,0.85,26,6,429,18.048652717267043,1
covtype_binary_20000,31,100,0.85,27,10,656,15.92004840324431,1
covtype_binary_20000,31,100,0.85,28,7,587,18.048652717267043,1
covtype_binary_20000,31,100,0.85,29,8,73,16.419553785845128,1
covtype_binary_20000,31,100,0.85,30,12,185,15.486792827136684,1
covtype_binary_20000,31,100,0.85,31,6,573,18.048652717267043,1
covtype_binary_20000,31,100,0.85,32,1,143,0.20601440851625136,1
covtype_binary_20000,31,100,0.85,33,6,238,16.706192194111782,1
covtype_binary_20000,31,100,0.85,34,12,534,18.048652717267043,1
covtype_binary_20000,31,100,0.85,35,8,5,17.81805011254903,1
covtype_binary_20000,31,100,0.85,36,41,286,17.009859374951112,1
covtype_binary_20000,31,100,0.85,37,12,606,18.048652717267043,1
covtype_binary_20000,31,100,0.85,38,9,135,17.988907175998836,1
covtype_binary_20000,31,100,0.85,39,6,384,18.048652717267043,1
covtype_binary_20000,31,100,0.85,40,9,144,17.452993380457194,1
covtype_binary_20000,31,100,0.85,41,1,51,0.001257125876052534,1
covtype_binary_20000,31,100,0.85,42,7,148,17.930128887506275,1
covtype_binary_20000,31,100,0.85,43,12,211,16.31102578937275,1
covtype_binary_20000,31,100,0.85,44,6,643,18.048652717267043,1
covtype_binary_20000,31,100,0.85,45,9,29,17.94670254686764,1
covtype_binary_20000,31,100,0.85,46,9,104,17.440691769043557,1
covtype_binary_20000,31,100,0.85,47,6,772,18.048652717267043,1
covtype_binary_20000,31,100,0.85,48,15,764,18.048652717267043,1
covtype_binary_20000,31,100,0.85,49,9,34,17.784289579654587,1
covtype_binary_20000,31,100,0.85,50,7,141,17.5600504771559,1
covtype_binary_20000,31,100,0.85,51,7,335,18.037003782218232,1
covtype_binary_20000,31,100,0.85,52,12,97,16.961371040829675,1
covtype_binary_20000,31,100,0.85,53,6,814,18.048652717267043,1
covtype_binary_20000,31,100,0.85,54,6,497,17.99295464520399,1
covtype_binary_20000,31,100,0.85,55,12,257,12.664092585302301,1
covtype_binary_20000,31,100,0.85,56,1,171,0.00023894819189423933,0
covtype_binary_20000,31,100,0.85,57,6,504,18.048652717267043,1
covtype_binary_20000,31,100,0.85,58,6,759,18.048652717267043,1
covtype_binary_20000,31,100,0.85,59,42,315,9.621012090879933,1
covtype_binary_20000,31,100,0.85,60,42,300,8.968822238941774,1
covtype_binary_20000,31,100,0.85,61,14,511,18.048652717267043,1
covtype_binary_20000,31,100,0.85,62,10,214,15.484306619396136,1
covtype_binary_20000,31,100,0.85,63,6,530,18.048652717267043,1
covtype_binary_20000,31,100,0.85,64,9,6,18.02474927528675,1
covtype_binary_20000,31,100,0.85,65,6,829,18.048652717267043,1
covtype_binary_20000,31,100,0.85,66,6,621,18.048652717267043,1
covtype_binary_20000,31,100,0.85,67,9,107,17.72044502803124,1
covtype_binary_20000,31,100,0.85,68,1,780,0.001613241122561171,1
covtype_binary_20000,31,100,0.85,69,15,488,18.048652717267043,1
covtype_binary_20000,31,100,0.85,70,1,102,0.27434359277293413,1
covtype_binary_20000,31,100,0.85,71,8,385,18.048652717267043,1
covtype_binary_20000,31,100,0.85,72,18,71,18.0486527346398,1
covtype_binary_20000,31,100,0.85,73,11,633,17.138086716111204,1
covtype_binary_20000,31,100,0.85,74,6,552,18.048652717267043,1
covtype_binary_20000,31,100,0.85,75,12,521,17.9057732998276,1
covtype_binary_20000,31,100,0.85,76,8,43,18.009765645048113,1
covtype_binary_20000,31,100,0.85,77,1,3,0.005549235824134469,1
covtype_binary_20000,31,100,0.85,78,7,355,18.048652717267043,1
covtype_binary_20000,31,100,0.85,79,6,691,18.048652717267043,1
covtype_binary_20000,31,100,0.85,80,3,636,16.80891016077765,1
covtype_binary_20000,31,100,0.85,81,2,114,15.55894047031416,1
covtype_binary_20000,31,100,0.85,82,12,563,17.998924283613846,1
covtype_binary_20000,31,100,0.85,83,12,512,17.698841134046297,1
covtype_binary_20000,31,100,0.85,84,10,849,18.048652717267043,1
covtype_binary_20000,31,100,0.85,85,7,540,18.048652717267043,1
covtype_binary_20000,31,100,0.85,86,7,288,17.66327057895856,1
covtype_binary_20000,31,100,0.85,87,8,99,17.99562900696225,1
covtype_binary_20000,31,100,0.85,88,1,544,0.0008294608550060145,1
covtype_binary_20000,31,100,0.85,89,7,127,17.11488833173657,1
covtype_binary_20000,31,100,0.85,90,6,627,18.048652717267043,1
covtype_binary_20000,31,100,0.85,91,12,475,18.014424231076337,1
covtype_binary_20000,31,100,0.85,92,9,37,17.15970423741172,1
covtype_binary_20000,31,100,0.85,93,1,17,0.004537626682872997,1
covtype_binary_20000,31,100,0.85,94,42,675,16.657063983257146,1
covtype_binary_20000,31,100,0.85,95,13,673,18.048652717267043,1
covtype_binary_20000,31,100,0.85,96,6,456,18.048652717267043,1
covtype_binary_20000,31,100,0.85,97,12,547,18.007251283321363,1
covtype_binary_20000,31,100,0.85,98,9,237,17.69746297619413,1
covtype_binary_20000,31,100,0.85,99,1,156,0.0011448558085337956,1
covtype_binary_20000,31,100,0.85,100,12,645,18.038425618977744,1
covtype_binary_20000,31,100,0.85,101,9,14,18.048652717267043,1
covtype_binary_20000,31,100,0.85,102,9,11,17.44816820106237,1
covtype_binary_20000,31,100,0.9,1,9,752,18.024875098156958,1
covtype_binary_20000,31,100,0.9,2,6,700,18.048652717267043,1
covtype_binary_20000,31,100,0.9,3,6,486,17.98536999574627,1
covtype_binary_20000,31,100,0.9,4,5,650,17.14879273476789,1
covtype_binary_20000,31,100,0.9,5,20,318,18.048652717267043,1
covtype_binary_20000,31,100,0.9,6,1,261,17.15957593366882,1
covtype_binary_20000,31,100,0.9,7,4,253,16.410136868540583,1
covtype_binary_20000,31,100,0.9,8,6,731,16.667884423804527,1
covtype_binary_20000,31,100,0.9,9,6,575,18.04252195094587,1
covtype_binary_20000,31,100,0.9,10,6,463,18.048652717267043,1
covtype_binary_20000,31,100,0.9,11,6,419,18.048652717267043,1
covtype_binary_20000,31,100,0.9,12,6,466,18.048652717267043,1
covtype_binary_20000,31,100,0.9,13,2,784,0.1405041289251469,0
covtype_binary_20000,31,100,0.9,14,12,117,17.102362284821698,1
covtype_binary_20000,31,100,0.9,15,6,598,18.048652717267043,1
covtype_binary_20000,31,100,0.9,16,6,597,18.048652717267043,1
covtype_binary_20000,31,100,0.9,17,7,770,17.914576564335043,1
covtype_binary_20000,31,100,0.9,18,7,502,17.0577514083847,1
covtype_binary_20000,31,100,0.9,19,9,28,18.048652717267043,1
covtype_binary_20000,31,100,0.9,20,8,52,17.858937557371192,1
covtype_binary_20000,31,100,0.9,21,8,167,18.042002439347872,1
covtype_binary_20000,31,100,0.9,22,18,13,18.048652717267043,1
covtype_binary_20000,31,100,0.9,23,3,852,0.00031232923199298046,0
covtype_binary_20000,31,100,0.9,24,7,629,18.048652717267043,1
covtype_binary_20000,31,100,0.9,25,6,462,18.048652717267043,1
covtype_binary_20000,31,100,0.9,26,6,366,18.048652717267043,1
covtype_binary_20000,31,100,0.9,27,12,169,15.821820190413996,1
covtype_binary_20000,31,100,0.9,28,6,429,18.048652717267043,1
covtype_binary_20000,31,100,0.9,29,10,656,15.92004840324431,1
covtype_binary_20000,31,100,0.9,30,7,587,18.048652717267043,1
covtype_binary_20000,31,100,0.9,31,8,73,16.419553785845128,1
covtype_binary_20000,31,100,0.9,32,12,185,15.486792827136684,1
covtype_binary_20000,31,100,0.9,33,6,573,18.048652717267043,1
covtype_binary_20000,31,100,0.9,34,1,143,0.20601440851625136,1
covtype_binary_20000,31,100,0.9,35,6,238,16.706192194111782,1
covtype_binary_20000,31,100,0.9,36,6,534,18.048652717267043,1
covtype_binary_20000,31,100,0.9,37,6,483,18.008584653432077,1
covtype_binary_20000,31,100,0.9,38,8,5,17.81805011254903,1
covtype_binary_20000,31,100,0.9,39,41,286,17.009859374951112,1
covtype_binary_20000,31,100,0.9,40,12,606,18.048652717267043,1
covtype_binary_20000,31,100,0.9,41,9,135,17.988907175998836,1
covtype_binary_20000,31,100,0.9,42,6,384,18.048652717267043,1
covtype_binary_20000,31,100,0.9,43,9,144,17.452993380457194,1
covtype_binary_20000,31,100,0.9,44,1,51,0.001257125876052534,0
covtype_binary_20000,31,100,0.9,45,7,148,17.930128887506275,1
covtype_binary_20000,31,100,0.9,46,12,211,16.31102578937275,1
covtype_binary_20000,31,100,0.9,47,6,643,18.048652717267043,1
covtype_binary_20000,31,100,0.9,48,9,29,17.94670254686764,1
covtype_binary_20000,31,100,0.9,49,9,104,17.440691769043557,1
covtype_binary_20000,31,100,0.9,50,6,772,18.048652717267043,1
covtype_binary_20000,31,100,0.9,51,15,764,18.048652717267043,1
covtype_binary_20000,31,100,0.9,52,9,34,17.784289579654587,1
covtype_binary_20000,31,100,0.9,53,7,141,17.5600504771559,1
covtype_binary_20000,31,100,0.9,54,7,335,18.037003782218232,1
covtype_binary_20000,31,100,0.9,55,12,97,16.961371040829675,1
covtype_binary_20000,31,100,0.9,56,6,814,18.048652717267043,1
covtype_binary_20000,31,100,0.9,57,6,497,17.99295464520399,1
covtype_binary_20000,31,100,0.9,58,12,257,12.664092585302301,1
covtype_binary_20000,31,100,0.9,59,1,171,0.00023894819189423933,0
covtype_binary_20000,31,100,0.9,60,6,504,18.048652717267043,1
covtype_binary_20000,31,100,0.9,61,6,759,18.048652717267043,1
covtype_binary_20000,31,100,0.9,62,42,315,9.621012090879933,1
covtype_binary_20000,31,100,0.9,63,42,300,8.968822238941774,1
covtype_binary_20000,31,100,0.9,64,14,511,18.048652717267043,1
covtype_binary_20000,31,100,0.9,65,10,214,15.484306619396136,1
covtype_binary_20000,31,100,0.9,66,6,530,18.048652717267043,1
covtype_binary_20000,31,100,0.9,67,9,6,18.02474927528675,1
covtype_binary_20000,31,100,0.9,68,6,829,18.048652717267043,1
covtype_binary_20000,31,100,0.9,69,6,621,18.048652717267043,1
covtype_binary_20000,31,100,0.9,70,9,107,17.72044502803124,1
covtype_binary_20000,31,100,0.9,71,1,780,0.001613241122561171,0
covtype_binary_20000,31,100,0.9,72,6,488,18.048652717267043,1
covtype_binary_20000,31,100,0.9,73,9,684,17.42992718550988,1
covtype_binary_20000,31,100,0.9,74,1,102,0.27434359277293413,1
covtype_binary_20000,31,100,0.9,75,8,385,18.048652717267043,1
covtype_binary_20000,31,100,0.9,76,18,71,18.0486527346398,1
covtype_binary_20000,31,100,0.9,77,11,633,17.138086716111204,1
covtype_binary_20000,31,100,0.9,78,6,552,18.048652717267043,1
covtype_binary_20000,31,100,0.9,79,12,521,17.9057732998276,1
covtype_binary_20000,31,100,0.9,80,8,43,18.009765645048113,1
covtype_binary_20000,31,100,0.9,81,1,3,0.005549235824134469,0
covtype_binary_20000,31,100,0.9,82,7,355,18.048652717267043,1
covtype_binary_20000,31,100,0.9,83,6,691,18.048652717267043,1
covtype_binary_20000,31,100,0.9,84,3,636,16.80891016077765,1
covtype_binary_20000,31,100,0.9,85,2,114,15.55894047031416,1
covtype_binary_20000,31,100,0.9,86,12,563,17.998924283613846,1
covtype_binary_20000,31,100,0.9,87,6,512,17.698841134046297,1
covtype_binary_20000,31,100,0.9,88,6,472,17.69157918485675,1
covtype_binary_20000,31,100,0.9,89,10,849,18.048652717267043,1
covtype_binary_20000,31,100,0.9,90,7,540,18.048652717267043,1
covtype_binary_20000,31,100,0.9,91,7,288,17.66327057895856,1
covtype_binary_20000,31,100,0.9,92,8,99,17.99562900696225,1
covtype_binary_20000,31,100,0.9,93,1,544,0.0008294608550060145,0
covtype_binary_20000,31,100,0.9,94,7,127,17.11488833173657,1
covtype_binary_20000,31,100,0.9,95,6,627,18.048652717267043,1
covtype_binary_20000,31,100,0.9,96,12,475,18.014424231076337,1
covtype_binary_20000,31,100,0.9,97,8,37,17.15970423741172,1
covtype_binary_20000,31,100,0.9,98,1,8,0.01050325330768348,0
covtype_binary_20000,31,100,0.9,99,1,17,0.004537626682872997,0
covtype_binary_20000,31,100,0.9,100,42,675,16.657063983257146,1
covtype_binary_20000,31,100,0.9,101,13,673,18.048652717267043,1
covtype_binary_20000,31,100,0.9,102,6,456,18.048652717267043,1
covtype_binary_20000,31,100,0.9,103,6,803,16.934389355724104,1
covtype_binary_20000,31,100,0.9,104,6,547,18.007251283321363,1
covtype_binary_20000,31,100,0.9,105,9,237,17.69746297619413,1
covtype_binary_20000,31,100,0.9,106,1,156,0.0011448558085337956,0
covtype_binary_20000,31,100,0.9,107,6,645,18.038425618977744,1
covtype_binary_20000,31,100,0.9,108,6,883,17.206145085470187,1
covtype_binary_20000,31,100,0.9,109,9,14,18.048652717267043,1
covtype_binary_20000,31,100,0.9,110,9,11,17.44816820106237,1
covtype_binary_20000,37,25,0.75,1,12,734,18.03928608993722,1
covtype_binary_20000,37,25,0.75,2,6,715,18.03928608993722,1
covtype_binary_20000,37,25,0.75,3,8,52,17.75850361453048,0
covtype_binary_20000,37,25,0.75,4,4,396,4.24667611257686,0
covtype_binary_20000,37,25,0.75,5,6,454,18.03928608993722,1
covtype_binary_20000,37,25,0.75,6,42,158,16.954920564632353,0
covtype_binary_20000,37,25,0.75,7,6,722,18.03928608993722,1
covtype_binary_20000,37,25,0.75,8,12,890,17.872266237077568,0
covtype_binary_20000,37,25,0.75,9,6,453,18.03928608993722,1
covtype_binary_20000,37,25,0.75,10,6,452,18.03928608993722,1
covtype_binary_20000,37,25,0.75,11,9,123,17.991722464061052,0
covtype_binary_20000,37,25,0.75,12,22,448,18.03928608993722,1
covtype_binary_20000,37,25,0.75,13,6,97,16.582910523541063,0
covtype_binary_20000,37,25,0.75,14,2,102,0.04454504524055436,0
covtype_binary_20000,37,25,0.75,15,11,57,16.89386980709849,0
covtype_binary_20000,37,25,0.75,16,6,767,18.03928608993722,1
covtype_binary_20000,37,25,0.75,17,6,480,18.03928608993722,1
covtype_binary_20000,37,25,0.75,18,12,908,18.03928608993722,1
covtype_binary_20000,37,25,0.75,19,12,578,18.038919885840997,0
covtype_binary_20000,37,25,0.75,20,52,763,18.03928608993722,1
covtype_binary_20000,37,25,0.75,21,5,746,18.03928608993722,1
covtype_binary_20000,37,25,0.75,22,16,515,18.03928608993722,1
covtype_binary_20000,37,25,0.75,23,11,275,15.89703759710019,0
covtype_binary_20000,37,25,0.75,24,23,414,18.03928608993722,1
covtype_binary_20000,37,25,0.75,25,11,213,17.128225650238416,0
covtype_binary_20000,37,25,0.75,26,21,491,18.03928608993722,1
covtype_binary_20000,37,25,0.75,27,9,302,17.66428544347521,0
covtype_binary_20000,37,25,0.75,28,7,683,18.03928608993722,1
covtype_binary_20000,37,25,0.75,29,15,503,18.03928608993722,1
covtype_binary_20000,37,25,0.75,30,8,548,18.03928608993722,1
covtype_binary_20000,37,25,0.75,31,18,58,18.03928608993722,1
covtype_binary_20000,37,25,0.75,32,1,631,0.00189469125305064,0
covtype_binary_20000,37,25,0.75,33,27,502,18.03928608993722,1
covtype_binary_20000,37,25,0.75,34,6,519,18.03928608993722,1
covtype_binary_20000,37,25,0.75,35,8,423,17.150360938883956,0
covtype_binary_20000,37,25,0.75,36,20,756,18.03928608993722,1
covtype_binary_20000,37,25,0.75,37,6,496,18.03928608993722,1
covtype_binary_20000,37,25,0.75,38,12,408,18.03928608993722,0
covtype_binary_20000,37,25,0.75,39,8,65,17.08232831744274,0
covtype_binary_20000,37,25,0.75,40,4,24,16.773873951102143,0
covtype_binary_20000,37,25,0.75,41,12,721,18.038518561572886,0
covtype_binary_20000,37,25,0.75,42,12,115,16.40592899768967,0
covtype_binary_20000,37,25,0.75,43,12,530,18.03928609003448,1
covtype_binary_20000,37,25,0.75,44,11,157,17.07089243599842,0
covtype_binary_20000,37,25,0.75,45,6,648,18.03928608993722,0
covtype_binary_20000,37,25,0.75,46,9,297,17.900855893443993,0
covtype_binary_20000,37,25,0.75,47,9,71,17.33187142305283,0
covtype_binary_20000,37,25,0.75,48,9,30,18.03928608993722,0
covtype_binary_20000,37,25,0.75,49,16,716,18.03928608993722,0
covtype_binary_20000,37,25,0.75,50,6,744,18.03928608993722,0
covtype_binary_20000,37,25,0.75,51,9,4,18.0392863266369,1
covtype_binary_20000,37,25,0.75,52,7,167,17.803518908917237,0
covtype_binary_20000,37,25,0.75,53,9,16,17.69081035950934,0
covtype_binary_20000,37,25,0.75,54,12,623,17.884171947406866,0
covtype_binary_20000,37,25,0.75,55,5,801,18.03928608993722,0
covtype_binary_20000,37,25,0.75,56,6,468,18.03928608993722,0
covtype_binary_20000,37,25,0.75,57,7,244,17.99844934734006,0
covtype_binary_20000,37,25,0.75,58,7,310,17.35776845337233,0
covtype_binary_20000,37,25,0.75,59,8,527,17.95867348262164,0
covtype_binary_20000,37,25,0.75,60,7,266,17.499422887259783,0
covtype_binary_20000,37,25,0.75,61,1,405,0.3156943657189207,0
covtype_binary_20000,37,25,0.75,62,10,106,16.567794194277155,0
covtype_binary_20000,37,25,0.75,63,6,862,18.03928608993722,0
covtype_binary_20000,37,25,0.75,64,18,639,18.03928608993722,0
covtype_binary_20000,37,25,0.75,65,5,844,18.03928608993722,0
covtype_binary_20000,37,25,0.75,66,6,371,18.03928608993722,0
covtype_binary_20000,37,25,0.75,67,7,281,17.943854297776394,0
covtype_binary_20000,37,25,0.75,68,16,29,18.03928608993722,0
covtype_binary_20000,37,25,0.75,69,8,580,17.738154343483497,0
covtype_binary_20000,37,25,0.75,70,26,118,18.03928608993722,0
covtype_binary_20000,37,25,0.75,71,22,514,18.03928608993722,0
covtype_binary_20000,37,25,0.75,72,10,23,17.736977917689398,0
covtype_binary_20000,37,25,0.75,73,1,397,3.334189903941853e-05,0
covtype_binary_20000,37,25,0.75,74,2,341,6.192158176451691,0
covtype_binary_20000,37,25,0.75,75,8,238,15.616148688170014,0
covtype_binary_20000,37,25,0.75,76,12,292,12.69837819489119,0
covtype_binary_20000,37,25,0.75,77,12,634,18.03772537952818,0
covtype_binary_20000,37,25,0.75,78,55,645,18.03928608993722,0
covtype_binary_20000,37,25,0.75,79,2,195,0.0003382828517375924,0
covtype_binary_20000,37,25,0.75,80,6,663,18.03928608993722,0
covtype_binary_20000,37,25,0.75,81,42,75,9.442988505270593,0
covtype_binary_20000,37,25,0.85,1,6,734,18.03928608993722,1
covtype_binary_20000,37,25,0.85,2,6,888,18.01681143007502,0
covtype_binary_20000,37,25,0.85,3,6,715,18.03928608993722,1
covtype_binary_20000,37,25,0.85,4,8,52,17.75850361453048,0
covtype_binary_20000,37,25,0.85,5,4,396,4.24667611257686,0
covtype_binary_20000,37,25,0.85,6,6,454,18.03928608993722,1
covtype_binary_20000,37,25,0.85,7,42,158,16.954920564632353,0
covtype_binary_20000,37,25,0.85,8,6,722,18.03928608993722,1
covtype_binary_20000,37,25,0.85,9,12,890,17.872266237077568,0
covtype_binary_20000,37,25,0.85,10,6,453,18.03928608993722,1
covtype_binary_20000,37,25,0.85,11,6,452,18.03928608993722,1
covtype_binary_20000,37,25,0.85,12,9,123,17.991722464061052,0
covtype_binary_20000,37,25,0.85,13,9,344,17.31105798129774,0
covtype_binary_20000,37,25,0.85,14,13,448,18.03928608993722,1
covtype_binary_20000,37,25,0.85,15,6,97,16.582910523541063,0
covtype_binary_20000,37,25,0.85,16,2,102,0.04454504524055436,0
covtype_binary_20000,37,25,0.85,17,11,57,16.89386980709849,0
covtype_binary_20000,37,25,0.85,18,6,767,18.03928608993722,1
covtype_binary_20000,37,25,0.85,19,6,480,18.03928608993722,1
covtype_binary_20000,37,25,0.85,20,12,908,18.03928608993722,1
covtype_binary_20000,37,25,0.85,21,12,578,18.038919885840997,0
covtype_binary_20000,37,25,0.85,22,51,763,18.03928608993722,1
covtype_binary_20000,37,25,0.85,23,1,206,4.378098804560618,0
covtype_binary_20000,37,25,0.85,24,5,746,18.03928608993722,1
covtype_binary_20000,37,25,0.85,25,9,151,18.010790976049314,0
covtype_binary_20000,37,25,0.85,26,7,515,18.03928608993722,1
covtype_binary_20000,37,25,0.85,27,11,275,15.89703759710019,0
covtype_binary_20000,37,25,0.85,28,23,414,18.03928608993722,1
covtype_binary_20000,37,25,0.85,29,11,213,17.128225650238416,0
covtype_binary_20000,37,25,0.85,30,20,491,18.03928608993722,1
covtype_binary_20000,37,25,0.85,31,1,198,17.150209306338997,0
covtype_binary_20000,37,25,0.85,32,9,302,17.66428544347521,0
covtype_binary_20000,37,25,0.85,33,7,683,18.03928608993722,1
covtype_binary_20000,37,25,0.85,34,15,503,18.03928608993722,1
covtype_binary_20000,37,25,0.85,35,8,548,18.03928608993722,1
covtype_binary_20000,37,25,0.85,36,18,58,18.03928608993722,1
covtype_binary_20000,37,25,0.85,37,1,631,0.00189469125305064,0
covtype_binary_20000,37,25,0.85,38,27,502,18.03928608993722,1
covtype_binary_20000,37,25,0.85,39,6,519,18.03928608993722,1
covtype_binary_20000,37,25,0.85,40,8,423,17.150360938883956,0
covtype_binary_20000,37,25,0.85,41,8,5,17.991936908918667,0
covtype_binary_20000,37,25,0.85,42,12,756,18.03928608993722,1
covtype_binary_20000,37,25,0.85,43,6,496,18.03928608993722,1
covtype_binary_20000,37,25,0.85,44,12,408,18.03928608993722,0
covtype_binary_20000,37,25,0.85,45,8,65,17.08232831744274,0
covtype_binary_20000,37,25,0.85,46,4,24,16.773873951102143,0
covtype_binary_20000,37,25,0.85,47,12,721,18.038518561572886,0
covtype_binary_20000,37,25,0.85,48,12,115,16.40592899768967,0
covtype_binary_20000,37,25,0.85,49,6,719,18.03928608993722,0
covtype_binary_20000,37,25,0.85,50,6,530,18.03928609003448,1
covtype_binary_20000,37,25,0.85,51,11,157,17.07089243599842,0
covtype_binary_20000,37,25,0.85,52,6,648,18.03928608993722,0
covtype_binary_20000,37,25,0.85,53,9,297,17.900855893443993,0
covtype_binary_20000,37,25,0.85,54,9,71,17.33187142305283,0
covtype_binary_20000,37,25,0.85,55,9,30,18.03928608993722,0
covtype_binary_20000,37,25,0.85,56,15,716,18.03928608993722,0
covtype_binary_20000,37,25,0.85,57,1,526,0.34850668817489866,0
covtype_binary_20000,37,25,0.85,58,6,744,18.03928608993722,0
covtype_binary_20000,37,25,0.85,59,9,4,18.0392863266369,1
covtype_binary_20000,37,25,0.85,60,7,167,17.803518908917237,0
covtype_binary_20000,37,25,0.85,61,9,16,17.69081035950934,0
covtype_binary_20000,37,25,0.85,62,12,623,17.884171947406866,0
covtype_binary_20000,37,25,0.85,63,5,801,18.03928608993722,0
covtype_binary_20000,37,25,0.85,64,6,468,18.03928608993722,0
covtype_binary_20000,37,25,0.85,65,7,244,17.99844934734006,0
covtype_binary_20000,37,25,0.85,66,7,310,17.35776845337233,0
covtype_binary_20000,37,25,0.85,67,8,527,17.95867348262164,0
covtype_binary_20000,37,25,0.85,68,7,266,17.499422887259783,0
covtype_binary_20000,37,25,0.85,69,1,405,0.3156943657189207,0
covtype_binary_20000,37,25,0.85,70,10,106,16.567794194277155,0
covtype_binary_20000,37,25,0.85,71,6,862,18.03928608993722,0
covtype_binary_20000,37,25,0.85,72,6,639,18.03928608993722,0
covtype_binary_20000,37,25,0.85,73,12,201,15.17749616982469,0
covtype_binary_20000,37,25,0.85,74,5,844,18.03928608993722,0
covtype_binary_20000,37,25,0.85,75,6,371,18.03928608993722,0
covtype_binary_20000,37,25,0.85,76,7,281,17.943854297776394,0
covtype_binary_20000,37,25,0.85,77,16,29,18.03928608993722,0
covtype_binary_20000,37,25,0.85,78,8,580,17.738154343483497,0
covtype_binary_20000,37,25,0.85,79,8,199,18.028032628534074,0
covtype_binary_20000,37,25,0.85,80,18,118,18.03928608993722,0
covtype_binary_20000,37,25,0.85,81,22,514,18.03928608993722,0
covtype_binary_20000,37,25,0.85,82,10,23,17.736977917689398,0
covtype_binary_20000,37,25,0.85,83,1,397,3.334189903941853e-05,0
covtype_binary_20000,37,25,0.85,84,2,341,6.192158176451691,0
covtype_binary_20000,37,25,0.85,85,8,238,15.616148688170014,0
covtype_binary_20000,37,25,0.85,86,12,292,12.69837819489119,0
covtype_binary_20000,37,25,0.85,87,12,634,18.03772537952818,0
covtype_binary_20000,37,25,0.85,88,55,645,18.03928608993722,0
covtype_binary_20000,37,25,0.85,89,2,195,0.0003382828517375924,0
covtype_binary_20000,37,25,0.85,90,6,663,18.03928608993722,0
covtype_binary_20000,37,25,0.85,91,42,75,9.442988505270593,0
covtype_binary_20000,37,25,0.9,1,6,734,18.03928608993722,1
covtype_binary_20000,37,25,0.9,2,6,888,18.01681143007502,0
covtype_binary_20000,37,25,0.9,3,6,715,18.03928608993722,1
covtype_binary_20000,37,25,0.9,4,8,52,17.75850361453048,0
covtype_binary_20000,37,25,0.9,5,4,396,4.24667611257686,0
covtype_binary_20000,37,25,0.9,6,6,454,18.03928608993722,1
covtype_binary_20000,37,25,0.9,7,42,158,16.954920564632353,0
covtype_binary_20000,37,25,0.9,8,6,722,18.03928608993722,1
covtype_binary_20000,37,25,0.9,9,6,769,17.09481192472827,0
covtype_binary_20000,37,25,0.9,10,6,890,17.872266237077568,0
covtype_binary_20000,37,25,0.9,11,6,453,18.03928608993722,1
covtype_binary_20000,37,25,0.9,12,6,452,18.03928608993722,1
covtype_binary_20000,37,25,0.9,13,9,123,17.991722464061052,0
covtype_binary_20000,37,25,0.9,14,9,344,17.31105798129774,0
covtype_binary_20000,37,25,0.9,15,13,448,18.03928608993722,1
covtype_binary_20000,37,25,0.9,16,6,97,16.582910523541063,0
covtype_binary_20000,37,25,0.9,17,1,102,0.04454504524055436,0
covtype_binary_20000,37,25,0.9,18,1,836,0.009877222496478821,0
covtype_binary_20000,37,25,0.9,19,11,57,16.89386980709849,0
covtype_binary_20000,37,25,0.9,20,6,767,18.03928608993722,1
covtype_binary_20000,37,25,0.9,21,6,480,18.03928608993722,1
covtype_binary_20000,37,25,0.9,22,6,908,18.03928608993722,1
covtype_binary_20000,37,25,0.9,23,6,438,18.03590004668025,0
covtype_binary_20000,37,25,0.9,24,6,854,16.86234211321964,0
covtype_binary_20000,37,25,0.9,25,6,578,18.038919885840997,0
covtype_binary_20000,37,25,0.9,26,51,763,18.03928608993722,1
covtype_binary_20000,37,25,0.9,27,1,206,4.378098804560618,0
covtype_binary_20000,37,25,0.9,28,5,746,18.03928608993722,1
covtype_binary_20000,37,25,0.9,29,9,151,18.010790976049314,0
covtype_binary_20000,37,25,0.9,30,7,515,18.03928608993722,1
covtype_binary_20000,37,25,0.9,31,11,275,15.89703759710019,0
covtype_binary_20000,37,25,0.9,32,23,414,18.03928608993722,1
covtype_binary_20000,37,25,0.9,33,11,213,17.128225650238416,0
covtype_binary_20000,37,25,0.9,34,20,491,18.03928608993722,1
covtype_binary_20000,37,25,0.9,35,1,198,17.150209306338997,0
covtype_binary_20000,37,25,0.9,36,9,302,17.66428544347521,0
covtype_binary_20000,37,25,0.9,37,7,683,18.03928608993722,1
covtype_binary_20000,37,25,0.9,38,15,503,18.03928608993722,1
covtype_binary_20000,37,25,0.9,39,8,548,18.03928608993722,1
covtype_binary_20000,37,25,0.9,40,18,58,18.03928608993722,1
covtype_binary_20000,37,25,0.9,41,1,631,0.00189469125305064,0
covtype_binary_20000,37,25,0.9,42,27,502,18.03928608993722,1
covtype_binary_20000,37,25,0.9,43,6,519,18.03928608993722,1
covtype_binary_20000,37,25,0.9,44,8,423,17.150360938883956,0
covtype_binary_20000,37,25,0.9,45,8,5,17.991936908918667,0
covtype_binary_20000,37,25,0.9,46,12,756,18.03928608993722,1
covtype_binary_20000,37,25,0.9,47,6,496,18.03928608993722,1
covtype_binary_20000,37,25,0.9,48,6,620,17.98791510510338,0
covtype_binary_20000,37,25,0.9,49,6,408,18.03928608993722,0
covtype_binary_20000,37,25,0.9,50,8,65,17.08232831744274,0
covtype_binary_20000,37,25,0.9,51,4,24,16.773873951102143,0
covtype_binary_20000,37,25,0.9,52,6,721,18.038518561572886,0
covtype_binary_20000,37,25,0.9,53,6,684,17.817115075983388,0
covtype_binary_20000,37,25,0.9,54,12,115,16.40592899768967,0
covtype_binary_20000,37,25,0.9,55,6,719,18.03928608993722,0
covtype_binary_20000,37,25,0.9,56,6,530,18.03928609003448,1
covtype_binary_20000,37,25,0.9,57,11,157,17.07089243599842,0
covtype_binary_20000,37,25,0.9,58,6,648,18.03928608993722,0
covtype_binary_20000,37,25,0.9,59,9,297,17.900855893443993,0
covtype_binary_20000,37,25,0.9,60,9,71,17.33187142305283,0
covtype_binary_20000,37,25,0.9,61,9,30,18.03928608993722,0
covtype_binary_20000,37,25,0.9,62,9,27,17.58504973357308,0
covtype_binary_20000,37,25,0.9,63,6,716,18.03928608993722,0
covtype_binary_20000,37,25,0.9,64,1,526,0.34850668817489866,0
covtype_binary_20000,37,25,0.9,65,6,744,18.03928608993722,0
covtype_binary_20000,37,25,0.9,66,9,4,18.0392863266369,1
covtype_binary_20000,37,25,0.9,67,7,167,17.803518908917237,0
covtype_binary_20000,37,25,0.9,68,9,16,17.69081035950934,0
covtype_binary_20000,37,25,0.9,69,6,794,16.89843440359412,0
covtype_binary_20000,37,25,0.9,70,6,623,17.884171947406866,0
covtype_binary_20000,37,25,0.9,71,5,801,18.03928608993722,0
covtype_binary_20000,37,25,0.9,72,6,468,18.03928608993722,0
covtype_binary_20000,37,25,0.9,73,7,244,17.99844934734006,0
covtype_binary_20000,37,25,0.9,74,7,310,17.35776845337233,0
covtype_binary_20000,37,25,0.9,75,8,527,17.95867348262164,0
covtype_binary_20000,37,25,0.9,76,7,266,17.499422887259783,0
covtype_binary_20000,37,25,0.9,77,1,405,0.3156943657189207,0
covtype_binary_20000,37,25,0.9,78,10,106,16.567794194277155,0
covtype_binary_20000,37,25,0.9,79,6,862,18.03928608993722,0
covtype_binary_20000,37,25,0.9,80,6,639,18.03928608993722,0
covtype_binary_20000,37,25,0.9,81,12,201,15.17749616982469,0
covtype_binary_20000,37,25,0.9,82,5,844,18.03928608993722,0
covtype_binary_20000,37,25,0.9,83,6,371,18.03928608993722,0
covtype_binary_20000,37,25,0.9,84,7,281,17.943854297776394,0
covtype_binary_20000,37,25,0.9,85,9,29,18.03928608993722,0
covtype_binary_20000,37,25,0.9,86,7,67,16.831943697067313,0
covtype_binary_20000,37,25,0.9,87,8,580,17.738154343483497,0
covtype_binary_20000,37,25,0.9,88,8,199,18.028032628534074,0
covtype_binary_20000,37,25,0.9,89,18,118,18.03928608993722,0
covtype_binary_20000,37,25,0.9,90,6,514,18.03928608993722,0
covtype_binary_20000,37,25,0.9,91,16,640,18.03928608993722,0
covtype_binary_20000,37,25,0.9,92,9,23,17.736977917689398,0
covtype_binary_20000,37,25,0.9,93,1,32,-0.00011594454442709345,0
covtype_binary_20000,37,25,0.9,94,1,397,3.334189903941853e-05,0
covtype_binary_20000,37,25,0.9,95,2,341,6.192158176451691,0
covtype_binary_20000,37,25,0.9,96,8,238,15.616148688170014,0
covtype_binary_20000,37,25,0.9,97,12,292,12.69837819489119,0
covtype_binary_20000,37,25,0.9,98,6,842,15.861986330821402,0
covtype_binary_20000,37,25,0.9,99,6,634,18.03772537952818,0
covtype_binary_20000,37,25,0.9,100,55,645,18.03928608993722,0
covtype_binary_20000,37,25,0.9,101,1,195,0.0003382828517375924,0
covtype_binary_20000,37,25,0.9,102,1,298,-7.111080162425232e-05,0
covtype_binary_20000,37,25,0.9,103,6,663,18.03928608993722,0
covtype_binary_20000,37,25,0.9,104,42,75,9.442988505270593,0
covtype_binary_20000,37,50,0.75,1,12,734,18.03928608993722,1
covtype_binary_20000,37,50,0.75,2,6,715,18.03928608993722,1
covtype_binary_20000,37,50,0.75,3,8,52,17.75850361453048,0
covtype_binary_20000,37,50,0.75,4,4,396,4.24667611257686,0
covtype_binary_20000,37,50,0.75,5,6,454,18.03928608993722,1
covtype_binary_20000,37,50,0.75,6,42,158,16.954920564632353,0
covtype_binary_20000,37,50,0.75,7,6,722,18.03928608993722,1
covtype_binary_20000,37,50,0.75,8,12,890,17.872266237077568,0
covtype_binary_20000,37,50,0.75,9,6,453,18.03928608993722,1
covtype_binary_20000,37,50,0.75,10,6,452,18.03928608993722,1
covtype_binary_20000,37,50,0.75,11,9,123,17.991722464061052,1
covtype_binary_20000,37,50,0.75,12,22,448,18.03928608993722,1
covtype_binary_20000,37,50,0.75,13,6,97,16.582910523541063,0
covtype_binary_20000,37,50,0.75,14,2,102,0.04454504524055436,0
covtype_binary_20000,37,50,0.75,15,11,57,16.89386980709849,0
covtype_binary_20000,37,50,0.75,16,6,767,18.03928608993722,1
covtype_binary_20000,37,50,0.75,17,6,480,18.03928608993722,1
covtype_binary_20000,37,50,0.75,18,12,908,18.03928608993722,1
covtype_binary_20000,37,50,0.75,19,12,578,18.038919885840997,1
covtype_binary_20000,37,50,0.75,20,52,763,18.03928608993722,1
covtype_binary_20000,37,50,0.75,21,5,746,18.03928608993722,1
covtype_binary_20000,37,50,0.75,22,16,515,18.03928608993722,1
covtype_binary_20000,37,50,0.75,23,11,275,15.89703759710019,0
covtype_binary_20000,37,50,0.75,24,23,414,18.03928608993722,1
covtype_binary_20000,37,50,0.75,25,11,213,17.128225650238416,0
covtype_binary_20000,37,50,0.75,26,21,491,18.03928608993722,1
covtype_binary_20000,37,50,0.75,27,9,302,17.66428544347521,0
covtype_binary_20000,37,50,0.75,28,7,683,18.03928608993722,1
covtype_binary_20000,37,50,0.75,29,15,503,18.03928608993722,1
covtype_binary_20000,37,50,0.75,30,8,548,18.03928608993722,1
covtype_binary_20000,37,50,0.75,31,18,58,18.03928608993722,1
covtype_binary_20000,37,50,0.75,32,1,631,0.00189469125305064,0
covtype_binary_20000,37,50,0.75,33,27,502,18.03928608993722,1
covtype_binary_20000,37,50,0.75,34,6,519,18.03928608993722,1
covtype_binary_20000,37,50,0.75,35,8,423,17.150360938883956,0
covtype_binary_20000,37,50,0.75,36,20,756,18.03928608993722,1
covtype_binary_20000,37,50,0.75,37,6,496,18.03928608993722,1
covtype_binary_20000,37,50,0.75,38,12,408,18.03928608993722,1
covtype_binary_20000,37,50,0.75,39,8,65,17.08232831744274,0
covtype_binary_20000,37,50,0.75,40,4,24,16.773873951102143,0
covtype_binary_20000,37,50,0.75,41,12,721,18.038518561572886,1
covtype_binary_20000,37,50,0.75,42,12,115,16.40592899768967,0
covtype_binary_20000,37,50,0.75,43,12,530,18.03928609003448,1
covtype_binary_20000,37,50,0.75,44,11,157,17.07089243599842,0
covtype_binary_20000,37,50,0.75,45,6,648,18.03928608993722,1
covtype_binary_20000,37,50,0.75,46,9,297,17.900855893443993,1
covtype_binary_20000,37,50,0.75,47,9,71,17.33187142305283,0
covtype_binary_20000,37,50,0.75,48,9,30,18.03928608993722,1
covtype_binary_20000,37,50,0.75,49,16,716,18.03928608993722,1
covtype_binary_20000,37,50,0.75,50,6,744,18.03928608993722,1
covtype_binary_20000,37,50,0.75,51,9,4,18.0392863266369,1
covtype_binary_20000,37,50,0.75,52,7,167,17.803518908917237,0
covtype_binary_20000,37,50,0.75,53,9,16,17.69081035950934,0
covtype_binary_20000,37,50,0.75,54,12,623,17.884171947406866,1
covtype_binary_20000,37,50,0.75,55,5,801,18.03928608993722,1
covtype_binary_20000,37,50,0.75,56,6,468,18.03928608993722,1
covtype_binary_20000,37,50,0.75,57,7,244,17.99844934734006,1
covtype_binary_20000,37,50,0.75,58,7,310,17.35776845337233,0
covtype_binary_20000,37,50,0.75,59,8,527,17.95867348262164,1
covtype_binary_20000,37,50,0.75,60,7,266,17.499422887259783,0
covtype_binary_20000,37,50,0.75,61,1,405,0.3156943657189207,0
covtype_binary_20000,37,50,0.75,62,10,106,16.567794194277155,0
covtype_binary_20000,37,50,0.75,63,6,862,18.03928608993722,1
covtype_binary_20000,37,50,0.75,64,18,639,18.03928608993722,1
covtype_binary_20000,37,50,0.75,65,5,844,18.03928608993722,1
covtype_binary_20000,37,50,0.75,66,6,371,18.03928608993722,1
covtype_binary_20000,37,50,0.75,67,7,281,17.943854297776394,1
covtype_binary_20000,37,50,0.75,68,16,29,18.03928608993722,1
covtype_binary_20000,37,50,0.75,69,8,580,17.738154343483497,0
covtype_binary_20000,37,50,0.75,70,26,118,18.03928608993722,1
covtype_binary_20000,37,50,0.75,71,22,514,18.03928608993722,1
covtype_binary_20000,37,50,0.75,72,10,23,17.736977917689398,0
covtype_binary_20000,37,50,0.75,73,1,397,3.334189903941853e-05,0
covtype_binary_20000,37,50,0.75,74,2,341,6.192158176451691,0
covtype_binary_20000,37,50,0.75,75,8,238,15.616148688170014,0
covtype_binary_20000,37,50,0.75,76,12,292,12.69837819489119,0
covtype_binary_20000,37,50,0.75,77,12,634,18.03772537952818,1
covtype_binary_20000,37,50,0.75,78,55,645,18.03928608993722,1
covtype_binary_20000,37,50,0.75,79,2,195,0.0003382828517375924,0
covtype_binary_20000,37,50,0.75,80,6,663,18.03928608993722,1
covtype_binary_20000,37,50,0.75,81,42,75,9.442988505270593,0
covtype_binary_20000,37,50,0.85,1,6,734,18.03928608993722,1
covtype_binary_20000,37,50,0.85,2,6,888,18.01681143007502,1
covtype_binary_20000,37,50,0.85,3,6,715,18.03928608993722,1
covtype_binary_20000,37,50,0.85,4,8,52,17.75850361453048,0
covtype_binary_20000,37,50,0.85,5,4,396,4.24667611257686,0
covtype_binary_20000,37,50,0.85,6,6,454,18.03928608993722,1
covtype_binary_20000,37,50,0.85,7,42,158,16.954920564632353,0
covtype_binary_20000,37,50,0.85,8,6,722,18.03928608993722,1
covtype_binary_20000,37,50,0.85,9,12,890,17.872266237077568,0
covtype_binary_20000,37,50,0.85,10,6,453,18.03928608993722,1
covtype_binary_20000,37,50,0.85,11,6,452,18.03928608993722,1
covtype_binary_20000,37,50,0.85,12,9,123,17.991722464061052,0
covtype_binary_20000,37,50,0.85,13,9,344,17.31105798129774,0
covtype_binary_20000,37,50,0.85,14,13,448,18.03928608993722,1
covtype_binary_20000,37,50,0.85,15,6,97,16.582910523541063,0
covtype_binary_20000,37,50,0.85,16,2,102,0.04454504524055436,0
covtype_binary_20000,37,50,0.85,17,11,57,16.89386980709849,0
covtype_binary_20000,37,50,0.85,18,6,767,18.03928608993722,1
covtype_binary_20000,37,50,0.85,19,6,480,18.03928608993722,1
covtype_binary_20000,37,50,0.85,20,12,908,18.03928608993722,1
covtype_binary_20000,37,50,0.85,21,12,578,18.038919885840997,1
covtype_binary_20000,37,50,0.85,22,51,763,18.03928608993722,1
covtype_binary_20000,37,50,0.85,23,1,206,4.378098804560618,0
covtype_binary_20000,37,50,0.85,24,5,746,18.03928608993722,1
covtype_binary_20000,37,50,0.85,25,9,151,18.010790976049314,1
covtype_binary_20000,37,50,0.85,26,7,515,18.03928608993722,1
covtype_binary_20000,37,50,0.85,27,11,275,15.89703759710019,0
covtype_binary_20000,37,50,0.85,28,23,414,18.03928608993722,1
covtype_binary_20000,37,50,0.85,29,11,213,17.128225650238416,0
covtype_binary_20000,37,50,0.85,30,20,491,18.03928608993722,1
covtype_binary_20000,37,50,0.85,31,1,198,17.150209306338997,0
covtype_binary_20000,37,50,0.85,32,9,302,17.66428544347521,0
covtype_binary_20000,37,50,0.85,33,7,683,18.03928608993722,1
covtype_binary_20000,37,50,0.85,34,15,503,18.03928608993722,1
covtype_binary_20000,37,50,0.85,35,8,548,18.03928608993722,1
covtype_binary_20000,37,50,0.85,36,18,58,18.03928608993722,1
covtype_binary_20000,37,50,0.85,37,1,631,0.00189469125305064,0
covtype_binary_20000,37,50,0.85,38,27,502,18.03928608993722,1
covtype_binary_20000,37,50,0.85,39,6,519,18.03928608993722,1
covtype_binary_20000,37,50,0.85,40,8,423,17.150360938883956,0
covtype_binary_20000,37,50,0.85,41,8,5,17.991936908918667,1
covtype_binary_20000,37,50,0.85,42,12,756,18.03928608993722,1
covtype_binary_20000,37,50,0.85,43,6,496,18.03928608993722,1
covtype_binary_20000,37,50,0.85,44,12,408,18.03928608993722,1
covtype_binary_20000,37,50,0.85,45,8,65,17.08232831744274,0
covtype_binary_20000,37,50,0.85,46,4,24,16.773873951102143,0
covtype_binary_20000,37,50,0.85,47,12,721,18.038518561572886,1
covtype_binary_20000,37,50,0.85,48,12,115,16.40592899768967,0
covtype_binary_20000,37,50,0.85,49,6,719,18.03928608993722,1
covtype_binary_20000,37,50,0.85,50,6,530,18.03928609003448,1
covtype_binary_20000,37,50,0.85,51,11,157,17.07089243599842,0
covtype_binary_20000,37,50,0.85,52,6,648,18.03928608993722,1
covtype_binary_20000,37,50,0.85,53,9,297,17.900855893443993,0
covtype_binary_20000,37,50,0.85,54,9,71,17.33187142305283,0
covtype_binary_20000,37,50,0.85,55,9,30,18.03928608993722,1
covtype_binary_20000,37,50,0.85,56,15,716,18.03928608993722,1
covtype_binary_20000,37,50,0.85,57,1,526,0.34850668817489866,0
covtype_binary_20000,37,50,0.85,58,6,744,18.03928608993722,1
covtype_binary_20000,37,50,0.85,59,9,4,18.0392863266369,1
covtype_binary_20000,37,50,0.85,60,7,167,17.803518908917237,0
covtype_binary_20000,37,50,0.85,61,9,16,17.69081035950934,0
covtype_binary_20000,37,50,0.85,62,12,623,17.884171947406866,0
covtype_binary_20000,37,50,0.85,63,5,801,18.03928608993722,1
covtype_binary_20000,37,50,0.85,64,6,468,18.03928608993722,1
covtype_binary_20000,37,50,0.85,65,7,244,17.99844934734006,1
covtype_binary_20000,37,50,0.85,66,7,310,17.35776845337233,0
covtype_binary_20000,37,50,0.85,67,8,527,17.95867348262164,0
covtype_binary_20000,37,50,0.85,68,7,266,17.499422887259783,0
covtype_binary_20000,37,50,0.85,69,1,405,0.3156943657189207,0
covtype_binary_20000,37,50,0.85,70,10,106,16.567794194277155,0
covtype_binary_20000,37,50,0.85,71,6,862,18.03928608993722,1
covtype_binary_20000,37,50,0.85,72,6,639,18.03928608993722,1
covtype_binary_20000,37,50,0.85,73,12,201,15.17749616982469,0
covtype_binary_20000,37,50,0.85,74,5,844,18.03928608993722,1
covtype_binary_20000,37,50,0.85,75,6,371,18.03928608993722,1
covtype_binary_20000,37,50,0.85,76,7,281,17.943854297776394,0
covtype_binary_20000,37,50,0.85,77,16,29,18.03928608993722,1
covtype_binary_20000,37,50,0.85,78,8,580,17.738154343483497,0
covtype_binary_20000,37,50,0.85,79,8,199,18.028032628534074,1
covtype_binary_20000,37,50,0.85,80,18,118,18.03928608993722,1
covtype_binary_20000,37,50,0.85,81,22,514,18.03928608993722,1
covtype_binary_20000,37,50,0.85,82,10,23,17.736977917689398,0
covtype_binary_20000,37,50,0.85,83,1,397,3.334189903941853e-05,0
covtype_binary_20000,37,50,0.85,84,2,341,6.192158176451691,0
covtype_binary_20000,37,50,0.85,85,8,238,15.616148688170014,0
covtype_binary_20000,37,50,0.85,86,12,292,12.69837819489119,0
covtype_binary_20000,37,50,0.85,87,12,634,18.03772537952818,1
covtype_binary_20000,37,50,0.85,88,55,645,18.03928608993722,1
covtype_binary_20000,37,50,0.85,89,2,195,0.0003382828517375924,0
covtype_binary_20000,37,50,0.85,90,6,663,18.03928608993722,1
covtype_binary_20000,37,50,0.85,91,42,75,9.442988505270593,0
covtype_binary_20000,37,50,0.9,1,6,734,18.03928608993722,1
covtype_binary_20000,37,50,0.9,2,6,888,18.01681143007502,1
covtype_binary_20000,37,50,0.9,3,6,715,18.03928608993722,1
covtype_binary_20000,37,50,0.9,4,8,52,17.75850361453048,0
covtype_binary_20000,37,50,0.9,5,4,396,4.24667611257686,0
covtype_binary_20000,37,50,0.9,6,6,454,18.03928608993722,1
covtype_binary_20000,37,50,0.9,7,42,158,16.954920564632353,0
covtype_binary_20000,37,50,0.9,8,6,722,18.03928608993722,1
covtype_binary_20000,37,50,0.9,9,6,769,17.09481192472827,0
covtype_binary_20000,37,50,0.9,10,6,890,17.872266237077568,0
covtype_binary_20000,37,50,0.9,11,6,453,18.03928608993722,1
covtype_binary_20000,37,50,0.9,12,6,452,18.03928608993722,1
covtype_binary_20000,37,50,0.9,13,9,123,17.991722464061052,0
covtype_binary_20000,37,50,0.9,14,9,344,17.31105798129774,0
covtype_binary_20000,37,50,0.9,15,13,448,18.03928608993722,1
covtype_binary_20000,37,50,0.9,16,6,97,16.582910523541063,0
covtype_binary_20000,37,50,0.9,17,1,102,0.04454504524055436,0
covtype_binary_20000,37,50,0.9,18,1,836,0.009877222496478821,0
covtype_binary_20000,37,50,0.9,19,11,57,16.89386980709849,0
covtype_binary_20000,37,50,0.9,20,6,767,18.03928608993722,1
covtype_binary_20000,37,50,0.9,21,6,480,18.03928608993722,1
covtype_binary_20000,37,50,0.9,22,6,908,18.03928608993722,1
covtype_binary_20000,37,50,0.9,23,6,438,18.03590004668025,1
covtype_binary_20000,37,50,0.9,24,6,854,16.86234211321964,0
covtype_binary_20000,37,50,0.9,25,6,578,18.038919885840997,1
covtype_binary_20000,37,50,0.9,26,51,763,18.03928608993722,1
covtype_binary_20000,37,50,0.9,27,1,206,4.378098804560618,0
covtype_binary_20000,37,50,0.9,28,5,746,18.03928608993722,1
covtype_binary_20000,37,50,0.9,29,9,151,18.010790976049314,1
covtype_binary_20000,37,50,0.9,30,7,515,18.03928608993722,1
covtype_binary_20000,37,50,0.9,31,11,275,15.89703759710019,0
covtype_binary_20000,37,50,0.9,32,23,414,18.03928608993722,1
covtype_binary_20000,37,50,0.9,33,11,213,17.128225650238416,0
covtype_binary_20000,37,50,0.9,34,20,491,18.03928608993722,1
covtype_binary_20000,37,50,0.9,35,1,198,17.150209306338997,0
covtype_binary_20000,37,50,0.9,36,9,302,17.66428544347521,0
covtype_binary_20000,37,50,0.9,37,7,683,18.03928608993722,1
covtype_binary_20000,37,50,0.9,38,15,503,18.03928608993722,1
covtype_binary_20000,37,50,0.9,39,8,548,18.03928608993722,1
covtype_binary_20000,37,50,0.9,40,18,58,18.03928608993722,1
covtype_binary_20000,37,50,0.9,41,1,631,0.00189469125305064,0
covtype_binary_20000,37,50,0.9,42,27,502,18.03928608993722,1
covtype_binary_20000,37,50,0.9,43,6,519,18.03928608993722,1
covtype_binary_20000,37,50,0.9,44,8,423,17.150360938883956,0
covtype_binary_20000,37,50,0.9,45,8,5,17.991936908918667,0
covtype_binary_20000,37,50,0.9,46,12,756,18.03928608993722,1
covtype_binary_20000,37,50,0.9,47,6,496,18.03928608993722,1
covtype_binary_20000,37,50,0.9,48,6,620,17.98791510510338,0
covtype_binary_20000,37,50,0.9,49,6,408,18.03928608993722,1
covtype_binary_20000,37,50,0.9,50,8,65,17.08232831744274,0
covtype_binary_20000,37,50,0.9,51,4,24,16.773873951102143,0
covtype_binary_20000,37,50,0.9,52,6,721,18.038518561572886,1
covtype_binary_20000,37,50,0.9,53,6,684,17.817115075983388,0
covtype_binary_20000,37,50,0.9,54,12,115,16.40592899768967,0
covtype_binary_20000,37,50,0.9,55,6,719,18.03928608993722,1
covtype_binary_20000,37,50,0.9,56,6,530,18.03928609003448,1
covtype_binary_20000,37,50,0.9,57,11,157,17.07089243599842,0
covtype_binary_20000,37,50,0.9,58,6,648,18.03928608993722,1
covtype_binary_20000,37,50,0.9,59,9,297,17.900855893443993,0
covtype_binary_20000,37,50,0.9,60,9,71,17.33187142305283,0
covtype_binary_20000,37,50,0.9,61,9,30,18.03928608993722,1
covtype_binary_20000,37,50,0.9,62,9,27,17.58504973357308,0
covtype_binary_20000,37,50,0.9,63,6,716,18.03928608993722,1
covtype_binary_20000,37,50,0.9,64,1,526,0.34850668817489866,0
covtype_binary_20000,37,50,0.9,65,6,744,18.03928608993722,1
covtype_binary_20000,37,50,0.9,66,9,4,18.0392863266369,1
covtype_binary_20000,37,50,0.9,67,7,167,17.803518908917237,0
covtype_binary_20000,37,50,0.9,68,9,16,17.69081035950934,0
covtype_binary_20000,37,50,0.9,69,6,794,16.89843440359412,0
covtype_binary_20000,37,50,0.9,70,6,623,17.884171947406866,0
covtype_binary_20000,37,50,0.9,71,5,801,18.03928608993722,1
covtype_binary_20000,37,50,0.9,72,6,468,18.03928608993722,1
covtype_binary_20000,37,50,0.9,73,7,244,17.99844934734006,0
covtype_binary_20000,37,50,0.9,74,7,310,17.35776845337233,0
covtype_binary_20000,37,50,0.9,75,8,527,17.95867348262164,0
covtype_binary_20000,37,50,0.9,76,7,266,17.499422887259783,0
covtype_binary_20000,37,50,0.9,77,1,405,0.3156943657189207,0
covtype_binary_20000,37,50,0.9,78,10,106,16.567794194277155,0
covtype_binary_20000,37,50,0.9,79,6,862,18.03928608993722,1
covtype_binary_20000,37,50,0.9,80,6,639,18.03928608993722,1
covtype_binary_20000,37,50,0.9,81,12,201,15.17749616982469,0
covtype_binary_20000,37,50,0.9,82,5,844,18.03928608993722,1
covtype_binary_20000,37,50,0.9,83,6,371,18.03928608993722,1
covtype_binary_20000,37,50,0.9,84,7,281,17.943854297776394,0
covtype_binary_20000,37,50,0.9,85,9,29,18.03928608993722,1
covtype_binary_20000,37,50,0.9,86,7,67,16.831943697067313,0
covtype_binary_20000,37,50,0.9,87,8,580,17.738154343483497,0
covtype_binary_20000,37,50,0.9,88,8,199,18.028032628534074,1
covtype_binary_20000,37,50,0.9,89,18,118,18.03928608993722,1
covtype_binary_20000,37,50,0.9,90,6,514,18.03928608993722,1
covtype_binary_20000,37,50,0.9,91,16,640,18.03928608993722,1
covtype_binary_20000,37,50,0.9,92,9,23,17.736977917689398,0
covtype_binary_20000,37,50,0.9,93,1,32,-0.00011594454442709345,0
covtype_binary_20000,37,50,0.9,94,1,397,3.334189903941853e-05,0
covtype_binary_20000,37,50,0.9,95,2,341,6.192158176451691,0
covtype_binary_20000,37,50,0.9,96,8,238,15.616148688170014,0
covtype_binary_20000,37,50,0.9,97,12,292,12.69837819489119,0
covtype_binary_20000,37,50,0.9,98,6,842,15.861986330821402,0
covtype_binary_20000,37,50,0.9,99,6,634,18.03772537952818,1
covtype_binary_20000,37,50,0.9,100,55,645,18.03928608993722,1
covtype_binary_20000,37,50,0.9,101,1,195,0.0003382828517375924,0
covtype_binary_20000,37,50,0.9,102,1,298,-7.111080162425232e-05,0
covtype_binary_20000,37,50,0.9,103,6,663,18.03928608993722,1
covtype_binary_20000,37,50,0.9,104,42,75,9.442988505270593,0
covtype_binary_20000,37,100,0.75,1,12,734,18.03928608993722,1
covtype_binary_20000,37,100,0.75,2,6,715,18.03928608993722,1
covtype_binary_20000,37,100,0.75,3,8,52,17.75850361453048,1
covtype_binary_20000,37,100,0.75,4,4,396,4.24667611257686,1
covtype_binary_20000,37,100,0.75,5,6,454,18.03928608993722,1
covtype_binary_20000,37,100,0.75,6,42,158,16.954920564632353,1
covtype_binary_20000,37,100,0.75,7,6,722,18.03928608993722,1
covtype_binary_20000,37,100,0.75,8,12,890,17.872266237077568,1
covtype_binary_20000,37,100,0.75,9,6,453,18.03928608993722,1
covtype_binary_20000,37,100,0.75,10,6,452,18.03928608993722,1
covtype_binary_20000,37,100,0.75,11,9,123,17.991722464061052,1
covtype_binary_20000,37,100,0.75,12,22,448,18.03928608993722,1
covtype_binary_20000,37,100,0.75,13,6,97,16.582910523541063,1
covtype_binary_20000,37,100,0.75,14,2,102,0.04454504524055436,1
covtype_binary_20000,37,100,0.75,15,11,57,16.89386980709849,1
covtype_binary_20000,37,100,0.75,16,6,767,18.03928608993722,1
covtype_binary_20000,37,100,0.75,17,6,480,18.03928608993722,1
covtype_binary_20000,37,100,0.75,18,12,908,18.03928608993722,1
covtype_binary_20000,37,100,0.75,19,12,578,18.038919885840997,1
covtype_binary_20000,37,100,0.75,20,52,763,18.03928608993722,1
covtype_binary_20000,37,100,0.75,21,5,746,18.03928608993722,1
covtype_binary_20000,37,100,0.75,22,16,515,18.03928608993722,1
covtype_binary_20000,37,100,0.75,23,11,275,15.89703759710019,1
covtype_binary_20000,37,100,0.75,24,23,414,18.03928608993722,1
covtype_binary_20000,37,100,0.75,25,11,213,17.128225650238416,1
covtype_binary_20000,37,100,0.75,26,21,491,18.03928608993722,1
covtype_binary_20000,37,100,0.75,27,9,302,17.66428544347521,1
covtype_binary_20000,37,100,0.75,28,7,683,18.03928608993722,1
covtype_binary_20000,37,100,0.75,29,15,503,18.03928608993722,1
covtype_binary_20000,37,100,0.75,30,8,548,18.03928608993722,1
covtype_binary_20000,37,100,0.75,31,18,58,18.03928608993722,1
covtype_binary_20000,37,100,0.75,32,1,631,0.00189469125305064,1
covtype_binary_20000,37,100,0.75,33,27,502,18.03928608993722,1
covtype_binary_20000,37,100,0.75,34,6,519,18.03928608993722,1
covtype_binary_20000,37,100,0.75,35,8,423,17.150360938883956,1
covtype_binary_20000,37,100,0.75,36,20,756,18.03928608993722,1
covtype_binary_20000,37,100,0.75,37,6,496,18.03928608993722,1
covtype_binary_20000,37,100,0.75,38,12,408,18.03928608993722,1
covtype_binary_20000,37,100,0.75,39,8,65,17.08232831744274,1
covtype_binary_20000,37,100,0.75,40,4,24,16.773873951102143,1
covtype_binary_20000,37,100,0.75,41,12,721,18.038518561572886,1
covtype_binary_20000,37,100,0.75,42,12,115,16.40592899768967,1
covtype_binary_20000,37,100,0.75,43,12,530,18.03928609003448,1
covtype_binary_20000,37,100,0.75,44,11,157,17.07089243599842,1
covtype_binary_20000,37,100,0.75,45,6,648,18.03928608993722,1
covtype_binary_20000,37,100,0.75,46,9,297,17.900855893443993,1
covtype_binary_20000,37,100,0.75,47,9,71,17.33187142305283,1
covtype_binary_20000,37,100,0.75,48,9,30,18.03928608993722,1
covtype_binary_20000,37,100,0.75,49,16,716,18.03928608993722,1
covtype_binary_20000,37,100,0.75,50,6,744,18.03928608993722,1
covtype_binary_20000,37,100,0.75,51,9,4,18.0392863266369,1
covtype_binary_20000,37,100,0.75,52,7,167,17.803518908917237,1
covtype_binary_20000,37,100,0.75,53,9,16,17.69081035950934,1
covtype_binary_20000,37,100,0.75,54,12,623,17.884171947406866,1
covtype_binary_20000,37,100,0.75,55,5,801,18.03928608993722,1
covtype_binary_20000,37,100,0.75,56,6,468,18.03928608993722,1
covtype_binary_20000,37,100,0.75,57,7,244,17.99844934734006,1
covtype_binary_20000,37,100,0.75,58,7,310,17.35776845337233,1
covtype_binary_20000,37,100,0.75,59,8,527,17.95867348262164,1
covtype_binary_20000,37,100,0.75,60,7,266,17.499422887259783,1
covtype_binary_20000,37,100,0.75,61,1,405,0.3156943657189207,1
covtype_binary_20000,37,100,0.75,62,10,106,16.567794194277155,1
covtype_binary_20000,37,100,0.75,63,6,862,18.03928608993722,1
covtype_binary_20000,37,100,0.75,64,18,639,18.03928608993722,1
covtype_binary_20000,37,100,0.75,65,5,844,18.03928608993722,1
covtype_binary_20000,37,100,0.75,66,6,371,18.03928608993722,1
covtype_binary_20000,37,100,0.75,67,7,281,17.943854297776394,1
covtype_binary_20000,37,100,0.75,68,16,29,18.03928608993722,1
covtype_binary_20000,37,100,0.75,69,8,580,17.738154343483497,1
covtype_binary_20000,37,100,0.75,70,26,118,18.03928608993722,1
covtype_binary_20000,37,100,0.75,71,22,514,18.03928608993722,1
covtype_binary_20000,37,100,0.75,72,10,23,17.736977917689398,1
covtype_binary_20000,37,100,0.75,73,1,397,3.334189903941853e-05,1
covtype_binary_20000,37,100,0.75,74,2,341,6.192158176451691,1
covtype_binary_20000,37,100,0.75,75,8,238,15.616148688170014,1
covtype_binary_20000,37,100,0.75,76,12,292,12.69837819489119,1
covtype_binary_20000,37,100,0.75,77,12,634,18.03772537952818,1
covtype_binary_20000,37,100,0.75,78,55,645,18.03928608993722,1
covtype_binary_20000,37,100,0.75,79,2,195,0.0003382828517375924,1
covtype_binary_20000,37,100,0.75,80,6,663,18.03928608993722,1
covtype_binary_20000,37,100,0.75,81,42,75,9.442988505270593,1
covtype_binary_20000,37,100,0.85,1,6,734,18.03928608993722,1
covtype_binary_20000,37,100,0.85,2,6,888,18.01681143007502,1
covtype_binary_20000,37,100,0.85,3,6,715,18.03928608993722,1
covtype_binary_20000,37,100,0.85,4,8,52,17.75850361453048,1
covtype_binary_20000,37,100,0.85,5,4,396,4.24667611257686,1
covtype_binary_20000,37,100,0.85,6,6,454,18.03928608993722,1
covtype_binary_20000,37,100,0.85,7,42,158,16.954920564632353,1
covtype_binary_20000,37,100,0.85,8,6,722,18.03928608993722,1
covtype_binary_20000,37,100,0.85,9,12,890,17.872266237077568,1
covtype_binary_20000,37,100,0.85,10,6,453,18.03928608993722,1
covtype_binary_20000,37,100,0.85,11,6,452,18.03928608993722,1
covtype_binary_20000,37,100,0.85,12,9,123,17.991722464061052,1
covtype_binary_20000,37,100,0.85,13,9,344,17.31105798129774,1
covtype_binary_20000,37,100,0.85,14,13,448,18.03928608993722,1
covtype_binary_20000,37,100,0.85,15,6,97,16.582910523541063,1
covtype_binary_20000,37,100,0.85,16,2,102,0.04454504524055436,1
covtype_binary_20000,37,100,0.85,17,11,57,16.89386980709849,1
covtype_binary_20000,37,100,0.85,18,6,767,18.03928608993722,1
covtype_binary_20000,37,100,0.85,19,6,480,18.03928608993722,1
covtype_binary_20000,37,100,0.85,20,12,908,18.03928608993722,1
covtype_binary_20000,37,100,0.85,21,12,578,18.038919885840997,1
covtype_binary_20000,37,100,0.85,22,51,763,18.03928608993722,1
covtype_binary_20000,37,100,0.85,23,1,206,4.378098804560618,1
covtype_binary_20000,37,100,0.85,24,5,746,18.03928608993722,1
covtype_binary_20000,37,100,0.85,25,9,151,18.010790976049314,1
covtype_binary_20000,37,100,0.85,26,7,515,18.03928608993722,1
covtype_binary_20000,37,100,0.85,27,11,275,15.89703759710019,1
covtype_binary_20000,37,100,0.85,28,23,414,18.03928608993722,1
covtype_binary_20000,37,100,0.85,29,11,213,17.128225650238416,1
covtype_binary_20000,37,100,0.85,30,20,491,18.03928608993722,1
covtype_binary_20000,37,100,0.85,31,1,198,17.150209306338997,1
covtype_binary_20000,37,100,0.85,32,9,302,17.66428544347521,1
covtype_binary_20000,37,100,0.85,33,7,683,18.03928608993722,1
covtype_binary_20000,37,100,0.85,34,15,503,18.03928608993722,1
covtype_binary_20000,37,100,0.85,35,8,548,18.03928608993722,1
covtype_binary_20000,37,100,0.85,36,18,58,18.03928608993722,1
covtype_binary_20000,37,100,0.85,37,1,631,0.00189469125305064,1
covtype_binary_20000,37,100,0.85,38,27,502,18.03928608993722,1
covtype_binary_20000,37,100,0.85,39,6,519,18.03928608993722,1
covtype_binary_20000,37,100,0.85,40,8,423,17.150360938883956,1
covtype_binary_20000,37,100,0.85,41,8,5,17.991936908918667,1
covtype_binary_20000,37,100,0.85,42,12,756,18.03928608993722,1
covtype_binary_20000,37,100,0.85,43,6,496,18.03928608993722,1
covtype_binary_20000,37,100,0.85,44,12,408,18.03928608993722,1
covtype_binary_20000,37,100,0.85,45,8,65,17.08232831744274,1
covtype_binary_20000,37,100,0.85,46,4,24,16.773873951102143,1
covtype_binary_20000,37,100,0.85,47,12,721,18.038518561572886,1
covtype_binary_20000,37,100,0.85,48,12,115,16.40592899768967,1
covtype_binary_20000,37,100,0.85,49,6,719,18.03928608993722,1
covtype_binary_20000,37,100,0.85,50,6,530,18.03928609003448,1
covtype_binary_20000,37,100,0.85,51,11,157,17.07089243599842,1
covtype_binary_20000,37,100,0.85,52,6,648,18.03928608993722,1
covtype_binary_20000,37,100,0.85,53,9,297,17.900855893443993,1
covtype_binary_20000,37,100,0.85,54,9,71,17.33187142305283,1
covtype_binary_20000,37,100,0.85,55,9,30,18.03928608993722,1
covtype_binary_20000,37,100,0.85,56,15,716,18.03928608993722,1
covtype_binary_20000,37,100,0.85,57,1,526,0.34850668817489866,1
covtype_binary_20000,37,100,0.85,58,6,744,18.03928608993722,1
covtype_binary_20000,37,100,0.85,59,9,4,18.0392863266369,1
covtype_binary_20000,37,100,0.85,60,7,167,17.803518908917237,1
covtype_binary_20000,37,100,0.85,61,9,16,17.69081035950934,1
covtype_binary_20000,37,100,0.85,62,12,623,17.884171947406866,1
covtype_binary_20000,37,100,0.85,63,5,801,18.03928608993722,1
covtype_binary_20000,37,100,0.85,64,6,468,18.03928608993722,1
covtype_binary_20000,37,100,0.85,65,7,244,17.99844934734006,1
covtype_binary_20000,37,100,0.85,66,7,310,17.35776845337233,1
covtype_binary_20000,37,100,0.85,67,8,527,17.95867348262164,1
covtype_binary_20000,37,100,0.85,68,7,266,17.499422887259783,1
covtype_binary_20000,37,100,0.85,69,1,405,0.3156943657189207,1
covtype_binary_20000,37,100,0.85,70,10,106,16.567794194277155,1
covtype_binary_20000,37,100,0.85,71,6,862,18.03928608993722,1
covtype_binary_20000,37,100,0.85,72,6,639,18.03928608993722,1
covtype_binary_20000,37,100,0.85,73,12,201,15.17749616982469,1
covtype_binary_20000,37,100,0.85,74,5,844,18.03928608993722,1
covtype_binary_20000,37,100,0.85,75,6,371,18.03928608993722,1
covtype_binary_20000,37,100,0.85,76,7,281,17.943854297776394,1
covtype_binary_20000,37,100,0.85,77,16,29,18.03928608993722,1
covtype_binary_20000,37,100,0.85,78,8,580,17.738154343483497,1
covtype_binary_20000,37,100,0.85,79,8,199,18.028032628534074,1
covtype_binary_20000,37,100,0.85,80,18,118,18.03928608993722,1
covtype_binary_20000,37,100,0.85,81,22,514,18.03928608993722,1
covtype_binary_20000,37,100,0.85,82,10,23,17.736977917689398,1
covtype_binary_20000,37,100,0.85,83,1,397,3.334189903941853e-05,1
covtype_binary_20000,37,100,0.85,84,2,341,6.192158176451691,1
covtype_binary_20000,37,100,0.85,85,8,238,15.616148688170014,1
covtype_binary_20000,37,100,0.85,86,12,292,12.69837819489119,1
covtype_binary_20000,37,100,0.85,87,12,634,18.03772537952818,1
covtype_binary_20000,37,100,0.85,88,55,645,18.03928608993722,1
covtype_binary_20000,37,100,0.85,89,2,195,0.0003382828517375924,1
covtype_binary_20000,37,100,0.85,90,6,663,18.03928608993722,1
covtype_binary_20000,37,100,0.85,91,42,75,9.442988505270593,1
covtype_binary_20000,37,100,0.9,1,6,734,18.03928608993722,1
covtype_binary_20000,37,100,0.9,2,6,888,18.01681143007502,1
covtype_binary_20000,37,100,0.9,3,6,715,18.03928608993722,1
covtype_binary_20000,37,100,0.9,4,8,52,17.75850361453048,1
covtype_binary_20000,37,100,0.9,5,4,396,4.24667611257686,1
covtype_binary_20000,37,100,0.9,6,6,454,18.03928608993722,1
covtype_binary_20000,37,100,0.9,7,42,158,16.954920564632353,1
covtype_binary_20000,37,100,0.9,8,6,722,18.03928608993722,1
covtype_binary_20000,37,100,0.9,9,6,769,17.09481192472827,1
covtype_binary_20000,37,100,0.9,10,6,890,17.872266237077568,1
covtype_binary_20000,37,100,0.9,11,6,453,18.03928608993722,1
covtype_binary_20000,37,100,0.9,12,6,452,18.03928608993722,1
covtype_binary_20000,37,100,0.9,13,9,123,17.991722464061052,1
covtype_binary_20000,37,100,0.9,14,9,344,17.31105798129774,1
covtype_binary_20000,37,100,0.9,15,13,448,18.03928608993722,1
covtype_binary_20000,37,100,0.9,16,6,97,16.582910523541063,1
covtype_binary_20000,37,100,0.9,17,1,102,0.04454504524055436,1
covtype_binary_20000,37,100,0.9,18,1,836,0.009877222496478821,1
covtype_binary_20000,37,100,0.9,19,11,57,16.89386980709849,1
covtype_binary_20000,37,100,0.9,20,6,767,18.03928608993722,1
covtype_binary_20000,37,100,0.9,21,6,480,18.03928608993722,1
covtype_binary_20000,37,100,0.9,22,6,908,18.03928608993722,1
covtype_binary_20000,37,100,0.9,23,6,438,18.03590004668025,1
covtype_binary_20000,37,100,0.9,24,6,854,16.86234211321964,1
covtype_binary_20000,37,100,0.9,25,6,578,18.038919885840997,1
covtype_binary_20000,37,100,0.9,26,51,763,18.03928608993722,1
covtype_binary_20000,37,100,0.9,27,1,206,4.378098804560618,1
covtype_binary_20000,37,100,0.9,28,5,746,18.03928608993722,1
covtype_binary_20000,37,100,0.9,29,9,151,18.010790976049314,1
covtype_binary_20000,37,100,0.9,30,7,515,18.03928608993722,1
covtype_binary_20000,37,100,0.9,31,11,275,15.89703759710019,1
covtype_binary_20000,37,100,0.9,32,23,414,18.03928608993722,1
covtype_binary_20000,37,100,0.9,33,11,213,17.128225650238416,1
covtype_binary_20000,37,100,0.9,34,20,491,18.03928608993722,1
covtype_binary_20000,37,100,0.9,35,1,198,17.150209306338997,1
covtype_binary_20000,37,100,0.9,36,9,302,17.66428544347521,1
covtype_binary_20000,37,100,0.9,37,7,683,18.03928608993722,1
covtype_binary_20000,37,100,0.9,38,15,503,18.03928608993722,1
covtype_binary_20000,37,100,0.9,39,8,548,18.03928608993722,1
covtype_binary_20000,37,100,0.9,40,18,58,18.03928608993722,1
covtype_binary_20000,37,100,0.9,41,1,631,0.00189469125305064,1
covtype_binary_20000,37,100,0.9,42,27,502,18.03928608993722,1
covtype_binary_20000,37,100,0.9,43,6,519,18.03928608993722,1
covtype_binary_20000,37,100,0.9,44,8,423,17.150360938883956,1
covtype_binary_20000,37,100,0.9,45,8,5,17.991936908918667,1
covtype_binary_20000,37,100,0.9,46,12,756,18.03928608993722,1
covtype_binary_20000,37,100,0.9,47,6,496,18.03928608993722,1
covtype_binary_20000,37,100,0.9,48,6,620,17.98791510510338,1
covtype_binary_20000,37,100,0.9,49,6,408,18.03928608993722,1
covtype_binary_20000,37,100,0.9,50,8,65,17.08232831744274,1
covtype_binary_20000,37,100,0.9,51,4,24,16.773873951102143,1
covtype_binary_20000,37,100,0.9,52,6,721,18.038518561572886,1
covtype_binary_20000,37,100,0.9,53,6,684,17.817115075983388,1
covtype_binary_20000,37,100,0.9,54,12,115,16.40592899768967,1
covtype_binary_20000,37,100,0.9,55,6,719,18.03928608993722,1
covtype_binary_20000,37,100,0.9,56,6,530,18.03928609003448,1
covtype_binary_20000,37,100,0.9,57,11,157,17.07089243599842,1
covtype_binary_20000,37,100,0.9,58,6,648,18.03928608993722,1
covtype_binary_20000,37,100,0.9,59,9,297,17.900855893443993,1
covtype_binary_20000,37,100,0.9,60,9,71,17.33187142305283,1
covtype_binary_20000,37,100,0.9,61,9,30,18.03928608993722,1
covtype_binary_20000,37,100,0.9,62,9,27,17.58504973357308,1
covtype_binary_20000,37,100,0.9,63,6,716,18.03928608993722,1
covtype_binary_20000,37,100,0.9,64,1,526,0.34850668817489866,1
covtype_binary_20000,37,100,0.9,65,6,744,18.03928608993722,1
covtype_binary_20000,37,100,0.9,66,9,4,18.0392863266369,1
covtype_binary_20000,37,100,0.9,67,7,167,17.803518908917237,1
covtype_binary_20000,37,100,0.9,68,9,16,17.69081035950934,1
covtype_binary_20000,37,100,0.9,69,6,794,16.89843440359412,1
covtype_binary_20000,37,100,0.9,70,6,623,17.884171947406866,1
covtype_binary_20000,37,100,0.9,71,5,801,18.03928608993722,1
covtype_binary_20000,37,100,0.9,72,6,468,18.03928608993722,1
covtype_binary_20000,37,100,0.9,73,7,244,17.99844934734006,1
covtype_binary_20000,37,100,0.9,74,7,310,17.35776845337233,1
covtype_binary_20000,37,100,0.9,75,8,527,17.95867348262164,1
covtype_binary_20000,37,100,0.9,76,7,266,17.499422887259783,1
covtype_binary_20000,37,100,0.9,77,1,405,0.3156943657189207,1
covtype_binary_20000,37,100,0.9,78,10,106,16.567794194277155,1
covtype_binary_20000,37,100,0.9,79,6,862,18.03928608993722,1
covtype_binary_20000,37,100,0.9,80,6,639,18.03928608993722,1
covtype_binary_20000,37,100,0.9,81,12,201,15.17749616982469,1
covtype_binary_20000,37,100,0.9,82,5,844,18.03928608993722,1
covtype_binary_20000,37,100,0.9,83,6,371,18.03928608993722,1
covtype_binary_20000,37,100,0.9,84,7,281,17.943854297776394,1
covtype_binary_20000,37,100,0.9,85,9,29,18.03928608993722,1
covtype_binary_20000,37,100,0.9,86,7,67,16.831943697067313,1
covtype_binary_20000,37,100,0.9,87,8,580,17.738154343483497,1
covtype_binary_20000,37,100,0.9,88,8,199,18.028032628534074,1
covtype_binary_20000,37,100,0.9,89,18,118,18.03928608993722,1
covtype_binary_20000,37,100,0.9,90,6,514,18.03928608993722,1
covtype_binary_20000,37,100,0.9,91,16,640,18.03928608993722,1
covtype_binary_20000,37,100,0.9,92,9,23,17.736977917689398,1
covtype_binary_20000,37,100,0.9,93,1,32,-0.00011594454442709345,0
covtype_binary_20000,37,100,0.9,94,1,397,3.334189903941853e-05,0
covtype_binary_20000,37,100,0.9,95,2,341,6.192158176451691,1
covtype_binary_20000,37,100,0.9,96,8,238,15.616148688170014,1
covtype_binary_20000,37,100,0.9,97,12,292,12.69837819489119,1
covtype_binary_20000,37,100,0.9,98,6,842,15.861986330821402,1
covtype_binary_20000,37,100,0.9,99,6,634,18.03772537952818,1
covtype_binary_20000,37,100,0.9,100,55,645,18.03928608993722,1
covtype_binary_20000,37,100,0.9,101,1,195,0.0003382828517375924,0
covtype_binary_20000,37,100,0.9,102,1,298,-7.111080162425232e-05,0
covtype_binary_20000,37,100,0.9,103,6,663,18.03928608993722,1
covtype_binary_20000,37,100,0.9,104,42,75,9.442988505270593,1
covtype_binary_20000,41,25,0.75,1,4,58,16.57391798990219,0
covtype_binary_20000,41,25,0.75,2,13,681,18.057369744091737,1
covtype_binary_20000,41,25,0.75,3,6,518,18.057369744091737,1
covtype_binary_20000,41,25,0.75,4,10,270,18.055494496239763,0
covtype_binary_20000,41,25,0.75,5,4,229,17.451747726370492,0
covtype_binary_20000,41,25,0.75,6,12,168,16.766481199545026,0
covtype_binary_20000,41,25,0.75,7,17,724,18.057369744091737,1
covtype_binary_20000,41,25,0.75,8,10,80,15.52520948121722,0
covtype_binary_20000,41,25,0.75,9,2,184,0.011164525214153287,0
covtype_binary_20000,41,25,0.75,10,12,652,17.97044922490596,0
covtype_binary_20000,41,25,0.75,11,6,549,18.057369744091737,1
covtype_binary_20000,41,25,0.75,12,84,53,10.974664053525824,0
covtype_binary_20000,41,25,0.75,13,6,802,18.057369744091737,1
covtype_binary_20000,41,25,0.75,14,6,464,18.057369744091737,1
covtype_binary_20000,41,25,0.75,15,9,179,17.729049107690305,0
covtype_binary_20000,41,25,0.75,16,12,389,18.057369744091737,1
covtype_binary_20000,41,25,0.75,17,12,122,17.909661279734763,0
covtype_binary_20000,41,25,0.75,18,1,594,-2.5471936413223872e-05,0
covtype_binary_20000,41,25,0.75,19,12,154,17.604766030931014,0
covtype_binary_20000,41,25,0.75,20,12,756,18.057003539995513,0
covtype_binary_20000,41,25,0.75,21,7,468,18.057369744091737,1
covtype_binary_20000,41,25,0.75,22,9,413,17.908947761644583,0
covtype_binary_20000,41,25,0.75,23,9,12,17.45745788124455,0
covtype_binary_20000,41,25,0.75,24,6,426,18.057369744091737,1
covtype_binary_20000,41,25,0.75,25,6,682,18.057369744091737,1
covtype_binary_20000,41,25,0.75,26,12,731,18.057369744091737,1
covtype_binary_20000,41,25,0.75,27,12,606,18.057369744091737,1
covtype_binary_20000,41,25,0.75,28,8,9,18.007987203660964,0
covtype_binary_20000,41,25,0.75,29,12,891,18.057369744091737,1
covtype_binary_20000,41,25,0.75,30,6,465,18.057369744091737,1
covtype_binary_20000,41,25,0.75,31,6,753,18.057369744091737,1
covtype_binary_20000,41,25,0.75,32,6,354,18.057369744091737,1
covtype_binary_20000,41,25,0.75,33,5,185,17.86451922287926,0
covtype_binary_20000,41,25,0.75,34,7,214,17.906810631038955,0
covtype_binary_20000,41,25,0.75,35,7,74,18.050428453606813,0
covtype_binary_20000,41,25,0.75,36,31,57,18.057369744091737,1
covtype_binary_20000,41,25,0.75,37,1,236,0.001167790909929023,0
covtype_binary_20000,41,25,0.75,38,9,175,17.779314669242623,0
covtype_binary_20000,41,25,0.75,39,7,769,18.057369744091737,1
covtype_binary_20000,41,25,0.75,40,8,547,17.855662734126756,0
covtype_binary_20000,41,25,0.75,41,14,746,18.057369744091737,1
covtype_binary_20000,41,25,0.75,42,2,512,16.68711322432159,0
covtype_binary_20000,41,25,0.75,43,17,593,18.057369744091737,1
covtype_binary_20000,41,25,0.75,44,6,647,18.057369744091737,1
covtype_binary_20000,41,25,0.75,45,49,733,18.057369744091737,1
covtype_binary_20000,41,25,0.75,46,12,666,18.057369744091737,1
covtype_binary_20000,41,25,0.75,47,8,67,17.227170591065732,0
covtype_binary_20000,41,25,0.75,48,6,654,18.057369744091737,1
covtype_binary_20000,41,25,0.75,49,5,836,18.057369744091737,0
covtype_binary_20000,41,25,0.75,50,6,722,18.057369744091737,0
covtype_binary_20000,41,25,0.75,51,6,559,18.057369744091737,0
covtype_binary_20000,41,25,0.75,52,9,6,18.057369744091737,0
covtype_binary_20000,41,25,0.75,53,10,789,17.65746874704845,0
covtype_binary_20000,41,25,0.75,54,8,776,18.057369744091737,0
covtype_binary_20000,41,25,0.75,55,6,636,18.057369744091737,0
covtype_binary_20000,41,25,0.75,56,42,202,16.832801531931906,0
covtype_binary_20000,41,25,0.75,57,6,569,18.057369744091737,0
covtype_binary_20000,41,25,0.75,58,12,50,15.751856364811154,0
covtype_binary_20000,41,25,0.75,59,12,688,17.88065529951439,0
covtype_binary_20000,41,25,0.75,60,15,479,18.057369744091737,0
covtype_binary_20000,41,25,0.75,61,8,182,17.135628311114033,0
covtype_binary_20000,41,25,0.75,62,9,303,17.619952217147066,0
covtype_binary_20000,41,25,0.75,63,13,486,18.057369744091737,0
covtype_binary_20000,41,25,0.75,64,1,103,0.01060184810498127,0
covtype_binary_20000,41,25,0.75,65,1,456,0.0006311218866398294,0
covtype_binary_20000,41,25,0.75,66,7,100,17.416799817715383,0
covtype_binary_20000,41,25,0.75,67,6,773,18.057369744091737,0
covtype_binary_20000,41,25,0.75,68,1,357,0.0013093819625939473,0
covtype_binary_20000,41,25,0.75,69,8,135,17.937213008006438,0
covtype_binary_20000,41,25,0.75,70,16,70,18.057369744091737,0
covtype_binary_20000,41,25,0.75,71,11,54,17.378025443996886,0
covtype_binary_20000,41,25,0.75,72,12,729,18.02414001599853,0
covtype_binary_20000,41,25,0.75,73,6,574,18.057369744091737,0
covtype_binary_20000,41,25,0.75,74,9,173,17.954777818389168,0
covtype_binary_20000,41,25,0.75,75,9,147,17.509638928629094,0
covtype_binary_20000,41,25,0.75,76,6,677,18.057369744091737,0
covtype_binary_20000,41,25,0.75,77,11,43,17.395292697552204,0
covtype_binary_20000,41,25,0.75,78,6,142,17.146488159967685,0
covtype_binary_20000,41,25,0.75,79,2,261,5.107053497955199,0
covtype_binary_20000,41,25,0.75,80,14,554,18.057369744091737,0
covtype_binary_20000,41,25,0.75,81,8,702,17.449172956899776,0
covtype_binary_20000,41,25,0.75,82,7,234,17.988723567202683,0
covtype_binary_20000,41,25,0.75,83,7,246,18.04696929467877,0
covtype_binary_20000,41,25,0.75,84,12,567,18.057369744091737,0
covtype_binary_20000,41,25,0.75,85,11,121,17.348923012159943,0
covtype_binary_20000,41,25,0.75,86,6,783,18.057369744091737,0
covtype_binary_20000,41,25,0.75,87,8,106,17.889558185694668,0
covtype_binary_20000,41,25,0.75,88,10,284,16.786887828084353,0
covtype_binary_20000,41,25,0.75,89,9,337,18.057369744091737,0
covtype_binary_20000,41,25,0.75,90,9,582,17.097331770883454,0
covtype_binary_20000,41,25,0.75,91,18,264,18.05736975490252,1
covtype_binary_20000,41,25,0.85,1,4,58,16.57391798990219,0
covtype_binary_20000,41,25,0.85,2,6,872,18.057369744091737,1
covtype_binary_20000,41,25,0.85,3,7,681,18.057369744091737,1
covtype_binary_20000,41,25,0.85,4,6,518,18.057369744091737,1
covtype_binary_20000,41,25,0.85,5,10,270,18.055494496239763,0
covtype_binary_20000,41,25,0.85,6,4,229,17.451747726370492,0
covtype_binary_20000,41,25,0.85,7,12,168,16.766481199545026,0
covtype_binary_20000,41,25,0.85,8,17,724,18.057369744091737,1
covtype_binary_20000,41,25,0.85,9,10,80,15.52520948121722,0
covtype_binary_20000,41,25,0.85,10,2,184,0.011164525214153287,0
covtype_binary_20000,41,25,0.85,11,12,652,17.97044922490596,0
covtype_binary_20000,41,25,0.85,12,6,549,18.057369744091737,1
covtype_binary_20000,41,25,0.85,13,42,254,10.52943723223026,0
covtype_binary_20000,41,25,0.85,14,42,53,10.974664053525824,0
covtype_binary_20000,41,25,0.85,15,6,802,18.057369744091737,1
covtype_binary_20000,41,25,0.85,16,6,464,18.057369744091737,1
covtype_binary_20000,41,25,0.85,17,9,179,17.729049107690305,0
covtype_binary_20000,41,25,0.85,18,6,694,18.057369744091737,1
covtype_binary_20000,41,25,0.85,19,6,389,18.057369744091737,1
covtype_binary_20000,41,25,0.85,20,12,122,17.909661279734763,0
covtype_binary_20000,41,25,0.85,21,1,594,-2.5471936413223872e-05,0
covtype_binary_20000,41,25,0.85,22,12,154,17.604766030931014,0
covtype_binary_20000,41,25,0.85,23,12,756,18.057003539995513,0
covtype_binary_20000,41,25,0.85,24,6,468,18.057369744091737,1
covtype_binary_20000,41,25,0.85,25,1,13,0.059054285802386086,0
covtype_binary_20000,41,25,0.85,26,9,413,17.908947761644583,0
covtype_binary_20000,41,25,0.85,27,9,12,17.45745788124455,0
covtype_binary_20000,41,25,0.85,28,6,426,18.057369744091737,1
covtype_binary_20000,41,25,0.85,29,6,682,18.057369744091737,1
covtype_binary_20000,41,25,0.85,30,12,731,18.057369744091737,1
covtype_binary_20000,41,25,0.85,31,12,606,18.057369744091737,1
covtype_binary_20000,41,25,0.85,32,8,9,18.007987203660964,0
covtype_binary_20000,41,25,0.85,33,12,891,18.057369744091737,1
covtype_binary_20000,41,25,0.85,34,6,465,18.057369744091737,1
covtype_binary_20000,41,25,0.85,35,6,753,18.057369744091737,1
covtype_binary_20000,41,25,0.85,36,6,354,18.057369744091737,1
covtype_binary_20000,41,25,0.85,37,5,185,17.86451922287926,0
covtype_binary_20000,41,25,0.85,38,7,214,17.906810631038955,0
covtype_binary_20000,41,25,0.85,39,7,74,18.050428453606813,0
covtype_binary_20000,41,25,0.85,40,12,493,18.057369744091737,1
covtype_binary_20000,41,25,0.85,41,18,57,18.057369744091737,1
covtype_binary_20000,41,25,0.85,42,1,163,0.007259661164069564,0
covtype_binary_20000,41,25,0.85,43,1,236,0.001167790909929023,0
covtype_binary_20000,41,25,0.85,44,9,175,17.779314669242623,0
covtype_binary_20000,41,25,0.85,45,6,769,18.057369744091737,1
covtype_binary_20000,41,25,0.85,46,1,500,0.0022409157594024953,0
covtype_binary_20000,41,25,0.85,47,7,547,17.855662734126756,0
covtype_binary_20000,41,25,0.85,48,1,243,4.742128796253464e-05,0
covtype_binary_20000,41,25,0.85,49,13,746,18.057369744091737,1
covtype_binary_20000,41,25,0.85,50,1,689,0.0007033523583715451,0
covtype_binary_20000,41,25,0.85,51,2,512,16.68711322432159,0
covtype_binary_20000,41,25,0.85,52,17,593,18.057369744091737,1
covtype_binary_20000,41,25,0.85,53,6,647,18.057369744091737,1
covtype_binary_20000,41,25,0.85,54,42,91,15.836058755103355,0
covtype_binary_20000,41,25,0.85,55,7,733,18.057369744091737,0
covtype_binary_20000,41,25,0.85,56,6,666,18.057369744091737,0
covtype_binary_20000,41,25,0.85,57,6,506,17.985316221734248,0
covtype_binary_20000,41,25,0.85,58,8,67,17.227170591065732,0
covtype_binary_20000,41,25,0.85,59,6,654,18.057369744091737,0
covtype_binary_20000,41,25,0.85,60,5,836,18.057369744091737,0
covtype_binary_20000,41,25,0.85,61,6,722,18.057369744091737,0
covtype_binary_20000,41,25,0.85,62,6,559,18.057369744091737,0
covtype_binary_20000,41,25,0.85,63,9,6,18.057369744091737,0
covtype_binary_20000,41,25,0.85,64,10,789,17.65746874704845,0
covtype_binary_20000,41,25,0.85,65,7,776,18.057369744091737,0
covtype_binary_20000,41,25,0.85,66,1,915,0.00042549600807662014,0
covtype_binary_20000,41,25,0.85,67,6,636,18.057369744091737,0
covtype_binary_20000,41,25,0.85,68,42,202,16.832801531931906,0
covtype_binary_20000,41,25,0.85,69,6,569,18.057369744091737,0
covtype_binary_20000,41,25,0.85,70,12,50,15.751856364811154,0
covtype_binary_20000,41,25,0.85,71,12,688,17.88065529951439,0
covtype_binary_20000,41,25,0.85,72,9,338,17.970981725918463,0
covtype_binary_20000,41,25,0.85,73,6,479,18.057369744091737,0
covtype_binary_20000,41,25,0.85,74,8,182,17.135628311114033,0
covtype_binary_20000,41,25,0.85,75,9,303,17.619952217147066,0
covtype_binary_20000,41,25,0.85,76,13,486,18.057369744091737,0
covtype_binary_20000,41,25,0.85,77,1,103,0.01060184810498127,0
covtype_binary_20000,41,25,0.85,78,1,456,0.0006311218866398294,0
covtype_binary_20000,41,25,0.85,79,7,100,17.416799817715383,0
covtype_binary_20000,41,25,0.85,80,6,773,18.057369744091737,0
covtype_binary_20000,41,25,0.85,81,1,357,0.0013093819625939473,0
covtype_binary_20000,41,25,0.85,82,8,135,17.937213008006438,0
covtype_binary_20000,41,25,0.85,83,16,70,18.057369744091737,0
covtype_binary_20000,41,25,0.85,84,11,54,17.378025443996886,0
covtype_binary_20000,41,25,0.85,85,12,729,18.02414001599853,0
covtype_binary_20000,41,25,0.85,86,6,574,18.057369744091737,0
covtype_binary_20000,41,25,0.85,87,9,173,17.954777818389168,0
covtype_binary_20000,41,25,0.85,88,9,147,17.509638928629094,0
covtype_binary_20000,41,25,0.85,89,6,677,18.057369744091737,0
covtype_binary_20000,41,25,0.85,90,11,43,17.395292697552204,0
covtype_binary_20000,41,25,0.85,91,6,142,17.146488159967685,0
covtype_binary_20000,41,25,0.85,92,2,261,5.107053497955199,0
covtype_binary_20000,41,25,0.85,93,7,180,17.47927009085122,0
covtype_binary_20000,41,25,0.85,94,7,554,18.057369744091737,0
covtype_binary_20000,41,25,0.85,95,8,702,17.449172956899776,0
covtype_binary_20000,41,25,0.85,96,7,234,17.988723567202683,0
covtype_binary_20000,41,25,0.85,97,7,246,18.04696929467877,0
covtype_binary_20000,41,25,0.85,98,6,832,18.057369744091737,0
covtype_binary_20000,41,25,0.85,99,6,567,18.057369744091737,0
covtype_binary_20000,41,25,0.85,100,11,121,17.348923012159943,0
covtype_binary_20000,41,25,0.85,101,6,783,18.057369744091737,0
covtype_binary_20000,41,25,0.85,102,8,106,17.889558185694668,0
covtype_binary_20000,41,25,0.85,103,10,284,16.786887828084353,0
covtype_binary_20000,41,25,0.85,104,9,337,18.057369744091737,0
covtype_binary_20000,41,25,0.85,105,9,582,17.097331770883454,0
covtype_binary_20000,41,25,0.85,106,18,264,18.05736975490252,1
covtype_binary_20000,41,25,0.9,1,4,58,16.57391798990219,0
covtype_binary_20000,41,25,0.9,2,6,872,18.057369744091737,1
covtype_binary_20000,41,25,0.9,3,7,681,18.057369744091737,1
covtype_binary_20000,41,25,0.9,4,6,518,18.057369744091737,1
covtype_binary_20000,41,25,0.9,5,9,270,18.055494496239763,0
covtype_binary_20000,41,25,0.9,6,1,1,0.2568006424575916,0
covtype_binary_20000,41,25,0.9,7,4,229,17.451747726370492,0
covtype_binary_20000,41,25,0.9,8,12,168,16.766481199545026,0
covtype_binary_20000,41,25,0.9,9,17,724,18.057369744091737,1
covtype_binary_20000,41,25,0.9,10,10,80,15.52520948121722,0
covtype_binary_20000,41,25,0.9,11,1,184,0.011164525214153287,0
covtype_binary_20000,41,25,0.9,12,1,187,0.007635851117190617,0
covtype_binary_20000,41,25,0.9,13,12,652,17.97044922490596,0
covtype_binary_20000,41,25,0.9,14,6,549,18.057369744091737,1
covtype_binary_20000,41,25,0.9,15,42,254,10.52943723223026,0
covtype_binary_20000,41,25,0.9,16,42,53,10.974664053525824,0
covtype_binary_20000,41,25,0.9,17,6,802,18.057369744091737,1
covtype_binary_20000,41,25,0.9,18,6,464,18.057369744091737,1
covtype_binary_20000,41,25,0.9,19,9,179,17.729049107690305,0
covtype_binary_20000,41,25,0.9,20,6,694,18.057369744091737,1
covtype_binary_20000,41,25,0.9,21,6,389,18.057369744091737,1
covtype_binary_20000,41,25,0.9,22,12,122,17.909661279734763,0
covtype_binary_20000,41,25,0.9,23,1,594,-2.5471936413223872e-05,0
covtype_binary_20000,41,25,0.9,24,12,154,17.604766030931014,0
covtype_binary_20000,41,25,0.9,25,6,756,18.057003539995513,0
covtype_binary_20000,41,25,0.9,26,6,419,18.049929149880235,0
covtype_binary_20000,41,25,0.9,27,6,468,18.057369744091737,1
covtype_binary_20000,41,25,0.9,28,1,13,0.059054285802386086,0
covtype_binary_20000,41,25,0.9,29,9,413,17.908947761644583,0
covtype_binary_20000,41,25,0.9,30,9,12,17.45745788124455,0
covtype_binary_20000,41,25,0.9,31,6,426,18.057369744091737,1
covtype_binary_20000,41,25,0.9,32,6,682,18.057369744091737,1
covtype_binary_20000,41,25,0.9,33,6,731,18.057369744091737,1
covtype_binary_20000,41,25,0.9,34,6,327,17.727801445316928,0
covtype_binary_20000,41,25,0.9,35,12,606,18.057369744091737,1
covtype_binary_20000,41,25,0.9,36,8,9,18.007987203660964,0
covtype_binary_20000,41,25,0.9,37,12,891,18.057369744091737,1
covtype_binary_20000,41,25,0.9,38,6,465,18.057369744091737,1
covtype_binary_20000,41,25,0.9,39,6,753,18.057369744091737,1
covtype_binary_20000,41,25,0.9,40,6,354,18.057369744091737,1
covtype_binary_20000,41,25,0.9,41,5,185,17.86451922287926,0
covtype_binary_20000,41,25,0.9,42,7,214,17.906810631038955,0
covtype_binary_20000,41,25,0.9,43,7,74,18.050428453606813,0
covtype_binary_20000,41,25,0.9,44,12,493,18.057369744091737,1
covtype_binary_20000,41,25,0.9,45,18,57,18.057369744091737,1
covtype_binary_20000,41,25,0.9,46,1,163,0.007259661164069564,0
covtype_binary_20000,41,25,0.9,47,1,236,0.001167790909929023,0
covtype_binary_20000,41,25,0.9,48,9,175,17.779314669242623,0
covtype_binary_20000,41,25,0.9,49,6,769,18.057369744091737,1
covtype_binary_20000,41,25,0.9,50,1,500,0.0022409157594024953,0
covtype_binary_20000,41,25,0.9,51,7,547,17.855662734126756,0
covtype_binary_20000,41,25,0.9,52,1,243,4.742128796253464e-05,0
covtype_binary_20000,41,25,0.9,53,13,746,18.057369744091737,1
covtype_binary_20000,41,25,0.9,54,1,689,0.0007033523583715451,0
covtype_binary_20000,41,25,0.9,55,2,512,16.68711322432159,0
covtype_binary_20000,41,25,0.9,56,17,593,18.057369744091737,1
covtype_binary_20000,41,25,0.9,57,6,647,18.057369744091737,1
covtype_binary_20000,41,25,0.9,58,42,91,15.836058755103355,0
covtype_binary_20000,41,25,0.9,59,7,733,18.057369744091737,0
covtype_binary_20000,41,25,0.9,60,6,666,18.057369744091737,0
covtype_binary_20000,41,25,0.9,61,6,506,17.985316221734248,0
covtype_binary_20000,41,25,0.9,62,8,67,17.227170591065732,0
covtype_binary_20000,41,25,0.9,63,6,654,18.057369744091737,0
covtype_binary_20000,41,25,0.9,64,5,836,18.057369744091737,0
covtype_binary_20000,41,25,0.9,65,6,722,18.057369744091737,0
covtype_binary_20000,41,25,0.9,66,6,559,18.057369744091737,0
covtype_binary_20000,41,25,0.9,67,9,6,18.057369744091737,0
covtype_binary_20000,41,25,0.9,68,10,789,17.65746874704845,0
covtype_binary_20000,41,25,0.9,69,7,776,18.057369744091737,0
covtype_binary_20000,41,25,0.9,70,1,915,0.00042549600807662014,0
covtype_binary_20000,41,25,0.9,71,6,636,18.057369744091737,0
covtype_binary_20000,41,25,0.9,72,42,202,16.832801531931906,0
covtype_binary_20000,41,25,0.9,73,6,569,18.057369744091737,0
covtype_binary_20000,41,25,0.9,74,12,50,15.751856364811154,0
covtype_binary_20000,41,25,0.9,75,6,896,17.036488618133916,0
covtype_binary_20000,41,25,0.9,76,6,688,17.88065529951439,0
covtype_binary_20000,41,25,0.9,77,9,338,17.970981725918463,0
covtype_binary_20000,41,25,0.9,78,6,479,18.057369744091737,0
covtype_binary_20000,41,25,0.9,79,8,182,17.135628311114033,0
covtype_binary_20000,41,25,0.9,80,9,303,17.619952217147066,0
covtype_binary_20000,41,25,0.9,81,13,486,18.057369744091737,0
covtype_binary_20000,41,25,0.9,82,1,103,0.01060184810498127,0
covtype_binary_20000,41,25,0.9,83,1,456,0.0006311218866398294,0
covtype_binary_20000,41,25,0.9,84,7,100,17.416799817715383,0
covtype_binary_20000,41,25,0.9,85,6,773,18.057369744091737,0
covtype_binary_20000,41,25,0.9,86,1,357,0.0013093819625939473,0
covtype_binary_20000,41,25,0.9,87,8,135,17.937213008006438,0
covtype_binary_20000,41,25,0.9,88,9,70,18.057369744091737,0
covtype_binary_20000,41,25,0.9,89,7,339,16.87551750310295,0
covtype_binary_20000,41,25,0.9,90,11,54,17.378025443996886,0
covtype_binary_20000,41,25,0.9,91,6,580,17.798206557514664,0
covtype_binary_20000,41,25,0.9,92,6,729,18.02414001599853,0
covtype_binary_20000,41,25,0.9,93,6,574,18.057369744091737,0
covtype_binary_20000,41,25,0.9,94,9,173,17.954777818389168,0
covtype_binary_20000,41,25,0.9,95,9,147,17.509638928629094,0
covtype_binary_20000,41,25,0.9,96,6,677,18.057369744091737,0
covtype_binary_20000,41,25,0.9,97,11,43,17.395292697552204,0
covtype_binary_20000,41,25,0.9,98,6,142,17.146488159967685,0
covtype_binary_20000,41,25,0.9,99,2,261,5.107053497955199,0
covtype_binary_20000,41,25,0.9,100,7,180,17.47927009085122,0
covtype_binary_20000,41,25,0.9,101,6,554,18.057369744091737,0
covtype_binary_20000,41,25,0.9,102,1,120,0.004450678521456142,0
covtype_binary_20000,41,25,0.9,103,8,702,17.449172956899776,0
covtype_binary_20000,41,25,0.9,104,7,234,17.988723567202683,0
covtype_binary_20000,41,25,0.9,105,7,246,18.04696929467877,0
covtype_binary_20000,41,25,0.9,106,6,832,18.057369744091737,0
covtype_binary_20000,41,25,0.9,107,6,567,18.057369744091737,0
covtype_binary_20000,41,25,0.9,108,11,121,17.348923012159943,0
covtype_binary_20000,41,25,0.9,109,6,783,18.057369744091737,0
covtype_binary_20000,41,25,0.9,110,8,106,17.889558185694668,0
covtype_binary_20000,41,25,0.9,111,10,284,16.786887828084353,0
covtype_binary_20000,41,25,0.9,112,9,337,18.057369744091737,0
covtype_binary_20000,41,25,0.9,113,9,582,17.097331770883454,0
covtype_binary_20000,41,25,0.9,114,9,98,18.057369744091737,0
covtype_binary_20000,41,25,0.9,115,9,264,18.05736975490252,1
covtype_binary_20000,41,50,0.75,1,4,58,16.57391798990219,0
covtype_binary_20000,41,50,0.75,2,13,681,18.057369744091737,1
covtype_binary_20000,41,50,0.75,3,6,518,18.057369744091737,1
covtype_binary_20000,41,50,0.75,4,10,270,18.055494496239763,1
covtype_binary_20000,41,50,0.75,5,4,229,17.451747726370492,0
covtype_binary_20000,41,50,0.75,6,12,168,16.766481199545026,0
covtype_binary_20000,41,50,0.75,7,17,724,18.057369744091737,1
covtype_binary_20000,41,50,0.75,8,10,80,15.52520948121722,0
covtype_binary_20000,41,50,0.75,9,2,184,0.011164525214153287,0
covtype_binary_20000,41,50,0.75,10,12,652,17.97044922490596,1
covtype_binary_20000,41,50,0.75,11,6,549,18.057369744091737,1
covtype_binary_20000,41,50,0.75,12,84,53,10.974664053525824,0
covtype_binary_20000,41,50,0.75,13,6,802,18.057369744091737,1
covtype_binary_20000,41,50,0.75,14,6,464,18.057369744091737,1
covtype_binary_20000,41,50,0.75,15,9,179,17.729049107690305,0
covtype_binary_20000,41,50,0.75,16,12,389,18.057369744091737,1
covtype_binary_20000,41,50,0.75,17,12,122,17.909661279734763,0
covtype_binary_20000,41,50,0.75,18,1,594,-2.5471936413223872e-05,0
covtype_binary_20000,41,50,0.75,19,12,154,17.604766030931014,0
covtype_binary_20000,41,50,0.75,20,12,756,18.057003539995513,1
covtype_binary_20000,41,50,0.75,21,7,468,18.057369744091737,1
covtype_binary_20000,41,50,0.75,22,9,413,17.908947761644583,0
covtype_binary_20000,41,50,0.75,23,9,12,17.45745788124455,0
covtype_binary_20000,41,50,0.75,24,6,426,18.057369744091737,1
covtype_binary_20000,41,50,0.75,25,6,682,18.057369744091737,1
covtype_binary_20000,41,50,0.75,26,12,731,18.057369744091737,1
covtype_binary_20000,41,50,0.75,27,12,606,18.057369744091737,1
covtype_binary_20000,41,50,0.75,28,8,9,18.007987203660964,1
covtype_binary_20000,41,50,0.75,29,12,891,18.057369744091737,1
covtype_binary_20000,41,50,0.75,30,6,465,18.057369744091737,1
covtype_binary_20000,41,50,0.75,31,6,753,18.057369744091737,1
covtype_binary_20000,41,50,0.75,32,6,354,18.057369744091737,1
covtype_binary_20000,41,50,0.75,33,5,185,17.86451922287926,0
covtype_binary_20000,41,50,0.75,34,7,214,17.906810631038955,0
covtype_binary_20000,41,50,0.75,35,7,74,18.050428453606813,1
covtype_binary_20000,41,50,0.75,36,31,57,18.057369744091737,1
covtype_binary_20000,41,50,0.75,37,1,236,0.001167790909929023,0
covtype_binary_20000,41,50,0.75,38,9,175,17.779314669242623,0
covtype_binary_20000,41,50,0.75,39,7,769,18.057369744091737,1
covtype_binary_20000,41,50,0.75,40,8,547,17.855662734126756,0
covtype_binary_20000,41,50,0.75,41,14,746,18.057369744091737,1
covtype_binary_20000,41,50,0.75,42,2,512,16.68711322432159,0
covtype_binary_20000,41,50,0.75,43,17,593,18.057369744091737,1
covtype_binary_20000,41,50,0.75,44,6,647,18.057369744091737,1
covtype_binary_20000,41,50,0.75,45,49,733,18.057369744091737,1
covtype_binary_20000,41,50,0.75,46,12,666,18.057369744091737,1
covtype_binary_20000,41,50,0.75,47,8,67,17.227170591065732,0
covtype_binary_20000,41,50,0.75,48,6,654,18.057369744091737,1
covtype_binary_20000,41,50,0.75,49,5,836,18.057369744091737,1
covtype_binary_20000,41,50,0.75,50,6,722,18.057369744091737,1
covtype_binary_20000,41,50,0.75,51,6,559,18.057369744091737,1
covtype_binary_20000,41,50,0.75,52,9,6,18.057369744091737,1
covtype_binary_20000,41,50,0.75,53,10,789,17.65746874704845,0
covtype_binary_20000,41,50,0.75,54,8,776,18.057369744091737,1
covtype_binary_20000,41,50,0.75,55,6,636,18.057369744091737,1
covtype_binary_20000,41,50,0.75,56,42,202,16.832801531931906,0
covtype_binary_20000,41,50,0.75,57,6,569,18.057369744091737,1
covtype_binary_20000,41,50,0.75,58,12,50,15.751856364811154,0
covtype_binary_20000,41,50,0.75,59,12,688,17.88065529951439,0
covtype_binary_20000,41,50,0.75,60,15,479,18.057369744091737,1
covtype_binary_20000,41,50,0.75,61,8,182,17.135628311114033,0
covtype_binary_20000,41,50,0.75,62,9,303,17.619952217147066,0
covtype_binary_20000,41,50,0.75,63,13,486,18.057369744091737,1
covtype_binary_20000,41,50,0.75,64,1,103,0.01060184810498127,0
covtype_binary_20000,41,50,0.75,65,1,456,0.0006311218866398294,0
covtype_binary_20000,41,50,0.75,66,7,100,17.416799817715383,0
covtype_binary_20000,41,50,0.75,67,6,773,18.057369744091737,1
covtype_binary_20000,41,50,0.75,68,1,357,0.0013093819625939473,0
covtype_binary_20000,41,50,0.75,69,8,135,17.937213008006438,0
covtype_binary_20000,41,50,0.75,70,16,70,18.057369744091737,1
covtype_binary_20000,41,50,0.75,71,11,54,17.378025443996886,0
covtype_binary_20000,41,50,0.75,72,12,729,18.02414001599853,1
covtype_binary_20000,41,50,0.75,73,6,574,18.057369744091737,1
covtype_binary_20000,41,50,0.75,74,9,173,17.954777818389168,0
covtype_binary_20000,41,50,0.75,75,9,147,17.509638928629094,0
covtype_binary_20000,41,50,0.75,76,6,677,18.057369744091737,1
covtype_binary_20000,41,50,0.75,77,11,43,17.395292697552204,0
covtype_binary_20000,41,50,0.75,78,6,142,17.146488159967685,0
covtype_binary_20000,41,50,0.75,79,2,261,5.107053497955199,0
covtype_binary_20000,41,50,0.75,80,14,554,18.057369744091737,1
covtype_binary_20000,41,50,0.75,81,8,702,17.449172956899776,0
covtype_binary_20000,41,50,0.75,82,7,234,17.988723567202683,1
covtype_binary_20000,41,50,0.75,83,7,246,18.04696929467877,1
covtype_binary_20000,41,50,0.75,84,12,567,18.057369744091737,1
covtype_binary_20000,41,50,0.75,85,11,121,17.348923012159943,0
covtype_binary_20000,41,50,0.75,86,6,783,18.057369744091737,1
covtype_binary_20000,41,50,0.75,87,8,106,17.889558185694668,0
covtype_binary_20000,41,50,0.75,88,10,284,16.786887828084353,0
covtype_binary_20000,41,50,0.75,89,9,337,18.057369744091737,1
covtype_binary_20000,41,50,0.75,90,9,582,17.097331770883454,0
covtype_binary_20000,41,50,0.75,91,18,264,18.05736975490252,1
covtype_binary_20000,41,50,0.85,1,4,58,16.57391798990219,0
covtype_binary_20000,41,50,0.85,2,6,872,18.057369744091737,1
covtype_binary_20000,41,50,0.85,3,7,681,18.057369744091737,1
covtype_binary_20000,41,50,0.85,4,6,518,18.057369744091737,1
covtype_binary_20000,41,50,0.85,5,10,270,18.055494496239763,1
covtype_binary_20000,41,50,0.85,6,4,229,17.451747726370492,0
covtype_binary_20000,41,50,0.85,7,12,168,16.766481199545026,0
covtype_binary_20000,41,50,0.85,8,17,724,18.057369744091737,1
covtype_binary_20000,41,50,0.85,9,10,80,15.52520948121722,0
covtype_binary_20000,41,50,0.85,10,2,184,0.011164525214153287,0
covtype_binary_20000,41,50,0.85,11,12,652,17.97044922490596,0
covtype_binary_20000,41,50,0.85,12,6,549,18.057369744091737,1
covtype_binary_20000,41,50,0.85,13,42,254,10.52943723223026,0
covtype_binary_20000,41,50,0.85,14,42,53,10.974664053525824,0
covtype_binary_20000,41,50,0.85,15,6,802,18.057369744091737,1
covtype_binary_20000,41,50,0.85,16,6,464,18.057369744091737,1
covtype_binary_20000,41,50,0.85,17,9,179,17.729049107690305,0
covtype_binary_20000,41,50,0.85,18,6,694,18.057369744091737,1
covtype_binary_20000,41,50,0.85,19,6,389,18.057369744091737,1
covtype_binary_20000,41,50,0.85,20,12,122,17.909661279734763,0
covtype_binary_20000,41,50,0.85,21,1,594,-2.5471936413223872e-05,0
covtype_binary_20000,41,50,0.85,22,12,154,17.604766030931014,0
covtype_binary_20000,41,50,0.85,23,12,756,18.057003539995513,1
covtype_binary_20000,41,50,0.85,24,6,468,18.057369744091737,1
covtype_binary_20000,41,50,0.85,25,1,13,0.059054285802386086,0
covtype_binary_20000,41,50,0.85,26,9,413,17.908947761644583,0
covtype_binary_20000,41,50,0.85,27,9,12,17.45745788124455,0
covtype_binary_20000,41,50,0.85,28,6,426,18.057369744091737,1
covtype_binary_20000,41,50,0.85,29,6,682,18.057369744091737,1
covtype_binary_20000,41,50,0.85,30,12,731,18.057369744091737,1
covtype_binary_20000,41,50,0.85,31,12,606,18.057369744091737,1
covtype_binary_20000,41,50,0.85,32,8,9,18.007987203660964,0
covtype_binary_20000,41,50,0.85,33,12,891,18.057369744091737,1
covtype_binary_20000,41,50,0.85,34,6,465,18.057369744091737,1
covtype_binary_20000,41,50,0.85,35,6,753,18.057369744091737,1
covtype_binary_20000,41,50,0.85,36,6,354,18.057369744091737,1
covtype_binary_20000,41,50,0.85,37,5,185,17.86451922287926,0
covtype_binary_20000,41,50,0.85,38,7,214,17.906810631038955,0
covtype_binary_20000,41,50,0.85,39,7,74,18.050428453606813,1
covtype_binary_20000,41,50,0.85,40,12,493,18.057369744091737,1
covtype_binary_20000,41,50,0.85,41,18,57,18.057369744091737,1
covtype_binary_20000,41,50,0.85,42,1,163,0.007259661164069564,0
covtype_binary_20000,41,50,0.85,43,1,236,0.001167790909929023,0
covtype_binary_20000,41,50,0.85,44,9,175,17.779314669242623,0
covtype_binary_20000,41,50,0.85,45,6,769,18.057369744091737,1
covtype_binary_20000,41,50,0.85,46,1,500,0.0022409157594024953,0
covtype_binary_20000,41,50,0.85,47,7,547,17.855662734126756,0
covtype_binary_20000,41,50,0.85,48,1,243,4.742128796253464e-05,0
covtype_binary_20000,41,50,0.85,49,13,746,18.057369744091737,1
covtype_binary_20000,41,50,0.85,50,1,689,0.0007033523583715451,0
covtype_binary_20000,41,50,0.85,51,2,512,16.68711322432159,0
covtype_binary_20000,41,50,0.85,52,17,593,18.057369744091737,1
covtype_binary_20000,41,50,0.85,53,6,647,18.057369744091737,1
covtype_binary_20000,41,50,0.85,54,42,91,15.836058755103355,0
covtype_binary_20000,41,50,0.85,55,7,733,18.057369744091737,1
covtype_binary_20000,41,50,0.85,56,6,666,18.057369744091737,1
covtype_binary_20000,41,50,0.85,57,6,506,17.985316221734248,0
covtype_binary_20000,41,50,0.85,58,8,67,17.227170591065732,0
covtype_binary_20000,41,50,0.85,59,6,654,18.057369744091737,1
covtype_binary_20000,41,50,0.85,60,5,836,18.057369744091737,1
covtype_binary_20000,41,50,0.85,61,6,722,18.057369744091737,1
covtype_binary_20000,41,50,0.85,62,6,559,18.057369744091737,1
covtype_binary_20000,41,50,0.85,63,9,6,18.057369744091737,1
covtype_binary_20000,41,50,0.85,64,10,789,17.65746874704845,0
covtype_binary_20000,41,50,0.85,65,7,776,18.057369744091737,1
covtype_binary_20000,41,50,0.85,66,1,915,0.00042549600807662014,0
covtype_binary_20000,41,50,0.85,67,6,636,18.057369744091737,1
covtype_binary_20000,41,50,0.85,68,42,202,16.832801531931906,0
covtype_binary_20000,41,50,0.85,69,6,569,18.057369744091737,1
covtype_binary_20000,41,50,0.85,70,12,50,15.751856364811154,0
covtype_binary_20000,41,50,0.85,71,12,688,17.88065529951439,0
covtype_binary_20000,41,50,0.85,72,9,338,17.970981725918463,0
covtype_binary_20000,41,50,0.85,73,6,479,18.057369744091737,1
covtype_binary_20000,41,50,0.85,74,8,182,17.135628311114033,0
covtype_binary_20000,41,50,0.85,75,9,303,17.619952217147066,0
covtype_binary_20000,41,50,0.85,76,13,486,18.057369744091737,1
covtype_binary_20000,41,50,0.85,77,1,103,0.01060184810498127,0
covtype_binary_20000,41,50,0.85,78,1,456,0.0006311218866398294,0
covtype_binary_20000,41,50,0.85,79,7,100,17.416799817715383,0
covtype_binary_20000,41,50,0.85,80,6,773,18.057369744091737,1
covtype_binary_20000,41,50,0.85,81,1,357,0.0013093819625939473,0
covtype_binary_20000,41,50,0.85,82,8,135,17.937213008006438,0
covtype_binary_20000,41,50,0.85,83,16,70,18.057369744091737,1
covtype_binary_20000,41,50,0.85,84,11,54,17.378025443996886,0
covtype_binary_20000,41,50,0.85,85,12,729,18.02414001599853,0
covtype_binary_20000,41,50,0.85,86,6,574,18.057369744091737,1
covtype_binary_20000,41,50,0.85,87,9,173,17.954777818389168,0
covtype_binary_20000,41,50,0.85,88,9,147,17.509638928629094,0
covtype_binary_20000,41,50,0.85,89,6,677,18.057369744091737,1
covtype_binary_20000,41,50,0.85,90,11,43,17.395292697552204,0
covtype_binary_20000,41,50,0.85,91,6,142,17.146488159967685,0
covtype_binary_20000,41,50,0.85,92,2,261,5.107053497955199,0
covtype_binary_20000,41,50,0.85,93,7,180,17.47927009085122,0
covtype_binary_20000,41,50,0.85,94,7,554,18.057369744091737,1
covtype_binary_20000,41,50,0.85,95,8,702,17.449172956899776,0
covtype_binary_20000,41,50,0.85,96,7,234,17.988723567202683,0
covtype_binary_20000,41,50,0.85,97,7,246,18.04696929467877,1
covtype_binary_20000,41,50,0.85,98,6,832,18.057369744091737,1
covtype_binary_20000,41,50,0.85,99,6,567,18.057369744091737,1
covtype_binary_20000,41,50,0.85,100,11,121,17.348923012159943,0
covtype_binary_20000,41,50,0.85,101,6,783,18.057369744091737,1
covtype_binary_20000,41,50,0.85,102,8,106,17.889558185694668,0
covtype_binary_20000,41,50,0.85,103,10,284,16.786887828084353,0
covtype_binary_20000,41,50,0.85,104,9,337,18.057369744091737,1
covtype_binary_20000,41,50,0.85,105,9,582,17.097331770883454,0
covtype_binary_20000,41,50,0.85,106,18,264,18.05736975490252,1
covtype_binary_20000,41,50,0.9,1,4,58,16.57391798990219,0
covtype_binary_20000,41,50,0.9,2,6,872,18.057369744091737,1
covtype_binary_20000,41,50,0.9,3,7,681,18.057369744091737,1
covtype_binary_20000,41,50,0.9,4,6,518,18.057369744091737,1
covtype_binary_20000,41,50,0.9,5,9,270,18.055494496239763,1
covtype_binary_20000,41,50,0.9,6,1,1,0.2568006424575916,0
covtype_binary_20000,41,50,0.9,7,4,229,17.451747726370492,0
covtype_binary_20000,41,50,0.9,8,12,168,16.766481199545026,0
covtype_binary_20000,41,50,0.9,9,17,724,18.057369744091737,1
covtype_binary_20000,41,50,0.9,10,10,80,15.52520948121722,0
covtype_binary_20000,41,50,0.9,11,1,184,0.011164525214153287,0
covtype_binary_20000,41,50,0.9,12,1,187,0.007635851117190617,0
covtype_binary_20000,41,50,0.9,13,12,652,17.97044922490596,0
covtype_binary_20000,41,50,0.9,14,6,549,18.057369744091737,1
covtype_binary_20000,41,50,0.9,15,42,254,10.52943723223026,0
covtype_binary_20000,41,50,0.9,16,42,53,10.974664053525824,0
covtype_binary_20000,41,50,0.9,17,6,802,18.057369744091737,1
covtype_binary_20000,41,50,0.9,18,6,464,18.057369744091737,1
covtype_binary_20000,41,50,0.9,19,9,179,17.729049107690305,0
covtype_binary_20000,41,50,0.9,20,6,694,18.057369744091737,1
covtype_binary_20000,41,50,0.9,21,6,389,18.057369744091737,1
covtype_binary_20000,41,50,0.9,22,12,122,17.909661279734763,0
covtype_binary_20000,41,50,0.9,23,1,594,-2.5471936413223872e-05,0
covtype_binary_20000,41,50,0.9,24,12,154,17.604766030931014,0
covtype_binary_20000,41,50,0.9,25,6,756,18.057003539995513,1
covtype_binary_20000,41,50,0.9,26,6,419,18.049929149880235,0
covtype_binary_20000,41,50,0.9,27,6,468,18.057369744091737,1
covtype_binary_20000,41,50,0.9,28,1,13,0.059054285802386086,0
covtype_binary_20000,41,50,0.9,29,9,413,17.908947761644583,0
covtype_binary_20000,41,50,0.9,30,9,12,17.45745788124455,0
covtype_binary_20000,41,50,0.9,31,6,426,18.057369744091737,1
covtype_binary_20000,41,50,0.9,32,6,682,18.057369744091737,1
covtype_binary_20000,41,50,0.9,33,6,731,18.057369744091737,1
covtype_binary_20000,41,50,0.9,34,6,327,17.727801445316928,0
covtype_binary_20000,41,50,0.9,35,12,606,18.057369744091737,1
covtype_binary_20000,41,50,0.9,36,8,9,18.007987203660964,0
covtype_binary_20000,41,50,0.9,37,12,891,18.057369744091737,1
covtype_binary_20000,41,50,0.9,38,6,465,18.057369744091737,1
covtype_binary_20000,41,50,0.9,39,6,753,18.057369744091737,1
covtype_binary_20000,41,50,0.9,40,6,354,18.057369744091737,1
covtype_binary_20000,41,50,0.9,41,5,185,17.86451922287926,0
covtype_binary_20000,41,50,0.9,42,7,214,17.906810631038955,0
covtype_binary_20000,41,50,0.9,43,7,74,18.050428453606813,1
covtype_binary_20000,41,50,0.9,44,12,493,18.057369744091737,1
covtype_binary_20000,41,50,0.9,45,18,57,18.057369744091737,1
covtype_binary_20000,41,50,0.9,46,1,163,0.007259661164069564,0
covtype_binary_20000,41,50,0.9,47,1,236,0.001167790909929023,0
covtype_binary_20000,41,50,0.9,48,9,175,17.779314669242623,0
covtype_binary_20000,41,50,0.9,49,6,769,18.057369744091737,1
covtype_binary_20000,41,50,0.9,50,1,500,0.0022409157594024953,0
covtype_binary_20000,41,50,0.9,51,7,547,17.855662734126756,0
covtype_binary_20000,41,50,0.9,52,1,243,4.742128796253464e-05,0
covtype_binary_20000,41,50,0.9,53,13,746,18.057369744091737,1
covtype_binary_20000,41,50,0.9,54,1,689,0.0007033523583715451,0
covtype_binary_20000,41,50,0.9,55,2,512,16.68711322432159,0
covtype_binary_20000,41,50,0.9,56,17,593,18.057369744091737,1
covtype_binary_20000,41,50,0.9,57,6,647,18.057369744091737,1
covtype_binary_20000,41,50,0.9,58,42,91,15.836058755103355,0
covtype_binary_20000,41,50,0.9,59,7,733,18.057369744091737,1
covtype_binary_20000,41,50,0.9,60,6,666,18.057369744091737,1
covtype_binary_20000,41,50,0.9,61,6,506,17.985316221734248,0
covtype_binary_20000,41,50,0.9,62,8,67,17.227170591065732,0
covtype_binary_20000,41,50,0.9,63,6,654,18.057369744091737,1
covtype_binary_20000,41,50,0.9,64,5,836,18.057369744091737,1
covtype_binary_20000,41,50,0.9,65,6,722,18.057369744091737,1
covtype_binary_20000,41,50,0.9,66,6,559,18.057369744091737,1
covtype_binary_20000,41,50,0.9,67,9,6,18.057369744091737,1
covtype_binary_20000,41,50,0.9,68,10,789,17.65746874704845,0
covtype_binary_20000,41,50,0.9,69,7,776,18.057369744091737,1
covtype_binary_20000,41,50,0.9,70,1,915,0.00042549600807662014,0
covtype_binary_20000,41,50,0.9,71,6,636,18.057369744091737,1
covtype_binary_20000,41,50,0.9,72,42,202,16.832801531931906,0
covtype_binary_20000,41,50,0.9,73,6,569,18.057369744091737,1
covtype_binary_20000,41,50,0.9,74,12,50,15.751856364811154,0
covtype_binary_20000,41,50,0.9,75,6,896,17.036488618133916,0
covtype_binary_20000,41,50,0.9,76,6,688,17.88065529951439,0
covtype_binary_20000,41,50,0.9,77,9,338,17.970981725918463,0
covtype_binary_20000,41,50,0.9,78,6,479,18.057369744091737,1
covtype_binary_20000,41,50,0.9,79,8,182,17.135628311114033,0
covtype_binary_20000,41,50,0.9,80,9,303,17.619952217147066,0
covtype_binary_20000,41,50,0.9,81,13,486,18.057369744091737,1
covtype_binary_20000,41,50,0.9,82,1,103,0.01060184810498127,0
covtype_binary_20000,41,50,0.9,83,1,456,0.0006311218866398294,0
covtype_binary_20000,41,50,0.9,84,7,100,17.416799817715383,0
covtype_binary_20000,41,50,0.9,85,6,773,18.057369744091737,1
covtype_binary_20000,41,50,0.9,86,1,357,0.0013093819625939473,0
covtype_binary_20000,41,50,0.9,87,8,135,17.937213008006438,0
covtype_binary_20000,41,50,0.9,88,9,70,18.057369744091737,1
covtype_binary_20000,41,50,0.9,89,7,339,16.87551750310295,0
covtype_binary_20000,41,50,0.9,90,11,54,17.378025443996886,0
covtype_binary_20000,41,50,0.9,91,6,580,17.798206557514664,0
covtype_binary_20000,41,50,0.9,92,6,729,18.02414001599853,0
covtype_binary_20000,41,50,0.9,93,6,574,18.057369744091737,1
covtype_binary_20000,41,50,0.9,94,9,173,17.954777818389168,0
covtype_binary_20000,41,50,0.9,95,9,147,17.509638928629094,0
covtype_binary_20000,41,50,0.9,96,6,677,18.057369744091737,1
covtype_binary_20000,41,50,0.9,97,11,43,17.395292697552204,0
covtype_binary_20000,41,50,0.9,98,6,142,17.146488159967685,0
covtype_binary_20000,41,50,0.9,99,2,261,5.107053497955199,0
covtype_binary_20000,41,50,0.9,100,7,180,17.47927009085122,0
covtype_binary_20000,41,50,0.9,101,6,554,18.057369744091737,1
covtype_binary_20000,41,50,0.9,102,1,120,0.004450678521456142,0
covtype_binary_20000,41,50,0.9,103,8,702,17.449172956899776,0
covtype_binary_20000,41,50,0.9,104,7,234,17.988723567202683,0
covtype_binary_20000,41,50,0.9,105,7,246,18.04696929467877,0
covtype_binary_20000,41,50,0.9,106,6,832,18.057369744091737,1
covtype_binary_20000,41,50,0.9,107,6,567,18.057369744091737,1
covtype_binary_20000,41,50,0.9,108,11,121,17.348923012159943,0
covtype_binary_20000,41,50,0.9,109,6,783,18.057369744091737,1
covtype_binary_20000,41,50,0.9,110,8,106,17.889558185694668,0
covtype_binary_20000,41,50,0.9,111,10,284,16.786887828084353,0
covtype_binary_20000,41,50,0.9,112,9,337,18.057369744091737,1
covtype_binary_20000,41,50,0.9,113,9,582,17.097331770883454,0
covtype_binary_20000,41,50,0.9,114,9,98,18.057369744091737,1
covtype_binary_20000,41,50,0.9,115,9,264,18.05736975490252,1
covtype_binary_20000,41,100,0.75,1,4,58,16.57391798990219,1
covtype_binary_20000,41,100,0.75,2,13,681,18.057369744091737,1
covtype_binary_20000,41,100,0.75,3,6,518,18.057369744091737,1
covtype_binary_20000,41,100,0.75,4,10,270,18.055494496239763,1
covtype_binary_20000,41,100,0.75,5,4,229,17.451747726370492,1
covtype_binary_20000,41,100,0.75,6,12,168,16.766481199545026,1
covtype_binary_20000,41,100,0.75,7,17,724,18.057369744091737,1
covtype_binary_20000,41,100,0.75,8,10,80,15.52520948121722,1
covtype_binary_20000,41,100,0.75,9,2,184,0.011164525214153287,1
covtype_binary_20000,41,100,0.75,10,12,652,17.97044922490596,1
covtype_binary_20000,41,100,0.75,11,6,549,18.057369744091737,1
covtype_binary_20000,41,100,0.75,12,84,53,10.974664053525824,1
covtype_binary_20000,41,100,0.75,13,6,802,18.057369744091737,1
covtype_binary_20000,41,100,0.75,14,6,464,18.057369744091737,1
covtype_binary_20000,41,100,0.75,15,9,179,17.729049107690305,1
covtype_binary_20000,41,100,0.75,16,12,389,18.057369744091737,1
covtype_binary_20000,41,100,0.75,17,12,122,17.909661279734763,1
covtype_binary_20000,41,100,0.75,18,1,594,-2.5471936413223872e-05,1
covtype_binary_20000,41,100,0.75,19,12,154,17.604766030931014,1
covtype_binary_20000,41,100,0.75,20,12,756,18.057003539995513,1
covtype_binary_20000,41,100,0.75,21,7,468,18.057369744091737,1
covtype_binary_20000,41,100,0.75,22,9,413,17.908947761644583,1
covtype_binary_20000,41,100,0.75,23,9,12,17.45745788124455,1
covtype_binary_20000,41,100,0.75,24,6,426,18.057369744091737,1
covtype_binary_20000,41,100,0.75,25,6,682,18.057369744091737,1
covtype_binary_20000,41,100,0.75,26,12,731,18.057369744091737,1
covtype_binary_20000,41,100,0.75,27,12,606,18.057369744091737,1
covtype_binary_20000,41,100,0.75,28,8,9,18.007987203660964,1
covtype_binary_20000,41,100,0.75,29,12,891,18.057369744091737,1
covtype_binary_20000,41,100,0.75,30,6,465,18.057369744091737,1
covtype_binary_20000,41,100,0.75,31,6,753,18.057369744091737,1
covtype_binary_20000,41,100,0.75,32,6,354,18.057369744091737,1
covtype_binary_20000,41,100,0.75,33,5,185,17.86451922287926,1
covtype_binary_20000,41,100,0.75,34,7,214,17.906810631038955,1
covtype_binary_20000,41,100,0.75,35,7,74,18.050428453606813,1
covtype_binary_20000,41,100,0.75,36,31,57,18.057369744091737,1
covtype_binary_20000,41,100,0.75,37,1,236,0.001167790909929023,1
covtype_binary_20000,41,100,0.75,38,9,175,17.779314669242623,1
covtype_binary_20000,41,100,0.75,39,7,769,18.057369744091737,1
covtype_binary_20000,41,100,0.75,40,8,547,17.855662734126756,1
covtype_binary_20000,41,100,0.75,41,14,746,18.057369744091737,1
covtype_binary_20000,41,100,0.75,42,2,512,16.68711322432159,1
covtype_binary_20000,41,100,0.75,43,17,593,18.057369744091737,1
covtype_binary_20000,41,100,0.75,44,6,647,18.057369744091737,1
covtype_binary_20000,41,100,0.75,45,49,733,18.057369744091737,1
covtype_binary_20000,41,100,0.75,46,12,666,18.057369744091737,1
covtype_binary_20000,41,100,0.75,47,8,67,17.227170591065732,1
covtype_binary_20000,41,100,0.75,48,6,654,18.057369744091737,1
covtype_binary_20000,41,100,0.75,49,5,836,18.057369744091737,1
covtype_binary_20000,41,100,0.75,50,6,722,18.057369744091737,1
covtype_binary_20000,41,100,0.75,51,6,559,18.057369744091737,1
covtype_binary_20000,41,100,0.75,52,9,6,18.057369744091737,1
covtype_binary_20000,41,100,0.75,53,10,789,17.65746874704845,1
covtype_binary_20000,41,100,0.75,54,8,776,18.057369744091737,1
covtype_binary_20000,41,100,0.75,55,6,636,18.057369744091737,1
covtype_binary_20000,41,100,0.75,56,42,202,16.832801531931906,1
covtype_binary_20000,41,100,0.75,57,6,569,18.057369744091737,1
covtype_binary_20000,41,100,0.75,58,12,50,15.751856364811154,1
covtype_binary_20000,41,100,0.75,59,12,688,17.88065529951439,1
covtype_binary_20000,41,100,0.75,60,15,479,18.057369744091737,1
covtype_binary_20000,41,100,0.75,61,8,182,17.135628311114033,1
covtype_binary_20000,41,100,0.75,62,9,303,17.619952217147066,1
covtype_binary_20000,41,100,0.75,63,13,486,18.057369744091737,1
covtype_binary_20000,41,100,0.75,64,1,103,0.01060184810498127,1
covtype_binary_20000,41,100,0.75,65,1,456,0.0006311218866398294,1
covtype_binary_20000,41,100,0.75,66,7,100,17.416799817715383,1
covtype_binary_20000,41,100,0.75,67,6,773,18.057369744091737,1
covtype_binary_20000,41,100,0.75,68,1,357,0.0013093819625939473,1
covtype_binary_20000,41,100,0.75,69,8,135,17.937213008006438,1
covtype_binary_20000,41,100,0.75,70,16,70,18.057369744091737,1
covtype_binary_20000,41,100,0.75,71,11,54,17.378025443996886,1
covtype_binary_20000,41,100,0.75,72,12,729,18.02414001599853,1
covtype_binary_20000,41,100,0.75,73,6,574,18.057369744091737,1
covtype_binary_20000,41,100,0.75,74,9,173,17.954777818389168,1
covtype_binary_20000,41,100,0.75,75,9,147,17.509638928629094,1
covtype_binary_20000,41,100,0.75,76,6,677,18.057369744091737,1
covtype_binary_20000,41,100,0.75,77,11,43,17.395292697552204,1
covtype_binary_20000,41,100,0.75,78,6,142,17.146488159967685,1
covtype_binary_20000,41,100,0.75,79,2,261,5.107053497955199,1
covtype_binary_20000,41,100,0.75,80,14,554,18.057369744091737,1
covtype_binary_20000,41,100,0.75,81,8,702,17.449172956899776,1
covtype_binary_20000,41,100,0.75,82,7,234,17.988723567202683,1
covtype_binary_20000,41,100,0.75,83,7,246,18.04696929467877,1
covtype_binary_20000,41,100,0.75,84,12,567,18.057369744091737,1
covtype_binary_20000,41,100,0.75,85,11,121,17.348923012159943,1
covtype_binary_20000,41,100,0.75,86,6,783,18.057369744091737,1
covtype_binary_20000,41,100,0.75,87,8,106,17.889558185694668,1
covtype_binary_20000,41,100,0.75,88,10,284,16.786887828084353,1
covtype_binary_20000,41,100,0.75,89,9,337,18.057369744091737,1
covtype_binary_20000,41,100,0.75,90,9,582,17.097331770883454,1
covtype_binary_20000,41,100,0.75,91,18,264,18.05736975490252,1
covtype_binary_20000,41,100,0.85,1,4,58,16.57391798990219,1
covtype_binary_20000,41,100,0.85,2,6,872,18.057369744091737,1
covtype_binary_20000,41,100,0.85,3,7,681,18.057369744091737,1
covtype_binary_20000,41,100,0.85,4,6,518,18.057369744091737,1
covtype_binary_20000,41,100,0.85,5,10,270,18.055494496239763,1
covtype_binary_20000,41,100,0.85,6,4,229,17.451747726370492,1
covtype_binary_20000,41,100,0.85,7,12,168,16.766481199545026,1
covtype_binary_20000,41,100,0.85,8,17,724,18.057369744091737,1
covtype_binary_20000,41,100,0.85,9,10,80,15.52520948121722,1
covtype_binary_20000,41,100,0.85,10,2,184,0.011164525214153287,1
covtype_binary_20000,41,100,0.85,11,12,652,17.97044922490596,1
covtype_binary_20000,41,100,0.85,12,6,549,18.057369744091737,1
covtype_binary_20000,41,100,0.85,13,42,254,10.52943723223026,1
covtype_binary_20000,41,100,0.85,14,42,53,10.974664053525824,1
covtype_binary_20000,41,100,0.85,15,6,802,18.057369744091737,1
covtype_binary_20000,41,100,0.85,16,6,464,18.057369744091737,1
covtype_binary_20000,41,100,0.85,17,9,179,17.729049107690305,1
covtype_binary_20000,41,100,0.85,18,6,694,18.057369744091737,1
covtype_binary_20000,41,100,0.85,19,6,389,18.057369744091737,1
covtype_binary_20000,41,100,0.85,20,12,122,17.909661279734763,1
covtype_binary_20000,41,100,0.85,21,1,594,-2.5471936413223872e-05,0
covtype_binary_20000,41,100,0.85,22,12,154,17.604766030931014,1
covtype_binary_20000,41,100,0.85,23,12,756,18.057003539995513,1
covtype_binary_20000,41,100,0.85,24,6,468,18.057369744091737,1
covtype_binary_20000,41,100,0.85,25,1,13,0.059054285802386086,1
covtype_binary_20000,41,100,0.85,26,9,413,17.908947761644583,1
covtype_binary_20000,41,100,0.85,27,9,12,17.45745788124455,1
covtype_binary_20000,41,100,0.85,28,6,426,18.057369744091737,1
covtype_binary_20000,41,100,0.85,29,6,682,18.057369744091737,1
covtype_binary_20000,41,100,0.85,30,12,731,18.057369744091737,1
covtype_binary_20000,41,100,0.85,31,12,606,18.057369744091737,1
covtype_binary_20000,41,100,0.85,32,8,9,18.007987203660964,1
covtype_binary_20000,41,100,0.85,33,12,891,18.057369744091737,1
covtype_binary_20000,41,100,0.85,34,6,465,18.057369744091737,1
covtype_binary_20000,41,100,0.85,35,6,753,18.057369744091737,1
covtype_binary_20000,41,100,0.85,36,6,354,18.057369744091737,1
covtype_binary_20000,41,100,0.85,37,5,185,17.86451922287926,1
covtype_binary_20000,41,100,0.85,38,7,214,17.906810631038955,1
covtype_binary_20000,41,100,0.85,39,7,74,18.050428453606813,1
covtype_binary_20000,41,100,0.85,40,12,493,18.057369744091737,1
covtype_binary_20000,41,100,0.85,41,18,57,18.057369744091737,1
covtype_binary_20000,41,100,0.85,42,1,163,0.007259661164069564,1
covtype_binary_20000,41,100,0.85,43,1,236,0.001167790909929023,0
covtype_binary_20000,41,100,0.85,44,9,175,17.779314669242623,1
covtype_binary_20000,41,100,0.85,45,6,769,18.057369744091737,1
covtype_binary_20000,41,100,0.85,46,1,500,0.0022409157594024953,1
covtype_binary_20000,41,100,0.85,47,7,547,17.855662734126756,1
covtype_binary_20000,41,100,0.85,48,1,243,4.742128796253464e-05,0
covtype_binary_20000,41,100,0.85,49,13,746,18.057369744091737,1
covtype_binary_20000,41,100,0.85,50,1,689,0.0007033523583715451,0
covtype_binary_20000,41,100,0.85,51,2,512,16.68711322432159,1
covtype_binary_20000,41,100,0.85,52,17,593,18.057369744091737,1
covtype_binary_20000,41,100,0.85,53,6,647,18.057369744091737,1
covtype_binary_20000,41,100,0.85,54,42,91,15.836058755103355,1
covtype_binary_20000,41,100,0.85,55,7,733,18.057369744091737,1
covtype_binary_20000,41,100,0.85,56,6,666,18.057369744091737,1
covtype_binary_20000,41,100,0.85,57,6,506,17.985316221734248,1
covtype_binary_20000,41,100,0.85,58,8,67,17.227170591065732,1
covtype_binary_20000,41,100,0.85,59,6,654,18.057369744091737,1
covtype_binary_20000,41,100,0.85,60,5,836,18.057369744091737,1
covtype_binary_20000,41,100,0.85,61,6,722,18.057369744091737,1
covtype_binary_20000,41,100,0.85,62,6,559,18.057369744091737,1
covtype_binary_20000,41,100,0.85,63,9,6,18.057369744091737,1
covtype_binary_20000,41,100,0.85,64,10,789,17.65746874704845,1
covtype_binary_20000,41,100,0.85,65,7,776,18.057369744091737,1
covtype_binary_20000,41,100,0.85,66,1,915,0.00042549600807662014,0
covtype_binary_20000,41,100,0.85,67,6,636,18.057369744091737,1
covtype_binary_20000,41,100,0.85,68,42,202,16.832801531931906,1
covtype_binary_20000,41,100,0.85,69,6,569,18.057369744091737,1
covtype_binary_20000,41,100,0.85,70,12,50,15.751856364811154,1
covtype_binary_20000,41,100,0.85,71,12,688,17.88065529951439,1
covtype_binary_20000,41,100,0.85,72,9,338,17.970981725918463,1
covtype_binary_20000,41,100,0.85,73,6,479,18.057369744091737,1
covtype_binary_20000,41,100,0.85,74,8,182,17.135628311114033,1
covtype_binary_20000,41,100,0.85,75,9,303,17.619952217147066,1
covtype_binary_20000,41,100,0.85,76,13,486,18.057369744091737,1
covtype_binary_20000,41,100,0.85,77,1,103,0.01060184810498127,1
covtype_binary_20000,41,100,0.85,78,1,456,0.0006311218866398294,0
covtype_binary_20000,41,100,0.85,79,7,100,17.416799817715383,1
covtype_binary_20000,41,100,0.85,80,6,773,18.057369744091737,1
covtype_binary_20000,41,100,0.85,81,1,357,0.0013093819625939473,1
covtype_binary_20000,41,100,0.85,82,8,135,17.937213008006438,1
covtype_binary_20000,41,100,0.85,83,16,70,18.057369744091737,1
covtype_binary_20000,41,100,0.85,84,11,54,17.378025443996886,1
covtype_binary_20000,41,100,0.85,85,12,729,18.02414001599853,1
covtype_binary_20000,41,100,0.85,86,6,574,18.057369744091737,1
covtype_binary_20000,41,100,0.85,87,9,173,17.954777818389168,1
covtype_binary_20000,41,100,0.85,88,9,147,17.509638928629094,1
covtype_binary_20000,41,100,0.85,89,6,677,18.057369744091737,1
covtype_binary_20000,41,100,0.85,90,11,43,17.395292697552204,1
covtype_binary_20000,41,100,0.85,91,6,142,17.146488159967685,1
covtype_binary_20000,41,100,0.85,92,2,261,5.107053497955199,1
covtype_binary_20000,41,100,0.85,93,7,180,17.47927009085122,1
covtype_binary_20000,41,100,0.85,94,7,554,18.057369744091737,1
covtype_binary_20000,41,100,0.85,95,8,702,17.449172956899776,1
covtype_binary_20000,41,100,0.85,96,7,234,17.988723567202683,1
covtype_binary_20000,41,100,0.85,97,7,246,18.04696929467877,1
covtype_binary_20000,41,100,0.85,98,6,832,18.057369744091737,1
covtype_binary_20000,41,100,0.85,99,6,567,18.057369744091737,1
covtype_binary_20000,41,100,0.85,100,11,121,17.348923012159943,1
covtype_binary_20000,41,100,0.85,101,6,783,18.057369744091737,1
covtype_binary_20000,41,100,0.85,102,8,106,17.889558185694668,1
covtype_binary_20000,41,100,0.85,103,10,284,16.786887828084353,1
covtype_binary_20000,41,100,0.85,104,9,337,18.057369744091737,1
covtype_binary_20000,41,100,0.85,105,9,582,17.097331770883454,1
covtype_binary_20000,41,100,0.85,106,18,264,18.05736975490252,1
covtype_binary_20000,41,100,0.9,1,4,58,16.57391798990219,1
covtype_binary_20000,41,100,0.9,2,6,872,18.057369744091737,1
covtype_binary_20000,41,100,0.9,3,7,681,18.057369744091737,1
covtype_binary_20000,41,100,0.9,4,6,518,18.057369744091737,1
covtype_binary_20000,41,100,0.9,5,9,270,18.055494496239763,1
covtype_binary_20000,41,100,0.9,6,1,1,0.2568006424575916,0
covtype_binary_20000,41,100,0.9,7,4,229,17.451747726370492,1
covtype_binary_20000,41,100,0.9,8,12,168,16.766481199545026,1
covtype_binary_20000,41,100,0.9,9,17,724,18.057369744091737,1
covtype_binary_20000,41,100,0.9,10,10,80,15.52520948121722,1
covtype_binary_20000,41,100,0.9,11,1,184,0.011164525214153287,0
covtype_binary_20000,41,100,0.9,12,1,187,0.007635851117190617,0
covtype_binary_20000,41,100,0.9,13,12,652,17.97044922490596,1
covtype_binary_20000,41,100,0.9,14,6,549,18.057369744091737,1
covtype_binary_20000,41,100,0.9,15,42,254,10.52943723223026,1
covtype_binary_20000,41,100,0.9,16,42,53,10.974664053525824,1
covtype_binary_20000,41,100,0.9,17,6,802,18.057369744091737,1
covtype_binary_20000,41,100,0.9,18,6,464,18.057369744091737,1
covtype_binary_20000,41,100,0.9,19,9,179,17.729049107690305,1
covtype_binary_20000,41,100,0.9,20,6,694,18.057369744091737,1
covtype_binary_20000,41,100,0.9,21,6,389,18.057369744091737,1
covtype_binary_20000,41,100,0.9,22,12,122,17.909661279734763,1
covtype_binary_20000,41,100,0.9,23,1,594,-2.5471936413223872e-05,0
covtype_binary_20000,41,100,0.9,24,12,154,17.604766030931014,1
covtype_binary_20000,41,100,0.9,25,6,756,18.057003539995513,1
covtype_binary_20000,41,100,0.9,26,6,419,18.049929149880235,1
covtype_binary_20000,41,100,0.9,27,6,468,18.057369744091737,1
covtype_binary_20000,41,100,0.9,28,1,13,0.059054285802386086,0
covtype_binary_20000,41,100,0.9,29,9,413,17.908947761644583,1
covtype_binary_20000,41,100,0.9,30,9,12,17.45745788124455,1
covtype_binary_20000,41,100,0.9,31,6,426,18.057369744091737,1
covtype_binary_20000,41,100,0.9,32,6,682,18.057369744091737,1
covtype_binary_20000,41,100,0.9,33,6,731,18.057369744091737,1
covtype_binary_20000,41,100,0.9,34,6,327,17.727801445316928,1
covtype_binary_20000,41,100,0.9,35,12,606,18.057369744091737,1
covtype_binary_20000,41,100,0.9,36,8,9,18.007987203660964,1
covtype_binary_20000,41,100,0.9,37,12,891,18.057369744091737,1
covtype_binary_20000,41,100,0.9,38,6,465,18.057369744091737,1
covtype_binary_20000,41,100,0.9,39,6,753,18.057369744091737,1
covtype_binary_20000,41,100,0.9,40,6,354,18.057369744091737,1
covtype_binary_20000,41,100,0.9,41,5,185,17.86451922287926,1
covtype_binary_20000,41,100,0.9,42,7,214,17.906810631038955,1
covtype_binary_20000,41,100,0.9,43,7,74,18.050428453606813,1
covtype_binary_20000,41,100,0.9,44,12,493,18.057369744091737,1
covtype_binary_20000,41,100,0.9,45,18,57,18.057369744091737,1
covtype_binary_20000,41,100,0.9,46,1,163,0.007259661164069564,0
covtype_binary_20000,41,100,0.9,47,1,236,0.001167790909929023,0
covtype_binary_20000,41,100,0.9,48,9,175,17.779314669242623,1
covtype_binary_20000,41,100,0.9,49,6,769,18.057369744091737,1
covtype_binary_20000,41,100,0.9,50,1,500,0.0022409157594024953,0
covtype_binary_20000,41,100,0.9,51,7,547,17.855662734126756,1
covtype_binary_20000,41,100,0.9,52,1,243,4.742128796253464e-05,0
covtype_binary_20000,41,100,0.9,53,13,746,18.057369744091737,1
covtype_binary_20000,41,100,0.9,54,1,689,0.0007033523583715451,0
covtype_binary_20000,41,100,0.9,55,2,512,16.68711322432159,1
covtype_binary_20000,41,100,0.9,56,17,593,18.057369744091737,1
covtype_binary_20000,41,100,0.9,57,6,647,18.057369744091737,1
covtype_binary_20000,41,100,0.9,58,42,91,15.836058755103355,1
covtype_binary_20000,41,100,0.9,59,7,733,18.057369744091737,1
covtype_binary_20000,41,100,0.9,60,6,666,18.057369744091737,1
covtype_binary_20000,41,100,0.9,61,6,506,17.985316221734248,1
covtype_binary_20000,41,100,0.9,62,8,67,17.227170591065732,1
covtype_binary_20000,41,100,0.9,63,6,654,18.057369744091737,1
covtype_binary_20000,41,100,0.9,64,5,836,18.057369744091737,1
covtype_binary_20000,41,100,0.9,65,6,722,18.057369744091737,1
covtype_binary_20000,41,100,0.9,66,6,559,18.057369744091737,1
covtype_binary_20000,41,100,0.9,67,9,6,18.057369744091737,1
covtype_binary_20000,41,100,0.9,68,10,789,17.65746874704845,1
covtype_binary_20000,41,100,0.9,69,7,776,18.057369744091737,1
covtype_binary_20000,41,100,0.9,70,1,915,0.00042549600807662014,0
covtype_binary_20000,41,100,0.9,71,6,636,18.057369744091737,1
covtype_binary_20000,41,100,0.9,72,42,202,16.832801531931906,1
covtype_binary_20000,41,100,0.9,73,6,569,18.057369744091737,1
covtype_binary_20000,41,100,0.9,74,12,50,15.751856364811154,1
covtype_binary_20000,41,100,0.9,75,6,896,17.036488618133916,1
covtype_binary_20000,41,100,0.9,76,6,688,17.88065529951439,1
covtype_binary_20000,41,100,0.9,77,9,338,17.970981725918463,1
covtype_binary_20000,41,100,0.9,78,6,479,18.057369744091737,1
covtype_binary_20000,41,100,0.9,79,8,182,17.135628311114033,1
covtype_binary_20000,41,100,0.9,80,9,303,17.619952217147066,1
covtype_binary_20000,41,100,0.9,81,13,486,18.057369744091737,1
covtype_binary_20000,41,100,0.9,82,1,103,0.01060184810498127,0
covtype_binary_20000,41,100,0.9,83,1,456,0.0006311218866398294,0
covtype_binary_20000,41,100,0.9,84,7,100,17.416799817715383,1
covtype_binary_20000,41,100,0.9,85,6,773,18.057369744091737,1
covtype_binary_20000,41,100,0.9,86,1,357,0.0013093819625939473,0
covtype_binary_20000,41,100,0.9,87,8,135,17.937213008006438,1
covtype_binary_20000,41,100,0.9,88,9,70,18.057369744091737,1
covtype_binary_20000,41,100,0.9,89,7,339,16.87551750310295,1
covtype_binary_20000,41,100,0.9,90,11,54,17.378025443996886,1
covtype_binary_20000,41,100,0.9,91,6,580,17.798206557514664,1
covtype_binary_20000,41,100,0.9,92,6,729,18.02414001599853,1
covtype_binary_20000,41,100,0.9,93,6,574,18.057369744091737,1
covtype_binary_20000,41,100,0.9,94,9,173,17.954777818389168,1
covtype_binary_20000,41,100,0.9,95,9,147,17.509638928629094,1
covtype_binary_20000,41,100,0.9,96,6,677,18.057369744091737,1
covtype_binary_20000,41,100,0.9,97,11,43,17.395292697552204,1
covtype_binary_20000,41,100,0.9,98,6,142,17.146488159967685,1
covtype_binary_20000,41,100,0.9,99,2,261,5.107053497955199,1
covtype_binary_20000,41,100,0.9,100,7,180,17.47927009085122,1
covtype_binary_20000,41,100,0.9,101,6,554,18.057369744091737,1
covtype_binary_20000,41,100,0.9,102,1,120,0.004450678521456142,0
covtype_binary_20000,41,100,0.9,103,8,702,17.449172956899776,1
covtype_binary_20000,41,100,0.9,104,7,234,17.988723567202683,1
covtype_binary_20000,41,100,0.9,105,7,246,18.04696929467877,1
covtype_binary_20000,41,100,0.9,106,6,832,18.057369744091737,1
covtype_binary_20000,41,100,0.9,107,6,567,18.057369744091737,1
covtype_binary_20000,41,100,0.9,108,11,121,17.348923012159943,1
covtype_binary_20000,41,100,0.9,109,6,783,18.057369744091737,1
covtype_binary_20000,41,100,0.9,110,8,106,17.889558185694668,1
covtype_binary_20000,41,100,0.9,111,10,284,16.786887828084353,1
covtype_binary_20000,41,100,0.9,112,9,337,18.057369744091737,1
covtype_binary_20000,41,100,0.9,113,9,582,17.097331770883454,1
covtype_binary_20000,41,100,0.9,114,9,98,18.057369744091737,1
covtype_binary_20000,41,100,0.9,115,9,264,18.05736975490252,1
covtype_binary_20000,43,25,0.75,1,6,536,18.04062068976758,1
covtype_binary_20000,43,25,0.75,2,9,47,17.71100623820795,0
covtype_binary_20000,43,25,0.75,3,11,49,17.683834425834174,0
covtype_binary_20000,43,25,0.75,4,6,424,18.04062068976758,1
covtype_binary_20000,43,25,0.75,5,9,45,17.96178054936051,0
covtype_binary_20000,43,25,0.75,6,9,85,17.302606316054174,0
covtype_binary_20000,43,25,0.75,7,8,50,17.375387797852927,0
covtype_binary_20000,43,25,0.75,8,6,673,18.04062068976758,1
covtype_binary_20000,43,25,0.75,9,9,289,17.946646065232073,0
covtype_binary_20000,43,25,0.75,10,9,33,17.429810917821936,0
covtype_binary_20000,43,25,0.75,11,6,86,17.142786431772908,0
covtype_binary_20000,43,25,0.75,12,6,738,18.01711584816401,0
covtype_binary_20000,43,25,0.75,13,6,791,18.04062068976758,1
covtype_binary_20000,43,25,0.75,14,6,685,18.04062068976758,1
covtype_binary_20000,43,25,0.75,15,6,342,18.04062068976758,1
covtype_binary_20000,43,25,0.75,16,4,225,16.68100841186717,0
covtype_binary_20000,43,25,0.75,17,12,619,18.04062068976758,1
covtype_binary_20000,43,25,0.75,18,17,417,18.04062068976758,1
covtype_binary_20000,43,25,0.75,19,55,420,18.04062068976758,1
covtype_binary_20000,43,25,0.75,20,8,138,17.285439602656204,0
covtype_binary_20000,43,25,0.75,21,6,692,18.04062068976758,1
covtype_binary_20000,43,25,0.75,22,8,12,17.688970798438127,0
covtype_binary_20000,43,25,0.75,23,12,850,17.753764863573224,0
covtype_binary_20000,43,25,0.75,24,12,863,18.04062068976758,1
covtype_binary_20000,43,25,0.75,25,12,389,17.82888663429868,0
covtype_binary_20000,43,25,0.75,26,9,156,18.04062077580794,1
covtype_binary_20000,43,25,0.75,27,13,500,18.04062068976758,1
covtype_binary_20000,43,25,0.75,28,83,59,10.649496221299882,0
covtype_binary_20000,43,25,0.75,29,32,554,18.04062068976758,1
covtype_binary_20000,43,25,0.75,30,1,559,5.374874833140569,0
covtype_binary_20000,43,25,0.75,31,2,102,17.327280274615827,0
covtype_binary_20000,43,25,0.75,32,12,46,17.42832378690744,0
covtype_binary_20000,43,25,0.75,33,30,531,18.04062068976758,1
covtype_binary_20000,43,25,0.75,34,2,250,0.05018145005107766,0
covtype_binary_20000,43,25,0.75,35,1,336,0.04703957015637328,0
covtype_binary_20000,43,25,0.75,36,18,280,17.98487682979676,0
covtype_binary_20000,43,25,0.75,37,1,106,0.0011376289579121956,0
covtype_binary_20000,43,25,0.75,38,6,705,18.04062068976758,1
covtype_binary_20000,43,25,0.75,39,6,790,18.04062068976758,1
covtype_binary_20000,43,25,0.75,40,6,634,18.04062068976758,1
covtype_binary_20000,43,25,0.75,41,12,359,17.875813618375865,0
covtype_binary_20000,43,25,0.75,42,5,729,18.04062068976758,1
covtype_binary_20000,43,25,0.75,43,6,612,18.04062068976758,1
covtype_binary_20000,43,25,0.75,44,9,332,17.70132592587625,0
covtype_binary_20000,43,25,0.75,45,7,51,17.96206276181067,0
covtype_binary_20000,43,25,0.75,46,17,83,18.04062068976758,1
covtype_binary_20000,43,25,0.75,47,6,649,18.04062068976758,1
covtype_binary_20000,43,25,0.75,48,7,501,18.04062068976758,1
covtype_binary_20000,43,25,0.75,49,31,54,18.04062068976758,1
covtype_binary_20000,43,25,0.75,50,8,43,18.04062068976758,1
covtype_binary_20000,43,25,0.75,51,8,434,17.91004306065042,0
covtype_binary_20000,43,25,0.75,52,6,329,17.837217200584867,0
covtype_binary_20000,43,25,0.75,53,1,754,-0.00014915370344259493,0
covtype_binary_20000,43,25,0.75,54,10,39,15.669899941159493,0
covtype_binary_20000,43,25,0.75,55,12,785,17.88713211290173,0
covtype_binary_20000,43,25,0.75,56,4,48,16.437112959616652,0
covtype_binary_20000,43,25,0.75,57,8,376,17.14072885702445,0
covtype_binary_20000,43,25,0.75,58,8,5,17.996602514031,0
covtype_binary_20000,43,25,0.75,59,12,804,17.09891558941996,0
covtype_binary_20000,43,25,0.75,60,12,410,16.8375138735647,0
covtype_binary_20000,43,25,0.75,61,7,67,17.880627894797595,0
covtype_binary_20000,43,25,0.75,62,2,555,0.001473397521204789,0
covtype_binary_20000,43,25,0.75,63,6,630,18.04062068976758,0
covtype_binary_20000,43,25,0.75,64,9,23,17.68300255514448,0
covtype_binary_20000,43,25,0.75,65,10,121,16.902292376976828,0
covtype_binary_20000,43,25,0.75,66,14,262,18.029951206868006,0
covtype_binary_20000,43,25,0.75,67,7,439,17.47732174953886,0
covtype_binary_20000,43,25,0.75,68,8,582,18.024160352059475,0
covtype_binary_20000,43,25,0.75,69,12,26,17.424991889163767,0
covtype_binary_20000,43,25,0.75,70,6,749,18.04062068976758,0
covtype_binary_20000,43,25,0.75,71,6,777,18.04062068976758,0
covtype_binary_20000,43,25,0.75,72,6,543,18.04062068976758,0
covtype_binary_20000,43,25,0.75,73,41,351,16.791725180318128,0
covtype_binary_20000,43,25,0.75,74,7,570,18.04062068976758,0
covtype_binary_20000,43,25,0.75,75,18,62,18.04062068976758,0
covtype_binary_20000,43,25,0.75,76,1,487,-0.00048093772493029707,0
covtype_binary_20000,43,25,0.75,77,12,916,18.04062068976758,0
covtype_binary_20000,43,25,0.75,78,10,375,17.538703334679376,0
covtype_binary_20000,43,25,0.75,79,13,301,18.04062068976758,0
covtype_binary_20000,43,25,0.75,80,1,488,-0.00011930424088479885,0
covtype_binary_20000,43,25,0.75,81,9,496,18.04062068976758,0
covtype_binary_20000,43,25,0.75,82,18,42,18.04062068976758,0
covtype_binary_20000,43,25,0.75,83,6,406,18.04062068976758,0
covtype_binary_20000,43,25,0.75,84,6,727,18.04062068976758,0
covtype_binary_20000,43,25,0.75,85,6,566,18.04062068976758,0
covtype_binary_20000,43,25,0.75,86,6,869,18.04062068976758,0
covtype_binary_20000,43,25,0.75,87,6,433,18.04062068976758,0
covtype_binary_20000,43,25,0.75,88,14,687,18.04062068976758,0
covtype_binary_20000,43,25,0.85,1,6,536,18.04062068976758,1
covtype_binary_20000,43,25,0.85,2,9,47,17.71100623820795,0
covtype_binary_20000,43,25,0.85,3,11,49,17.683834425834174,0
covtype_binary_20000,43,25,0.85,4,6,424,18.04062068976758,1
covtype_binary_20000,43,25,0.85,5,9,45,17.96178054936051,0
covtype_binary_20000,43,25,0.85,6,9,85,17.302606316054174,0
covtype_binary_20000,43,25,0.85,7,8,50,17.375387797852927,0
covtype_binary_20000,43,25,0.85,8,6,673,18.04062068976758,1
covtype_binary_20000,43,25,0.85,9,9,289,17.946646065232073,0
covtype_binary_20000,43,25,0.85,10,9,33,17.429810917821936,0
covtype_binary_20000,43,25,0.85,11,6,86,17.142786431772908,0
covtype_binary_20000,43,25,0.85,12,6,738,18.01711584816401,0
covtype_binary_20000,43,25,0.85,13,6,791,18.04062068976758,1
covtype_binary_20000,43,25,0.85,14,6,685,18.04062068976758,1
covtype_binary_20000,43,25,0.85,15,6,342,18.04062068976758,1
covtype_binary_20000,43,25,0.85,16,4,225,16.68100841186717,0
covtype_binary_20000,43,25,0.85,17,12,619,18.04062068976758,1
covtype_binary_20000,43,25,0.85,18,17,417,18.04062068976758,1
covtype_binary_20000,43,25,0.85,19,41,380,16.055884939750307,0
covtype_binary_20000,43,25,0.85,20,13,420,18.04062068976758,1
covtype_binary_20000,43,25,0.85,21,1,734,-0.0001933641603698022,0
covtype_binary_20000,43,25,0.85,22,8,138,17.285439602656204,0
covtype_binary_20000,43,25,0.85,23,6,692,18.04062068976758,1
covtype_binary_20000,43,25,0.85,24,8,12,17.688970798438127,0
covtype_binary_20000,43,25,0.85,25,12,850,17.753764863573224,0
covtype_binary_20000,43,25,0.85,26,12,863,18.04062068976758,1
covtype_binary_20000,43,25,0.85,27,12,389,17.82888663429868,0
covtype_binary_20000,43,25,0.85,28,9,156,18.04062077580794,1
covtype_binary_20000,43,25,0.85,29,13,500,18.04062068976758,1
covtype_binary_20000,43,25,0.85,30,42,59,10.649496221299882,0
covtype_binary_20000,43,25,0.85,31,41,173,10.637299958053152,0
covtype_binary_20000,43,25,0.85,32,32,554,18.04062068976758,1
covtype_binary_20000,43,25,0.85,33,1,559,5.374874833140569,0
covtype_binary_20000,43,25,0.85,34,2,102,17.327280274615827,0
covtype_binary_20000,43,25,0.85,35,12,46,17.42832378690744,0
covtype_binary_20000,43,25,0.85,36,12,387,16.821115348054377,0
covtype_binary_20000,43,25,0.85,37,18,531,18.04062068976758,1
covtype_binary_20000,43,25,0.85,38,1,250,0.05018145005107766,0
covtype_binary_20000,43,25,0.85,39,1,635,-0.003456893930653293,0
covtype_binary_20000,43,25,0.85,40,1,336,0.04703957015637328,0
covtype_binary_20000,43,25,0.85,41,9,280,17.98487682979676,0
covtype_binary_20000,43,25,0.85,42,9,148,17.361376813919918,0
covtype_binary_20000,43,25,0.85,43,1,106,0.0011376289579121956,0
covtype_binary_20000,43,25,0.85,44,6,705,18.04062068976758,1
covtype_binary_20000,43,25,0.85,45,6,790,18.04062068976758,1
covtype_binary_20000,43,25,0.85,46,6,634,18.04062068976758,1
covtype_binary_20000,43,25,0.85,47,12,359,17.875813618375865,0
covtype_binary_20000,43,25,0.85,48,5,729,18.04062068976758,1
covtype_binary_20000,43,25,0.85,49,6,612,18.04062068976758,1
covtype_binary_20000,43,25,0.85,50,9,332,17.70132592587625,0
covtype_binary_20000,43,25,0.85,51,7,51,17.96206276181067,0
covtype_binary_20000,43,25,0.85,52,17,83,18.04062068976758,1
covtype_binary_20000,43,25,0.85,53,6,649,18.04062068976758,1
covtype_binary_20000,43,25,0.85,54,7,501,18.04062068976758,1
covtype_binary_20000,43,25,0.85,55,31,54,18.04062068976758,1
covtype_binary_20000,43,25,0.85,56,8,43,18.04062068976758,1
covtype_binary_20000,43,25,0.85,57,8,434,17.91004306065042,0
covtype_binary_20000,43,25,0.85,58,6,329,17.837217200584867,0
covtype_binary_20000,43,25,0.85,59,1,754,-0.00014915370344259493,0
covtype_binary_20000,43,25,0.85,60,10,39,15.669899941159493,0
covtype_binary_20000,43,25,0.85,61,12,785,17.88713211290173,0
covtype_binary_20000,43,25,0.85,62,4,48,16.437112959616652,0
covtype_binary_20000,43,25,0.85,63,8,376,17.14072885702445,0
covtype_binary_20000,43,25,0.85,64,8,5,17.996602514031,0
covtype_binary_20000,43,25,0.85,65,12,804,17.09891558941996,0
covtype_binary_20000,43,25,0.85,66,12,410,16.8375138735647,0
covtype_binary_20000,43,25,0.85,67,7,67,17.880627894797595,0
covtype_binary_20000,43,25,0.85,68,2,555,0.001473397521204789,0
covtype_binary_20000,43,25,0.85,69,6,630,18.04062068976758,0
covtype_binary_20000,43,25,0.85,70,9,23,17.68300255514448,0
covtype_binary_20000,43,25,0.85,71,10,121,16.902292376976828,0
covtype_binary_20000,43,25,0.85,72,7,262,18.029951206868006,0
covtype_binary_20000,43,25,0.85,73,7,315,17.493397429884137,0
covtype_binary_20000,43,25,0.85,74,7,439,17.47732174953886,0
covtype_binary_20000,43,25,0.85,75,8,582,18.024160352059475,0
covtype_binary_20000,43,25,0.85,76,12,26,17.424991889163767,0
covtype_binary_20000,43,25,0.85,77,6,749,18.04062068976758,0
covtype_binary_20000,43,25,0.85,78,6,777,18.04062068976758,0
covtype_binary_20000,43,25,0.85,79,6,543,18.04062068976758,0
covtype_binary_20000,43,25,0.85,80,41,351,16.791725180318128,0
covtype_binary_20000,43,25,0.85,81,7,570,18.04062068976758,0
covtype_binary_20000,43,25,0.85,82,9,62,18.04062068976758,0
covtype_binary_20000,43,25,0.85,83,9,292,17.419281095017148,0
covtype_binary_20000,43,25,0.85,84,1,487,-0.00048093772493029707,0
covtype_binary_20000,43,25,0.85,85,6,916,18.04062068976758,0
covtype_binary_20000,43,25,0.85,86,6,782,17.88255633551655,0
covtype_binary_20000,43,25,0.85,87,10,375,17.538703334679376,0
covtype_binary_20000,43,25,0.85,88,6,660,18.04062068976758,0
covtype_binary_20000,43,25,0.85,89,7,301,18.04062068976758,0
covtype_binary_20000,43,25,0.85,90,1,488,-0.00011930424088479885,0
covtype_binary_20000,43,25,0.85,91,9,496,18.04062068976758,0
covtype_binary_20000,43,25,0.85,92,18,42,18.04062068976758,0
covtype_binary_20000,43,25,0.85,93,6,406,18.04062068976758,0
covtype_binary_20000,43,25,0.85,94,6,727,18.04062068976758,0
covtype_binary_20000,43,25,0.85,95,6,566,18.04062068976758,0
covtype_binary_20000,43,25,0.85,96,6,869,18.04062068976758,0
covtype_binary_20000,43,25,0.85,97,6,433,18.04062068976758,0
covtype_binary_20000,43,25,0.85,98,14,687,18.04062068976758,0
covtype_binary_20000,43,25,0.9,1,6,536,18.04062068976758,1
covtype_binary_20000,43,25,0.9,2,9,47,17.71100623820795,0
covtype_binary_20000,43,25,0.9,3,11,49,17.683834425834174,0
covtype_binary_20000,43,25,0.9,4,6,424,18.04062068976758,1
covtype_binary_20000,43,25,0.9,5,9,45,17.96178054936051,0
covtype_binary_20000,43,25,0.9,6,9,85,17.302606316054174,0
covtype_binary_20000,43,25,0.9,7,8,50,17.375387797852927,0
covtype_binary_20000,43,25,0.9,8,6,673,18.04062068976758,1
covtype_binary_20000,43,25,0.9,9,9,289,17.946646065232073,0
covtype_binary_20000,43,25,0.9,10,9,33,17.429810917821936,0
covtype_binary_20000,43,25,0.9,11,6,86,17.142786431772908,0
covtype_binary_20000,43,25,0.9,12,6,738,18.01711584816401,0
covtype_binary_20000,43,25,0.9,13,6,791,18.04062068976758,1
covtype_binary_20000,43,25,0.9,14,6,685,18.04062068976758,1
covtype_binary_20000,43,25,0.9,15,6,342,18.04062068976758,1
covtype_binary_20000,43,25,0.9,16,4,225,16.68100841186717,0
covtype_binary_20000,43,25,0.9,17,6,619,18.04062068976758,1
covtype_binary_20000,43,25,0.9,18,6,415,17.96131463827151,0
covtype_binary_20000,43,25,0.9,19,17,417,18.04062068976758,1
covtype_binary_20000,43,25,0.9,20,41,380,16.055884939750307,0
covtype_binary_20000,43,25,0.9,21,13,420,18.04062068976758,1
covtype_binary_20000,43,25,0.9,22,1,734,-0.0001933641603698022,0
covtype_binary_20000,43,25,0.9,23,8,138,17.285439602656204,0
covtype_binary_20000,43,25,0.9,24,6,692,18.04062068976758,1
covtype_binary_20000,43,25,0.9,25,8,12,17.688970798438127,0
covtype_binary_20000,43,25,0.9,26,12,850,17.753764863573224,0
covtype_binary_20000,43,25,0.9,27,6,863,18.04062068976758,1
covtype_binary_20000,43,25,0.9,28,6,601,17.535606986709602,0
covtype_binary_20000,43,25,0.9,29,12,389,17.82888663429868,0
covtype_binary_20000,43,25,0.9,30,9,156,18.04062077580794,1
covtype_binary_20000,43,25,0.9,31,12,500,18.04062068976758,1
covtype_binary_20000,43,25,0.9,32,1,258,0.00078716014624719,0
covtype_binary_20000,43,25,0.9,33,42,59,10.649496221299882,0
covtype_binary_20000,43,25,0.9,34,41,173,10.637299958053152,0
covtype_binary_20000,43,25,0.9,35,32,554,18.04062068976758,1
covtype_binary_20000,43,25,0.9,36,1,559,5.374874833140569,0
covtype_binary_20000,43,25,0.9,37,2,102,17.327280274615827,0
covtype_binary_20000,43,25,0.9,38,12,46,17.42832378690744,0
covtype_binary_20000,43,25,0.9,39,12,387,16.821115348054377,0
covtype_binary_20000,43,25,0.9,40,18,531,18.04062068976758,1
covtype_binary_20000,43,25,0.9,41,1,250,0.05018145005107766,0
covtype_binary_20000,43,25,0.9,42,1,635,-0.003456893930653293,0
covtype_binary_20000,43,25,0.9,43,1,336,0.04703957015637328,0
covtype_binary_20000,43,25,0.9,44,9,280,17.98487682979676,0
covtype_binary_20000,43,25,0.9,45,9,148,17.361376813919918,0
covtype_binary_20000,43,25,0.9,46,1,106,0.0011376289579121956,0
covtype_binary_20000,43,25,0.9,47,6,705,18.04062068976758,1
covtype_binary_20000,43,25,0.9,48,6,790,18.04062068976758,1
covtype_binary_20000,43,25,0.9,49,6,634,18.04062068976758,1
covtype_binary_20000,43,25,0.9,50,12,359,17.875813618375865,0
covtype_binary_20000,43,25,0.9,51,5,729,18.04062068976758,1
covtype_binary_20000,43,25,0.9,52,6,612,18.04062068976758,1
covtype_binary_20000,43,25,0.9,53,9,332,17.70132592587625,0
covtype_binary_20000,43,25,0.9,54,7,51,17.96206276181067,0
covtype_binary_20000,43,25,0.9,55,7,282,16.94547081328093,0
covtype_binary_20000,43,25,0.9,56,9,83,18.04062068976758,1
covtype_binary_20000,43,25,0.9,57,1,345,-0.00034824581373538166,0
covtype_binary_20000,43,25,0.9,58,6,649,18.04062068976758,1
covtype_binary_20000,43,25,0.9,59,6,501,18.04062068976758,1
covtype_binary_20000,43,25,0.9,60,1,286,0.014682932651350622,0
covtype_binary_20000,43,25,0.9,61,18,54,18.04062068976758,1
covtype_binary_20000,43,25,0.9,62,13,597,18.04062068976758,1
covtype_binary_20000,43,25,0.9,63,8,43,18.04062068976758,0
covtype_binary_20000,43,25,0.9,64,8,434,17.91004306065042,0
covtype_binary_20000,43,25,0.9,65,6,329,17.837217200584867,0
covtype_binary_20000,43,25,0.9,66,1,754,-0.00014915370344259493,0
covtype_binary_20000,43,25,0.9,67,10,39,15.669899941159493,0
covtype_binary_20000,43,25,0.9,68,6,891,17.865278496095357,0
covtype_binary_20000,43,25,0.9,69,6,785,17.88713211290173,0
covtype_binary_20000,43,25,0.9,70,4,48,16.437112959616652,0
covtype_binary_20000,43,25,0.9,71,8,376,17.14072885702445,0
covtype_binary_20000,43,25,0.9,72,8,5,17.996602514031,0
covtype_binary_20000,43,25,0.9,73,12,804,17.09891558941996,0
covtype_binary_20000,43,25,0.9,74,6,401,16.58358710927733,0
covtype_binary_20000,43,25,0.9,75,6,410,16.8375138735647,0
covtype_binary_20000,43,25,0.9,76,7,67,17.880627894797595,0
covtype_binary_20000,43,25,0.9,77,1,555,0.001473397521204789,0
covtype_binary_20000,43,25,0.9,78,1,829,-0.00018126614458546797,0
covtype_binary_20000,43,25,0.9,79,6,630,18.04062068976758,0
covtype_binary_20000,43,25,0.9,80,9,23,17.68300255514448,0
covtype_binary_20000,43,25,0.9,81,10,121,16.902292376976828,0
covtype_binary_20000,43,25,0.9,82,7,262,18.029951206868006,0
covtype_binary_20000,43,25,0.9,83,7,315,17.493397429884137,0
covtype_binary_20000,43,25,0.9,84,7,439,17.47732174953886,0
covtype_binary_20000,43,25,0.9,85,8,582,18.024160352059475,0
covtype_binary_20000,43,25,0.9,86,12,26,17.424991889163767,0
covtype_binary_20000,43,25,0.9,87,6,749,18.04062068976758,0
covtype_binary_20000,43,25,0.9,88,6,777,18.04062068976758,0
covtype_binary_20000,43,25,0.9,89,6,543,18.04062068976758,0
covtype_binary_20000,43,25,0.9,90,41,351,16.791725180318128,0
covtype_binary_20000,43,25,0.9,91,7,570,18.04062068976758,0
covtype_binary_20000,43,25,0.9,92,9,62,18.04062068976758,0
covtype_binary_20000,43,25,0.9,93,9,292,17.419281095017148,0
covtype_binary_20000,43,25,0.9,94,1,487,-0.00048093772493029707,0
covtype_binary_20000,43,25,0.9,95,6,916,18.04062068976758,0
covtype_binary_20000,43,25,0.9,96,6,782,17.88255633551655,0
covtype_binary_20000,43,25,0.9,97,10,375,17.538703334679376,0
covtype_binary_20000,43,25,0.9,98,6,660,18.04062068976758,0
covtype_binary_20000,43,25,0.9,99,7,301,18.04062068976758,0
covtype_binary_20000,43,25,0.9,100,1,488,-0.00011930424088479885,0
covtype_binary_20000,43,25,0.9,101,9,496,18.04062068976758,0
covtype_binary_20000,43,25,0.9,102,9,42,18.04062068976758,0
covtype_binary_20000,43,25,0.9,103,9,132,18.04062068976758,0
covtype_binary_20000,43,25,0.9,104,6,406,18.04062068976758,0
covtype_binary_20000,43,25,0.9,105,6,727,18.04062068976758,0
covtype_binary_20000,43,25,0.9,106,6,566,18.04062068976758,0
covtype_binary_20000,43,25,0.9,107,6,869,18.04062068976758,0
covtype_binary_20000,43,25,0.9,108,6,433,18.04062068976758,0
covtype_binary_20000,43,25,0.9,109,13,687,18.04062068976758,0
covtype_binary_20000,43,25,0.9,110,1,32,0.12406863885963776,0
covtype_binary_20000,43,50,0.75,1,6,536,18.04062068976758,1
covtype_binary_20000,43,50,0.75,2,9,47,17.71100623820795,0
covtype_binary_20000,43,50,0.75,3,11,49,17.683834425834174,0
covtype_binary_20000,43,50,0.75,4,6,424,18.04062068976758,1
covtype_binary_20000,43,50,0.75,5,9,45,17.96178054936051,1
covtype_binary_20000,43,50,0.75,6,9,85,17.302606316054174,0
covtype_binary_20000,43,50,0.75,7,8,50,17.375387797852927,0
covtype_binary_20000,43,50,0.75,8,6,673,18.04062068976758,1
covtype_binary_20000,43,50,0.75,9,9,289,17.946646065232073,1
covtype_binary_20000,43,50,0.75,10,9,33,17.429810917821936,0
covtype_binary_20000,43,50,0.75,11,6,86,17.142786431772908,0
covtype_binary_20000,43,50,0.75,12,6,738,18.01711584816401,1
covtype_binary_20000,43,50,0.75,13,6,791,18.04062068976758,1
covtype_binary_20000,43,50,0.75,14,6,685,18.04062068976758,1
covtype_binary_20000,43,50,0.75,15,6,342,18.04062068976758,1
covtype_binary_20000,43,50,0.75,16,4,225,16.68100841186717,0
covtype_binary_20000,43,50,0.75,17,12,619,18.04062068976758,1
covtype_binary_20000,43,50,0.75,18,17,417,18.04062068976758,1
covtype_binary_20000,43,50,0.75,19,55,420,18.04062068976758,1
covtype_binary_20000,43,50,0.75,20,8,138,17.285439602656204,0
covtype_binary_20000,43,50,0.75,21,6,692,18.04062068976758,1
covtype_binary_20000,43,50,0.75,22,8,12,17.688970798438127,0
covtype_binary_20000,43,50,0.75,23,12,850,17.753764863573224,0
covtype_binary_20000,43,50,0.75,24,12,863,18.04062068976758,1
covtype_binary_20000,43,50,0.75,25,12,389,17.82888663429868,0
covtype_binary_20000,43,50,0.75,26,9,156,18.04062077580794,1
covtype_binary_20000,43,50,0.75,27,13,500,18.04062068976758,1
covtype_binary_20000,43,50,0.75,28,83,59,10.649496221299882,0
covtype_binary_20000,43,50,0.75,29,32,554,18.04062068976758,1
covtype_binary_20000,43,50,0.75,30,1,559,5.374874833140569,0
covtype_binary_20000,43,50,0.75,31,2,102,17.327280274615827,0
covtype_binary_20000,43,50,0.75,32,12,46,17.42832378690744,0
covtype_binary_20000,43,50,0.75,33,30,531,18.04062068976758,1
covtype_binary_20000,43,50,0.75,34,2,250,0.05018145005107766,0
covtype_binary_20000,43,50,0.75,35,1,336,0.04703957015637328,0
covtype_binary_20000,43,50,0.75,36,18,280,17.98487682979676,1
covtype_binary_20000,43,50,0.75,37,1,106,0.0011376289579121956,0
covtype_binary_20000,43,50,0.75,38,6,705,18.04062068976758,1
covtype_binary_20000,43,50,0.75,39,6,790,18.04062068976758,1
covtype_binary_20000,43,50,0.75,40,6,634,18.04062068976758,1
covtype_binary_20000,43,50,0.75,41,12,359,17.875813618375865,0
covtype_binary_20000,43,50,0.75,42,5,729,18.04062068976758,1
covtype_binary_20000,43,50,0.75,43,6,612,18.04062068976758,1
covtype_binary_20000,43,50,0.75,44,9,332,17.70132592587625,0
covtype_binary_20000,43,50,0.75,45,7,51,17.96206276181067,1
covtype_binary_20000,43,50,0.75,46,17,83,18.04062068976758,1
covtype_binary_20000,43,50,0.75,47,6,649,18.04062068976758,1
covtype_binary_20000,43,50,0.75,48,7,501,18.04062068976758,1
covtype_binary_20000,43,50,0.75,49,31,54,18.04062068976758,1
covtype_binary_20000,43,50,0.75,50,8,43,18.04062068976758,1
covtype_binary_20000,43,50,0.75,51,8,434,17.91004306065042,1
covtype_binary_20000,43,50,0.75,52,6,329,17.837217200584867,0
covtype_binary_20000,43,50,0.75,53,1,754,-0.00014915370344259493,0
covtype_binary_20000,43,50,0.75,54,10,39,15.669899941159493,0
covtype_binary_20000,43,50,0.75,55,12,785,17.88713211290173,0
covtype_binary_20000,43,50,0.75,56,4,48,16.437112959616652,0
covtype_binary_20000,43,50,0.75,57,8,376,17.14072885702445,0
covtype_binary_20000,43,50,0.75,58,8,5,17.996602514031,1
covtype_binary_20000,43,50,0.75,59,12,804,17.09891558941996,0
covtype_binary_20000,43,50,0.75,60,12,410,16.8375138735647,0
covtype_binary_20000,43,50,0.75,61,7,67,17.880627894797595,0
covtype_binary_20000,43,50,0.75,62,2,555,0.001473397521204789,0
covtype_binary_20000,43,50,0.75,63,6,630,18.04062068976758,1
covtype_binary_20000,43,50,0.75,64,9,23,17.68300255514448,0
covtype_binary_20000,43,50,0.75,65,10,121,16.902292376976828,0
covtype_binary_20000,43,50,0.75,66,14,262,18.029951206868006,1
covtype_binary_20000,43,50,0.75,67,7,439,17.47732174953886,0
covtype_binary_20000,43,50,0.75,68,8,582,18.024160352059475,1
covtype_binary_20000,43,50,0.75,69,12,26,17.424991889163767,0
covtype_binary_20000,43,50,0.75,70,6,749,18.04062068976758,1
covtype_binary_20000,43,50,0.75,71,6,777,18.04062068976758,1
covtype_binary_20000,43,50,0.75,72,6,543,18.04062068976758,1
covtype_binary_20000,43,50,0.75,73,41,351,16.791725180318128,0
covtype_binary_20000,43,50,0.75,74,7,570,18.04062068976758,1
covtype_binary_20000,43,50,0.75,75,18,62,18.04062068976758,1
covtype_binary_20000,43,50,0.75,76,1,487,-0.00048093772493029707,0
covtype_binary_20000,43,50,0.75,77,12,916,18.04062068976758,1
covtype_binary_20000,43,50,0.75,78,10,375,17.538703334679376,0
covtype_binary_20000,43,50,0.75,79,13,301,18.04062068976758,1
covtype_binary_20000,43,50,0.75,80,1,488,-0.00011930424088479885,0
covtype_binary_20000,43,50,0.75,81,9,496,18.04062068976758,1
covtype_binary_20000,43,50,0.75,82,18,42,18.04062068976758,1
covtype_binary_20000,43,50,0.75,83,6,406,18.04062068976758,1
covtype_binary_20000,43,50,0.75,84,6,727,18.04062068976758,1
covtype_binary_20000,43,50,0.75,85,6,566,18.04062068976758,1
covtype_binary_20000,43,50,0.75,86,6,869,18.04062068976758,1
covtype_binary_20000,43,50,0.75,87,6,433,18.04062068976758,1
covtype_binary_20000,43,50,0.75,88,14,687,18.04062068976758,1
covtype_binary_20000,43,50,0.85,1,6,536,18.04062068976758,1
covtype_binary_20000,43,50,0.85,2,9,47,17.71100623820795,0
covtype_binary_20000,43,50,0.85,3,11,49,17.683834425834174,0
covtype_binary_20000,43,50,0.85,4,6,424,18.04062068976758,1
covtype_binary_20000,43,50,0.85,5,9,45,17.96178054936051,1
covtype_binary_20000,43,50,0.85,6,9,85,17.302606316054174,0
covtype_binary_20000,43,50,0.85,7,8,50,17.375387797852927,0
covtype_binary_20000,43,50,0.85,8,6,673,18.04062068976758,1
covtype_binary_20000,43,50,0.85,9,9,289,17.946646065232073,1
covtype_binary_20000,43,50,0.85,10,9,33,17.429810917821936,0
covtype_binary_20000,43,50,0.85,11,6,86,17.142786431772908,0
covtype_binary_20000,43,50,0.85,12,6,738,18.01711584816401,1
covtype_binary_20000,43,50,0.85,13,6,791,18.04062068976758,1
covtype_binary_20000,43,50,0.85,14,6,685,18.04062068976758,1
covtype_binary_20000,43,50,0.85,15,6,342,18.04062068976758,1
covtype_binary_20000,43,50,0.85,16,4,225,16.68100841186717,0
covtype_binary_20000,43,50,0.85,17,12,619,18.04062068976758,1
covtype_binary_20000,43,50,0.85,18,17,417,18.04062068976758,1
covtype_binary_20000,43,50,0.85,19,41,380,16.055884939750307,0
covtype_binary_20000,43,50,0.85,20,13,420,18.04062068976758,1
covtype_binary_20000,43,50,0.85,21,1,734,-0.0001933641603698022,0
covtype_binary_20000,43,50,0.85,22,8,138,17.285439602656204,0
covtype_binary_20000,43,50,0.85,23,6,692,18.04062068976758,1
covtype_binary_20000,43,50,0.85,24,8,12,17.688970798438127,0
covtype_binary_20000,43,50,0.85,25,12,850,17.753764863573224,0
covtype_binary_20000,43,50,0.85,26,12,863,18.04062068976758,1
covtype_binary_20000,43,50,0.85,27,12,389,17.82888663429868,0
covtype_binary_20000,43,50,0.85,28,9,156,18.04062077580794,1
covtype_binary_20000,43,50,0.85,29,13,500,18.04062068976758,1
covtype_binary_20000,43,50,0.85,30,42,59,10.649496221299882,0
covtype_binary_20000,43,50,0.85,31,41,173,10.637299958053152,0
covtype_binary_20000,43,50,0.85,32,32,554,18.04062068976758,1
covtype_binary_20000,43,50,0.85,33,1,559,5.374874833140569,0
covtype_binary_20000,43,50,0.85,34,2,102,17.327280274615827,0
covtype_binary_20000,43,50,0.85,35,12,46,17.42832378690744,0
covtype_binary_20000,43,50,0.85,36,12,387,16.821115348054377,0
covtype_binary_20000,43,50,0.85,37,18,531,18.04062068976758,1
covtype_binary_20000,43,50,0.85,38,1,250,0.05018145005107766,0
covtype_binary_20000,43,50,0.85,39,1,635,-0.003456893930653293,0
covtype_binary_20000,43,50,0.85,40,1,336,0.04703957015637328,0
covtype_binary_20000,43,50,0.85,41,9,280,17.98487682979676,1
covtype_binary_20000,43,50,0.85,42,9,148,17.361376813919918,0
covtype_binary_20000,43,50,0.85,43,1,106,0.0011376289579121956,0
covtype_binary_20000,43,50,0.85,44,6,705,18.04062068976758,1
covtype_binary_20000,43,50,0.85,45,6,790,18.04062068976758,1
covtype_binary_20000,43,50,0.85,46,6,634,18.04062068976758,1
covtype_binary_20000,43,50,0.85,47,12,359,17.875813618375865,0
covtype_binary_20000,43,50,0.85,48,5,729,18.04062068976758,1
covtype_binary_20000,43,50,0.85,49,6,612,18.04062068976758,1
covtype_binary_20000,43,50,0.85,50,9,332,17.70132592587625,0
covtype_binary_20000,43,50,0.85,51,7,51,17.96206276181067,1
covtype_binary_20000,43,50,0.85,52,17,83,18.04062068976758,1
covtype_binary_20000,43,50,0.85,53,6,649,18.04062068976758,1
covtype_binary_20000,43,50,0.85,54,7,501,18.04062068976758,1
covtype_binary_20000,43,50,0.85,55,31,54,18.04062068976758,1
covtype_binary_20000,43,50,0.85,56,8,43,18.04062068976758,1
covtype_binary_20000,43,50,0.85,57,8,434,17.91004306065042,0
covtype_binary_20000,43,50,0.85,58,6,329,17.837217200584867,0
covtype_binary_20000,43,50,0.85,59,1,754,-0.00014915370344259493,0
covtype_binary_20000,43,50,0.85,60,10,39,15.669899941159493,0
covtype_binary_20000,43,50,0.85,61,12,785,17.88713211290173,0
covtype_binary_20000,43,50,0.85,62,4,48,16.437112959616652,0
covtype_binary_20000,43,50,0.85,63,8,376,17.14072885702445,0
covtype_binary_20000,43,50,0.85,64,8,5,17.996602514031,1
covtype_binary_20000,43,50,0.85,65,12,804,17.09891558941996,0
covtype_binary_20000,43,50,0.85,66,12,410,16.8375138735647,0
covtype_binary_20000,43,50,0.85,67,7,67,17.880627894797595,0
covtype_binary_20000,43,50,0.85,68,2,555,0.001473397521204789,0
covtype_binary_20000,43,50,0.85,69,6,630,18.04062068976758,1
covtype_binary_20000,43,50,0.85,70,9,23,17.68300255514448,0
covtype_binary_20000,43,50,0.85,71,10,121,16.902292376976828,0
covtype_binary_20000,43,50,0.85,72,7,262,18.029951206868006,1
covtype_binary_20000,43,50,0.85,73,7,315,17.493397429884137,0
covtype_binary_20000,43,50,0.85,74,7,439,17.47732174953886,0
covtype_binary_20000,43,50,0.85,75,8,582,18.024160352059475,1
covtype_binary_20000,43,50,0.85,76,12,26,17.424991889163767,0
covtype_binary_20000,43,50,0.85,77,6,749,18.04062068976758,1
covtype_binary_20000,43,50,0.85,78,6,777,18.04062068976758,1
covtype_binary_20000,43,50,0.85,79,6,543,18.04062068976758,1
covtype_binary_20000,43,50,0.85,80,41,351,16.791725180318128,0
covtype_binary_20000,43,50,0.85,81,7,570,18.04062068976758,1
covtype_binary_20000,43,50,0.85,82,9,62,18.04062068976758,1
covtype_binary_20000,43,50,0.85,83,9,292,17.419281095017148,0
covtype_binary_20000,43,50,0.85,84,1,487,-0.00048093772493029707,0
covtype_binary_20000,43,50,0.85,85,6,916,18.04062068976758,1
covtype_binary_20000,43,50,0.85,86,6,782,17.88255633551655,0
covtype_binary_20000,43,50,0.85,87,10,375,17.538703334679376,0
covtype_binary_20000,43,50,0.85,88,6,660,18.04062068976758,1
covtype_binary_20000,43,50,0.85,89,7,301,18.04062068976758,1
covtype_binary_20000,43,50,0.85,90,1,488,-0.00011930424088479885,0
covtype_binary_20000,43,50,0.85,91,9,496,18.04062068976758,1
covtype_binary_20000,43,50,0.85,92,18,42,18.04062068976758,1
covtype_binary_20000,43,50,0.85,93,6,406,18.04062068976758,1
covtype_binary_20000,43,50,0.85,94,6,727,18.04062068976758,1
covtype_binary_20000,43,50,0.85,95,6,566,18.04062068976758,1
covtype_binary_20000,43,50,0.85,96,6,869,18.04062068976758,1
covtype_binary_20000,43,50,0.85,97,6,433,18.04062068976758,1
covtype_binary_20000,43,50,0.85,98,14,687,18.04062068976758,1
covtype_binary_20000,43,50,0.9,1,6,536,18.04062068976758,1
covtype_binary_20000,43,50,0.9,2,9,47,17.71100623820795,0
covtype_binary_20000,43,50,0.9,3,11,49,17.683834425834174,0
covtype_binary_20000,43,50,0.9,4,6,424,18.04062068976758,1
covtype_binary_20000,43,50,0.9,5,9,45,17.96178054936051,0
covtype_binary_20000,43,50,0.9,6,9,85,17.302606316054174,0
covtype_binary_20000,43,50,0.9,7,8,50,17.375387797852927,0
covtype_binary_20000,43,50,0.9,8,6,673,18.04062068976758,1
covtype_binary_20000,43,50,0.9,9,9,289,17.946646065232073,0
covtype_binary_20000,43,50,0.9,10,9,33,17.429810917821936,0
covtype_binary_20000,43,50,0.9,11,6,86,17.142786431772908,0
covtype_binary_20000,43,50,0.9,12,6,738,18.01711584816401,1
covtype_binary_20000,43,50,0.9,13,6,791,18.04062068976758,1
covtype_binary_20000,43,50,0.9,14,6,685,18.04062068976758,1
covtype_binary_20000,43,50,0.9,15,6,342,18.04062068976758,1
covtype_binary_20000,43,50,0.9,16,4,225,16.68100841186717,0
covtype_binary_20000,43,50,0.9,17,6,619,18.04062068976758,1
covtype_binary_20000,43,50,0.9,18,6,415,17.96131463827151,0
covtype_binary_20000,43,50,0.9,19,17,417,18.04062068976758,1
covtype_binary_20000,43,50,0.9,20,41,380,16.055884939750307,0
covtype_binary_20000,43,50,0.9,21,13,420,18.04062068976758,1
covtype_binary_20000,43,50,0.9,22,1,734,-0.0001933641603698022,0
covtype_binary_20000,43,50,0.9,23,8,138,17.285439602656204,0
covtype_binary_20000,43,50,0.9,24,6,692,18.04062068976758,1
covtype_binary_20000,43,50,0.9,25,8,12,17.688970798438127,0
covtype_binary_20000,43,50,0.9,26,12,850,17.753764863573224,0
covtype_binary_20000,43,50,0.9,27,6,863,18.04062068976758,1
covtype_binary_20000,43,50,0.9,28,6,601,17.535606986709602,0
covtype_binary_20000,43,50,0.9,29,12,389,17.82888663429868,0
covtype_binary_20000,43,50,0.9,30,9,156,18.04062077580794,1
covtype_binary_20000,43,50,0.9,31,12,500,18.04062068976758,1
covtype_binary_20000,43,50,0.9,32,1,258,0.00078716014624719,0
covtype_binary_20000,43,50,0.9,33,42,59,10.649496221299882,0
covtype_binary_20000,43,50,0.9,34,41,173,10.637299958053152,0
covtype_binary_20000,43,50,0.9,35,32,554,18.04062068976758,1
covtype_binary_20000,43,50,0.9,36,1,559,5.374874833140569,0
covtype_binary_20000,43,50,0.9,37,2,102,17.327280274615827,0
covtype_binary_20000,43,50,0.9,38,12,46,17.42832378690744,0
covtype_binary_20000,43,50,0.9,39,12,387,16.821115348054377,0
covtype_binary_20000,43,50,0.9,40,18,531,18.04062068976758,1
covtype_binary_20000,43,50,0.9,41,1,250,0.05018145005107766,0
covtype_binary_20000,43,50,0.9,42,1,635,-0.003456893930653293,0
covtype_binary_20000,43,50,0.9,43,1,336,0.04703957015637328,0
covtype_binary_20000,43,50,0.9,44,9,280,17.98487682979676,1
covtype_binary_20000,43,50,0.9,45,9,148,17.361376813919918,0
covtype_binary_20000,43,50,0.9,46,1,106,0.0011376289579121956,0
covtype_binary_20000,43,50,0.9,47,6,705,18.04062068976758,1
covtype_binary_20000,43,50,0.9,48,6,790,18.04062068976758,1
covtype_binary_20000,43,50,0.9,49,6,634,18.04062068976758,1
covtype_binary_20000,43,50,0.9,50,12,359,17.875813618375865,0
covtype_binary_20000,43,50,0.9,51,5,729,18.04062068976758,1
covtype_binary_20000,43,50,0.9,52,6,612,18.04062068976758,1
covtype_binary_20000,43,50,0.9,53,9,332,17.70132592587625,0
covtype_binary_20000,43,50,0.9,54,7,51,17.96206276181067,1
covtype_binary_20000,43,50,0.9,55,7,282,16.94547081328093,0
covtype_binary_20000,43,50,0.9,56,9,83,18.04062068976758,1
covtype_binary_20000,43,50,0.9,57,1,345,-0.00034824581373538166,0
covtype_binary_20000,43,50,0.9,58,6,649,18.04062068976758,1
covtype_binary_20000,43,50,0.9,59,6,501,18.04062068976758,1
covtype_binary_20000,43,50,0.9,60,1,286,0.014682932651350622,0
covtype_binary_20000,43,50,0.9,61,18,54,18.04062068976758,1
covtype_binary_20000,43,50,0.9,62,13,597,18.04062068976758,1
covtype_binary_20000,43,50,0.9,63,8,43,18.04062068976758,1
covtype_binary_20000,43,50,0.9,64,8,434,17.91004306065042,0
covtype_binary_20000,43,50,0.9,65,6,329,17.837217200584867,0
covtype_binary_20000,43,50,0.9,66,1,754,-0.00014915370344259493,0
covtype_binary_20000,43,50,0.9,67,10,39,15.669899941159493,0
covtype_binary_20000,43,50,0.9,68,6,891,17.865278496095357,0
covtype_binary_20000,43,50,0.9,69,6,785,17.88713211290173,0
covtype_binary_20000,43,50,0.9,70,4,48,16.437112959616652,0
covtype_binary_20000,43,50,0.9,71,8,376,17.14072885702445,0
covtype_binary_20000,43,50,0.9,72,8,5,17.996602514031,1
covtype_binary_20000,43,50,0.9,73,12,804,17.09891558941996,0
covtype_binary_20000,43,50,0.9,74,6,401,16.58358710927733,0
covtype_binary_20000,43,50,0.9,75,6,410,16.8375138735647,0
covtype_binary_20000,43,50,0.9,76,7,67,17.880627894797595,0
covtype_binary_20000,43,50,0.9,77,1,555,0.001473397521204789,0
covtype_binary_20000,43,50,0.9,78,1,829,-0.00018126614458546797,0
covtype_binary_20000,43,50,0.9,79,6,630,18.04062068976758,1
covtype_binary_20000,43,50,0.9,80,9,23,17.68300255514448,0
covtype_binary_20000,43,50,0.9,81,10,121,16.902292376976828,0
covtype_binary_20000,43,50,0.9,82,7,262,18.029951206868006,1
covtype_binary_20000,43,50,0.9,83,7,315,17.493397429884137,0
covtype_binary_20000,43,50,0.9,84,7,439,17.47732174953886,0
covtype_binary_20000,43,50,0.9,85,8,582,18.024160352059475,1
covtype_binary_20000,43,50,0.9,86,12,26,17.424991889163767,0
covtype_binary_20000,43,50,0.9,87,6,749,18.04062068976758,1
covtype_binary_20000,43,50,0.9,88,6,777,18.04062068976758,1
covtype_binary_20000,43,50,0.9,89,6,543,18.04062068976758,1
covtype_binary_20000,43,50,0.9,90,41,351,16.791725180318128,0
covtype_binary_20000,43,50,0.9,91,7,570,18.04062068976758,1
covtype_binary_20000,43,50,0.9,92,9,62,18.04062068976758,1
covtype_binary_20000,43,50,0.9,93,9,292,17.419281095017148,0
covtype_binary_20000,43,50,0.9,94,1,487,-0.00048093772493029707,0
covtype_binary_20000,43,50,0.9,95,6,916,18.04062068976758,1
covtype_binary_20000,43,50,0.9,96,6,782,17.88255633551655,0
covtype_binary_20000,43,50,0.9,97,10,375,17.538703334679376,0
covtype_binary_20000,43,50,0.9,98,6,660,18.04062068976758,1
covtype_binary_20000,43,50,0.9,99,7,301,18.04062068976758,1
covtype_binary_20000,43,50,0.9,100,1,488,-0.00011930424088479885,0
covtype_binary_20000,43,50,0.9,101,9,496,18.04062068976758,1
covtype_binary_20000,43,50,0.9,102,9,42,18.04062068976758,1
covtype_binary_20000,43,50,0.9,103,9,132,18.04062068976758,1
covtype_binary_20000,43,50,0.9,104,6,406,18.04062068976758,1
covtype_binary_20000,43,50,0.9,105,6,727,18.04062068976758,1
covtype_binary_20000,43,50,0.9,106,6,566,18.04062068976758,1
covtype_binary_20000,43,50,0.9,107,6,869,18.04062068976758,1
covtype_binary_20000,43,50,0.9,108,6,433,18.04062068976758,1
covtype_binary_20000,43,50,0.9,109,13,687,18.04062068976758,1
covtype_binary_20000,43,50,0.9,110,1,32,0.12406863885963776,0
covtype_binary_20000,43,100,0.75,1,6,536,18.04062068976758,1
covtype_binary_20000,43,100,0.75,2,9,47,17.71100623820795,1
covtype_binary_20000,43,100,0.75,3,11,49,17.683834425834174,1
covtype_binary_20000,43,100,0.75,4,6,424,18.04062068976758,1
covtype_binary_20000,43,100,0.75,5,9,45,17.96178054936051,1
covtype_binary_20000,43,100,0.75,6,9,85,17.302606316054174,1
covtype_binary_20000,43,100,0.75,7,8,50,17.375387797852927,1
covtype_binary_20000,43,100,0.75,8,6,673,18.04062068976758,1
covtype_binary_20000,43,100,0.75,9,9,289,17.946646065232073,1
covtype_binary_20000,43,100,0.75,10,9,33,17.429810917821936,1
covtype_binary_20000,43,100,0.75,11,6,86,17.142786431772908,1
covtype_binary_20000,43,100,0.75,12,6,738,18.01711584816401,1
covtype_binary_20000,43,100,0.75,13,6,791,18.04062068976758,1
covtype_binary_20000,43,100,0.75,14,6,685,18.04062068976758,1
covtype_binary_20000,43,100,0.75,15,6,342,18.04062068976758,1
covtype_binary_20000,43,100,0.75,16,4,225,16.68100841186717,1
covtype_binary_20000,43,100,0.75,17,12,619,18.04062068976758,1
covtype_binary_20000,43,100,0.75,18,17,417,18.04062068976758,1
covtype_binary_20000,43,100,0.75,19,55,420,18.04062068976758,1
covtype_binary_20000,43,100,0.75,20,8,138,17.285439602656204,1
covtype_binary_20000,43,100,0.75,21,6,692,18.04062068976758,1
covtype_binary_20000,43,100,0.75,22,8,12,17.688970798438127,1
covtype_binary_20000,43,100,0.75,23,12,850,17.753764863573224,1
covtype_binary_20000,43,100,0.75,24,12,863,18.04062068976758,1
covtype_binary_20000,43,100,0.75,25,12,389,17.82888663429868,1
covtype_binary_20000,43,100,0.75,26,9,156,18.04062077580794,1
covtype_binary_20000,43,100,0.75,27,13,500,18.04062068976758,1
covtype_binary_20000,43,100,0.75,28,83,59,10.649496221299882,1
covtype_binary_20000,43,100,0.75,29,32,554,18.04062068976758,1
covtype_binary_20000,43,100,0.75,30,1,559,5.374874833140569,1
covtype_binary_20000,43,100,0.75,31,2,102,17.327280274615827,1
covtype_binary_20000,43,100,0.75,32,12,46,17.42832378690744,1
covtype_binary_20000,43,100,0.75,33,30,531,18.04062068976758,1
covtype_binary_20000,43,100,0.75,34,2,250,0.05018145005107766,1
covtype_binary_20000,43,100,0.75,35,1,336,0.04703957015637328,1
covtype_binary_20000,43,100,0.75,36,18,280,17.98487682979676,1
covtype_binary_20000,43,100,0.75,37,1,106,0.0011376289579121956,1
covtype_binary_20000,43,100,0.75,38,6,705,18.04062068976758,1
covtype_binary_20000,43,100,0.75,39,6,790,18.04062068976758,1
covtype_binary_20000,43,100,0.75,40,6,634,18.04062068976758,1
covtype_binary_20000,43,100,0.75,41,12,359,17.875813618375865,1
covtype_binary_20000,43,100,0.75,42,5,729,18.04062068976758,1
covtype_binary_20000,43,100,0.75,43,6,612,18.04062068976758,1
covtype_binary_20000,43,100,0.75,44,9,332,17.70132592587625,1
covtype_binary_20000,43,100,0.75,45,7,51,17.96206276181067,1
covtype_binary_20000,43,100,0.75,46,17,83,18.04062068976758,1
covtype_binary_20000,43,100,0.75,47,6,649,18.04062068976758,1
covtype_binary_20000,43,100,0.75,48,7,501,18.04062068976758,1
covtype_binary_20000,43,100,0.75,49,31,54,18.04062068976758,1
covtype_binary_20000,43,100,0.75,50,8,43,18.04062068976758,1
covtype_binary_20000,43,100,0.75,51,8,434,17.91004306065042,1
covtype_binary_20000,43,100,0.75,52,6,329,17.837217200584867,1
covtype_binary_20000,43,100,0.75,53,1,754,-0.00014915370344259493,1
covtype_binary_20000,43,100,0.75,54,10,39,15.669899941159493,1
covtype_binary_20000,43,100,0.75,55,12,785,17.88713211290173,1
covtype_binary_20000,43,100,0.75,56,4,48,16.437112959616652,1
covtype_binary_20000,43,100,0.75,57,8,376,17.14072885702445,1
covtype_binary_20000,43,100,0.75,58,8,5,17.996602514031,1
covtype_binary_20000,43,100,0.75,59,12,804,17.09891558941996,1
covtype_binary_20000,43,100,0.75,60,12,410,16.8375138735647,1
covtype_binary_20000,43,100,0.75,61,7,67,17.880627894797595,1
covtype_binary_20000,43,100,0.75,62,2,555,0.001473397521204789,1
covtype_binary_20000,43,100,0.75,63,6,630,18.04062068976758,1
covtype_binary_20000,43,100,0.75,64,9,23,17.68300255514448,1
covtype_binary_20000,43,100,0.75,65,10,121,16.902292376976828,1
covtype_binary_20000,43,100,0.75,66,14,262,18.029951206868006,1
covtype_binary_20000,43,100,0.75,67,7,439,17.47732174953886,1
covtype_binary_20000,43,100,0.75,68,8,582,18.024160352059475,1
covtype_binary_20000,43,100,0.75,69,12,26,17.424991889163767,1
covtype_binary_20000,43,100,0.75,70,6,749,18.04062068976758,1
covtype_binary_20000,43,100,0.75,71,6,777,18.04062068976758,1
covtype_binary_20000,43,100,0.75,72,6,543,18.04062068976758,1
covtype_binary_20000,43,100,0.75,73,41,351,16.791725180318128,1
covtype_binary_20000,43,100,0.75,74,7,570,18.04062068976758,1
covtype_binary_20000,43,100,0.75,75,18,62,18.04062068976758,1
covtype_binary_20000,43,100,0.75,76,1,487,-0.00048093772493029707,1
covtype_binary_20000,43,100,0.75,77,12,916,18.04062068976758,1
covtype_binary_20000,43,100,0.75,78,10,375,17.538703334679376,1
covtype_binary_20000,43,100,0.75,79,13,301,18.04062068976758,1
covtype_binary_20000,43,100,0.75,80,1,488,-0.00011930424088479885,1
covtype_binary_20000,43,100,0.75,81,9,496,18.04062068976758,1
covtype_binary_20000,43,100,0.75,82,18,42,18.04062068976758,1
covtype_binary_20000,43,100,0.75,83,6,406,18.04062068976758,1
covtype_binary_20000,43,100,0.75,84,6,727,18.04062068976758,1
covtype_binary_20000,43,100,0.75,85,6,566,18.04062068976758,1
covtype_binary_20000,43,100,0.75,86,6,869,18.04062068976758,1
covtype_binary_20000,43,100,0.75,87,6,433,18.04062068976758,1
covtype_binary_20000,43,100,0.75,88,14,687,18.04062068976758,1
covtype_binary_20000,43,100,0.85,1,6,536,18.04062068976758,1
covtype_binary_20000,43,100,0.85,2,9,47,17.71100623820795,1
covtype_binary_20000,43,100,0.85,3,11,49,17.683834425834174,1
covtype_binary_20000,43,100,0.85,4,6,424,18.04062068976758,1
covtype_binary_20000,43,100,0.85,5,9,45,17.96178054936051,1
covtype_binary_20000,43,100,0.85,6,9,85,17.302606316054174,1
covtype_binary_20000,43,100,0.85,7,8,50,17.375387797852927,1
covtype_binary_20000,43,100,0.85,8,6,673,18.04062068976758,1
covtype_binary_20000,43,100,0.85,9,9,289,17.946646065232073,1
covtype_binary_20000,43,100,0.85,10,9,33,17.429810917821936,1
covtype_binary_20000,43,100,0.85,11,6,86,17.142786431772908,1
covtype_binary_20000,43,100,0.85,12,6,738,18.01711584816401,1
covtype_binary_20000,43,100,0.85,13,6,791,18.04062068976758,1
covtype_binary_20000,43,100,0.85,14,6,685,18.04062068976758,1
covtype_binary_20000,43,100,0.85,15,6,342,18.04062068976758,1
covtype_binary_20000,43,100,0.85,16,4,225,16.68100841186717,1
covtype_binary_20000,43,100,0.85,17,12,619,18.04062068976758,1
covtype_binary_20000,43,100,0.85,18,17,417,18.04062068976758,1
covtype_binary_20000,43,100,0.85,19,41,380,16.055884939750307,1
covtype_binary_20000,43,100,0.85,20,13,420,18.04062068976758,1
covtype_binary_20000,43,100,0.85,21,1,734,-0.0001933641603698022,1
covtype_binary_20000,43,100,0.85,22,8,138,17.285439602656204,1
covtype_binary_20000,43,100,0.85,23,6,692,18.04062068976758,1
covtype_binary_20000,43,100,0.85,24,8,12,17.688970798438127,1
covtype_binary_20000,43,100,0.85,25,12,850,17.753764863573224,1
covtype_binary_20000,43,100,0.85,26,12,863,18.04062068976758,1
covtype_binary_20000,43,100,0.85,27,12,389,17.82888663429868,1
covtype_binary_20000,43,100,0.85,28,9,156,18.04062077580794,1
covtype_binary_20000,43,100,0.85,29,13,500,18.04062068976758,1
covtype_binary_20000,43,100,0.85,30,42,59,10.649496221299882,1
covtype_binary_20000,43,100,0.85,31,41,173,10.637299958053152,1
covtype_binary_20000,43,100,0.85,32,32,554,18.04062068976758,1
covtype_binary_20000,43,100,0.85,33,1,559,5.374874833140569,1
covtype_binary_20000,43,100,0.85,34,2,102,17.327280274615827,1
covtype_binary_20000,43,100,0.85,35,12,46,17.42832378690744,1
covtype_binary_20000,43,100,0.85,36,12,387,16.821115348054377,1
covtype_binary_20000,43,100,0.85,37,18,531,18.04062068976758,1
covtype_binary_20000,43,100,0.85,38,1,250,0.05018145005107766,1
covtype_binary_20000,43,100,0.85,39,1,635,-0.003456893930653293,1
covtype_binary_20000,43,100,0.85,40,1,336,0.04703957015637328,1
covtype_binary_20000,43,100,0.85,41,9,280,17.98487682979676,1
covtype_binary_20000,43,100,0.85,42,9,148,17.361376813919918,1
covtype_binary_20000,43,100,0.85,43,1,106,0.0011376289579121956,1
covtype_binary_20000,43,100,0.85,44,6,705,18.04062068976758,1
covtype_binary_20000,43,100,0.85,45,6,790,18.04062068976758,1
covtype_binary_20000,43,100,0.85,46,6,634,18.04062068976758,1
covtype_binary_20000,43,100,0.85,47,12,359,17.875813618375865,1
covtype_binary_20000,43,100,0.85,48,5,729,18.04062068976758,1
covtype_binary_20000,43,100,0.85,49,6,612,18.04062068976758,1
covtype_binary_20000,43,100,0.85,50,9,332,17.70132592587625,1
covtype_binary_20000,43,100,0.85,51,7,51,17.96206276181067,1
covtype_binary_20000,43,100,0.85,52,17,83,18.04062068976758,1
covtype_binary_20000,43,100,0.85,53,6,649,18.04062068976758,1
covtype_binary_20000,43,100,0.85,54,7,501,18.04062068976758,1
covtype_binary_20000,43,100,0.85,55,31,54,18.04062068976758,1
covtype_binary_20000,43,100,0.85,56,8,43,18.04062068976758,1
covtype_binary_20000,43,100,0.85,57,8,434,17.91004306065042,1
covtype_binary_20000,43,100,0.85,58,6,329,17.837217200584867,1
covtype_binary_20000,43,100,0.85,59,1,754,-0.00014915370344259493,1
covtype_binary_20000,43,100,0.85,60,10,39,15.669899941159493,1
covtype_binary_20000,43,100,0.85,61,12,785,17.88713211290173,1
covtype_binary_20000,43,100,0.85,62,4,48,16.437112959616652,1
covtype_binary_20000,43,100,0.85,63,8,376,17.14072885702445,1
covtype_binary_20000,43,100,0.85,64,8,5,17.996602514031,1
covtype_binary_20000,43,100,0.85,65,12,804,17.09891558941996,1
covtype_binary_20000,43,100,0.85,66,12,410,16.8375138735647,1
covtype_binary_20000,43,100,0.85,67,7,67,17.880627894797595,1
covtype_binary_20000,43,100,0.85,68,2,555,0.001473397521204789,1
covtype_binary_20000,43,100,0.85,69,6,630,18.04062068976758,1
covtype_binary_20000,43,100,0.85,70,9,23,17.68300255514448,1
covtype_binary_20000,43,100,0.85,71,10,121,16.902292376976828,1
covtype_binary_20000,43,100,0.85,72,7,262,18.029951206868006,1
covtype_binary_20000,43,100,0.85,73,7,315,17.493397429884137,1
covtype_binary_20000,43,100,0.85,74,7,439,17.47732174953886,1
covtype_binary_20000,43,100,0.85,75,8,582,18.024160352059475,1
covtype_binary_20000,43,100,0.85,76,12,26,17.424991889163767,1
covtype_binary_20000,43,100,0.85,77,6,749,18.04062068976758,1
covtype_binary_20000,43,100,0.85,78,6,777,18.04062068976758,1
covtype_binary_20000,43,100,0.85,79,6,543,18.04062068976758,1
covtype_binary_20000,43,100,0.85,80,41,351,16.791725180318128,1
covtype_binary_20000,43,100,0.85,81,7,570,18.04062068976758,1
covtype_binary_20000,43,100,0.85,82,9,62,18.04062068976758,1
covtype_binary_20000,43,100,0.85,83,9,292,17.419281095017148,1
covtype_binary_20000,43,100,0.85,84,1,487,-0.00048093772493029707,1
covtype_binary_20000,43,100,0.85,85,6,916,18.04062068976758,1
covtype_binary_20000,43,100,0.85,86,6,782,17.88255633551655,1
covtype_binary_20000,43,100,0.85,87,10,375,17.538703334679376,1
covtype_binary_20000,43,100,0.85,88,6,660,18.04062068976758,1
covtype_binary_20000,43,100,0.85,89,7,301,18.04062068976758,1
covtype_binary_20000,43,100,0.85,90,1,488,-0.00011930424088479885,1
covtype_binary_20000,43,100,0.85,91,9,496,18.04062068976758,1
covtype_binary_20000,43,100,0.85,92,18,42,18.04062068976758,1
covtype_binary_20000,43,100,0.85,93,6,406,18.04062068976758,1
covtype_binary_20000,43,100,0.85,94,6,727,18.04062068976758,1
covtype_binary_20000,43,100,0.85,95,6,566,18.04062068976758,1
covtype_binary_20000,43,100,0.85,96,6,869,18.04062068976758,1
covtype_binary_20000,43,100,0.85,97,6,433,18.04062068976758,1
covtype_binary_20000,43,100,0.85,98,14,687,18.04062068976758,1
covtype_binary_20000,43,100,0.9,1,6,536,18.04062068976758,1
covtype_binary_20000,43,100,0.9,2,9,47,17.71100623820795,1
covtype_binary_20000,43,100,0.9,3,11,49,17.683834425834174,1
covtype_binary_20000,43,100,0.9,4,6,424,18.04062068976758,1
covtype_binary_20000,43,100,0.9,5,9,45,17.96178054936051,1
covtype_binary_20000,43,100,0.9,6,9,85,17.302606316054174,1
covtype_binary_20000,43,100,0.9,7,8,50,17.375387797852927,1
covtype_binary_20000,43,100,0.9,8,6,673,18.04062068976758,1
covtype_binary_20000,43,100,0.9,9,9,289,17.946646065232073,1
covtype_binary_20000,43,100,0.9,10,9,33,17.429810917821936,1
covtype_binary_20000,43,100,0.9,11,6,86,17.142786431772908,1
covtype_binary_20000,43,100,0.9,12,6,738,18.01711584816401,1
covtype_binary_20000,43,100,0.9,13,6,791,18.04062068976758,1
covtype_binary_20000,43,100,0.9,14,6,685,18.04062068976758,1
covtype_binary_20000,43,100,0.9,15,6,342,18.04062068976758,1
covtype_binary_20000,43,100,0.9,16,4,225,16.68100841186717,1
covtype_binary_20000,43,100,0.9,17,6,619,18.04062068976758,1
covtype_binary_20000,43,100,0.9,18,6,415,17.96131463827151,1
covtype_binary_20000,43,100,0.9,19,17,417,18.04062068976758,1
covtype_binary_20000,43,100,0.9,20,41,380,16.055884939750307,1
covtype_binary_20000,43,100,0.9,21,13,420,18.04062068976758,1
covtype_binary_20000,43,100,0.9,22,1,734,-0.0001933641603698022,0
covtype_binary_20000,43,100,0.9,23,8,138,17.285439602656204,1
covtype_binary_20000,43,100,0.9,24,6,692,18.04062068976758,1
covtype_binary_20000,43,100,0.9,25,8,12,17.688970798438127,1
covtype_binary_20000,43,100,0.9,26,12,850,17.753764863573224,1
covtype_binary_20000,43,100,0.9,27,6,863,18.04062068976758,1
covtype_binary_20000,43,100,0.9,28,6,601,17.535606986709602,1
covtype_binary_20000,43,100,0.9,29,12,389,17.82888663429868,1
covtype_binary_20000,43,100,0.9,30,9,156,18.04062077580794,1
covtype_binary_20000,43,100,0.9,31,12,500,18.04062068976758,1
covtype_binary_20000,43,100,0.9,32,1,258,0.00078716014624719,0
covtype_binary_20000,43,100,0.9,33,42,59,10.649496221299882,1
covtype_binary_20000,43,100,0.9,34,41,173,10.637299958053152,1
covtype_binary_20000,43,100,0.9,35,32,554,18.04062068976758,1
covtype_binary_20000,43,100,0.9,36,1,559,5.374874833140569,1
covtype_binary_20000,43,100,0.9,37,2,102,17.327280274615827,1
covtype_binary_20000,43,100,0.9,38,12,46,17.42832378690744,1
covtype_binary_20000,43,100,0.9,39,12,387,16.821115348054377,1
covtype_binary_20000,43,100,0.9,40,18,531,18.04062068976758,1
covtype_binary_20000,43,100,0.9,41,1,250,0.05018145005107766,1
covtype_binary_20000,43,100,0.9,42,1,635,-0.003456893930653293,0
covtype_binary_20000,43,100,0.9,43,1,336,0.04703957015637328,1
covtype_binary_20000,43,100,0.9,44,9,280,17.98487682979676,1
covtype_binary_20000,43,100,0.9,45,9,148,17.361376813919918,1
covtype_binary_20000,43,100,0.9,46,1,106,0.0011376289579121956,0
covtype_binary_20000,43,100,0.9,47,6,705,18.04062068976758,1
covtype_binary_20000,43,100,0.9,48,6,790,18.04062068976758,1
covtype_binary_20000,43,100,0.9,49,6,634,18.04062068976758,1
covtype_binary_20000,43,100,0.9,50,12,359,17.875813618375865,1
covtype_binary_20000,43,100,0.9,51,5,729,18.04062068976758,1
covtype_binary_20000,43,100,0.9,52,6,612,18.04062068976758,1
covtype_binary_20000,43,100,0.9,53,9,332,17.70132592587625,1
covtype_binary_20000,43,100,0.9,54,7,51,17.96206276181067,1
covtype_binary_20000,43,100,0.9,55,7,282,16.94547081328093,1
covtype_binary_20000,43,100,0.9,56,9,83,18.04062068976758,1
covtype_binary_20000,43,100,0.9,57,1,345,-0.00034824581373538166,0
covtype_binary_20000,43,100,0.9,58,6,649,18.04062068976758,1
covtype_binary_20000,43,100,0.9,59,6,501,18.04062068976758,1
covtype_binary_20000,43,100,0.9,60,1,286,0.014682932651350622,1
covtype_binary_20000,43,100,0.9,61,18,54,18.04062068976758,1
covtype_binary_20000,43,100,0.9,62,13,597,18.04062068976758,1
covtype_binary_20000,43,100,0.9,63,8,43,18.04062068976758,1
covtype_binary_20000,43,100,0.9,64,8,434,17.91004306065042,1
covtype_binary_20000,43,100,0.9,65,6,329,17.837217200584867,1
covtype_binary_20000,43,100,0.9,66,1,754,-0.00014915370344259493,0
covtype_binary_20000,43,100,0.9,67,10,39,15.669899941159493,1
covtype_binary_20000,43,100,0.9,68,6,891,17.865278496095357,1
covtype_binary_20000,43,100,0.9,69,6,785,17.88713211290173,1
covtype_binary_20000,43,100,0.9,70,4,48,16.437112959616652,1
covtype_binary_20000,43,100,0.9,71,8,376,17.14072885702445,1
covtype_binary_20000,43,100,0.9,72,8,5,17.996602514031,1
covtype_binary_20000,43,100,0.9,73,12,804,17.09891558941996,1
covtype_binary_20000,43,100,0.9,74,6,401,16.58358710927733,1
covtype_binary_20000,43,100,0.9,75,6,410,16.8375138735647,1
covtype_binary_20000,43,100,0.9,76,7,67,17.880627894797595,1
covtype_binary_20000,43,100,0.9,77,1,555,0.001473397521204789,0
covtype_binary_20000,43,100,0.9,78,1,829,-0.00018126614458546797,0
covtype_binary_20000,43,100,0.9,79,6,630,18.04062068976758,1
covtype_binary_20000,43,100,0.9,80,9,23,17.68300255514448,1
covtype_binary_20000,43,100,0.9,81,10,121,16.902292376976828,1
covtype_binary_20000,43,100,0.9,82,7,262,18.029951206868006,1
covtype_binary_20000,43,100,0.9,83,7,315,17.493397429884137,1
covtype_binary_20000,43,100,0.9,84,7,439,17.47732174953886,1
covtype_binary_20000,43,100,0.9,85,8,582,18.024160352059475,1
covtype_binary_20000,43,100,0.9,86,12,26,17.424991889163767,1
covtype_binary_20000,43,100,0.9,87,6,749,18.04062068976758,1
covtype_binary_20000,43,100,0.9,88,6,777,18.04062068976758,1
covtype_binary_20000,43,100,0.9,89,6,543,18.04062068976758,1
covtype_binary_20000,43,100,0.9,90,41,351,16.791725180318128,1
covtype_binary_20000,43,100,0.9,91,7,570,18.04062068976758,1
covtype_binary_20000,43,100,0.9,92,9,62,18.04062068976758,1
covtype_binary_20000,43,100,0.9,93,9,292,17.419281095017148,1
covtype_binary_20000,43,100,0.9,94,1,487,-0.00048093772493029707,0
covtype_binary_20000,43,100,0.9,95,6,916,18.04062068976758,1
covtype_binary_20000,43,100,0.9,96,6,782,17.88255633551655,1
covtype_binary_20000,43,100,0.9,97,10,375,17.538703334679376,1
covtype_binary_20000,43,100,0.9,98,6,660,18.04062068976758,1
covtype_binary_20000,43,100,0.9,99,7,301,18.04062068976758,1
covtype_binary_20000,43,100,0.9,100,1,488,-0.00011930424088479885,0
covtype_binary_20000,43,100,0.9,101,9,496,18.04062068976758,1
covtype_binary_20000,43,100,0.9,102,9,42,18.04062068976758,1
covtype_binary_20000,43,100,0.9,103,9,132,18.04062068976758,1
covtype_binary_20000,43,100,0.9,104,6,406,18.04062068976758,1
covtype_binary_20000,43,100,0.9,105,6,727,18.04062068976758,1
covtype_binary_20000,43,100,0.9,106,6,566,18.04062068976758,1
covtype_binary_20000,43,100,0.9,107,6,869,18.04062068976758,1
covtype_binary_20000,43,100,0.9,108,6,433,18.04062068976758,1
covtype_binary_20000,43,100,0.9,109,13,687,18.04062068976758,1
covtype_binary_20000,43,100,0.9,110,1,32,0.12406863885963776,1
