dataset,seed,rule_id,rule_key,delta_f1,delta_bce,delta_prob,n_changed_predictions,old_importance,theta_abs,mean_abs_activation,baseline_f1,baseline_bce
covtype_binary_20000,19,0,layer_0::c10: Elevation IS LOW,0.09143822015307301,17.753946809964113,0.5606008939800924,1590,5.024966239929199,13792.327267581479,0.7494322356477521,0.7480809490579204,0.50817717109455
covtype_binary_20000,19,1,layer_0::c1: Elevation IS LOW,0.09143822015307301,17.735538188674397,0.5605151966698624,1590,3.7721309661865234,15632.70782598615,0.583813171937953,0.7480809490579204,0.50817717109455
covtype_binary_20000,19,2,layer_0::c1: Elevation IS MEDIUM,0.7480809490579204,17.047370444505994,0.4369345465722247,1403,3.585073232650757,4751.134919761735,0.5508493830971587,0.7480809490579204,0.50817717109455
covtype_binary_20000,19,3,layer_0::c10: Elevation IS MEDIUM,0.7480809490579204,17.066864547805224,0.4372552665614144,1403,3.4860448837280273,39112.10266390348,0.5161547406087391,0.7480809490579204,0.50817717109455
covtype_binary_20000,19,4,layer_0::c9: Elevation IS LOW,0.7480809490579204,17.069212794975023,0.4373213234489319,1403,3.394106864929199,47806.458879800506,0.7931392787493666,0.7480809490579204,0.50817717109455
covtype_binary_20000,19,5,layer_0::c10: Elevation IS HIGH,0.07897004163353916,16.00704154184382,0.5299459277081975,1498,2.877673864364624,42678.83742879927,0.4257516769524981,0.7480809490579204,0.50817717109455
covtype_binary_20000,19,6,layer_0::c10: Horizontal_Distance_To_Roadways IS MEDIUM,0.0927694295599375,17.73621024045542,0.5620345508750164,1596,2.652735710144043,38863.92185950703,0.39627784193812293,0.7480809490579204,0.50817717109455
covtype_binary_20000,19,7,layer_0::c3: Elevation IS LOW,0.7480809490579204,17.06927403682996,0.43726197342213047,1403,2.621117353439331,3748.778551103322,0.5826925120252957,0.7480809490579204,0.50817717109455
covtype_binary_20000,19,8,"projection_layer::pursuit_4(Horizontal_Distance_To_Hydrology, Soil_Type_22, Soil_Type_30, Soil_Type_35) IS LOW",0.7480809490579204,2.5821598745692844,0.42879538874242124,1403,2.6074013710021973,8.948649744458692,0.7262021959548195,0.7480809490579204,0.50817717109455
covtype_binary_20000,19,9,layer_0::c3: Elevation IS MEDIUM,0.7480809490579204,17.061977293801164,0.43713287123494654,1403,2.51566219329834,14740.772520658453,0.5552044604819213,0.7480809490579204,0.50817717109455
covtype_binary_20000,19,10,layer_0::c10: Horizontal_Distance_To_Hydrology IS LOW,0.677261276926773,15.455530317887908,0.41551013248043533,1341,2.394282102584839,20561.85928186651,0.3643232646301341,0.7480809490579204,0.50817717109455
covtype_binary_20000,19,11,layer_0::c9: Elevation IS MEDIUM,0.08996129093826233,17.432591176861727,0.5568759694804551,1580,2.3576714992523193,94445.57506709186,0.5469592910865263,0.7480809490579204,0.50817717109455
covtype_binary_20000,19,12,layer_0::c1: Horizontal_Distance_To_Roadways IS MEDIUM,0.7480809490579204,16.73845273436519,0.4368855524259121,1403,2.18393611907959,41773.21437038523,0.3385584392866579,0.7480809490579204,0.50817717109455
covtype_binary_20000,19,13,"projection_layer::pursuit_7(Aspect, Soil_Type_39, Soil_Type_2, Soil_Type_5) IS MEDIUM",0.028854092496374162,0.3752736984127958,0.3391093834907566,1066,2.0475332736968994,5.564113567495809,0.4373102465327004,0.7480809490579204,0.50817717109455
covtype_binary_20000,19,14,layer_0::c9: Elevation IS HIGH,0.7480809490579204,17.041275856059684,0.4367522901980012,1403,2.0068352222442627,94814.40108212392,0.4652123741541449,0.7480809490579204,0.50817717109455
covtype_binary_20000,19,15,layer_0::c10: Hillshade_Noon IS HIGH,0.7345216270240221,16.691744088774783,0.4322510112076895,1391,1.8779518604278564,256825.05747342546,0.2800496737676991,0.7480809490579204,0.50817717109455
covtype_binary_20000,19,16,layer_0::c2: Elevation IS LOW,0.7480809490579204,17.069236997486215,0.4372981514065817,1403,1.8326109647750854,16466.01837911721,0.5848127272159693,0.7480809490579204,0.50817717109455
covtype_binary_20000,19,17,layer_0::c3: Horizontal_Distance_To_Roadways IS MEDIUM,0.7480809490579204,16.583748546830527,0.43643918919291685,1403,1.8102716207504272,21632.254061905383,0.4030911391010338,0.7480809490579204,0.50817717109455
covtype_binary_20000,19,18,layer_0::c1: Elevation IS HIGH,0.07387175949430924,15.724280637719604,0.5208834351741782,1465,1.737078309059143,28450.64147280967,0.2666994532564438,0.7480809490579204,0.50817717109455
covtype_binary_20000,19,19,layer_0::c1: Hillshade_Noon IS HIGH,0.08490627358536296,16.34069789501978,0.5357656879305615,1525,1.6672290563583374,7958.889612362177,0.25800840081813103,0.7480809490579204,0.50817717109455
covtype_binary_20000,19,20,"projection_layer::pursuit_2(Hillshade_Noon, Wilderness_Area_4, Soil_Type_23, Soil_Type_11) IS MEDIUM",-0.010303718977671572,-0.0061211079902496746,0.021532223149074686,56,1.6266357898712158,0.20120903386853684,0.6608388610337861,0.7480809490579204,0.50817717109455
covtype_binary_20000,19,21,layer_0::c10: Horizontal_Distance_To_Fire_Points IS MEDIUM,0.09264518984857628,17.49800675824894,0.5528918107910067,1586,1.5968918800354004,109681.48452707751,0.23416109285807768,0.7480809490579204,0.50817717109455
covtype_binary_20000,19,22,layer_0::c0: Elevation IS LOW,0.09158554856431489,17.801571070780483,0.5608409874899926,1591,1.4985719919204712,35010.505982834096,0.4133728132809761,0.7480809490579204,0.50817717109455
covtype_binary_20000,19,23,layer_0::c8: Elevation IS LOW,0.09143822015307301,17.75280521948487,0.5605951382380375,1590,1.4251850843429565,19270.978195626427,0.5319323152128779,0.7480809490579204,0.50817717109455
covtype_binary_20000,19,24,"projection_layer::pursuit_7(Aspect, Soil_Type_39, Soil_Type_2, Soil_Type_5) IS HIGH",0.006330199126096114,0.21269766090096054,0.2602204445763582,801,1.391697883605957,5.94431170585878,0.300468942396228,0.7480809490579204,0.50817717109455
covtype_binary_20000,19,25,layer_0::c0: Elevation IS MEDIUM,0.7480809490579204,17.065770491081032,0.43724004179210035,1403,1.3870093822479248,46153.07096648644,0.37983187925308776,0.7480809490579204,0.50817717109455
covtype_binary_20000,19,26,layer_0::c1: Horizontal_Distance_To_Hydrology IS LOW,0.6886357707223855,15.93304688357315,0.4215568803485018,1352,1.3260583877563477,207231.05595162898,0.20939301765078722,0.7480809490579204,0.50817717109455
covtype_binary_20000,19,27,layer_0::c10: Slope IS MEDIUM,0.09173281087936502,17.731224805796828,0.5607257131387062,1592,1.2766591310501099,4018188.956762036,0.18653929167050956,0.7480809490579204,0.50817717109455
covtype_binary_20000,19,28,layer_0::c1: Slope IS MEDIUM,0.7480809490579204,17.016263228898495,0.43709148037358075,1402,1.2192853689193726,3632283.9439823073,0.18487942978208582,0.7480809490579204,0.50817717109455
covtype_binary_20000,19,29,layer_0::c9: Horizontal_Distance_To_Fire_Points IS MEDIUM,0.6398006942808504,15.655220168016156,0.4083419547153041,1296,1.1369129419326782,70202.45615701423,0.2612108436923289,0.7480809490579204,0.50817717109455
covtype_binary_20000,19,30,layer_0::c11: Elevation IS LOW,0.7480809490579204,17.069254556316338,0.4372811155300642,1403,1.1038963794708252,7982.003568885936,0.5147923223486385,0.7480809490579204,0.50817717109455
covtype_binary_20000,19,31,layer_0::c1: Aspect IS MEDIUM,0.092468132566771,17.95818791526314,0.5625821063575664,1597,1.0312334299087524,80613.3557996425,0.15701448026221868,0.7480809490579204,0.50817717109455
covtype_binary_20000,19,32,layer_0::c1: Horizontal_Distance_To_Roadways IS HIGH,0.092468132566771,17.95818791526314,0.5625821063575664,1597,1.0238369703292847,116703.99663514938,0.15336680737849867,0.7480809490579204,0.50817717109455
covtype_binary_20000,19,33,layer_0::c8: Vertical_Distance_To_Hydrology IS LOW,0.7453505736312993,17.021245626876762,0.436879028568637,1401,0.9854878783226013,4216.9058776285165,0.3697044026733802,0.7480809490579204,0.50817717109455
covtype_binary_20000,19,34,layer_0::c2: Horizontal_Distance_To_Roadways IS MEDIUM,0.0927694295599375,17.7718922131415,0.562141715565759,1596,0.9776427149772644,60714.49940032642,0.31248792131224656,0.7480809490579204,0.50817717109455
covtype_binary_20000,19,35,layer_0::c8: Horizontal_Distance_To_Hydrology IS LOW,0.08915563029653606,16.78954087986125,0.5373686728185553,1526,0.9310982823371887,64921.83582493421,0.35456265771016654,0.7480809490579204,0.50817717109455
covtype_binary_20000,19,36,layer_0::c3: Soil_Type_29 IS absent,0.4311949841456397,12.752191102909839,0.3261438500714898,1042,0.9261577129364014,857.172746510565,0.2064559827539779,0.7480809490579204,0.50817717109455
covtype_binary_20000,19,37,layer_0::c9: Horizontal_Distance_To_Hydrology IS LOW,0.6886357707223855,15.816954240324096,0.42030914130938396,1352,0.9212945699691772,122714.59046573754,0.21965184676774363,0.7480809490579204,0.50817717109455
covtype_binary_20000,19,38,layer_0::c10: Wilderness_Area_3 IS absent,0.3212986754548376,9.676153375132795,0.2513971586879888,790,0.9068186283111572,753.7208580317965,0.13423537072123873,0.7480809490579204,0.50817717109455
covtype_binary_20000,19,39,layer_0::c0: Horizontal_Distance_To_Hydrology IS LOW,0.08915563029653606,16.80598186717979,0.5377062927308018,1526,0.9066325426101685,96552.86571696792,0.2551573081268994,0.7480809490579204,0.50817717109455
covtype_binary_20000,19,40,"projection_layer::pursuit_2(Hillshade_Noon, Wilderness_Area_4, Soil_Type_23, Soil_Type_11) IS LOW",-0.0002611102789032982,4.964565207676852e-05,0.0001929176047020851,1,0.8969635963439941,0.003057245980016887,0.37202568032592537,0.7480809490579204,0.50817717109455
covtype_binary_20000,19,41,layer_0::c8: Elevation IS MEDIUM,0.7480809490579204,17.06284445762818,0.4371697833621224,1403,0.8947163224220276,31222.64967480475,0.33152646135552705,0.7480809490579204,0.50817717109455
covtype_binary_20000,19,42,layer_0::c1: Soil_Type_22 IS absent,0.7453635577535727,16.699570373681837,0.4263436396612833,1394,0.8782547116279602,684.3236373806285,0.13490862928248923,0.7480809490579204,0.50817717109455
covtype_binary_20000,19,43,layer_0::c0: Soil_Type_12 IS absent,0.5705223793908427,15.35739709857506,0.3934579568017397,1244,0.8772836923599243,1104.4013116136775,0.2414151041837722,0.7480809490579204,0.50817717109455
covtype_binary_20000,19,44,"projection_layer::pursuit_5(Hillshade_9am, Wilderness_Area_1, Soil_Type_10, Soil_Type_32) IS MEDIUM",0.022144137889661852,0.013891581805658526,0.03435488681614619,144,0.8662737607955933,0.6534795151092112,0.3243201995763086,0.7480809490579204,0.50817717109455
covtype_binary_20000,19,45,layer_0::c3: Aspect IS MEDIUM,0.7480809490579204,17.06911113166491,0.43741789364243355,1403,0.8660708665847778,51534.9721385733,0.18940957421281684,0.7480809490579204,0.50817717109455
covtype_binary_20000,19,46,layer_0::c1: Wilderness_Area_2 IS absent,0.74399375559743,16.385047497734497,0.4247654504057548,1398,0.8378893136978149,599.3292573696308,0.12888167243426626,0.7480809490579204,0.50817717109455
covtype_binary_20000,19,47,layer_0::c1: Hillshade_Noon IS LOW,0.09114336486393748,17.82031551418408,0.5599061153427011,1588,0.8298140168190002,398252.61935510405,0.1279026888039273,0.7480809490579204,0.50817717109455
covtype_binary_20000,19,48,layer_0::c9: Wilderness_Area_3 IS absent,0.3210929972506915,9.67643933907562,0.25225881267807243,791,0.8219254612922668,871.4593143281527,0.1906355100855726,0.7480809490579204,0.50817717109455
covtype_binary_20000,19,49,layer_0::c3: Slope IS MEDIUM,0.09129082560113033,17.6734187234972,0.5598758762564308,1589,0.7985101938247681,2074239.2254438996,0.17391197668449315,0.7480809490579204,0.50817717109455
covtype_binary_20000,19,50,layer_0::c2: Elevation IS MEDIUM,0.08698741087445905,17.196880491166624,0.5515898628291724,1560,0.7945725917816162,66825.83440160984,0.25172587299199034,0.7480809490579204,0.50817717109455
covtype_binary_20000,19,51,layer_0::c3: Wilderness_Area_2 IS absent,0.74399375559743,16.385090280357012,0.4248169838641611,1398,0.7885740399360657,774.4284324086912,0.17422594297861602,0.7480809490579204,0.50817717109455
covtype_binary_20000,19,52,layer_0::c1: Aspect IS LOW,0.092468132566771,17.615679815509836,0.562582106283525,1597,0.774736225605011,96328.75647580123,0.11981477853670852,0.7480809490579204,0.50817717109455
covtype_binary_20000,19,53,layer_0::c6: Soil_Type_4 IS absent,0.7372701382471096,16.852509923889848,0.43100275134134386,1386,0.767995297908783,1068.2617895038857,0.2646713027703857,0.7480809490579204,0.50817717109455
covtype_binary_20000,19,54,layer_0::c8: Elevation IS HIGH,0.7480809490579204,17.0309967147612,0.4366321848601781,1403,0.7657480239868164,73701.77494424538,0.28352188344253426,0.7480809490579204,0.50817717109455
covtype_binary_20000,19,55,layer_0::c9: Slope IS LOW,0.08818476309538381,17.418108191866025,0.5512779168398263,1565,0.7603933215141296,3874337.173658916,0.1769752747890346,0.7480809490579204,0.50817717109455
covtype_binary_20000,19,56,layer_0::c10: Hillshade_9am IS HIGH,0.6904893260212712,15.761466435829961,0.41646066934036785,1338,0.7551289200782776,77722.64499370534,0.11079459756645363,0.7480809490579204,0.50817717109455
covtype_binary_20000,19,57,layer_0::c10: Horizontal_Distance_To_Roadways IS HIGH,0.7480809490579204,17.06911113166491,0.43741789364243355,1403,0.730577290058136,159842.13153600693,0.1054578406313473,0.7480809490579204,0.50817717109455
covtype_binary_20000,19,58,layer_0::c1: Soil_Type_38 IS absent,0.7480809490579204,17.036915190407655,0.43616363000991154,1403,0.704897403717041,601.7004882836627,0.10882203850853966,0.7480809490579204,0.50817717109455
covtype_binary_20000,19,59,layer_0::c0: Horizontal_Distance_To_Roadways IS MEDIUM,0.0927694295599375,17.64302162191853,0.5615147117819446,1596,0.6996923089027405,50950.30622628675,0.19332052041311634,0.7480809490579204,0.50817717109455
covtype_binary_20000,19,60,layer_0::c1: Soil_Type_40 IS absent,0.7480809490579204,17.05882779220382,0.43674409789791047,1403,0.6817266345024109,566.9680469313898,0.10539473689662827,0.7480809490579204,0.50817717109455
covtype_binary_20000,19,61,layer_0::c1: Soil_Type_2 IS absent,0.7480809490579204,17.014326728445482,0.4358593932569493,1403,0.6787462830543518,542.5960850729534,0.10451829131488558,0.7480809490579204,0.50817717109455
covtype_binary_20000,19,62,layer_0::c1: Hillshade_9am IS HIGH,0.08386413693114048,16.219008602623326,0.5239104772873573,1488,0.6746667623519897,157601.29829399197,0.10272466622152611,0.7480809490579204,0.50817717109455
covtype_binary_20000,19,63,layer_0::c3: Wilderness_Area_4 IS absent,0.7467148288393413,16.791944930009123,0.4331334498127653,1402,0.6696670651435852,744.9983664027823,0.14792268752015056,0.7480809490579204,0.50817717109455
covtype_binary_20000,19,64,"projection_layer::pursuit_7(Aspect, Soil_Type_39, Soil_Type_2, Soil_Type_5) IS LOW",0.020917849871909033,0.12117736255260891,0.12872000118305105,451,0.6582207083702087,5.844059259165078,0.14328175777755656,0.7480809490579204,0.50817717109455
covtype_binary_20000,19,65,layer_0::c10: Hillshade_9am IS MEDIUM,0.08613162242016648,16.568645189401465,0.533964620116987,1515,0.6379196643829346,25320.72444711723,0.09570505606214728,0.7480809490579204,0.50817717109455
covtype_binary_20000,19,66,"projection_layer::pursuit_5(Hillshade_9am, Wilderness_Area_1, Soil_Type_10, Soil_Type_32) IS LOW",0.013062898516404187,0.009907466540301946,0.021781404752971693,96,0.6114182472229004,0.5926552165765315,0.23191311780088283,0.7480809490579204,0.50817717109455
covtype_binary_20000,19,67,layer_0::c0: Hillshade_Noon IS MEDIUM,0.7439881796172656,16.95928083249799,0.4360871164311332,1400,0.6094620823860168,370276.03587788023,0.16880281116885137,0.7480809490579204,0.50817717109455
covtype_binary_20000,19,68,layer_0::c0: Slope IS MEDIUM,0.7480809490579204,17.029428299555917,0.4371562057355104,1403,0.6080897450447083,5800611.476573928,0.16433425580178596,0.7480809490579204,0.50817717109455
covtype_binary_20000,19,69,layer_0::c10: Wilderness_Area_4 IS absent,0.7467148288393413,16.791918453971533,0.4331091039235449,1402,0.5936704277992249,523.4923867073448,0.08797667788742972,0.7480809490579204,0.50817717109455
covtype_binary_20000,19,70,layer_0::c3: Aspect IS LOW,0.7480809490579204,17.06911113166491,0.43741789364243355,1403,0.572735607624054,254055.42726291675,0.1272261768909375,0.7480809490579204,0.50817717109455
covtype_binary_20000,19,71,layer_0::c9: Horizontal_Distance_To_Fire_Points IS LOW,0.5858191174660335,14.865245037658172,0.3918334626161905,1239,0.5711356401443481,95172.15504452641,0.13272969525762437,0.7480809490579204,0.50817717109455
covtype_binary_20000,19,72,layer_0::c11: Elevation IS MEDIUM,0.7480809490579204,17.069239104941026,0.4372914630224184,1403,0.570402979850769,115700.61043262256,0.26407864671181824,0.7480809490579204,0.50817717109455
covtype_binary_20000,19,73,layer_0::c0: Soil_Type_29 IS absent,0.428606113171706,12.75208776871042,0.3257971768298381,1038,0.5533614754676819,647.4928405577484,0.15306038399924546,0.7480809490579204,0.50817717109455
covtype_binary_20000,19,74,layer_0::c2: Horizontal_Distance_To_Hydrology IS LOW,0.08975519837548185,16.855271948267877,0.5386496170539943,1530,0.5524654388427734,168305.72087777004,0.17987216892228056,0.7480809490579204,0.50817717109455
covtype_binary_20000,19,75,layer_0::c9: Hillshade_Noon IS LOW,0.7480809490579204,17.05752769174726,0.437190144049917,1403,0.548535943031311,329335.7219235465,0.12765588681577333,0.7480809490579204,0.50817717109455
covtype_binary_20000,19,76,layer_0::c10: Soil_Type_4 IS absent,0.7372701382471096,15.769023548907215,0.4309122822085599,1386,0.5482884645462036,411.47625952765884,0.08123995625285442,0.7480809490579204,0.50817717109455
covtype_binary_20000,19,77,layer_0::c1: Soil_Type_39 IS absent,0.7480809490579204,17.037064026457593,0.436066922100008,1403,0.5468018651008606,453.70331952119886,0.08440072281009633,0.7480809490579204,0.50817717109455
covtype_binary_20000,19,78,layer_0::c1: Wilderness_Area_4 IS absent,0.7467148288393413,16.74757631606778,0.4331047846297104,1402,0.5342311263084412,422.4645218316655,0.08215598965215577,0.7480809490579204,0.50817717109455
covtype_binary_20000,19,79,layer_0::c9: Wilderness_Area_3 IS absent,0.3197845101743786,9.676045758074258,0.25106524649844797,788,0.5340166687965393,614.8854222105001,0.12385860452645284,0.7480809490579204,0.50817717109455
covtype_binary_20000,19,80,layer_0::c0: Horizontal_Distance_To_Fire_Points IS MEDIUM,0.622057004508456,15.367060081612994,0.402577453777992,1279,0.5206342935562134,25309.246322377076,0.14120075983471292,0.7480809490579204,0.50817717109455
covtype_binary_20000,19,81,layer_0::c9: Hillshade_Noon IS HIGH,0.08879491200414724,17.264426793778462,0.5492180425946142,1560,0.5188060998916626,718541.6131410865,0.1212217504574067,0.7480809490579204,0.50817717109455
covtype_binary_20000,19,82,layer_0::c0: Slope IS LOW,0.7345308135565655,16.70297277468667,0.4328748924991696,1390,0.513063907623291,3653169.688973717,0.14095681383696898,0.7480809490579204,0.50817717109455
covtype_binary_20000,19,83,layer_0::c10: Wilderness_Area_3 IS absent,0.31902852000549137,9.675842205303613,0.2504251708407613,787,0.5130151510238647,367.6529094715952,0.07594109223539272,0.7480809490579204,0.50817717109455
covtype_binary_20000,19,84,layer_0::c10: Wilderness_Area_4 IS absent,0.7467148288393413,14.634870469492753,0.4331029387929481,1402,0.5099780559539795,395.1334229480344,0.07557420164209665,0.7480809490579204,0.50817717109455
covtype_binary_20000,19,85,layer_0::c2: Elevation IS HIGH,0.7480809490579204,17.03860283212584,0.4367106009159073,1403,0.5082031488418579,205594.177158504,0.160879023591396,0.7480809490579204,0.50817717109455
covtype_binary_20000,19,86,layer_0::c1: Soil_Type_29 IS present,0.12700291205067993,4.318342716343267,0.11571078405302122,380,0.5015499591827393,782.261894837633,0.07530386990867555,0.7480809490579204,0.50817717109455
covtype_binary_20000,19,87,layer_0::c10: Horizontal_Distance_To_Hydrology IS MEDIUM,0.7198551426063076,16.40352333157685,0.4289781523617609,1378,0.49989184737205505,156161.9018525688,0.07508745621259277,0.7480809490579204,0.50817717109455
covtype_binary_20000,19,88,layer_0::c0: Soil_Type_22 IS absent,0.7453635577535727,16.699570387630814,0.4263421906545788,1394,0.4906933605670929,673.5674210038997,0.13434038081275504,0.7480809490579204,0.50817717109455
covtype_binary_20000,19,89,layer_0::c9: Wilderness_Area_2 IS absent,0.74399375559743,16.385037299982834,0.42475309346354745,1398,0.48575854301452637,562.2835269331626,0.11281369650241686,0.7480809490579204,0.50817717109455
covtype_binary_20000,19,90,layer_0::c10: Soil_Type_26 IS absent,0.733155575923592,12.12346180951785,0.43442723799892763,1392,0.48434266448020935,367.54415971823255,0.07196147991879874,0.7480809490579204,0.50817717109455
covtype_binary_20000,19,91,layer_0::c3: Wilderness_Area_4 IS absent,0.7467148288393413,16.791923699122123,0.43311394845821816,1402,0.48129168152809143,553.0306283062455,0.10631246270783959,0.7480809490579204,0.50817717109455
covtype_binary_20000,19,92,layer_0::c0: Horizontal_Distance_To_Fire_Points IS LOW,0.5815163440364874,14.712016826949078,0.38895361825883695,1233,0.48093241453170776,45794.92655202765,0.13193291753614095,0.7480809490579204,0.50817717109455
covtype_binary_20000,19,93,layer_0::c10: Soil_Type_18 IS absent,0.7304657729061589,11.432550166126433,0.43435261568251576,1390,0.4800667464733124,351.8405294518452,0.07123080725651046,0.7480809490579204,0.50817717109455
covtype_binary_20000,19,94,"projection_layer::pursuit_3(Slope, Soil_Type_12, Soil_Type_13, Soil_Type_1) IS LOW",0.092468132566771,17.68718600228857,0.557721292779784,1597,0.4794497787952423,359.58609044144396,0.3775657001925865,0.7480809490579204,0.50817717109455
covtype_binary_20000,19,95,layer_0::c1: Soil_Type_29 IS absent,0.4262042442024922,9.717433282065805,0.32545706516013523,1033,0.4767531454563141,305.83429846709805,0.0739895303014464,0.7480809490579204,0.50817717109455
covtype_binary_20000,19,96,layer_0::c2: Vertical_Distance_To_Hydrology IS LOW,0.7467148288393413,17.0464535028445,0.4371795576652612,1402,0.46874096989631653,120317.10149031128,0.15034798136570135,0.7480809490579204,0.50817717109455
covtype_binary_20000,19,97,layer_0::c11: Hillshade_Noon IS HIGH,0.7159953875605942,16.293858567723724,0.42659090834324626,1370,0.46175163984298706,25931.140150751424,0.21530970673919445,0.7480809490579204,0.50817717109455
covtype_binary_20000,19,98,layer_0::c8: Wilderness_Area_2 IS absent,0.74399375559743,16.38508470858708,0.4248103003392136,1398,0.4602314829826355,746.4715213281888,0.17071780954206284,0.7480809490579204,0.50817717109455
covtype_binary_20000,19,99,layer_0::c9: Wilderness_Area_2 IS absent,0.74399375559743,16.385027732515965,0.4247414743100735,1398,0.4561736583709717,476.25980092966347,0.10594283246338213,0.7480809490579204,0.50817717109455
covtype_binary_20000,19,100,layer_0::c6: Aspect IS MEDIUM,0.092468132566771,17.95818791526314,0.5625821063575664,1597,0.45581358671188354,48660.46865231771,0.15554994025531535,0.7480809490579204,0.50817717109455
covtype_binary_20000,19,101,layer_0::c9: Soil_Type_18 IS absent,0.7304657729061589,16.914453132895247,0.434355253181971,1390,0.45554012060165405,535.0299403698009,0.1059053036621996,0.7480809490579204,0.50817717109455
covtype_binary_20000,19,102,layer_0::c2: Soil_Type_2 IS absent,0.7480809490579204,17.014327162604317,0.43586444099721294,1403,0.4490987956523895,682.3531072968472,0.1425890117000769,0.7480809490579204,0.50817717109455
covtype_binary_20000,19,103,layer_0::c10: Hillshade_Noon IS MEDIUM,0.08907711764029591,17.55868151476352,0.5543846103425718,1571,0.44337162375450134,418417.53859215276,0.06639506766738847,0.7480809490579204,0.50817717109455
covtype_binary_20000,19,104,layer_0::c3: Horizontal_Distance_To_Roadways IS HIGH,0.092468132566771,16.661345390569444,0.5623485317846257,1597,0.4374356269836426,9534.47596872419,0.09411969825120953,0.7480809490579204,0.50817717109455
covtype_binary_20000,19,105,layer_1::c3: ka_concept_1.c1 IS LOW,0.092468132566771,17.943527220873257,0.562582106357439,1597,0.4371846616268158,68886.73032444826,0.5195824367439782,0.7480809490579204,0.50817717109455
covtype_binary_20000,19,106,"projection_layer::pursuit_4(Horizontal_Distance_To_Hydrology, Soil_Type_22, Soil_Type_30, Soil_Type_35) IS MEDIUM",0.17416790557965955,0.23720693659408354,0.14350307648695707,566,0.43558862805366516,8.728670134034473,0.1182367883102464,0.7480809490579204,0.50817717109455
covtype_binary_20000,19,107,layer_0::c6: Hillshade_Noon IS HIGH,0.08775055756663286,17.07859427904905,0.5466221323204156,1553,0.4321264624595642,195618.15888526963,0.14988193700092203,0.7480809490579204,0.50817717109455
covtype_binary_20000,19,108,layer_0::c6: Soil_Type_2 IS absent,0.7480809490579204,17.01432728986118,0.4358658760382605,1403,0.4287503957748413,735.620124696783,0.14797529106979224,0.7480809490579204,0.50817717109455
covtype_binary_20000,19,109,layer_0::c2: Soil_Type_29 IS absent,0.42694495779631475,12.75207112000719,0.32574033803703134,1035,0.4265693426132202,632.4710293883109,0.13649782121425233,0.7480809490579204,0.50817717109455
covtype_binary_20000,19,110,layer_0::c0: Hillshade_9am IS MEDIUM,0.08628268342578904,16.590004715110318,0.5345330707997935,1516,0.42297855019569397,22891.652499351963,0.11736869878969299,0.7480809490579204,0.50817717109455
covtype_binary_20000,19,111,layer_0::c9: Hillshade_Noon IS MEDIUM,0.08907711764029591,17.551231660463777,0.5542442461453362,1571,0.4216318726539612,247028.47812025403,0.09892957350231697,0.7480809490579204,0.50817717109455
covtype_binary_20000,19,112,layer_0::c9: Wilderness_Area_3 IS present,0.19306981320045946,7.393653013917311,0.18823833061902473,621,0.4192032814025879,475.5349552259868,0.09805659115756134,0.7480809490579204,0.50817717109455
covtype_binary_20000,19,113,layer_0::c3: Wilderness_Area_3 IS absent,0.31902852000549137,9.675909586659573,0.2506388857351688,787,0.41824600100517273,477.06110858064494,0.09228520941351599,0.7480809490579204,0.50817717109455
covtype_binary_20000,19,114,layer_0::c1: Wilderness_Area_2 IS absent,0.74399375559743,8.784967064136394,0.4247135011348945,1398,0.4166410267353058,300.3386926142921,0.06408650188900841,0.7480809490579204,0.50817717109455
covtype_binary_20000,19,115,layer_0::c10: Wilderness_Area_1 IS present,0.31567442940307866,7.966825000492616,0.23330110236956209,780,0.41599035263061523,246.05522431636928,0.060876562413212015,0.7480809490579204,0.50817717109455
covtype_binary_20000,19,116,layer_0::c0: Horizontal_Distance_To_Hydrology IS MEDIUM,0.7278243656683189,16.547545728522167,0.4304393457661932,1385,0.4157814681529999,304595.2743242947,0.11551052882436161,0.7480809490579204,0.50817717109455
covtype_binary_20000,19,117,layer_0::c8: Hillshade_Noon IS HIGH,0.08760529786879245,17.00837523755603,0.545371830048599,1549,0.4140646457672119,122919.47923700971,0.1545271177861193,0.7480809490579204,0.50817717109455
covtype_binary_20000,19,118,"projection_layer::pursuit_5(Hillshade_9am, Wilderness_Area_1, Soil_Type_10, Soil_Type_32) IS HIGH",-0.0073370075984262595,-0.00506381706612502,0.0193717760321474,41,0.41302430629730225,0.745792309535318,0.15678776648771175,0.7480809490579204,0.50817717109455
covtype_binary_20000,19,119,layer_1::c3: ka_concept_1.c10 IS LOW,0.09232120006643685,17.888008510339205,0.5624069709775219,1596,0.40911048650741577,29815.958734273736,0.481839588844911,0.7480809490579204,0.50817717109455
covtype_binary_20000,19,120,layer_0::c8: Wilderness_Area_1 IS absent,0.19790173758838636,8.35507957801056,0.20612838379662146,634,0.40804973244667053,893.0150603089714,0.15357879297639374,0.7480809490579204,0.50817717109455
covtype_binary_20000,19,121,layer_0::c11: Slope IS MEDIUM,0.09173281087936502,17.74919510974167,0.5608447772647525,1592,0.40788817405700684,4763471.3739692485,0.18635497067714413,0.7480809490579204,0.50817717109455
covtype_binary_20000,19,122,layer_0::c3: Vertical_Distance_To_Hydrology IS LOW,0.7467148288393413,17.04754938467228,0.43723297163239466,1402,0.4068414568901062,313524.58829054266,0.09090679740811508,0.7480809490579204,0.50817717109455
covtype_binary_20000,19,123,layer_0::c0: Elevation IS HIGH,0.07942970106158431,16.05730874071508,0.5311755710689566,1501,0.40395602583885193,186540.1200373291,0.11053860086186523,0.7480809490579204,0.50817717109455
covtype_binary_20000,19,124,layer_0::c10: Wilderness_Area_1 IS absent,0.19411127912036463,8.354770632655386,0.2046798795295574,624,0.4018828272819519,355.4212303159293,0.06044100606502616,0.7480809490579204,0.50817717109455
covtype_binary_20000,19,125,layer_1::c4: ka_concept_1.c1 IS LOW,0.7480809490579204,17.0037190374483,0.43715959552617967,1403,0.4013163149356842,409.2587308834918,0.8233878128534028,0.7480809490579204,0.50817717109455
covtype_binary_20000,19,126,layer_0::c5: Horizontal_Distance_To_Fire_Points IS LOW,0.09255047501728841,16.9890029676963,0.5405371188335095,1564,0.4010887145996094,26929.565709337166,0.3004932690416773,0.7480809490579204,0.50817717109455
covtype_binary_20000,19,127,layer_0::c8: Hillshade_Noon IS MEDIUM,0.738570079492703,16.660881653382972,0.4329338989278352,1394,0.3996792137622833,10974.618369965145,0.14978398484294597,0.7480809490579204,0.50817717109455
covtype_binary_20000,19,128,layer_1::c3: ka_concept_1.c9 IS HIGH,0.7480809490579204,17.069111139762718,0.4374178855446554,1403,0.3973640203475952,43494.88846322693,0.4687240415261088,0.7480809490579204,0.50817717109455
covtype_binary_20000,19,129,layer_0::c0: Wilderness_Area_2 IS absent,0.74399375559743,16.385030423495778,0.42474474490131614,1398,0.39641353487968445,497.890800670888,0.10867512205125725,0.7480809490579204,0.50817717109455
covtype_binary_20000,19,130,layer_0::c1: Horizontal_Distance_To_Hydrology IS MEDIUM,0.09149250140449083,17.48300811302242,0.551309776458201,1566,0.3952346742153168,625994.5056511445,0.06160760595712317,0.7480809490579204,0.50817717109455
covtype_binary_20000,19,131,layer_0::c6: Horizontal_Distance_To_Fire_Points IS MEDIUM,0.6445003863980738,15.732387975608559,0.40993427342665384,1302,0.39456701278686523,210859.68079955492,0.13456984996418123,0.7480809490579204,0.50817717109455
covtype_binary_20000,19,132,"projection_layer::pursuit_0(Horizontal_Distance_To_Fire_Points, Hillshade_3pm, Soil_Type_29, Soil_Type_4) IS HIGH",0.2678146628001934,0.39378583620981167,0.19417245853767015,763,0.38858887553215027,7.990823325990277,0.19266546370487192,0.7480809490579204,0.50817717109455
covtype_binary_20000,19,133,layer_1::c2: ka_concept_1.c1 IS LOW,0.7480809490579204,17.06911117342529,0.43741785188327137,1403,0.37910687923431396,12478.828164084618,0.6845846251439167,0.7480809490579204,0.50817717109455
covtype_binary_20000,19,134,layer_0::c6: Horizontal_Distance_To_Fire_Points IS LOW,0.09255047501728841,17.03501582365412,0.5413136609442122,1564,0.37877345085144043,79117.12926132938,0.13066862683481464,0.7480809490579204,0.50817717109455
covtype_binary_20000,19,135,layer_0::c1: Slope IS HIGH,0.09217420169185897,17.930042322459023,0.561961528858727,1595,0.37779703736305237,1196222.1004648348,0.05756459638272157,0.7480809490579204,0.50817717109455
covtype_binary_20000,19,136,layer_0::c6: Horizontal_Distance_To_Hydrology IS MEDIUM,0.09135104842558084,17.376804634853677,0.5495494918969798,1562,0.37593793869018555,103930.1610371205,0.13133948805549697,0.7480809490579204,0.50817717109455
covtype_binary_20000,19,137,layer_1::c5: ka_concept_1.c1 IS LOW,0.7480809490579204,17.069111132717055,0.4374178925902899,1403,0.3749138116836548,15786.35357123027,0.8538423036415868,0.7480809490579204,0.50817717109455
covtype_binary_20000,19,138,layer_0::c8: Horizontal_Distance_To_Fire_Points IS LOW,0.08650687498384635,12.941077049655844,0.49841976293067364,1454,0.37471622228622437,295.9641858299419,0.13908888919043433,0.7480809490579204,0.50817717109455
covtype_binary_20000,19,139,layer_0::c2: Wilderness_Area_1 IS absent,0.196850524001992,8.35493421161225,0.20546304726822015,631,0.37383735179901123,698.7040147230728,0.12029906406165174,0.7480809490579204,0.50817717109455
covtype_binary_20000,19,140,layer_0::c1: Aspect IS HIGH,0.7480809490579204,13.263137670411579,0.43391935308056295,1403,0.3719758689403534,7257.236859566299,0.057265751959445575,0.7480809490579204,0.50817717109455
covtype_binary_20000,19,141,layer_0::c11: Horizontal_Distance_To_Roadways IS MEDIUM,0.0927694295599375,17.722800920556146,0.5619840561619462,1596,0.37088465690612793,82936.36313895235,0.1732403838254307,0.7480809490579204,0.50817717109455
covtype_binary_20000,19,142,layer_0::c3: Wilderness_Area_1 IS absent,0.19540237762934898,8.354804520029381,0.20484537561884247,626,0.36963707208633423,418.89615785711794,0.0828631692043,0.7480809490579204,0.50817717109455
covtype_binary_20000,19,143,layer_0::c1: Slope IS LOW,0.7331858915088345,16.695226579301064,0.4327339567739973,1389,0.36084455251693726,8323771.838944575,0.05562341174081744,0.7480809490579204,0.50817717109455
covtype_binary_20000,19,144,layer_0::c8: Horizontal_Distance_To_Hydrology IS HIGH,0.7399121267298061,16.890163392155337,0.43555030031073133,1397,0.36030086874961853,78228.04431908106,0.1309517425770138,0.7480809490579204,0.50817717109455
covtype_binary_20000,19,145,layer_0::c0: Hillshade_9am IS HIGH,0.0846260282045137,16.35036139841276,0.5263018078226491,1493,0.35835254192352295,276890.01847968344,0.09724629486054293,0.7480809490579204,0.50817717109455
covtype_binary_20000,19,146,layer_0::c3: Elevation IS HIGH,0.0795840375960124,16.14647358386769,0.5330747165558949,1505,0.35667654871940613,324304.3205795021,0.07865802859770835,0.7480809490579204,0.50817717109455
covtype_binary_20000,19,147,layer_0::c1: Wilderness_Area_1 IS absent,0.19411127912036463,8.35225193236884,0.2046723084423827,624,0.3566126823425293,375.09863731767473,0.05565664339596515,0.7480809490579204,0.50817717109455
covtype_binary_20000,19,148,layer_0::c0: Wilderness_Area_2 IS absent,0.74399375559743,16.38502380314928,0.4247366950063912,1398,0.3546220660209656,464.11793229015893,0.09721816869248869,0.7480809490579204,0.50817717109455
covtype_binary_20000,19,149,layer_0::c2: Wilderness_Area_1 IS present,0.3171788377335442,8.714780548540794,0.23398220913744042,782,0.3479183316230774,455.70475859419093,0.10894101450405287,0.7480809490579204,0.50817717109455
covtype_binary_20000,19,150,layer_0::c5: Vertical_Distance_To_Hydrology IS LOW,0.092468132566771,17.95822118399412,0.5625501303584897,1597,0.34694719314575195,36531.48136678358,0.262706656793709,0.7480809490579204,0.50817717109455
covtype_binary_20000,19,151,layer_0::c10: Hillshade_Noon IS LOW,0.09114336486393748,17.816508892449114,0.5597762004072537,1588,0.34613037109375,809655.9844008485,0.051410360592882405,0.7480809490579204,0.50817717109455
covtype_binary_20000,19,152,layer_0::c11: Horizontal_Distance_To_Roadways IS LOW,0.6297675444009034,14.874802914569955,0.3994321460898324,1277,0.3450196385383606,14960.447743148718,0.16515071176989468,0.7480809490579204,0.50817717109455
covtype_binary_20000,19,153,layer_0::c10: Soil_Type_21 IS absent,0.7480809490579204,6.345157810746218,0.4371398941231002,1403,0.34339964389801025,284.1332664768224,0.051020797877072255,0.7480809490579204,0.50817717109455
covtype_binary_20000,19,154,layer_0::c7: Horizontal_Distance_To_Fire_Points IS LOW,0.09254293868120034,17.1209871981926,0.5428732913303537,1567,0.3431456387042999,66949.27429242639,0.267861428515245,0.7480809490579204,0.50817717109455
covtype_binary_20000,19,155,layer_0::c9: Slope IS MEDIUM,0.7480809490579204,16.9499240655444,0.4365232024481964,1401,0.34222379326820374,1955606.7816080065,0.07834842883333598,0.7480809490579204,0.50817717109455
covtype_binary_20000,19,156,layer_0::c8: Hillshade_9am IS HIGH,0.7018458103525044,16.104816852903824,0.42140109722272157,1352,0.33978357911109924,303618.996432272,0.1247630018619902,0.7480809490579204,0.50817717109455
covtype_binary_20000,19,157,layer_0::c10: Soil_Type_34 IS absent,0.7399121267298061,5.6356146446279665,0.4356974978709493,1397,0.3392198383808136,260.04379729006905,0.05037028965645307,0.7480809490579204,0.50817717109455
covtype_binary_20000,19,158,layer_0::c2: Soil_Type_22 IS absent,0.7453635577535727,16.69957063986206,0.42631959250148427,1394,0.3377917408943176,578.660553773967,0.10698616728700533,0.7480809490579204,0.50817717109455
covtype_binary_20000,19,159,layer_0::c6: Hillshade_Noon IS LOW,0.7480809490579204,17.05087866125333,0.43717424891316403,1403,0.3322421908378601,283682.6877156328,0.11477663675739219,0.7480809490579204,0.50817717109455
covtype_binary_20000,19,160,layer_0::c1: Wilderness_Area_3 IS absent,0.3182732567502281,6.285319663435652,0.25023716089532144,786,0.33058199286460876,270.8020370244776,0.05078245213383343,0.7480809490579204,0.50817717109455
covtype_binary_20000,19,161,layer_0::c7: Hillshade_3pm IS LOW,0.09173281087936502,17.473587178591153,0.560471943303464,1592,0.3275180160999298,17113.19171818532,0.2534762565845861,0.7480809490579204,0.50817717109455
covtype_binary_20000,19,162,layer_0::c2: Soil_Type_13 IS absent,0.6827214719337374,16.43473996970038,0.4202640768226576,1336,0.3273809552192688,507.68055929134425,0.10464700829432846,0.7480809490579204,0.50817717109455
covtype_binary_20000,19,163,layer_0::c10: Horizontal_Distance_To_Roadways IS LOW,0.09185933234584054,16.505879930045495,0.5378628088757205,1538,0.3223996162414551,140910.99752216088,0.049354486910352345,0.7480809490579204,0.50817717109455
covtype_binary_20000,19,164,layer_0::c11: Soil_Type_4 IS absent,0.7372701382471096,16.85251181402395,0.4309406253165618,1386,0.32209551334381104,746.26173017974,0.14922780694330806,0.7480809490579204,0.50817717109455
covtype_binary_20000,19,165,layer_0::c2: Horizontal_Distance_To_Roadways IS HIGH,0.092468132566771,17.95818791526314,0.5625821063575664,1597,0.32112976908683777,82069.8524917573,0.0991837584276606,0.7480809490579204,0.50817717109455
covtype_binary_20000,19,166,layer_0::c11: Elevation IS HIGH,0.0689938507812553,15.3651186624446,0.5088887828690914,1428,0.32023778557777405,15850.44404761713,0.14814667134338996,0.7480809490579204,0.50817717109455
covtype_binary_20000,19,167,layer_0::c2: Slope IS HIGH,0.7480809490579204,17.06915373000514,0.4373771694531312,1403,0.31897276639938354,638762.2606722923,0.10020974389352762,0.7480809490579204,0.50817717109455
covtype_binary_20000,19,168,layer_0::c6: Soil_Type_35 IS absent,0.7480809490579204,17.06929778014348,0.4372390449861154,1403,0.3182380795478821,565.0048679746151,0.11009285126308138,0.7480809490579204,0.50817717109455
covtype_binary_20000,19,169,layer_0::c6: Wilderness_Area_2 IS absent,0.74399375559743,16.38502927246153,0.42474334618954696,1398,0.3180370628833771,479.2489316715437,0.10964329403373994,0.7480809490579204,0.50817717109455
covtype_binary_20000,19,170,layer_0::c11: Aspect IS MEDIUM,0.092468132566771,17.95818791526314,0.5625821063575664,1597,0.3159610331058502,91695.04713606718,0.14495489089222005,0.7480809490579204,0.50817717109455
covtype_binary_20000,19,171,layer_0::c5: Soil_Type_29 IS absent,0.43102115750553427,12.752284445938855,0.32644849645865437,1043,0.3108309805393219,1044.7868075696824,0.23480283258646523,0.7480809490579204,0.50817717109455
covtype_binary_20000,19,172,layer_0::c0: Wilderness_Area_3 IS absent,0.31902852000549137,9.67589256528475,0.2505850732226281,787,0.30958834290504456,471.5640652930597,0.08476104050508729,0.7480809490579204,0.50817717109455
covtype_binary_20000,19,173,layer_0::c3: Hillshade_9am IS LOW,0.087746258872484,16.0941263039229,0.5474790513214057,1556,0.30945077538490295,14439.486299303127,0.06937304958444926,0.7480809490579204,0.50817717109455
covtype_binary_20000,19,174,layer_0::c3: Soil_Type_35 IS absent,0.7480809490579204,10.873266817043064,0.43723844155159736,1403,0.3019788861274719,354.8282815922794,0.06694983671310668,0.7480809490579204,0.50817717109455
covtype_binary_20000,19,175,layer_0::c11: Wilderness_Area_4 IS absent,0.7467148288393413,16.79194185189919,0.43313063311489336,1402,0.3003585636615753,738.3720096370089,0.13917675708532018,0.7480809490579204,0.50817717109455
covtype_binary_20000,19,176,layer_0::c1: Wilderness_Area_3 IS absent,0.3182732567502281,4.987797770814449,0.25020196993456995,786,0.29988744854927063,240.95963046862744,0.046067305444157686,0.7480809490579204,0.50817717109455
covtype_binary_20000,19,177,layer_0::c1: Hillshade_9am IS LOW,0.7426350675058442,16.94401864885117,0.4355836138084901,1397,0.2986260950565338,445144.1504807308,0.04660807599002622,0.7480809490579204,0.50817717109455
covtype_binary_20000,19,178,layer_0::c10: Hillshade_9am IS LOW,0.7412828525249496,16.836585423098356,0.4349276581945829,1395,0.2976864278316498,213616.0523877667,0.044771798664396616,0.7480809490579204,0.50817717109455
covtype_binary_20000,19,179,layer_0::c1: Soil_Type_22 IS present,-0.0003423165342308909,0.3684400766975512,0.011676168394130935,12,0.29734334349632263,44.7694933539824,0.04861509901843965,0.7480809490579204,0.50817717109455
covtype_binary_20000,19,180,layer_0::c1: Wilderness_Area_3 IS present,0.1920311269938635,4.651370981363861,0.1875544442201042,618,0.2929924428462982,224.48720224418503,0.045391204319006645,0.7480809490579204,0.50817717109455
covtype_binary_20000,19,181,layer_0::c2: Wilderness_Area_2 IS absent,0.74399375559743,16.385020112613127,0.4247322023064947,1398,0.291208416223526,434.25385980377905,0.09235657221298121,0.7480809490579204,0.50817717109455
covtype_binary_20000,19,182,layer_0::c0: Soil_Type_12 IS present,0.06629656244082005,1.7131208770807955,0.04837296370154278,176,0.28999096155166626,192.3549700799049,0.07773661569441902,0.7480809490579204,0.50817717109455
covtype_binary_20000,19,183,layer_0::c3: Hillshade_9am IS MEDIUM,0.7121766937387715,16.258043398922844,0.4249317569778384,1362,0.2895754277706146,35518.51206650008,0.06475663475079724,0.7480809490579204,0.50817717109455
covtype_binary_20000,19,184,layer_0::c5: Soil_Type_13 IS absent,0.6827214719337374,16.43475609460635,0.4203448703176144,1336,0.2856604754924774,1111.5930142699217,0.21555916815672874,0.7480809490579204,0.50817717109455
covtype_binary_20000,19,185,layer_0::c8: Horizontal_Distance_To_Fire_Points IS MEDIUM,0.09193664240628574,17.06864073645049,0.5440694720037784,1569,0.2851462960243225,5174.384584881031,0.1046388187900592,0.7480809490579204,0.50817717109455
covtype_binary_20000,19,186,layer_0::c11: Horizontal_Distance_To_Hydrology IS LOW,0.08915563029653606,16.808898349746237,0.537765079321657,1526,0.28387609124183655,184619.0397548022,0.13506567208106418,0.7480809490579204,0.50817717109455
covtype_binary_20000,19,187,layer_0::c6: Wilderness_Area_1 IS absent,0.19515553592705848,8.354868920597472,0.20515510928033684,627,0.28320518136024475,600.2125830229197,0.09906522389609382,0.7480809490579204,0.50817717109455
covtype_binary_20000,19,188,layer_0::c6: Horizontal_Distance_To_Roadways IS LOW,0.6976830710738355,15.634431399799064,0.42255071345466605,1358,0.2824862599372864,332198.5357109547,0.10058128178536009,0.7480809490579204,0.50817717109455
covtype_binary_20000,19,189,layer_0::c0: Slope IS HIGH,0.7480809490579204,17.069148778969378,0.43738166575931464,1403,0.28104260563850403,2491183.358626049,0.07632138501288048,0.7480809490579204,0.50817717109455
covtype_binary_20000,19,190,layer_0::c0: Hillshade_Noon IS HIGH,0.7318317953680085,16.64459481966565,0.4314938671173847,1389,0.2747035622596741,615099.5616811507,0.07576698497530689,0.7480809490579204,0.50817717109455
covtype_binary_20000,19,191,layer_0::c3: Vertical_Distance_To_Hydrology IS MEDIUM,0.092468132566771,17.95818791526314,0.5625821063575664,1597,0.2745828330516815,606054.73360472,0.059305596720737715,0.7480809490579204,0.50817717109455
covtype_binary_20000,19,192,layer_0::c6: Wilderness_Area_3 IS present,0.19306981320045946,7.393666711567214,0.1882821900779678,621,0.2714102864265442,519.5817314783199,0.09424133278284717,0.7480809490579204,0.50817717109455
covtype_binary_20000,19,193,layer_0::c2: Slope IS LOW,0.08818476309538381,17.41300807214475,0.551218881196721,1565,0.27110186219215393,7639062.56296465,0.08616468103977362,0.7480809490579204,0.50817717109455
covtype_binary_20000,19,194,layer_0::c2: Wilderness_Area_4 IS absent,0.7467148288393413,16.791915715123984,0.4331065700300613,1402,0.2704382836818695,459.438490018576,0.08575068795248504,0.7480809490579204,0.50817717109455
covtype_binary_20000,19,195,layer_0::c0: Horizontal_Distance_To_Roadways IS HIGH,0.7480809490579204,17.06911113166491,0.43741789364243355,1403,0.26816725730895996,286430.8441199742,0.07159513113183978,0.7480809490579204,0.50817717109455
covtype_binary_20000,19,196,layer_0::c3: Soil_Type_13 IS absent,0.6827214719337374,7.835728167867609,0.4202488038636214,1336,0.26540663838386536,300.4688048281241,0.05910056406832519,0.7480809490579204,0.50817717109455
covtype_binary_20000,19,197,layer_0::c3: Wilderness_Area_1 IS present,0.31642627279892765,8.129381806115223,0.23330692425885982,781,0.263774037361145,265.48176780225185,0.057537703786743805,0.7480809490579204,0.50817717109455
covtype_binary_20000,19,198,layer_0::c3: Slope IS HIGH,0.09217420169185897,17.93421658123362,0.5619695438052128,1595,0.26174432039260864,4211221.88573203,0.05728487953002617,0.7480809490579204,0.50817717109455
covtype_binary_20000,19,199,layer_1::c2: ka_concept_1.c8 IS LOW,0.7480809490579204,17.06911113166491,0.43741789364243355,1403,0.2603055536746979,5084.043352855138,0.46882255443992715,0.7480809490579204,0.50817717109455
covtype_binary_20000,19,200,layer_0::c6: Wilderness_Area_1 IS absent,0.19540237762934898,8.354823658531796,0.20493806520199936,626,0.25677603483200073,468.9218593864207,0.08982029484424857,0.7480809490579204,0.50817717109455
covtype_binary_20000,19,201,layer_0::c5: Horizontal_Distance_To_Roadways IS MEDIUM,0.7480809490579204,16.666455775809368,0.4367091686860176,1403,0.2566637396812439,58490.532500993446,0.1936691946125335,0.7480809490579204,0.50817717109455
covtype_binary_20000,19,202,layer_0::c3: Hillshade_9am IS HIGH,0.6981138221677167,15.96010283826835,0.4197257719237665,1345,0.25458258390426636,380727.21605990565,0.05567752345574491,0.7480809490579204,0.50817717109455
covtype_binary_20000,19,203,layer_0::c9: Soil_Type_30 IS absent,0.6409380919150633,8.28912971368225,0.4075374700107956,1298,0.2538491189479828,314.7573135452549,0.05928114743562522,0.7480809490579204,0.50817717109455
covtype_binary_20000,19,204,layer_0::c6: Wilderness_Area_3 IS absent,0.31902852000549137,9.675893414407184,0.25058776047314685,787,0.2532239854335785,460.7789824224019,0.08718448494523545,0.7480809490579204,0.50817717109455
covtype_binary_20000,19,205,layer_0::c0: Hillshade_Noon IS LOW,0.09114336486393748,17.81640917531093,0.5597726438071962,1588,0.2530653178691864,595228.443946927,0.06951981615442385,0.7480809490579204,0.50817717109455
covtype_binary_20000,19,206,layer_0::c9: Wilderness_Area_1 IS absent,0.19411127912036463,8.354771565791374,0.2046844606443708,624,0.25291624665260315,366.59206962037933,0.05959828671089417,0.7480809490579204,0.50817717109455
covtype_binary_20000,19,207,layer_0::c1: Hillshade_9am IS MEDIUM,0.08882001049523625,17.0094204928453,0.544241568773053,1545,0.2525840997695923,573194.9784589633,0.039324463989865825,0.7480809490579204,0.50817717109455
covtype_binary_20000,19,208,layer_0::c10: Horizontal_Distance_To_Fire_Points IS HIGH,0.7292257302027015,16.486018368539277,0.430530174969388,1381,0.25181442499160767,268356.17286671605,0.037256618420519944,0.7480809490579204,0.50817717109455
covtype_binary_20000,19,209,layer_0::c2: Vertical_Distance_To_Hydrology IS MEDIUM,0.7480809490579204,17.06911113166491,0.43741789364243355,1403,0.2513470947742462,45327.222470107925,0.07792731348487238,0.7480809490579204,0.50817717109455
covtype_binary_20000,19,210,layer_0::c8: Wilderness_Area_3 IS absent,0.3197845101743786,9.675930127594373,0.25070366985111897,788,0.25107231736183167,525.8340573690657,0.09301035669208796,0.7480809490579204,0.50817717109455
covtype_binary_20000,19,211,layer_0::c2: Aspect IS MEDIUM,0.7480809490579204,17.06911113166491,0.43741789364243355,1403,0.2510000467300415,26788.131275639433,0.07879813283945744,0.7480809490579204,0.50817717109455
covtype_binary_20000,19,212,layer_0::c10: Horizontal_Distance_To_Fire_Points IS LOW,0.09255047501728841,17.052672239251848,0.5416273808683234,1564,0.2507648169994354,308102.2126629635,0.03719380710153125,0.7480809490579204,0.50817717109455
covtype_binary_20000,19,213,layer_1::c3: ka_concept_1.c8 IS LOW,0.7480809490579204,17.06911113166491,0.43741789364243355,1403,0.2491210550069809,28077.54296858083,0.29529732929666835,0.7480809490579204,0.50817717109455
covtype_binary_20000,19,214,layer_1::c1: ka_concept_1.c1 IS LOW,0.7480809490579204,17.06911113172299,0.43741789358435845,1403,0.24646776914596558,20597.276513901103,0.8487323612566494,0.7480809490579204,0.50817717109455
covtype_binary_20000,19,215,layer_0::c5: Wilderness_Area_2 IS absent,0.74399375559743,16.385102879729253,0.4248320667154753,1398,0.24335932731628418,833.3389811608213,0.1822027361067012,0.7480809490579204,0.50817717109455
covtype_binary_20000,19,216,layer_0::c8: Hillshade_3pm IS HIGH,0.739917683751798,16.691084736955254,0.4339611755905921,1396,0.23992179334163666,96988.32628128838,0.09025126735919142,0.7480809490579204,0.50817717109455
covtype_binary_20000,19,217,layer_0::c2: Wilderness_Area_4 IS absent,0.7467148288393413,14.262375665295012,0.4331026630632585,1402,0.23910412192344666,384.33089348100475,0.07581524247649517,0.7480809490579204,0.50817717109455
covtype_binary_20000,19,218,layer_0::c6: Hillshade_3pm IS LOW,0.7480809490579204,16.984657842056656,0.4373549593847436,1403,0.2369421422481537,314168.0323992778,0.08104093183782546,0.7480809490579204,0.50817717109455
covtype_binary_20000,19,219,layer_0::c10: Horizontal_Distance_To_Hydrology IS HIGH,0.7399121267298061,16.890367569300544,0.43555146410627305,1397,0.23672522604465485,299668.5048149228,0.034379900618961054,0.7480809490579204,0.50817717109455
covtype_binary_20000,19,220,layer_0::c6: Wilderness_Area_1 IS present,0.31642627279892765,8.714655279370442,0.2336684421238886,781,0.23618477582931519,418.8590783790278,0.0803908215622614,0.7480809490579204,0.50817717109455
covtype_binary_20000,19,221,layer_0::c2: Hillshade_9am IS MEDIUM,0.08733413667176382,16.761131182060353,0.5381197696832104,1526,0.23606009781360626,75416.88360984818,0.07577723750175384,0.7480809490579204,0.50817717109455
covtype_binary_20000,19,222,layer_0::c9: Wilderness_Area_1 IS present,0.31567442940307866,7.653536750774215,0.2332900594360572,780,0.23395662009716034,268.75227412027016,0.05364471482917361,0.7480809490579204,0.50817717109455
covtype_binary_20000,19,223,layer_0::c6: Hillshade_3pm IS HIGH,0.739917683751798,16.74934271695499,0.43447260782517755,1396,0.23329445719718933,159245.38800236245,0.0815623858256814,0.7480809490579204,0.50817717109455
covtype_binary_20000,19,224,layer_0::c7: Hillshade_Noon IS HIGH,0.7264885064128462,16.565623786765443,0.4303698458296528,1384,0.23031586408615112,141047.08112368276,0.18075993740612448,0.7480809490579204,0.50817717109455
covtype_binary_20000,19,225,layer_0::c11: Wilderness_Area_2 IS absent,0.74399375559743,16.385027742530873,0.4247414864857973,1398,0.22538936138153076,483.14551631215727,0.10446109894056765,0.7480809490579204,0.50817717109455
covtype_binary_20000,19,226,layer_0::c3: Soil_Type_29 IS present,0.12689314809483854,4.317509731968065,0.11319626450378072,374,0.22520218789577484,377.0621524890885,0.048567023476080065,0.7480809490579204,0.50817717109455
covtype_binary_20000,19,227,layer_0::c8: Horizontal_Distance_To_Fire_Points IS HIGH,0.7134373781052222,16.29778931630147,0.4264386355387689,1365,0.22424490749835968,42376.710812867386,0.08302929405385,0.7480809490579204,0.50817717109455
covtype_binary_20000,19,228,layer_1::c3: ka_concept_1.c10 IS MEDIUM,0.092468132566771,17.95818791526314,0.5625821063575664,1597,0.22406335175037384,59577.55872065044,0.26655013841701053,0.7480809490579204,0.50817717109455
covtype_binary_20000,19,229,layer_0::c2: Horizontal_Distance_To_Hydrology IS HIGH,0.738557139534111,16.82202006171368,0.43496009708381106,1396,0.22380924224853516,30104.74396311413,0.06954812601417593,0.7480809490579204,0.50817717109455
covtype_binary_20000,19,230,layer_0::c6: Wilderness_Area_3 IS present,0.1933169241247058,7.3935717243904575,0.18797656448576955,620,0.22332780063152313,421.4599824438046,0.07754573562494625,0.7480809490579204,0.50817717109455
covtype_binary_20000,19,231,layer_1::c3: projection_4 IS MEDIUM,0.092468132566771,17.95818791526314,0.5625821063575664,1597,0.22220478951931,152787.7783942519,0.2659450749779741,0.7480809490579204,0.50817717109455
covtype_binary_20000,19,232,layer_0::c6: Vertical_Distance_To_Hydrology IS LOW,0.092468132566771,17.958206494809225,0.5625640202019564,1597,0.22180838882923126,237140.4242195331,0.07733625886503932,0.7480809490579204,0.50817717109455
covtype_binary_20000,19,233,layer_0::c2: Hillshade_9am IS HIGH,0.08202843869403287,15.960796769982808,0.5203026160962463,1476,0.22155790030956268,111049.55816313144,0.06955559679797373,0.7480809490579204,0.50817717109455
covtype_binary_20000,19,234,layer_0::c10: Soil_Type_4 IS present,0.0038949025462925446,0.21732386166323203,0.008782974831618674,28,0.22111912071704865,103.97401780379005,0.036646233584571745,0.7480809490579204,0.50817717109455
covtype_binary_20000,19,235,layer_0::c3: Hillshade_3pm IS MEDIUM,0.09203428089547938,17.830974086316786,0.5606975617627408,1591,0.2188265174627304,302292.1119293477,0.048799167397472275,0.7480809490579204,0.50817717109455
covtype_binary_20000,19,236,layer_0::c3: Soil_Type_2 IS absent,0.7480809490579204,5.358493640048974,0.4358483262890247,1403,0.21834857761859894,255.89722360934684,0.04829486447954514,0.7480809490579204,0.50817717109455
covtype_binary_20000,19,237,layer_0::c6: Horizontal_Distance_To_Fire_Points IS HIGH,0.092468132566771,17.770473175261465,0.5613483961186783,1597,0.21329709887504578,190189.82384698515,0.07339990940815412,0.7480809490579204,0.50817717109455
covtype_binary_20000,19,238,layer_0::c6: Vertical_Distance_To_Hydrology IS MEDIUM,0.7480809490579204,17.06911113166491,0.43741789364243355,1403,0.21002186834812164,76389.84373659082,0.07078167306709414,0.7480809490579204,0.50817717109455
covtype_binary_20000,19,239,layer_1::c2: ka_concept_1.c10 IS LOW,0.09232120006643685,17.87374961829994,0.5623172697462998,1596,0.20634765923023224,30490.805934982956,0.3692643393667531,0.7480809490579204,0.50817717109455
covtype_binary_20000,19,240,layer_0::c0: Wilderness_Area_4 IS absent,0.7467148288393413,8.309258925482494,0.4330982443892073,1402,0.2033575028181076,315.2510666157432,0.055737488846677785,0.7480809490579204,0.50817717109455
covtype_binary_20000,19,241,layer_0::c10: Soil_Type_30 IS absent,0.6409380919150633,1.6843481573462702,0.39945009399049886,1298,0.203128382563591,161.9874755781202,0.03027518054885301,0.7480809490579204,0.50817717109455
covtype_binary_20000,19,242,layer_1::c3: projection_7 IS MEDIUM,0.7480809490579204,17.06911113166491,0.43741789364243355,1403,0.20296289026737213,60021.90187752244,0.24191855517526467,0.7480809490579204,0.50817717109455
covtype_binary_20000,19,243,layer_0::c3: Slope IS LOW,0.08773767895855278,17.259476959296876,0.5492301564136794,1562,0.20258986949920654,4795213.664334636,0.04485603828747863,0.7480809490579204,0.50817717109455
covtype_binary_20000,19,244,layer_1::c3: ka_concept_1.c9 IS LOW,0.092468132566771,16.196153521314862,0.5585503966076603,1597,0.2014068216085434,6800.43846091046,0.23966128252946753,0.7480809490579204,0.50817717109455
covtype_binary_20000,19,245,layer_0::c7: Aspect IS HIGH,0.092468132566771,17.926906255478947,0.5625821063575662,1597,0.20000919699668884,34512.95789879025,0.1561600401167913,0.7480809490579204,0.50817717109455
covtype_binary_20000,19,246,layer_0::c6: Wilderness_Area_1 IS present,0.31642627279892765,8.714543805192434,0.23338684400236093,781,0.1997053623199463,284.54417436667427,0.0679742405485922,0.7480809490579204,0.50817717109455
covtype_binary_20000,19,247,layer_0::c7: Wilderness_Area_2 IS absent,0.74399375559743,16.385068931839598,0.42479133043906403,1398,0.1996096968650818,681.9717806079861,0.15571337969517723,0.7480809490579204,0.50817717109455
covtype_binary_20000,19,248,layer_0::c7: Horizontal_Distance_To_Hydrology IS LOW,0.6886357707223855,15.912201593696723,0.4213222465979703,1352,0.19928698241710663,246307.9821000141,0.15959460917058194,0.7480809490579204,0.50817717109455
covtype_binary_20000,19,249,layer_0::c0: Soil_Type_39 IS absent,0.7480809490579204,7.271840910844135,0.4360641198410814,1403,0.19843332469463348,295.14722244470613,0.05458935929169365,0.7480809490579204,0.50817717109455
covtype_binary_20000,19,250,layer_0::c10: Wilderness_Area_3 IS present,0.1920311269938635,2.206824714652017,0.18745596453465924,618,0.19832506775856018,174.0692920847141,0.029607719473287945,0.7480809490579204,0.50817717109455
covtype_binary_20000,19,251,layer_0::c3: Aspect IS HIGH,0.092468132566771,17.95818791526314,0.5625821063575664,1597,0.1980605125427246,409170.1910861898,0.04379694852468674,0.7480809490579204,0.50817717109455
covtype_binary_20000,19,252,layer_0::c9: Hillshade_9am IS LOW,0.09114336486393748,17.70628557060897,0.5588964310503036,1588,0.19705279171466827,577080.9801197567,0.046435790640941305,0.7480809490579204,0.50817717109455
covtype_binary_20000,19,253,layer_0::c7: Hillshade_Noon IS MEDIUM,0.08952239049936184,17.601451634919556,0.5553341706791763,1574,0.1970088630914688,373754.2700706467,0.155267788186305,0.7480809490579204,0.50817717109455
covtype_binary_20000,19,254,layer_0::c1: Soil_Type_39 IS present,0.014042027924427769,0.7166476295646176,0.020384065482791185,63,0.19672612845897675,34.782417614536826,0.0288501681190246,0.7480809490579204,0.50817717109455
covtype_binary_20000,19,255,layer_0::c6: Wilderness_Area_3 IS absent,0.31902852000549137,9.675838241554997,0.2504125409494574,787,0.19646087288856506,398.69551891245646,0.06764106524334784,0.7480809490579204,0.50817717109455
covtype_binary_20000,19,256,layer_0::c11: Hillshade_Noon IS MEDIUM,0.08878492017705397,17.395205072559015,0.5517423943023536,1566,0.1961914300918579,54086.62577214968,0.09186551949237046,0.7480809490579204,0.50817717109455
covtype_binary_20000,19,257,layer_1::c2: ka_concept_1.c9 IS HIGH,0.7480809490579204,16.89565123173155,0.4374073592649303,1403,0.1951136440038681,10271.548137976046,0.3496973045211877,0.7480809490579204,0.50817717109455
covtype_binary_20000,19,258,layer_0::c11: Slope IS LOW,0.08760109391984894,17.042632798278518,0.5460620690252345,1552,0.1945638358592987,828296.7840819499,0.0903683159358501,0.7480809490579204,0.50817717109455
covtype_binary_20000,19,259,layer_0::c5: Soil_Type_30 IS absent,0.6409380919150633,16.034943454159126,0.4076052908556545,1298,0.19373993575572968,720.1535583095101,0.14585641543372427,0.7480809490579204,0.50817717109455
covtype_binary_20000,19,260,layer_0::c11: Wilderness_Area_3 IS absent,0.31902852000549137,9.675886887141754,0.2505670958649666,787,0.19180984795093536,434.94981818142696,0.08878141933166261,0.7480809490579204,0.50817717109455
covtype_binary_20000,19,261,layer_0::c7: Wilderness_Area_2 IS absent,0.74399375559743,16.38505985051374,0.42478038065733364,1398,0.18574416637420654,648.3158629934478,0.1448970169836927,0.7480809490579204,0.50817717109455
covtype_binary_20000,19,262,layer_0::c3: Wilderness_Area_3 IS present,0.1920311269938635,4.199205524839794,0.18753696363914932,618,0.185355544090271,224.4617289460366,0.04124645698973109,0.7480809490579204,0.50817717109455
covtype_binary_20000,19,263,layer_0::c11: Soil_Type_26 IS absent,0.733155575923592,16.44026761299692,0.4344279974109529,1392,0.18351487815380096,416.5901123524018,0.08525565566156516,0.7480809490579204,0.50817717109455
covtype_binary_20000,19,264,layer_0::c0: Soil_Type_22 IS present,0.002651975780845861,0.3704390371892812,0.013870935431500234,22,0.18329018354415894,209.83661291308817,0.053410823722059526,0.7480809490579204,0.50817717109455
covtype_binary_20000,19,265,layer_0::c8: Horizontal_Distance_To_Hydrology IS MEDIUM,0.7278106787876502,16.58940711432934,0.4308541108803028,1386,0.1824522763490677,719410.1355636339,0.06858459459150046,0.7480809490579204,0.50817717109455
covtype_binary_20000,19,266,layer_0::c8: Soil_Type_4 IS absent,0.7372701382471096,10.439042153822944,0.4309083429269821,1386,0.18141664564609528,336.0933844244282,0.06727034209193274,0.7480809490579204,0.50817717109455
covtype_binary_20000,19,267,layer_0::c2: Horizontal_Distance_To_Roadways IS LOW,0.6813706809088034,15.419477309112102,0.4162212955951774,1337,0.17925268411636353,276331.47056427103,0.05871446146139939,0.7480809490579204,0.50817717109455
covtype_binary_20000,19,268,layer_0::c1: Hillshade_Noon IS MEDIUM,0.7426276429911174,16.904071802295718,0.4357284437675603,1399,0.17902790009975433,1020026.0553875178,0.027821243312961288,0.7480809490579204,0.50817717109455
covtype_binary_20000,19,269,layer_0::c3: Soil_Type_40 IS absent,0.7480809490579204,3.481016612307522,0.43647149048462447,1403,0.17740881443023682,217.18466771084695,0.03939576839066414,0.7480809490579204,0.50817717109455
covtype_binary_20000,19,270,layer_0::c2: Soil_Type_29 IS present,0.12689314809483854,4.317561178666041,0.11335609149868138,374,0.17569692432880402,384.1124013558001,0.05439094946957994,0.7480809490579204,0.50817717109455
covtype_binary_20000,19,271,layer_0::c3: Horizontal_Distance_To_Roadways IS LOW,0.6813706809088034,15.414540546140785,0.4160621374919203,1337,0.17260803282260895,405091.1625657433,0.0393864506616153,0.7480809490579204,0.50817717109455
covtype_binary_20000,19,272,layer_0::c5: Aspect IS LOW,0.7480809490579204,17.06911113166491,0.43741789364243355,1403,0.17116129398345947,219114.61058542976,0.12884405958088851,0.7480809490579204,0.50817717109455
covtype_binary_20000,19,273,layer_1::c3: projection_5 IS LOW,0.7480809490579204,17.06911113166491,0.43741789364243355,1403,0.17066937685012817,106224.15022121224,0.20121050706133248,0.7480809490579204,0.50817717109455
covtype_binary_20000,19,274,layer_0::c9: Hillshade_3pm IS HIGH,0.08996706204464111,17.40540473187837,0.5554805452504341,1577,0.17065851390361786,308756.3485011554,0.04019300332609867,0.7480809490579204,0.50817717109455
covtype_binary_20000,19,275,layer_0::c2: Soil_Type_22 IS present,-0.0003423165342308909,0.3697454658941851,0.011783166096272462,12,0.17022962868213654,45.6003766717331,0.057386203047508993,0.7480809490579204,0.50817717109455
covtype_binary_20000,19,276,layer_1::c3: ka_concept_1.c11 IS MEDIUM,0.092468132566771,17.95818791526314,0.5625821063575664,1597,0.17022652924060822,187296.14840920037,0.20092902816956243,0.7480809490579204,0.50817717109455
covtype_binary_20000,19,277,layer_0::c0: Horizontal_Distance_To_Hydrology IS HIGH,0.0936823853236296,17.90174201830724,0.56046642099146,1590,0.16990557312965393,655500.2252289965,0.04563865285955834,0.7480809490579204,0.50817717109455
covtype_binary_20000,19,278,layer_0::c7: Aspect IS MEDIUM,0.7480809490579204,17.06911113166491,0.43741789364243355,1403,0.16946181654930115,220705.6776240259,0.13085620576593404,0.7480809490579204,0.50817717109455
covtype_binary_20000,19,279,layer_0::c9: Soil_Type_21 IS absent,0.7480809490579204,3.1897730203282233,0.4366481685180476,1403,0.16927775740623474,203.9813073614664,0.03940687782569103,0.7480809490579204,0.50817717109455
covtype_binary_20000,19,280,layer_1::c3: projection_0 IS MEDIUM,0.7480809490579204,17.06911113166491,0.43741789364243355,1403,0.16800491511821747,40389.73589387929,0.19881105095148086,0.7480809490579204,0.50817717109455
covtype_binary_20000,19,281,layer_0::c0: Horizontal_Distance_To_Roadways IS LOW,0.09230604549540622,16.55816049460281,0.5389553859147908,1541,0.16739949584007263,168739.66093047705,0.04739705400037837,0.7480809490579204,0.50817717109455
covtype_binary_20000,19,282,layer_0::c11: Aspect IS LOW,0.092468132566771,17.95818791526314,0.5625821063575664,1597,0.1668085753917694,301378.0890745433,0.07773048921744824,0.7480809490579204,0.50817717109455
covtype_binary_20000,19,283,layer_0::c4: Elevation IS HIGH,0.07973578998261721,16.117397391858276,0.5324975584217368,1503,0.16375789046287537,90987.90575914358,0.26206892824878036,0.7480809490579204,0.50817717109455
covtype_binary_20000,19,284,layer_0::c7: Hillshade_3pm IS HIGH,0.7305015034865885,16.480628227091422,0.4314854815437392,1387,0.1628083735704422,18366.145317986826,0.12879593702265799,0.7480809490579204,0.50817717109455
covtype_binary_20000,19,285,layer_0::c7: Soil_Type_13 IS absent,0.6827214719337374,16.43474234828458,0.4202764326770124,1336,0.16224633157253265,640.7651459545305,0.1275641645095111,0.7480809490579204,0.50817717109455
covtype_binary_20000,19,286,layer_1::c3: ka_concept_1.c10 IS HIGH,0.7439881796172656,12.544873795855583,0.4316649345167685,1400,0.16174058616161346,11617.841638560174,0.19402107775885816,0.7480809490579204,0.50817717109455
covtype_binary_20000,19,287,layer_0::c2: Wilderness_Area_3 IS absent,0.3182732567502281,6.20471999410816,0.2502349750786989,786,0.16112670302391052,266.23859996123065,0.05103421171739319,0.7480809490579204,0.50817717109455
covtype_binary_20000,19,288,layer_0::c8: Soil_Type_30 IS absent,0.6409380919150633,8.669652975185489,0.40753809318913403,1298,0.16101790964603424,323.86072384940053,0.06005873959660676,0.7480809490579204,0.50817717109455
covtype_binary_20000,19,289,layer_1::c4: ka_concept_1.c3 IS LOW,0.09070684833849596,17.240130737346625,0.5579900330094705,1582,0.16035421192646027,9596.429811746231,0.32940922386482513,0.7480809490579204,0.50817717109455
covtype_binary_20000,19,290,layer_1::c4: ka_concept_1.c9 IS HIGH,0.09232120006643685,17.691222961028444,0.561957785103271,1596,0.160283625125885,32873.10056293203,0.32639682213600946,0.7480809490579204,0.50817717109455
covtype_binary_20000,19,291,layer_0::c6: Horizontal_Distance_To_Roadways IS HIGH,0.07813482584405307,9.639781815754887,0.4810240580683547,1403,0.15949444472789764,690.1783390210767,0.05354833698554042,0.7480809490579204,0.50817717109455
covtype_binary_20000,19,292,layer_0::c4: Elevation IS MEDIUM,0.0878823931012418,17.24238568192937,0.5527603788863554,1566,0.15879692137241364,82355.56484538454,0.254324124247141,0.7480809490579204,0.50817717109455
covtype_binary_20000,19,293,layer_0::c2: Soil_Type_40 IS absent,0.7480809490579204,5.851116612898683,0.43673922084772904,1403,0.15780360996723175,265.66299892002917,0.05030196808263705,0.7480809490579204,0.50817717109455
covtype_binary_20000,19,294,layer_0::c4: Horizontal_Distance_To_Fire_Points IS MEDIUM,0.09220322372638523,17.42775697921634,0.5514585778791148,1583,0.15764866769313812,47378.3019537339,0.2500506698887569,0.7480809490579204,0.50817717109455
covtype_binary_20000,19,295,layer_0::c0: Soil_Type_29 IS present,0.12634007460946473,4.317428759867451,0.11294342216956248,373,0.15704868733882904,338.6591299476713,0.04202566193687744,0.7480809490579204,0.50817717109455
covtype_binary_20000,19,296,layer_0::c11: Horizontal_Distance_To_Roadways IS HIGH,0.7480809490579204,17.06911113166491,0.43741789364243355,1403,0.15669351816177368,117213.48691698372,0.07072423907074456,0.7480809490579204,0.50817717109455
covtype_binary_20000,19,297,layer_0::c3: Wilderness_Area_2 IS absent,0.74399375559743,2.199774177920705,0.42174647617754235,1398,0.15648743510246277,170.98484353526328,0.0345740149551663,0.7480809490579204,0.50817717109455
covtype_binary_20000,19,298,layer_0::c2: Wilderness_Area_3 IS absent,0.3182732567502281,5.84313282529902,0.2502251689433705,786,0.15478931367397308,262.06678656135045,0.049026942997414155,0.7480809490579204,0.50817717109455
covtype_binary_20000,19,299,layer_0::c11: Wilderness_Area_3 IS absent,0.31902852000549137,9.675839680074281,0.25041712532721266,787,0.15335005521774292,384.8086238106771,0.07097985504965254,0.7480809490579204,0.50817717109455
covtype_binary_20000,19,300,layer_0::c5: Aspect IS MEDIUM,0.092468132566771,17.95818791526314,0.5625821063575664,1597,0.1524750143289566,146733.4699674474,0.11300138031039388,0.7480809490579204,0.50817717109455
covtype_binary_20000,19,301,layer_0::c6: Horizontal_Distance_To_Roadways IS MEDIUM,0.7426350675058442,16.084281918854444,0.4338257235895468,1397,0.15122312307357788,52907.83632086282,0.05254262551947105,0.7480809490579204,0.50817717109455
covtype_binary_20000,19,302,layer_0::c7: Hillshade_Noon IS LOW,0.09025720805072623,17.654299773430125,0.55803741340852,1582,0.14942167699337006,19466.823879548087,0.11680252278967099,0.7480809490579204,0.50817717109455
covtype_binary_20000,19,303,layer_0::c2: Slope IS MEDIUM,0.09129082560113033,17.686991496143456,0.5601860351751129,1589,0.14907224476337433,9734658.816451592,0.046605742268497355,0.7480809490579204,0.50817717109455
covtype_binary_20000,19,304,layer_0::c0: Wilderness_Area_4 IS absent,0.7467148288393413,4.325678365195025,0.43305503580821475,1402,0.148177832365036,242.06662090562168,0.04061350358015322,0.7480809490579204,0.50817717109455
covtype_binary_20000,19,305,layer_0::c2: Horizontal_Distance_To_Hydrology IS MEDIUM,0.09149250140449083,17.47421958398084,0.5511258220348199,1566,0.14782847464084625,731195.7966405438,0.047511283053052106,0.7480809490579204,0.50817717109455
covtype_binary_20000,19,306,layer_0::c7: Horizontal_Distance_To_Hydrology IS MEDIUM,0.09149250140449083,17.468647203014832,0.5510006857379389,1566,0.14760395884513855,276847.4314994794,0.11668553945218883,0.7480809490579204,0.50817717109455
covtype_binary_20000,19,307,layer_1::c4: ka_concept_1.c8 IS LOW,0.092468132566771,17.95818791526314,0.5625821063575664,1597,0.14733873307704926,42497.78253478835,0.3015047171294379,0.7480809490579204,0.50817717109455
covtype_binary_20000,19,308,layer_1::c5: ka_concept_1.c9 IS HIGH,0.09232120006643685,17.681844768206773,0.5619193637299749,1596,0.14694125950336456,31568.48767152986,0.33214611455468546,0.7480809490579204,0.50817717109455
covtype_binary_20000,19,309,layer_1::c3: ka_concept_1.c2 IS HIGH,0.09158554856431489,17.354745058447506,0.5603841404101041,1591,0.14665096998214722,37321.56934494577,0.17014292247016055,0.7480809490579204,0.50817717109455
covtype_binary_20000,19,310,layer_0::c8: Hillshade_9am IS MEDIUM,0.7252161205441343,16.57821877297306,0.4294087458601786,1379,0.1462312787771225,412460.4775012384,0.054902866254273416,0.7480809490579204,0.50817717109455
covtype_binary_20000,19,311,layer_0::c9: Slope IS HIGH,0.7480809490579204,17.06915011134579,0.4373804494028973,1403,0.14371556043624878,4671332.235300692,0.03306264596310091,0.7480809490579204,0.50817717109455
covtype_binary_20000,19,312,layer_0::c5: Wilderness_Area_1 IS absent,0.19620259485398484,8.354899034568918,0.20529787721884069,630,0.14320990443229675,651.3716148936437,0.10879163558929213,0.7480809490579204,0.50817717109455
covtype_binary_20000,19,313,layer_0::c1: Soil_Type_38 IS present,0.00017592112495956602,0.03240138121350511,0.0019271260014621437,2,0.14183059334754944,46.30950491380645,0.020713401062734192,0.7480809490579204,0.50817717109455
covtype_binary_20000,19,314,layer_1::c3: projection_2 IS HIGH,0.7480809490579204,17.06911113166491,0.43741789364243355,1403,0.1412704885005951,57782.714282164816,0.16506019519797216,0.7480809490579204,0.50817717109455
covtype_binary_20000,19,315,layer_0::c11: Wilderness_Area_4 IS absent,0.7467148288393413,12.765475893926217,0.4331015548572653,1402,0.1409948170185089,401.47930243539304,0.06533258566385211,0.7480809490579204,0.50817717109455
covtype_binary_20000,19,316,layer_0::c7: Soil_Type_4 IS absent,0.7372701382471096,16.852512523217555,0.4309233361147023,1386,0.14091090857982635,580.656847414637,0.10988359727470379,0.7480809490579204,0.50817717109455
covtype_binary_20000,19,317,layer_0::c6: Wilderness_Area_4 IS absent,0.7467148288393413,5.7244483904006405,0.4330941630651132,1402,0.14064644277095795,258.8641347112607,0.04847732809159849,0.7480809490579204,0.50817717109455
covtype_binary_20000,19,318,layer_1::c2: ka_concept_1.c2 IS HIGH,0.7480809490579204,17.049849551454855,0.43741339722872574,1403,0.14044755697250366,22001.992012251474,0.24758199423005864,0.7480809490579204,0.50817717109455
covtype_binary_20000,19,319,layer_0::c11: Horizontal_Distance_To_Hydrology IS MEDIUM,0.7145688847147569,16.31339107360934,0.42770671232030155,1374,0.13983272016048431,95881.63637852544,0.06567569528323755,0.7480809490579204,0.50817717109455
covtype_binary_20000,19,320,layer_0::c0: Soil_Type_40 IS absent,0.7480809490579204,3.2095324362071884,0.43627052717088766,1403,0.13943009078502655,208.36657840234784,0.038418668896900196,0.7480809490579204,0.50817717109455
covtype_binary_20000,19,321,layer_0::c5: Horizontal_Distance_To_Roadways IS LOW,0.09120933965466549,16.899956618927035,0.5471987871667807,1558,0.13828390836715698,242201.9806833954,0.10692864206585996,0.7480809490579204,0.50817717109455
covtype_binary_20000,19,322,layer_1::c5: ka_concept_1.c8 IS LOW,0.7480809490579204,17.06911113166491,0.43741789364243355,1403,0.13589178025722504,35268.08379803042,0.30867322738375513,0.7480809490579204,0.50817717109455
covtype_binary_20000,19,323,layer_1::c2: ka_concept_1.c10 IS MEDIUM,0.7480809490579204,17.06911113166491,0.43741789364243355,1403,0.13571049273014069,36439.991648137046,0.2452999452802663,0.7480809490579204,0.50817717109455
covtype_binary_20000,19,324,layer_0::c9: Horizontal_Distance_To_Hydrology IS HIGH,0.7426276429911174,16.92564368874298,0.4357429719011841,1399,0.13562501966953278,1127584.2341429186,0.030862042158320852,0.7480809490579204,0.50817717109455
covtype_binary_20000,19,325,layer_0::c10: Wilderness_Area_1 IS absent,0.19411127912036463,0.8544098095805899,0.20012426975231956,624,0.13547489047050476,132.94287966678712,0.020374693589952586,0.7480809490579204,0.50817717109455
covtype_binary_20000,19,326,layer_1::c4: projection_0 IS MEDIUM,0.7480809490579204,17.06911113166491,0.43741789364243355,1403,0.13518527150154114,5157.24094688156,0.2761696831583977,0.7480809490579204,0.50817717109455
covtype_binary_20000,19,327,layer_0::c4: Horizontal_Distance_To_Fire_Points IS LOW,0.59604139405174,15.04793665335558,0.39473576908110497,1248,0.13398106396198273,135796.8308693255,0.2149542089467101,0.7480809490579204,0.50817717109455
covtype_binary_20000,19,328,layer_0::c9: Soil_Type_4 IS present,0.004699374755061325,0.21772321495486768,0.00998800546605982,33,0.1317799687385559,170.57453353650635,0.03421978219764424,0.7480809490579204,0.50817717109455
covtype_binary_20000,19,329,layer_0::c8: Wilderness_Area_1 IS present,0.31567442940307866,5.55730856153245,0.23321652063041765,780,0.13114413619041443,222.27696916775312,0.04802878621041782,0.7480809490579204,0.50817717109455
covtype_binary_20000,19,330,layer_0::c1: Horizontal_Distance_To_Roadways IS LOW,0.09120933965466549,16.90017466811372,0.5472047363662291,1558,0.1299329549074173,1255810.6490870893,0.0206414092325419,0.7480809490579204,0.50817717109455
covtype_binary_20000,19,331,layer_0::c0: Hillshade_9am IS LOW,0.660452083078539,11.386765704169107,0.4003106396541849,1314,0.1287490874528885,2014.2122359256027,0.03581415794033753,0.7480809490579204,0.50817717109455
covtype_binary_20000,19,332,layer_0::c1: Soil_Type_2 IS present,0.0031615377054327043,0.05560830854054777,0.004177835548362379,12,0.12763899564743042,115.36090169233103,0.021500310113226683,0.7480809490579204,0.50817717109455
covtype_binary_20000,19,333,layer_0::c5: Soil_Type_2 IS absent,0.7480809490579204,17.014326612973484,0.4358580082152307,1403,0.12610502541065216,482.3769696656236,0.094519096149242,0.7480809490579204,0.50817717109455
covtype_binary_20000,19,334,layer_1::c4: ka_concept_1.c11 IS LOW,0.7480809490579204,17.069111131752322,0.4374178935550267,1403,0.12605534493923187,30172.51477713623,0.25718589759922666,0.7480809490579204,0.50817717109455
covtype_binary_20000,19,335,layer_0::c7: Wilderness_Area_3 IS present,0.1928224820347475,7.393672567276153,0.1883009182032547,622,0.12523140013217926,507.794120828461,0.09839392609337665,0.7480809490579204,0.50817717109455
covtype_binary_20000,19,336,layer_1::c3: ka_concept_1.c0 IS HIGH,0.7480809490579204,17.06911113166491,0.43741789364243355,1403,0.1250613033771515,219819.87651744156,0.14983266487598304,0.7480809490579204,0.50817717109455
covtype_binary_20000,19,337,layer_0::c11: Aspect IS HIGH,0.7480809490579204,17.06911113166491,0.43741789364243355,1403,0.12426896393299103,125926.77264087393,0.05764472318506644,0.7480809490579204,0.50817717109455
covtype_binary_20000,19,338,layer_0::c1: Wilderness_Area_4 IS present,0.00017592112495956602,0.19694597662076208,0.004696656624265973,2,0.1241355761885643,83.82175091382305,0.019836717401280717,0.7480809490579204,0.50817717109455
covtype_binary_20000,19,339,layer_0::c8: Wilderness_Area_1 IS absent,0.19411127912036463,5.240690023858852,0.20457276241671374,624,0.1240139901638031,276.75380746169685,0.0466754853736129,0.7480809490579204,0.50817717109455
covtype_binary_20000,19,340,layer_1::c3: ka_concept_1.c2 IS LOW,0.092468132566771,17.86929462756426,0.5625820878851414,1597,0.12300607562065125,59704.078458937234,0.14932846996643154,0.7480809490579204,0.50817717109455
covtype_binary_20000,19,341,layer_0::c7: Wilderness_Area_1 IS absent,0.19515553592705848,8.354836550624718,0.2050001931088683,627,0.12030703574419022,494.4421028831712,0.09522501274681053,0.7480809490579204,0.50817717109455
covtype_binary_20000,19,342,layer_0::c6: Soil_Type_11 IS absent,0.6850474625181963,3.7638490738967985,0.42241547215946873,1343,0.11884848028421402,226.73082480272933,0.04103891408557471,0.7480809490579204,0.50817717109455
covtype_binary_20000,19,343,layer_0::c9: Soil_Type_26 IS absent,0.733155575923592,1.2581909458983147,0.4093752990248291,1392,0.11878591030836105,146.25625705802668,0.027652671365246004,0.7480809490579204,0.50817717109455
covtype_binary_20000,19,344,layer_0::c2: Wilderness_Area_1 IS present,0.31567442940307866,2.3406300593874096,0.23308964345183258,780,0.118515245616436,132.9673632003978,0.037109780233053245,0.7480809490579204,0.50817717109455
covtype_binary_20000,19,345,layer_1::c4: ka_concept_1.c10 IS LOW,0.7480809490579204,17.069111134892452,0.4374178904149056,1403,0.11820493638515472,100828.61276211782,0.2403397101178974,0.7480809490579204,0.50817717109455
covtype_binary_20000,19,346,layer_0::c7: Hillshade_9am IS LOW,0.739928775144877,16.745184341371562,0.43462290720420904,1394,0.1171402707695961,74182.78433602554,0.09272126711444438,0.7480809490579204,0.50817717109455
covtype_binary_20000,19,347,layer_1::c5: ka_concept_1.c10 IS LOW,0.7480809490579204,17.06911138439971,0.43741764098796676,1403,0.11709580570459366,37357.88171709451,0.26427731092416795,0.7480809490579204,0.50817717109455
covtype_binary_20000,19,348,layer_0::c4: Horizontal_Distance_To_Roadways IS MEDIUM,0.7480809490579204,16.856812412148848,0.4371128219604487,1403,0.11661415547132492,114740.65622927001,0.18843238843693477,0.7480809490579204,0.50817717109455
covtype_binary_20000,19,349,layer_0::c7: Wilderness_Area_4 IS absent,0.7467148288393413,16.79191918900478,0.4331097834575042,1402,0.11658002436161041,526.1727113771194,0.09092303553338206,0.7480809490579204,0.50817717109455
covtype_binary_20000,19,350,layer_0::c5: Wilderness_Area_3 IS absent,0.31902852000549137,9.675880716962775,0.2505475458343227,787,0.11582469940185547,428.87332189490553,0.0866040023513051,0.7480809490579204,0.50817717109455
covtype_binary_20000,19,351,layer_1::c2: ka_concept_1.c0 IS HIGH,0.092468132566771,17.95818791526314,0.5625821063575664,1597,0.11570119112730026,58222.053849061645,0.21061888490378625,0.7480809490579204,0.50817717109455
covtype_binary_20000,19,352,layer_0::c5: Wilderness_Area_1 IS present,0.31642627279892765,8.714621311092307,0.2335828743510139,781,0.11395835131406784,348.03436434609466,0.08423707171617935,0.7480809490579204,0.50817717109455
covtype_binary_20000,19,353,layer_0::c7: Wilderness_Area_1 IS present,0.3171788377335442,8.714701670381402,0.23378496660407186,782,0.1136043593287468,452.63194741672487,0.08749626589424951,0.7480809490579204,0.50817717109455
covtype_binary_20000,19,354,layer_0::c11: Wilderness_Area_2 IS absent,0.74399375559743,5.731182586867636,0.42470640484770883,1398,0.11306124925613403,249.35010197226802,0.05240044120272311,0.7480809490579204,0.50817717109455
covtype_binary_20000,19,355,layer_0::c11: Wilderness_Area_1 IS present,0.31567442940307866,6.309599177054962,0.23324291272900033,780,0.11235389113426208,233.76945656482712,0.051411406269671715,0.7480809490579204,0.50817717109455
covtype_binary_20000,19,356,layer_0::c5: Wilderness_Area_2 IS absent,0.74399375559743,15.354373785875172,0.4247254565960504,1398,0.11077427119016647,392.8202939816838,0.08293651401011932,0.7480809490579204,0.50817717109455
covtype_binary_20000,19,357,layer_0::c3: Hillshade_3pm IS HIGH,0.08996706204464111,17.387163368383533,0.5553573578029343,1577,0.11071434617042542,467717.8968300604,0.02480592036338523,0.7480809490579204,0.50817717109455
covtype_binary_20000,19,358,layer_1::c3: projection_5 IS MEDIUM,0.7480809490579204,17.06911113166491,0.43741789364243355,1403,0.1102692186832428,175881.63202032866,0.13056370473032197,0.7480809490579204,0.50817717109455
covtype_binary_20000,19,359,layer_0::c4: Wilderness_Area_2 IS absent,0.74399375559743,16.385094143253433,0.4248216126725194,1398,0.10993044078350067,794.9660502158222,0.1762516093539307,0.7480809490579204,0.50817717109455
covtype_binary_20000,19,360,layer_0::c8: Soil_Type_26 IS absent,0.733155575923592,3.601031793259809,0.43422704163751463,1392,0.10988783091306686,218.23058153095553,0.04085854525446272,0.7480809490579204,0.50817717109455
covtype_binary_20000,19,361,layer_0::c1: Wilderness_Area_1 IS present,0.31588161987727836,0.33948479104890295,0.18772527025127556,779,0.10868563503026962,77.15761660798671,0.016505432599139114,0.7480809490579204,0.50817717109455
covtype_binary_20000,19,362,layer_1::c5: ka_concept_1.c2 IS HIGH,0.09011515247826252,16.603613018498663,0.5556109744905433,1578,0.10867095738649368,9666.850817787752,0.24160124636949332,0.7480809490579204,0.50817717109455
covtype_binary_20000,19,363,layer_0::c4: Wilderness_Area_2 IS absent,0.74399375559743,16.385088741608662,0.42481513891315503,1398,0.10840392857789993,764.4111779043451,0.17380414427461802,0.7480809490579204,0.50817717109455
covtype_binary_20000,19,364,layer_0::c7: Wilderness_Area_3 IS present,0.1933169241247058,7.393561138610351,0.1879422877363665,620,0.10828021913766861,362.69088523540995,0.08507542746200489,0.7480809490579204,0.50817717109455
covtype_binary_20000,19,365,layer_1::c3: ka_concept_1.c3 IS HIGH,0.092468132566771,17.94940182430856,0.5625821063575113,1597,0.10825608670711517,153053.55033912492,0.12556802032871928,0.7480809490579204,0.50817717109455
covtype_binary_20000,19,366,layer_0::c5: Soil_Type_29 IS present,0.1277514994797766,4.318082769712554,0.11494222993398963,377,0.10822371393442154,587.8893022135308,0.07909115356835172,0.7480809490579204,0.50817717109455
covtype_binary_20000,19,367,layer_1::c5: projection_4 IS LOW,0.092468132566771,17.95818791526314,0.5625821063575664,1597,0.10759759694337845,69582.17042365731,0.2423090172559023,0.7480809490579204,0.50817717109455
covtype_binary_20000,19,368,layer_0::c11: Slope IS HIGH,0.7480809490579204,17.069147801957605,0.4373825606796378,1403,0.10723824054002762,4411893.5101671275,0.04923379045015029,0.7480809490579204,0.50817717109455
covtype_binary_20000,19,369,layer_0::c5: Hillshade_3pm IS HIGH,0.739917683751798,16.733032153547292,0.4343458944785267,1396,0.10645358264446259,144674.40438349656,0.08082547898137386,0.7480809490579204,0.50817717109455
covtype_binary_20000,19,370,layer_0::c6: Horizontal_Distance_To_Hydrology IS LOW,0.08916622037574995,16.670193013257368,0.5347935050697183,1520,0.10624916851520538,379849.766432757,0.03760320898283411,0.7480809490579204,0.50817717109455
covtype_binary_20000,19,371,layer_1::c5: ka_concept_1.c0 IS MEDIUM,0.092468132566771,17.95818791526314,0.5625821063575664,1597,0.1044524759054184,56918.63977943123,0.23469337780556332,0.7480809490579204,0.50817717109455
covtype_binary_20000,19,372,layer_0::c8: Hillshade_Noon IS LOW,0.7480809490579204,17.06263964380625,0.4372057530204955,1403,0.10445109009742737,1360037.2164542424,0.038824855714277705,0.7480809490579204,0.50817717109455
covtype_binary_20000,19,373,layer_0::c9: Hillshade_9am IS HIGH,0.6981138221677167,15.922674062652726,0.4191975121104005,1345,0.10439389944076538,751282.188614281,0.02399923687222981,0.7480809490579204,0.50817717109455
covtype_binary_20000,19,374,layer_1::c3: projection_6 IS MEDIUM,0.7480809490579204,17.06911113166491,0.43741789364243355,1403,0.10422003269195557,65081.88960417449,0.12328924703101317,0.7480809490579204,0.50817717109455
covtype_binary_20000,19,375,layer_1::c2: ka_concept_1.c10 IS HIGH,0.7480809490579204,15.244822858882221,0.4372094525377208,1403,0.10310040414333344,33381.72042671405,0.18791706511466813,0.7480809490579204,0.50817717109455
covtype_binary_20000,19,376,layer_0::c8: Wilderness_Area_2 IS absent,0.74399375559743,2.858783958624428,0.42398043058653684,1398,0.10301508754491806,189.73375535607192,0.038212316196829,0.7480809490579204,0.50817717109455
covtype_binary_20000,19,377,layer_0::c9: Hillshade_3pm IS MEDIUM,0.09188000714269284,17.858975624333567,0.5609699727682101,1593,0.10217992961406708,1103613.9028586538,0.023952407172240307,0.7480809490579204,0.50817717109455
covtype_binary_20000,19,378,layer_0::c8: Hillshade_9am IS LOW,0.09099583789690535,17.67778190356318,0.5586416797458212,1587,0.10178527981042862,522755.16365210654,0.03831036803870043,0.7480809490579204,0.50817717109455
covtype_binary_20000,19,379,layer_0::c10: Slope IS LOW,0.08818476309538381,17.414879768684827,0.5512412539888404,1565,0.10130669921636581,44418303.000980295,0.015048307930798938,0.7480809490579204,0.50817717109455
covtype_binary_20000,19,380,layer_0::c0: Wilderness_Area_3 IS present,0.1920311269938635,1.6976940658428323,0.18739618735924699,618,0.10110726207494736,147.03619522166264,0.02791738658970462,0.7480809490579204,0.50817717109455
covtype_binary_20000,19,381,layer_0::c8: Soil_Type_18 IS absent,0.7304657729061589,3.019124254071651,0.43369688927096134,1390,0.10077112168073654,206.5513696959606,0.03741866200860212,0.7480809490579204,0.50817717109455
covtype_binary_20000,19,382,layer_0::c11: Hillshade_9am IS LOW,0.7426350675058442,16.937046149636288,0.43551896323782513,1397,0.09954112023115158,403609.2322560693,0.04681149611305197,0.7480809490579204,0.50817717109455
covtype_binary_20000,19,383,layer_0::c8: Soil_Type_35 IS absent,0.7480809490579204,2.9960411475752284,0.4365058434802502,1403,0.09942017495632172,206.42220466918525,0.03700664236550089,0.7480809490579204,0.50817717109455
covtype_binary_20000,19,384,layer_0::c4: Soil_Type_35 IS absent,0.7480809490579204,17.069296763106102,0.4372399787315118,1403,0.09919018298387527,764.094439629238,0.15958296171527855,0.7480809490579204,0.50817717109455
covtype_binary_20000,19,385,layer_0::c5: Hillshade_3pm IS MEDIUM,0.7480809490579204,17.030636718072493,0.43710872980243676,1403,0.09896131604909897,405275.5514411375,0.07478499683762288,0.7480809490579204,0.50817717109455
covtype_binary_20000,19,386,layer_0::c0: Horizontal_Distance_To_Fire_Points IS HIGH,0.092468132566771,17.766811857500244,0.561259472605005,1597,0.09876056015491486,471418.6262756464,0.027025357555602085,0.7480809490579204,0.50817717109455
covtype_binary_20000,19,387,layer_0::c1: Wilderness_Area_2 IS present,0.0018436371923271633,0.6844083898087749,0.0137521122244722,9,0.0984160453081131,234.4980489546797,0.015841147684210834,0.7480809490579204,0.50817717109455
covtype_binary_20000,19,388,layer_0::c7: Wilderness_Area_3 IS absent,0.31902852000549137,9.675858515252674,0.25047707180837203,787,0.09778452664613724,417.8385561417672,0.0761806059178125,0.7480809490579204,0.50817717109455
covtype_binary_20000,19,389,layer_0::c0: Wilderness_Area_4 IS present,0.0019271029040742738,0.2775840940018993,0.005604135765762232,6,0.09775242954492569,206.06906455499848,0.027840578478263826,0.7480809490579204,0.50817717109455
covtype_binary_20000,19,390,layer_0::c10: Slope IS HIGH,0.7480809490579204,17.065728283265095,0.437376075738692,1403,0.09664849191904068,2503822.2533081677,0.01419071035097434,0.7480809490579204,0.50817717109455
covtype_binary_20000,19,391,layer_0::c0: Wilderness_Area_1 IS present,0.31567442940307866,1.4882460414350096,0.2326357976427782,780,0.09612532705068588,131.15114354360412,0.02601774747467789,0.7480809490579204,0.50817717109455
covtype_binary_20000,19,392,"projection_layer::pursuit_0(Horizontal_Distance_To_Fire_Points, Hillshade_3pm, Soil_Type_29, Soil_Type_4) IS MEDIUM",0.05897961062579804,0.04685868234090207,0.05364240825427203,251,0.09564299881458282,8.35264177431236,0.04872315854698824,0.7480809490579204,0.50817717109455
covtype_binary_20000,19,393,layer_0::c9: Wilderness_Area_1 IS present,0.31567442940307866,0.621471321337848,0.21856152310688887,780,0.09443636238574982,84.94334555914247,0.0216536372374012,0.7480809490579204,0.50817717109455
covtype_binary_20000,19,394,layer_0::c10: Wilderness_Area_4 IS present,0.0024578800568906267,0.015587769165511411,0.024899703439411003,47,0.09394314885139465,12.890321162136388,0.014466074193314853,0.7480809490579204,0.50817717109455
covtype_binary_20000,19,395,layer_1::c3: ka_concept_1.c11 IS LOW,0.092468132566771,17.930424568326472,0.5625820518052401,1597,0.09368125349283218,84595.18890806861,0.1107160169223304,0.7480809490579204,0.50817717109455
covtype_binary_20000,19,396,layer_0::c3: Soil_Type_38 IS present,0.015043103848237482,0.7648390402803233,0.02186319743951664,67,0.09323500841856003,58.35727038944606,0.019558082378314186,0.7480809490579204,0.50817717109455
covtype_binary_20000,19,397,layer_0::c0: Soil_Type_39 IS present,0.001227802204773587,0.03254852191697111,0.002952649897952008,6,0.09317004680633545,88.96055492397863,0.024352288211339328,0.7480809490579204,0.50817717109455
covtype_binary_20000,19,398,layer_0::c0: Wilderness_Area_4 IS present,0.03430693407908614,2.151242467098575,0.06517930376143516,205,0.09296414256095886,142.29262405108602,0.0264768389030675,0.7480809490579204,0.50817717109455
covtype_binary_20000,19,399,layer_1::c2: ka_concept_1.c3 IS HIGH,0.7480809490579204,14.611718011542777,0.4372417949676766,1403,0.09295520186424255,24521.98324086472,0.16382358551557505,0.7480809490579204,0.50817717109455
covtype_binary_20000,19,400,layer_0::c1: Soil_Type_40 IS present,0.0014888483938170216,0.010688789318003766,0.001980576775063601,5,0.09243135899305344,84.52166394831147,0.01161740387059884,0.7480809490579204,0.50817717109455
covtype_binary_20000,19,401,layer_0::c5: Wilderness_Area_1 IS absent,0.194756540311825,8.35478305763991,0.2047407664646239,625,0.09196776151657104,377.1497613879874,0.06986475109409367,0.7480809490579204,0.50817717109455
covtype_binary_20000,19,402,layer_1::c2: projection_4 IS MEDIUM,0.7480809490579204,17.06911113166491,0.43741789364243355,1403,0.09139639139175415,72616.75305174189,0.16620480471849441,0.7480809490579204,0.50817717109455
covtype_binary_20000,19,403,layer_0::c7: Soil_Type_35 IS absent,0.7480809490579204,11.92415531684974,0.437238475402078,1403,0.09088877588510513,364.1133205817823,0.07114708091618134,0.7480809490579204,0.50817717109455
covtype_binary_20000,19,404,layer_0::c2: Wilderness_Area_3 IS present,0.1920311269938635,1.8913110016562107,0.18743008777329093,618,0.09065032005310059,155.53700681895134,0.028956360125999708,0.7480809490579204,0.50817717109455
covtype_binary_20000,19,405,layer_0::c1: Horizontal_Distance_To_Hydrology IS HIGH,0.09382921022013713,17.90483437396147,0.5605072433196007,1591,0.09024379402399063,2442726.078067318,0.013600828092953045,0.7480809490579204,0.50817717109455
covtype_binary_20000,19,406,layer_0::c10: Soil_Type_30 IS present,0.032138920072413146,0.7213771098268202,0.030291051406827505,106,0.08963104337453842,99.16709579029703,0.012514141028720284,0.7480809490579204,0.50817717109455
covtype_binary_20000,19,407,layer_0::c4: Soil_Type_40 IS absent,0.7480809490579204,17.058826180056464,0.4367470601559762,1403,0.08913972973823547,759.6218079457922,0.14364500981055395,0.7480809490579204,0.50817717109455
covtype_binary_20000,19,408,layer_0::c5: Vertical_Distance_To_Hydrology IS MEDIUM,0.7480809490579204,17.06911113166491,0.43741789364243355,1403,0.08870051801204681,787884.0564981826,0.06492096760869026,0.7480809490579204,0.50817717109455
covtype_binary_20000,19,409,layer_0::c11: Soil_Type_34 IS absent,0.7399121267298061,3.649773041793667,0.43551855512146886,1397,0.08863954991102219,219.0680808699617,0.041155253366515356,0.7480809490579204,0.50817717109455
covtype_binary_20000,19,410,layer_1::c4: ka_concept_1.c6 IS MEDIUM,0.092468132566771,17.95818791526314,0.5625821063575664,1597,0.08859957009553909,8976.098744880874,0.18163533531626067,0.7480809490579204,0.50817717109455
covtype_binary_20000,19,411,layer_1::c4: ka_concept_1.c2 IS HIGH,0.7480809490579204,17.058005254971945,0.4374176331429159,1403,0.08767722547054291,65478.72941056935,0.17560783468367056,0.7480809490579204,0.50817717109455
covtype_binary_20000,19,412,layer_0::c4: Wilderness_Area_4 IS absent,0.7467148288393413,16.79194059597812,0.4331294828208954,1402,0.08755426108837128,710.5895935554145,0.14034533015574682,0.7480809490579204,0.50817717109455
covtype_binary_20000,19,413,layer_0::c7: Horizontal_Distance_To_Fire_Points IS HIGH,0.7372481799313124,16.571212900251282,0.4325087979143607,1389,0.08753262460231781,251826.7294854697,0.06815856500312255,0.7480809490579204,0.50817717109455
covtype_binary_20000,19,414,layer_0::c3: Wilderness_Area_2 IS present,0.0021994208420074157,0.6846228619477535,0.014504368895210609,13,0.0869249776005745,319.75400987506146,0.020096994210083114,0.7480809490579204,0.50817717109455
covtype_binary_20000,19,415,layer_1::c4: ka_concept_1.c10 IS MEDIUM,0.7480809490579204,17.06911113166491,0.43741789364243355,1403,0.08673537522554398,51364.69592320928,0.1781280650127058,0.7480809490579204,0.50817717109455
covtype_binary_20000,19,416,layer_1::c2: ka_concept_1.c0 IS MEDIUM,0.092468132566771,17.95818791526314,0.5625821063575664,1597,0.08573747426271439,45198.416665567274,0.1527467765090987,0.7480809490579204,0.50817717109455
covtype_binary_20000,19,417,layer_0::c6: Soil_Type_4 IS present,0.003010526522709167,0.21728031379713486,0.008649905540094332,26,0.08572910726070404,108.52854475611821,0.033046015846227725,0.7480809490579204,0.50817717109455
covtype_binary_20000,19,418,layer_0::c3: Wilderness_Area_3 IS absent,0.31847979576623375,0.6615616749677695,0.2317619942839354,785,0.08534998446702957,117.90185493540048,0.01883231906801939,0.7480809490579204,0.50817717109455
covtype_binary_20000,19,419,layer_1::c4: ka_concept_1.c0 IS HIGH,0.092468132566771,17.958187915263146,0.5625821063575549,1597,0.08529683202505112,52898.68229171634,0.17641867430048297,0.7480809490579204,0.50817717109455
covtype_binary_20000,19,420,layer_0::c3: Soil_Type_2 IS present,0.0031615377054327043,0.055617150889029965,0.004205190761213826,12,0.08515451848506927,121.64448925514444,0.02060320692829555,0.7480809490579204,0.50817717109455
covtype_binary_20000,19,421,layer_1::c3: ka_concept_1.c7 IS LOW,0.09202713739872759,17.03698605259826,0.5607190060606189,1594,0.08499260246753693,33234.00559792092,0.0987521146209765,0.7480809490579204,0.50817717109455
covtype_binary_20000,19,422,layer_1::c3: ka_concept_1.c2 IS MEDIUM,0.7480809490579204,17.06911113166491,0.43741789364243355,1403,0.0848032683134079,68597.50231993009,0.10093553812786316,0.7480809490579204,0.50817717109455
covtype_binary_20000,19,423,layer_1::c1: ka_concept_1.c10 IS LOW,0.7480809490579204,17.069111206584715,0.43741781873066776,1403,0.08426545560359955,47770.25499174546,0.2875626818711559,0.7480809490579204,0.50817717109455
covtype_binary_20000,19,424,layer_1::c5: projection_7 IS MEDIUM,0.7480809490579204,17.06911113166491,0.43741789364243355,1403,0.0840880274772644,23551.599555707144,0.1920628969023625,0.7480809490579204,0.50817717109455
covtype_binary_20000,19,425,layer_0::c11: Hillshade_9am IS MEDIUM,0.08837133018314736,16.973432446982734,0.543363013177639,1542,0.08403854072093964,469569.19713362947,0.03942320164234195,0.7480809490579204,0.50817717109455
covtype_binary_20000,19,426,layer_0::c5: Horizontal_Distance_To_Roadways IS HIGH,0.092468132566771,17.95818791526314,0.5625821063575664,1597,0.08359252661466599,144816.20736430003,0.06094953285121786,0.7480809490579204,0.50817717109455
covtype_binary_20000,19,427,layer_1::c4: ka_concept_1.c5 IS LOW,0.092468132566771,17.95818791526314,0.5625821063575664,1597,0.08298781514167786,158894.19812608586,0.16932965349406004,0.7480809490579204,0.50817717109455
covtype_binary_20000,19,428,layer_1::c4: ka_concept_1.c10 IS HIGH,0.092468132566771,17.86515164462626,0.5625820922100279,1597,0.08294259756803513,95396.40021820774,0.17176539162922805,0.7480809490579204,0.50817717109455
covtype_binary_20000,19,429,layer_1::c3: projection_1 IS MEDIUM,0.7480809490579204,17.06911113166491,0.43741789364243355,1403,0.08246354758739471,34269.275973689015,0.0976031177341938,0.7480809490579204,0.50817717109455
covtype_binary_20000,19,430,layer_0::c1: Wilderness_Area_1 IS absent,0.19346659328440285,0.21258360857549286,0.14006572020597752,623,0.08243970572948456,82.04152360682565,0.012866387075168859,0.7480809490579204,0.50817717109455
covtype_binary_20000,19,431,layer_0::c4: Slope IS MEDIUM,0.7480809490579204,16.96819601953156,0.4367660746746869,1402,0.0824107676744461,1746312.1249666882,0.13025002284508166,0.7480809490579204,0.50817717109455
covtype_binary_20000,19,432,layer_0::c8: Vertical_Distance_To_Hydrology IS MEDIUM,0.7480809490579204,17.06911113166491,0.43741789364243355,1403,0.08157580345869064,232302.05772018916,0.02958119999167199,0.7480809490579204,0.50817717109455
covtype_binary_20000,19,433,layer_0::c4: Hillshade_3pm IS HIGH,0.08996706204464111,17.39160298513638,0.5553873988824478,1577,0.08148761838674545,88976.13137999,0.13249145870572904,0.7480809490579204,0.50817717109455
covtype_binary_20000,19,434,layer_0::c4: Vertical_Distance_To_Hydrology IS MEDIUM,0.092468132566771,17.95818791526314,0.5625821063575664,1597,0.08132005482912064,52816.435359709314,0.1274573145930966,0.7480809490579204,0.50817717109455
covtype_binary_20000,19,435,layer_0::c6: Hillshade_Noon IS MEDIUM,0.7426350675058442,16.83271800477501,0.4352346634698442,1397,0.08118260651826859,415379.2209803354,0.028276046294994178,0.7480809490579204,0.50817717109455
covtype_binary_20000,19,436,layer_0::c4: Aspect IS LOW,0.7480809490579204,16.651413591616254,0.4374178891413764,1403,0.08084014058113098,61582.682059250714,0.13031492018498345,0.7480809490579204,0.50817717109455
covtype_binary_20000,19,437,layer_0::c11: Soil_Type_21 IS absent,0.7480809490579204,2.7952789016827153,0.4360350431646319,1403,0.07963021099567413,195.42925521764755,0.03699387298176362,0.7480809490579204,0.50817717109455
covtype_binary_20000,19,438,layer_0::c9: Horizontal_Distance_To_Hydrology IS MEDIUM,0.7198361608938316,16.445731676842975,0.4295280884547768,1379,0.07962141185998917,891883.8924544719,0.018738979652346156,0.7480809490579204,0.50817717109455
covtype_binary_20000,19,439,layer_1::c5: ka_concept_1.c10 IS HIGH,0.7480809490579204,14.58714719988878,0.43673916825564,1403,0.07953538000583649,25660.332451396214,0.18282978094316302,0.7480809490579204,0.50817717109455
covtype_binary_20000,19,440,layer_0::c11: Wilderness_Area_3 IS present,0.1920311269938635,3.2021864817065753,0.18749838438232894,618,0.07947762310504913,194.18524071457796,0.03710024442804206,0.7480809490579204,0.50817717109455
covtype_binary_20000,19,441,layer_1::c3: projection_0 IS HIGH,0.7480809490579204,17.06911113166491,0.43741789364243355,1403,0.07910265773534775,188848.66705450884,0.09389748330662648,0.7480809490579204,0.50817717109455
covtype_binary_20000,19,442,layer_0::c4: Horizontal_Distance_To_Fire_Points IS HIGH,0.09232120006643685,17.730928643494224,0.5602322243009652,1596,0.07829412072896957,41743.48893151275,0.12529983646297407,0.7480809490579204,0.50817717109455
covtype_binary_20000,19,443,layer_0::c3: Wilderness_Area_2 IS present,0.002021404399426552,0.6845949615499054,0.014407219863909129,11,0.078129842877388,336.36546383271343,0.018063565477932572,0.7480809490579204,0.50817717109455
covtype_binary_20000,19,444,layer_0::c11: Soil_Type_28 IS absent,-0.00035546511859096963,-0.0019478318674800432,0.006849142645492986,12,0.07745108008384705,1.1558570264060108,0.03601753874742485,0.7480809490579204,0.50817717109455
covtype_binary_20000,19,445,layer_1::c2: projection_5 IS MEDIUM,0.092468132566771,17.95818791526314,0.5625821063575664,1597,0.07714197039604187,86021.75430128806,0.13878255114828547,0.7480809490579204,0.50817717109455
covtype_binary_20000,19,446,layer_0::c8: Soil_Type_11 IS absent,0.6850474625181963,1.4134264241215504,0.4062712855836429,1343,0.07669981569051743,153.8714717640687,0.028496706944332647,0.7480809490579204,0.50817717109455
covtype_binary_20000,19,447,layer_0::c9: Soil_Type_30 IS present,0.032138920072413146,0.6844553657313772,0.03027227443720321,106,0.07659510523080826,70.55100738315377,0.01675592512113023,0.7480809490579204,0.50817717109455
covtype_binary_20000,19,448,layer_0::c0: Soil_Type_38 IS absent,0.7480809490579204,0.5893340026447031,0.3352334365672348,1403,0.07621113210916519,116.28157886444751,0.020969422117122424,0.7480809490579204,0.50817717109455
covtype_binary_20000,19,449,layer_1::c1: projection_6 IS MEDIUM,0.7480809490579204,17.06911113166491,0.43741789364243355,1403,0.075293630361557,33996.141313097934,0.25807940512895583,0.7480809490579204,0.50817717109455
covtype_binary_20000,19,450,layer_1::c2: projection_0 IS HIGH,0.092468132566771,17.95818791526314,0.5625821063575664,1597,0.07497498393058777,122673.86413318769,0.13522444435209036,0.7480809490579204,0.50817717109455
covtype_binary_20000,19,451,layer_0::c0: Soil_Type_38 IS present,0.001227802204773587,0.032753162824056936,0.003038034219116574,6,0.07359666377305984,133.6733471066691,0.019156531821655033,0.7480809490579204,0.50817717109455
covtype_binary_20000,19,452,layer_0::c9: Horizontal_Distance_To_Fire_Points IS HIGH,0.092468132566771,17.734911043959585,0.5603020434765306,1597,0.07313479483127594,325402.89313510765,0.016953979341964305,0.7480809490579204,0.50817717109455
covtype_binary_20000,19,453,layer_0::c11: Hillshade_9am IS HIGH,0.08340616165272619,16.19885734406182,0.5236014777847398,1485,0.07303839176893234,452859.5806791011,0.03350836767383777,0.7480809490579204,0.50817717109455
covtype_binary_20000,19,454,layer_1::c5: projection_4 IS MEDIUM,0.092468132566771,17.95818791526314,0.5625821063575664,1597,0.07295200973749161,96630.4862195094,0.16731410074730715,0.7480809490579204,0.50817717109455
covtype_binary_20000,19,455,layer_0::c3: Soil_Type_40 IS present,0.0010509001410791141,0.010656253429473184,0.0018777090427475945,4,0.07273496687412262,68.87620290217455,0.013131029295012316,0.7480809490579204,0.50817717109455
covtype_binary_20000,19,456,layer_0::c4: Wilderness_Area_1 IS absent,0.19620259485398484,8.354899439533073,0.20529978841372917,630,0.07269060611724854,600.5507500430904,0.11825215996460246,0.7480809490579204,0.50817717109455
covtype_binary_20000,19,457,layer_1::c5: ka_concept_1.c10 IS MEDIUM,0.7480809490579204,17.06911113166491,0.43741789364243355,1403,0.07230480015277863,131306.05896657857,0.16482833562015245,0.7480809490579204,0.50817717109455
covtype_binary_20000,19,458,layer_1::c4: ka_concept_1.c3 IS HIGH,0.092468132566771,17.155647756693533,0.5625730176628309,1597,0.071602001786232,28101.340446479488,0.14337717528372013,0.7480809490579204,0.50817717109455
covtype_binary_20000,19,459,layer_1::c2: projection_0 IS MEDIUM,0.092468132566771,17.95818791526314,0.5625821063575664,1597,0.07147183269262314,53599.2313121926,0.1285077733869354,0.7480809490579204,0.50817717109455
covtype_binary_20000,19,460,layer_1::c5: ka_concept_1.c0 IS HIGH,0.092468132566771,17.95818791526314,0.5625821063575664,1597,0.07103881984949112,214517.7100114879,0.1630932548979957,0.7480809490579204,0.50817717109455
covtype_binary_20000,19,461,layer_0::c4: Wilderness_Area_1 IS absent,0.19490847363343433,8.354881632636735,0.20521553274833568,628,0.07092355191707611,557.1868160234808,0.11537754178775868,0.7480809490579204,0.50817717109455
covtype_binary_20000,19,462,layer_1::c5: projection_5 IS MEDIUM,0.092468132566771,17.95818791526314,0.5625821063575664,1597,0.07081224769353867,147852.47635478823,0.1606694253385067,0.7480809490579204,0.50817717109455
covtype_binary_20000,19,463,layer_0::c4: Wilderness_Area_4 IS absent,0.7467148288393413,16.791930618744786,0.4331203233399878,1402,0.070401132106781,669.7085973154099,0.11284967443551129,0.7480809490579204,0.50817717109455
covtype_binary_20000,19,464,layer_1::c4: ka_concept_1.c9 IS MEDIUM,0.092468132566771,17.95818791526314,0.5625821063575664,1597,0.07029211521148682,10850.854618481797,0.1436190436516578,0.7480809490579204,0.50817717109455
covtype_binary_20000,19,465,layer_0::c9: Wilderness_Area_1 IS absent,0.19411127912036463,0.40708858120385416,0.17642238431022,624,0.07010270655155182,97.44446485002027,0.016519306698884066,0.7480809490579204,0.50817717109455
covtype_binary_20000,19,466,layer_1::c5: projection_3 IS LOW,0.092468132566771,17.95818791526314,0.5625821063575664,1597,0.06970656663179398,240679.72029042486,0.1585579592337211,0.7480809490579204,0.50817717109455
covtype_binary_20000,19,467,layer_1::c1: projection_7 IS MEDIUM,0.092468132566771,17.95818791526314,0.5625821063575664,1597,0.06955402344465256,134999.13688490348,0.24021270101269085,0.7480809490579204,0.50817717109455
covtype_binary_20000,19,468,layer_1::c5: projection_2 IS MEDIUM,0.092468132566771,17.95818791526314,0.5625821063575664,1597,0.06940614432096481,303251.9649964539,0.15697835574050745,0.7480809490579204,0.50817717109455
covtype_binary_20000,19,469,layer_1::c5: ka_concept_1.c3 IS HIGH,0.092468132566771,17.530391103740484,0.5625817668855253,1597,0.06932739913463593,40723.23360506601,0.15409496693375696,0.7480809490579204,0.50817717109455
covtype_binary_20000,19,470,layer_1::c2: projection_3 IS MEDIUM,0.7480809490579204,17.06911113166491,0.43741789364243355,1403,0.0691232681274414,535522.5267490558,0.12410290047774712,0.7480809490579204,0.50817717109455
covtype_binary_20000,19,471,layer_1::c5: ka_concept_1.c9 IS LOW,0.092468132566771,17.9023157685357,0.5625821059094401,1597,0.06893789023160934,190067.0766567696,0.1571948731392428,0.7480809490579204,0.50817717109455
covtype_binary_20000,19,472,layer_0::c2: Soil_Type_38 IS absent,0.7480809490579204,0.7020013571304764,0.3561847734330367,1403,0.06891841441392899,123.81287686101132,0.02193742311611201,0.7480809490579204,0.50817717109455
covtype_binary_20000,19,473,layer_0::c9: Hillshade_3pm IS LOW,0.7467148288393413,16.887808103744497,0.4368632577584405,1402,0.06870117038488388,528799.4348705297,0.015829358149924245,0.7480809490579204,0.50817717109455
covtype_binary_20000,19,474,layer_0::c3: Soil_Type_13 IS present,0.019115678739266673,0.6348919220066647,0.018822295230862717,73,0.06860645860433578,206.658493693918,0.012408676694127886,0.7480809490579204,0.50817717109455
covtype_binary_20000,19,475,layer_1::c1: ka_concept_1.c0 IS HIGH,0.7480809490579204,17.06911113166491,0.43741789364243355,1403,0.06855279207229614,83642.75933636366,0.23797417225354972,0.7480809490579204,0.50817717109455
covtype_binary_20000,19,476,layer_0::c6: Aspect IS HIGH,0.7480809490579204,17.06911113166491,0.43741789364243355,1403,0.06849812716245651,395238.00520803797,0.023635169662612802,0.7480809490579204,0.50817717109455
covtype_binary_20000,19,477,layer_0::c1: Wilderness_Area_2 IS present,0.0009665734020967154,0.6842876154007822,0.013322831487431235,7,0.06833668798208237,197.03335749046528,0.01099954270350281,0.7480809490579204,0.50817717109455
covtype_binary_20000,19,478,layer_1::c2: projection_4 IS LOW,0.092468132566771,17.95818791526314,0.5625821063575664,1597,0.06798174232244492,73813.93727961353,0.12138877206419905,0.7480809490579204,0.50817717109455
covtype_binary_20000,19,479,layer_1::c2: ka_concept_1.c3 IS MEDIUM,0.7480809490579204,17.06911113166491,0.43741789364243355,1403,0.06788226217031479,139652.69993853077,0.12313746198359878,0.7480809490579204,0.50817717109455
covtype_binary_20000,19,480,layer_0::c4: Slope IS HIGH,0.09217420169185897,17.928288084281476,0.5619609535450595,1595,0.06741303205490112,517257.45905377786,0.10706595734309057,0.7480809490579204,0.50817717109455
covtype_binary_20000,19,481,layer_1::c2: ka_concept_1.c7 IS MEDIUM,0.7480809490579204,17.06911113166491,0.43741789364243355,1403,0.06732288748025894,146761.3446491133,0.12123091381601989,0.7480809490579204,0.50817717109455
covtype_binary_20000,19,482,layer_1::c5: ka_concept_1.c2 IS MEDIUM,0.092468132566771,17.95818791526314,0.5625821063575664,1597,0.06726600229740143,30623.54992540015,0.15342065311595798,0.7480809490579204,0.50817717109455
covtype_binary_20000,19,483,layer_0::c3: Wilderness_Area_4 IS present,0.00017592112495956602,0.06539733306076367,0.004453906827439537,2,0.06678471714258194,37.703105139262334,0.015329091945399947,0.7480809490579204,0.50817717109455
covtype_binary_20000,19,484,layer_0::c6: Wilderness_Area_4 IS present,0.00017592112495956602,0.1494929244650941,0.004609505826562355,2,0.06668660789728165,53.23329648850631,0.02388427046601282,0.7480809490579204,0.50817717109455
covtype_binary_20000,19,485,layer_1::c3: ka_concept_1.c6 IS HIGH,0.092468132566771,17.95818791526314,0.5625821063575664,1597,0.06655105203390121,380388.509582831,0.08101537083758739,0.7480809490579204,0.50817717109455
covtype_binary_20000,19,486,layer_0::c4: Hillshade_3pm IS LOW,0.09173281087936502,17.521552867552202,0.5607282622503508,1592,0.06616748124361038,48270.57922938207,0.10524888357476235,0.7480809490579204,0.50817717109455
covtype_binary_20000,19,487,layer_0::c6: Aspect IS LOW,0.092468132566771,17.95818791526314,0.5625821063575664,1597,0.0660826712846756,1134316.2669321008,0.022905716435809156,0.7480809490579204,0.50817717109455
covtype_binary_20000,19,488,layer_0::c10: Wilderness_Area_3 IS present,0.14552775756855874,0.0779183731214983,0.08465658813652505,516,0.06548377871513367,51.154922894793344,0.009775996922769082,0.7480809490579204,0.50817717109455
covtype_binary_20000,19,489,layer_1::c3: projection_5 IS HIGH,0.092468132566771,17.95818791526314,0.5625821063575664,1597,0.0648765042424202,204751.99416488592,0.07771768926045236,0.7480809490579204,0.50817717109455
covtype_binary_20000,19,490,layer_1::c3: projection_7 IS LOW,0.7480809490579204,17.06911113166491,0.43741789364243355,1403,0.06433447450399399,681796.3752583326,0.07585077393986285,0.7480809490579204,0.50817717109455
covtype_binary_20000,19,491,layer_1::c5: projection_2 IS LOW,0.7480809490579204,17.06911113166491,0.43741789364243355,1403,0.06408777832984924,107506.37478284826,0.14991665614272157,0.7480809490579204,0.50817717109455
covtype_binary_20000,19,492,layer_0::c8: Wilderness_Area_4 IS present,0.03430693407908614,1.3403603353951974,0.06473424170732049,205,0.064040906727314,71.673820181888,0.024679079827418415,0.7480809490579204,0.50817717109455
covtype_binary_20000,19,493,layer_0::c2: Soil_Type_13 IS present,0.021591358246721537,0.6352628391078208,0.019972125856042168,80,0.06368014216423035,263.48751745314803,0.01653324705630318,0.7480809490579204,0.50817717109455
covtype_binary_20000,19,494,layer_1::c1: ka_concept_1.c2 IS HIGH,0.7480809490579204,16.997518352959034,0.4373923264943283,1403,0.06328205019235611,12813.823018227398,0.21273093292594664,0.7480809490579204,0.50817717109455
covtype_binary_20000,19,495,layer_0::c9: Wilderness_Area_3 IS present,0.1920311269938635,0.30136307237937976,0.15458987025182686,618,0.06306413561105728,78.3442766586013,0.014751444362110306,0.7480809490579204,0.50817717109455
covtype_binary_20000,19,496,layer_0::c4: Horizontal_Distance_To_Roadways IS HIGH,0.092468132566771,17.95818791526314,0.5625821063575664,1597,0.06300409883260727,100170.71763563227,0.098373919831065,0.7480809490579204,0.50817717109455
covtype_binary_20000,19,497,layer_0::c6: Wilderness_Area_4 IS present,0.00017592112495956602,0.08984123395956489,0.004499891368497578,2,0.06233185902237892,34.91820027279027,0.022324586594237188,0.7480809490579204,0.50817717109455
covtype_binary_20000,19,498,layer_0::c8: Soil_Type_4 IS present,0.007821208798180157,0.656128595946829,0.019708830077771987,60,0.06231185048818588,36.44849626108771,0.025843992781012882,0.7480809490579204,0.50817717109455
covtype_binary_20000,19,499,layer_0::c11: Soil_Type_4 IS present,0.0008899378219653364,0.030391661683172644,0.006586155575013812,18,0.06181202083826065,4.962502253998537,0.03203174505159889,0.7480809490579204,0.50817717109455
covtype_binary_20000,19,500,layer_1::c3: projection_2 IS LOW,0.7480809490579204,17.06911113166491,0.43741789364243355,1403,0.061677441000938416,177191.20400929748,0.07529121362169584,0.7480809490579204,0.50817717109455
covtype_binary_20000,19,501,layer_1::c5: ka_concept_1.c5 IS LOW,0.092468132566771,17.95818791526314,0.5625821063575664,1597,0.06137470528483391,75159.41485448324,0.13900702484448751,0.7480809490579204,0.50817717109455
covtype_binary_20000,19,502,layer_0::c7: Aspect IS LOW,0.7480809490579204,17.0303187513488,0.4374178936424316,1403,0.0600539967417717,339383.827584643,0.0471018734881048,0.7480809490579204,0.50817717109455
covtype_binary_20000,19,503,layer_1::c2: projection_2 IS LOW,0.092468132566771,17.95818791526314,0.5625821063575664,1597,0.05984870344400406,170884.13683319726,0.11100656057335437,0.7480809490579204,0.50817717109455
covtype_binary_20000,19,504,"projection_layer::pursuit_0(Horizontal_Distance_To_Fire_Points, Hillshade_3pm, Soil_Type_29, Soil_Type_4) IS LOW",0.027406462254401354,0.02432930946971401,0.029957801188027374,138,0.05950135365128517,7.851892809572746,0.030911462243409384,0.7480809490579204,0.50817717109455
covtype_binary_20000,19,505,layer_1::c1: ka_concept_1.c6 IS LOW,0.0927694295599375,17.44571389960946,0.5620671641638215,1596,0.05917155370116234,12934.157280121457,0.20178900095417338,0.7480809490579204,0.50817717109455
covtype_binary_20000,19,506,layer_0::c3: Soil_Type_38 IS absent,0.1930350774982874,0.11942587690493,0.15059333937985672,686,0.058356113731861115,71.19666457283711,0.01294026318431141,0.7480809490579204,0.50817717109455
covtype_binary_20000,19,507,layer_1::c1: ka_concept_1.c11 IS LOW,0.7480809490579204,17.065572132112628,0.43741775466441285,1403,0.057210683822631836,13308.096531263383,0.19590974292655786,0.7480809490579204,0.50817717109455
covtype_binary_20000,19,508,layer_1::c3: ka_concept_1.c0 IS LOW,0.092468132566771,15.962564789234817,0.5625570611863647,1597,0.05704687908291817,113495.04885786999,0.06535779534225246,0.7480809490579204,0.50817717109455
covtype_binary_20000,19,509,layer_1::c3: ka_concept_1.c1 IS HIGH,0.092468132566771,17.138868925699917,0.5625703757700898,1597,0.05698085576295853,66063.66840790948,0.06624518844122455,0.7480809490579204,0.50817717109455
covtype_binary_20000,19,510,layer_0::c7: Hillshade_9am IS HIGH,0.08432148153439512,16.276842709329138,0.524842633844104,1491,0.05669865384697914,450067.2357215739,0.04378223912628169,0.7480809490579204,0.50817717109455
covtype_binary_20000,19,511,layer_1::c4: projection_4 IS MEDIUM,0.7480809490579204,17.06911113166491,0.43741789364243355,1403,0.05640814080834389,295263.2556244705,0.11654896999771397,0.7480809490579204,0.50817717109455
covtype_binary_20000,19,512,"projection_layer::pursuit_6(Horizontal_Distance_To_Roadways, Soil_Type_38, Wilderness_Area_2, Soil_Type_18) IS HIGH",-0.0009335056069941228,1.1622080151845655,0.05212861130427545,178,0.05632451921701431,1490.421387808572,0.04124761083310004,0.7480809490579204,0.50817717109455
covtype_binary_20000,19,513,layer_0::c8: Soil_Type_30 IS present,0.03260432709344052,1.0111118599007072,0.0304395636109957,107,0.05625705048441887,86.811280514783,0.019656466055263687,0.7480809490579204,0.50817717109455
covtype_binary_20000,19,514,layer_0::c2: Soil_Type_38 IS present,0.015043103848237482,0.6429537289034044,0.021588216249556026,67,0.05616661533713341,44.042683346022386,0.016912944309816037,0.7480809490579204,0.50817717109455
covtype_binary_20000,19,515,layer_1::c2: projection_5 IS LOW,0.092468132566771,17.95818791526314,0.5625821063575664,1597,0.05599605664610863,230690.61771592117,0.10030637025895218,0.7480809490579204,0.50817717109455
covtype_binary_20000,19,516,layer_1::c5: ka_concept_1.c11 IS LOW,0.092468132566771,17.94109639417831,0.5625821048312962,1597,0.05573069304227829,94536.01924074849,0.12621441464637367,0.7480809490579204,0.50817717109455
covtype_binary_20000,19,517,layer_1::c2: ka_concept_1.c2 IS MEDIUM,0.092468132566771,17.95818791526314,0.5625821063575664,1597,0.055488333106040955,166414.484994807,0.100348096391807,0.7480809490579204,0.50817717109455
covtype_binary_20000,19,518,layer_1::c2: ka_concept_1.c1 IS HIGH,0.7480809490579204,16.75673713369462,0.43741789069555215,1403,0.05511488765478134,160071.48396810872,0.09735768953877172,0.7480809490579204,0.50817717109455
covtype_binary_20000,19,519,layer_1::c4: ka_concept_1.c9 IS LOW,0.092468132566771,17.413599356176945,0.562570946416001,1597,0.05486121028661728,85613.57093220184,0.11269825492814804,0.7480809490579204,0.50817717109455
covtype_binary_20000,19,520,layer_1::c2: ka_concept_1.c6 IS LOW,0.092468132566771,17.508730751015086,0.5623017506355746,1597,0.05425833538174629,31473.406701926964,0.09702994641314339,0.7480809490579204,0.50817717109455
covtype_binary_20000,19,521,layer_0::c2: Soil_Type_2 IS present,-0.0002611102789032982,0.032440441158615885,0.0018833250971937538,1,0.053818024694919586,16.141794703609776,0.018691681776360686,0.7480809490579204,0.50817717109455
covtype_binary_20000,19,522,layer_0::c5: Hillshade_Noon IS LOW,0.7480809490579204,17.035832358902283,0.4371388054999905,1403,0.05351807549595833,403232.66399042425,0.04015149646754729,0.7480809490579204,0.50817717109455
covtype_binary_20000,19,523,layer_0::c8: Wilderness_Area_3 IS present,0.1920311269938635,0.8202843368497521,0.18462203872462926,618,0.05338510125875473,114.89909332258685,0.019944963768950403,0.7480809490579204,0.50817717109455
covtype_binary_20000,19,524,layer_0::c5: Aspect IS HIGH,0.092468132566771,17.95818791526314,0.5625821063575664,1597,0.05337289348244667,279090.80539131653,0.039994776143314086,0.7480809490579204,0.50817717109455
covtype_binary_20000,19,525,layer_1::c3: projection_6 IS LOW,0.092468132566771,17.95818791526314,0.5625821063575664,1597,0.05268842726945877,40877.717838748016,0.06223202873797466,0.7480809490579204,0.50817717109455
covtype_binary_20000,19,526,layer_0::c7: Horizontal_Distance_To_Hydrology IS HIGH,0.0935354945124659,17.839873996330866,0.5597973213941416,1589,0.05263420194387436,177151.05649333357,0.040230533676998664,0.7480809490579204,0.50817717109455
covtype_binary_20000,19,527,layer_1::c5: ka_concept_1.c3 IS LOW,0.7480809490579204,17.063604387941545,0.43741776989998893,1403,0.05232607200741768,133407.9499210151,0.11931693587971191,0.7480809490579204,0.50817717109455
covtype_binary_20000,19,528,layer_1::c2: ka_concept_1.c9 IS MEDIUM,0.7480809490579204,17.06911113166491,0.43741789364243355,1403,0.05226464942097664,26622.579444605224,0.09398558596490572,0.7480809490579204,0.50817717109455
covtype_binary_20000,19,529,layer_1::c1: projection_7 IS LOW,0.092468132566771,17.95818791526314,0.5625821063575664,1597,0.05222716182470322,180084.7532547388,0.17841603086267907,0.7480809490579204,0.50817717109455
covtype_binary_20000,19,530,layer_0::c6: Soil_Type_30 IS present,0.0330700716104948,1.0344360270835748,0.03073248816616341,108,0.05192086100578308,155.65254643786466,0.016860569934894255,0.7480809490579204,0.50817717109455
covtype_binary_20000,19,531,layer_1::c4: ka_concept_1.c1 IS HIGH,0.092468132566771,17.95818791526314,0.5625821063575664,1597,0.051612962037324905,419941.01677422295,0.1035886677944533,0.7480809490579204,0.50817717109455
covtype_binary_20000,19,532,layer_1::c0: ka_concept_1.c3 IS LOW,0.7480809490579204,17.059369382181927,0.4373990457711111,1403,0.05148298665881157,9945.851340253896,0.29798924836536755,0.7480809490579204,0.50817717109455
covtype_binary_20000,19,533,layer_1::c4: projection_3 IS LOW,0.7480809490579204,17.06911113166491,0.43741789364243355,1403,0.05124061182141304,942285.1235442525,0.10500260183215142,0.7480809490579204,0.50817717109455
covtype_binary_20000,19,534,layer_1::c1: projection_3 IS LOW,0.092468132566771,17.95818791526314,0.5625821063575664,1597,0.050333090126514435,875757.1568084818,0.17311407005538543,0.7480809490579204,0.50817717109455
covtype_binary_20000,19,535,layer_0::c5: Hillshade_Noon IS HIGH,0.08715619837795674,16.930243460265842,0.5438168247281417,1546,0.05032188445329666,320182.34263433894,0.037905111814696316,0.7480809490579204,0.50817717109455
covtype_binary_20000,19,536,layer_1::c1: ka_concept_1.c9 IS HIGH,0.092468132566771,17.811186151014745,0.5624214575717897,1597,0.05012030154466629,90301.92568432016,0.17130240294518323,0.7480809490579204,0.50817717109455
covtype_binary_20000,19,537,layer_1::c5: ka_concept_1.c1 IS MEDIUM,0.092468132566771,17.95818791526314,0.5625821063575664,1597,0.049925871193408966,209145.17326605693,0.11447867760248483,0.7480809490579204,0.50817717109455
covtype_binary_20000,19,538,layer_1::c4: projection_3 IS MEDIUM,0.092468132566771,17.95818791526314,0.5625821063575664,1597,0.049755606800317764,1450643.4504708466,0.10149667629599571,0.7480809490579204,0.50817717109455
covtype_binary_20000,19,539,layer_0::c4: Aspect IS HIGH,0.092468132566771,16.585217890075768,0.562572761950589,1597,0.04953927546739578,19090.9702191767,0.07949511424411321,0.7480809490579204,0.50817717109455
covtype_binary_20000,19,540,layer_1::c3: projection_3 IS LOW,0.092468132566771,17.95818791526314,0.5625821063575664,1597,0.04952060803771019,1248137.2022668088,0.05878190805390477,0.7480809490579204,0.50817717109455
covtype_binary_20000,19,541,layer_1::c4: projection_4 IS LOW,0.7480809490579204,17.06911113166491,0.43741789364243355,1403,0.04932088032364845,218346.40487342697,0.100062008380269,0.7480809490579204,0.50817717109455
covtype_binary_20000,19,542,layer_1::c5: projection_7 IS LOW,0.092468132566771,17.95818791526314,0.5625821063575664,1597,0.04918694496154785,439733.6873264807,0.11112784514203668,0.7480809490579204,0.50817717109455
covtype_binary_20000,19,543,layer_0::c6: Hillshade_3pm IS MEDIUM,0.09203428089547938,17.824088571901576,0.5605929962287964,1591,0.04917479306459427,733595.1916618209,0.017111541223795483,0.7480809490579204,0.50817717109455
covtype_binary_20000,19,544,layer_1::c5: ka_concept_1.c1 IS HIGH,0.092468132566771,17.742994038503305,0.5625820878350214,1597,0.04905522242188454,93562.69524532498,0.10928670461959458,0.7480809490579204,0.50817717109455
covtype_binary_20000,19,545,layer_1::c2: ka_concept_1.c2 IS LOW,0.7480809490579204,17.0381223201547,0.437417893476527,1403,0.048880305141210556,188819.8433609798,0.09016250062017692,0.7480809490579204,0.50817717109455
covtype_binary_20000,19,546,layer_1::c3: ka_concept_1.c6 IS MEDIUM,0.7480809490579204,17.06911113166491,0.43741789364243355,1403,0.04887162148952484,298519.6637432944,0.05803598004952073,0.7480809490579204,0.50817717109455
covtype_binary_20000,19,547,layer_0::c8: Wilderness_Area_4 IS absent,0.6822914753737099,0.34348388374561245,0.26804132094260363,1346,0.04884393885731697,94.19328810174011,0.01811418018885729,0.7480809490579204,0.50817717109455
covtype_binary_20000,19,548,layer_1::c4: projection_6 IS MEDIUM,0.092468132566771,17.95818791526314,0.5625821063575664,1597,0.04880803823471069,49708.39932573449,0.09967666639635961,0.7480809490579204,0.50817717109455
covtype_binary_20000,19,549,layer_1::c4: ka_concept_1.c6 IS LOW,0.0927694295599375,17.439445889404077,0.5620356453794931,1596,0.04877398535609245,25910.270891352593,0.09910137778281933,0.7480809490579204,0.50817717109455
covtype_binary_20000,19,550,layer_0::c6: Soil_Type_2 IS present,0.007874763490910097,0.24564340108554839,0.013441866309401154,44,0.04859228432178497,17.638657590294315,0.018345452879875667,0.7480809490579204,0.50817717109455
covtype_binary_20000,19,551,layer_0::c9: Wilderness_Area_2 IS present,0.0014049518570806718,0.6843149955883034,0.013420518433268518,8,0.04838597774505615,214.25156446367328,0.011759181573725073,0.7480809490579204,0.50817717109455
covtype_binary_20000,19,552,layer_1::c1: projection_4 IS MEDIUM,0.7480809490579204,17.06911113166491,0.43741789364243355,1403,0.04758547618985176,152228.18829606735,0.1650190425713857,0.7480809490579204,0.50817717109455
covtype_binary_20000,19,553,layer_0::c11: Soil_Type_18 IS absent,0.7304657729061589,0.5475023869950111,0.32602374085820435,1390,0.04738973081111908,108.53088728226794,0.021986451232221572,0.7480809490579204,0.50817717109455
covtype_binary_20000,19,554,layer_1::c4: ka_concept_1.c6 IS HIGH,0.092468132566771,17.81051080783189,0.5625821058925079,1597,0.04729001969099045,56067.44810796534,0.099382536875215,0.7480809490579204,0.50817717109455
covtype_binary_20000,19,555,layer_1::c3: ka_concept_1.c4 IS LOW,0.7480809490579204,17.06911113166491,0.43741789364243355,1403,0.04713950678706169,811807.7839008218,0.05589111621677875,0.7480809490579204,0.50817717109455
covtype_binary_20000,19,556,layer_0::c9: Hillshade_9am IS MEDIUM,0.08822627149207118,16.912147936767184,0.5417873040257641,1538,0.047026678919792175,1199224.416711651,0.011054469600472728,0.7480809490579204,0.50817717109455
covtype_binary_20000,19,557,layer_0::c2: Vertical_Distance_To_Hydrology IS HIGH,0.7480809490579204,17.06911113166491,0.43741789364243355,1403,0.04700697958469391,1838854.2985971572,0.01375936826957756,0.7480809490579204,0.50817717109455
covtype_binary_20000,19,558,layer_0::c0: Soil_Type_40 IS present,0.002082340846368602,0.004307602584861181,0.0037989309871413342,8,0.046619996428489685,2.6920822579413652,0.010443333781355856,0.7480809490579204,0.50817717109455
covtype_binary_20000,19,559,layer_1::c3: ka_concept_1.c6 IS LOW,0.7480809490579204,16.966169397017275,0.43741670274585287,1403,0.04633374512195587,48164.78116493411,0.05453317107713519,0.7480809490579204,0.50817717109455
covtype_binary_20000,19,560,layer_0::c9: Wilderness_Area_4 IS present,-0.0011364422464273938,-0.0009580743424025817,0.007553349336384069,9,0.045831695199012756,7.851035858504474,0.011057993624507314,0.7480809490579204,0.50817717109455
covtype_binary_20000,19,561,layer_1::c2: ka_concept_1.c3 IS LOW,0.09114336486393748,17.597418632100826,0.5600497335582649,1588,0.04575476050376892,73903.09335427204,0.08272552253769269,0.7480809490579204,0.50817717109455
covtype_binary_20000,19,562,layer_0::c10: Wilderness_Area_2 IS present,0.0005285015054729003,0.2684748420106957,0.012931831136428864,6,0.04573360085487366,106.82272993429433,0.007093625502275245,0.7480809490579204,0.50817717109455
covtype_binary_20000,19,563,layer_1::c1: projection_3 IS MEDIUM,0.092468132566771,17.95818791526314,0.5625821063575664,1597,0.045704010874032974,285099.26167118317,0.15647936168313026,0.7480809490579204,0.50817717109455
covtype_binary_20000,19,564,layer_1::c3: ka_concept_1.c7 IS MEDIUM,0.092468132566771,17.95818791526314,0.5625821063575664,1597,0.04569743946194649,292140.73051644285,0.05415848284043993,0.7480809490579204,0.50817717109455
covtype_binary_20000,19,565,layer_1::c4: ka_concept_1.c11 IS MEDIUM,0.7480809490579204,17.06911113166491,0.43741789364243355,1403,0.045540984719991684,59376.69885391294,0.09279957337832699,0.7480809490579204,0.50817717109455
covtype_binary_20000,19,566,layer_0::c8: Hillshade_3pm IS MEDIUM,0.7480809490579204,17.038346516508227,0.43714470139441935,1403,0.04537751153111458,2413603.1997117447,0.016989686689695627,0.7480809490579204,0.50817717109455
covtype_binary_20000,19,567,layer_0::c4: Hillshade_3pm IS MEDIUM,0.7480809490579204,16.988498453809676,0.4369813438385642,1403,0.04537374898791313,116896.41058569345,0.07342805044107278,0.7480809490579204,0.50817717109455
covtype_binary_20000,19,568,layer_1::c4: projection_5 IS MEDIUM,0.7480809490579204,17.06911113166491,0.43741789364243355,1403,0.04530944675207138,301646.0626711345,0.09261579309528073,0.7480809490579204,0.50817717109455
covtype_binary_20000,19,569,layer_1::c2: projection_3 IS LOW,0.092468132566771,17.95818791526314,0.5625821063575664,1597,0.04520254582166672,589213.0389180351,0.08152607201412321,0.7480809490579204,0.50817717109455
covtype_binary_20000,19,570,layer_0::c7: Wilderness_Area_3 IS absent,0.3182732567502281,2.743176193104523,0.25013132664020665,786,0.045091185718774796,185.40819116073544,0.03512901174675789,0.7480809490579204,0.50817717109455
covtype_binary_20000,19,571,layer_0::c4: Soil_Type_29 IS absent,0.4262042442024922,11.744152226091504,0.3254769852981206,1033,0.045030299574136734,372.16896113176153,0.07284372393396098,0.7480809490579204,0.50817717109455
covtype_binary_20000,19,572,layer_0::c2: Aspect IS LOW,0.092468132566771,17.95818791526314,0.5625821063575664,1597,0.04424799233675003,1673683.7201272952,0.01410942954079716,0.7480809490579204,0.50817717109455
covtype_binary_20000,19,573,layer_0::c11: Wilderness_Area_3 IS present,0.1920311269938635,0.8426054247136776,0.1849017610674313,618,0.04407358914613724,113.65160681035923,0.02057359901206655,0.7480809490579204,0.50817717109455
covtype_binary_20000,19,574,layer_0::c5: Soil_Type_11 IS absent,0.6850474625181963,2.2605673845436547,0.4198343199900075,1343,0.043890491127967834,187.59971311336267,0.032913581858292525,0.7480809490579204,0.50817717109455
covtype_binary_20000,19,575,layer_0::c2: Soil_Type_40 IS present,0.00017592112495956602,0.01048902833114529,0.001345749181955801,2,0.04349566996097565,44.67754024773603,0.011271848691649211,0.7480809490579204,0.50817717109455
covtype_binary_20000,19,576,layer_1::c0: projection_7 IS LOW,0.7480809490579204,17.06911113166491,0.43741789364243355,1403,0.04330998286604881,33760.01156552833,0.24837844829758007,0.7480809490579204,0.50817717109455
covtype_binary_20000,19,577,layer_0::c2: Wilderness_Area_1 IS absent,0.19346659328440285,0.2112009137934282,0.13967278464485078,623,0.04287153482437134,76.19535732712302,0.013795854505429361,0.7480809490579204,0.50817717109455
covtype_binary_20000,19,578,layer_1::c2: projection_2 IS HIGH,0.092468132566771,17.95818791526314,0.5625821063575664,1597,0.04199539124965668,383092.48467702745,0.07455357320746407,0.7480809490579204,0.50817717109455
covtype_binary_20000,19,579,layer_1::c0: ka_concept_1.c10 IS LOW,0.092468132566771,17.913176999202193,0.5625508813843846,1597,0.041311778128147125,93871.21769293898,0.23667115961361074,0.7480809490579204,0.50817717109455
covtype_binary_20000,19,580,layer_0::c9: Soil_Type_11 IS present,-0.0009618633333082771,0.011811039525220224,0.007269933497376539,7,0.04107746481895447,10.00871134980116,0.00989343029321147,0.7480809490579204,0.50817717109455
covtype_binary_20000,19,581,layer_0::c7: Soil_Type_30 IS absent,0.6409380919150633,1.912120266574544,0.40261027215041123,1298,0.04057539626955986,169.18054516732082,0.03182779716529846,0.7480809490579204,0.50817717109455
covtype_binary_20000,19,582,layer_1::c2: projection_6 IS LOW,0.092468132566771,17.95818791526314,0.5625821063575664,1597,0.04050641879439354,147050.5222770161,0.07269399997716149,0.7480809490579204,0.50817717109455
covtype_binary_20000,19,583,layer_0::c4: Wilderness_Area_3 IS present,0.19267373944510335,7.393510236799117,0.18777684975856657,619,0.0405006967484951,337.0093161052355,0.0654015999927251,0.7480809490579204,0.50817717109455
covtype_binary_20000,19,584,layer_1::c2: ka_concept_1.c6 IS HIGH,0.7480809490579204,17.06859651563594,0.43741789364243355,1403,0.04034224525094032,221758.90419077087,0.07461883408114954,0.7480809490579204,0.50817717109455
covtype_binary_20000,19,585,layer_0::c4: Soil_Type_11 IS absent,0.6850474625181963,10.258417570235219,0.42253138139097535,1343,0.040341008454561234,352.0238098388909,0.06478279880539654,0.7480809490579204,0.50817717109455
covtype_binary_20000,19,586,layer_1::c5: projection_5 IS LOW,0.092468132566771,17.95818791526314,0.5625821063575664,1597,0.03988597169518471,275951.7358287489,0.09010978793414931,0.7480809490579204,0.50817717109455
covtype_binary_20000,19,587,layer_1::c1: ka_concept_1.c5 IS LOW,0.7480809490579204,17.06911113166491,0.43741789364243355,1403,0.03985881060361862,208457.24716935444,0.13650106297185025,0.7480809490579204,0.50817717109455
covtype_binary_20000,19,588,layer_1::c5: projection_0 IS LOW,0.092468132566771,17.95818791526314,0.5625821063575664,1597,0.03983062133193016,134260.63305819838,0.09004915083820621,0.7480809490579204,0.50817717109455
covtype_binary_20000,19,589,layer_1::c0: ka_concept_1.c5 IS LOW,0.7480809490579204,17.06911113166491,0.43741789364243355,1403,0.039698246866464615,87570.27932102761,0.22822935930887858,0.7480809490579204,0.50817717109455
covtype_binary_20000,19,590,layer_1::c1: ka_concept_1.c6 IS MEDIUM,0.092468132566771,17.95818791526314,0.5625821063575664,1597,0.03966151922941208,13633.017722446297,0.13646808407579858,0.7480809490579204,0.50817717109455
covtype_binary_20000,19,591,layer_1::c2: ka_concept_1.c4 IS LOW,0.092468132566771,17.95818791526314,0.5625821063575664,1597,0.03954419866204262,409490.9304014845,0.07123877605547507,0.7480809490579204,0.50817717109455
covtype_binary_20000,19,592,layer_0::c4: Vertical_Distance_To_Hydrology IS LOW,0.7467148288393413,17.045685707688726,0.43708806264679295,1402,0.0391487292945385,157801.5352886297,0.06347951176601502,0.7480809490579204,0.50817717109455
covtype_binary_20000,19,593,layer_0::c4: Soil_Type_13 IS absent,0.6827214719337374,9.187951762030016,0.4202500329912417,1336,0.03911443427205086,325.4231622806474,0.06320649133137976,0.7480809490579204,0.50817717109455
covtype_binary_20000,19,594,layer_0::c7: Hillshade_9am IS MEDIUM,0.7265321275090989,16.628905510612874,0.43033891237986405,1381,0.0389082133769989,1308182.2787359084,0.03072117421678971,0.7480809490579204,0.50817717109455
covtype_binary_20000,19,595,layer_0::c4: Elevation IS LOW,0.09143822015307301,17.74384590198902,0.5605537475014816,1590,0.03890254721045494,153823.16551483038,0.06275896896001054,0.7480809490579204,0.50817717109455
covtype_binary_20000,19,596,"projection_layer::pursuit_6(Horizontal_Distance_To_Roadways, Soil_Type_38, Wilderness_Area_2, Soil_Type_18) IS LOW",0.7480809490579204,16.29190187121943,0.4274289927201007,1402,0.03834801912307739,1550.1317672119621,0.026761867338388888,0.7480809490579204,0.50817717109455
covtype_binary_20000,19,597,layer_0::c7: Hillshade_3pm IS MEDIUM,0.09188000714269284,17.858619374633804,0.5609653700416927,1593,0.038311176002025604,867199.8147205277,0.030165600229692245,0.7480809490579204,0.50817717109455
covtype_binary_20000,19,598,layer_1::c3: ka_concept_1.c8 IS MEDIUM,0.092468132566771,17.95818791526314,0.5625821063575664,1597,0.03801606595516205,98400.38243838414,0.044555156220992403,0.7480809490579204,0.50817717109455
covtype_binary_20000,19,599,layer_1::c1: ka_concept_1.c3 IS HIGH,0.7480809490579204,16.982432966500205,0.43741789364017425,1403,0.03751783072948456,152441.6502062393,0.1260914403694866,0.7480809490579204,0.50817717109455
covtype_binary_20000,19,600,layer_1::c4: ka_concept_1.c7 IS MEDIUM,0.092468132566771,17.95818791526314,0.5625821063575664,1597,0.03704841434955597,90673.89463512237,0.07580055695616951,0.7480809490579204,0.50817717109455
covtype_binary_20000,19,601,layer_0::c5: Slope IS LOW,0.7372261322329544,16.735338168185812,0.4333011133885024,1392,0.03695152699947357,26344487.697570823,0.027725039755728858,0.7480809490579204,0.50817717109455
covtype_binary_20000,19,602,layer_1::c3: projection_2 IS MEDIUM,0.7480809490579204,17.06911113166491,0.43741789364243355,1403,0.03677596151828766,150120.61814455202,0.04340594414124886,0.7480809490579204,0.50817717109455
covtype_binary_20000,19,603,layer_0::c8: Wilderness_Area_4 IS present,0.03430693407908614,0.10741186475881126,0.05573228150944341,205,0.03671406954526901,24.9429930770566,0.01414829326829325,0.7480809490579204,0.50817717109455
covtype_binary_20000,19,604,layer_1::c2: ka_concept_1.c0 IS LOW,0.092468132566771,15.551510409561418,0.5624832649824437,1597,0.03664014860987663,98499.55191565311,0.06378206388165805,0.7480809490579204,0.50817717109455
covtype_binary_20000,19,605,layer_1::c2: ka_concept_1.c5 IS LOW,0.092468132566771,17.95818791526314,0.5625821063575664,1597,0.03623306378722191,206019.96395087638,0.06506862231343985,0.7480809490579204,0.50817717109455
covtype_binary_20000,19,606,layer_0::c9: Soil_Type_11 IS absent,0.04033047646812837,0.030803182924622252,0.06215695768659198,221,0.03596014529466629,45.592798292969746,0.008364898643661358,0.7480809490579204,0.50817717109455
covtype_binary_20000,19,607,layer_1::c0: ka_concept_1.c1 IS LOW,0.09188000714269284,17.47677009892582,0.5612961528247441,1593,0.035576045513153076,19682.342041762626,0.20566330137410357,0.7480809490579204,0.50817717109455
covtype_binary_20000,19,608,layer_0::c2: Wilderness_Area_4 IS present,0.00043697000032882904,0.011583803280375893,0.0035776273287196647,1,0.035565100610256195,10.89625653645453,0.011718093076449198,0.7480809490579204,0.50817717109455
covtype_binary_20000,19,609,layer_1::c4: ka_concept_1.c2 IS MEDIUM,0.7480809490579204,17.06911113166491,0.43741789364243355,1403,0.035345301032066345,225298.0232128909,0.07262585786497221,0.7480809490579204,0.50817717109455
covtype_binary_20000,19,610,layer_0::c9: Wilderness_Area_2 IS present,0.0005285015054729003,0.4071925680188623,0.013034604376859786,6,0.03480038046836853,133.39927970177087,0.008457492493289465,0.7480809490579204,0.50817717109455
covtype_binary_20000,19,611,layer_0::c5: Soil_Type_35 IS absent,0.7480809490579204,1.036785639786448,0.3967591726496392,1403,0.03463054448366165,136.2762662233465,0.026017691122790135,0.7480809490579204,0.50817717109455
covtype_binary_20000,19,612,layer_0::c8: Wilderness_Area_1 IS present,0.30808094905792044,0.1731731977868043,0.14285058207952792,766,0.03458753973245621,68.60009563747008,0.012666960169653522,0.7480809490579204,0.50817717109455
covtype_binary_20000,19,613,layer_1::c3: ka_concept_1.c0 IS MEDIUM,0.7480809490579204,17.06911113166491,0.43741789364243355,1403,0.03410862013697624,497186.1012680129,0.03999351181353753,0.7480809490579204,0.50817717109455
covtype_binary_20000,19,614,layer_1::c4: ka_concept_1.c1 IS MEDIUM,0.7480809490579204,17.06911113166491,0.43741789364243355,1403,0.033845577389001846,136547.17738038226,0.06991530268235753,0.7480809490579204,0.50817717109455
covtype_binary_20000,19,615,layer_0::c10: Wilderness_Area_2 IS absent,0.009994241784541669,0.006673434779516874,0.019692652703852544,75,0.03368865326046944,23.9555766496228,0.004993444722479884,0.7480809490579204,0.50817717109455
covtype_binary_20000,19,616,layer_1::c2: ka_concept_1.c9 IS LOW,0.092468132566771,17.166353441609438,0.5625063245963827,1597,0.033667150884866714,106419.10138991397,0.060870375991696465,0.7480809490579204,0.50817717109455
covtype_binary_20000,19,617,layer_1::c4: ka_concept_1.c2 IS LOW,0.092468132566771,17.72072771751902,0.5625792978179854,1597,0.03333308920264244,61520.201848840516,0.06985857796743221,0.7480809490579204,0.50817717109455
covtype_binary_20000,19,618,layer_0::c8: Hillshade_3pm IS LOW,0.092468132566771,17.874306249870926,0.5622922876455623,1597,0.033259715884923935,2598474.622279881,0.012239927422614908,0.7480809490579204,0.50817717109455
covtype_binary_20000,19,619,layer_1::c1: ka_concept_1.c10 IS HIGH,0.092468132566771,16.81702444491549,0.5624008810840396,1597,0.03322525694966316,29934.2537269819,0.115483345388949,0.7480809490579204,0.50817717109455
covtype_binary_20000,19,620,layer_0::c8: Vertical_Distance_To_Hydrology IS HIGH,0.7480809490579204,16.998990687041896,0.4373778098683265,1403,0.033101897686719894,82610.08447180587,0.011332550385472132,0.7480809490579204,0.50817717109455
covtype_binary_20000,19,621,layer_0::c6: Soil_Type_13 IS present,0.018467215152341065,0.634636576681644,0.018015408831624568,70,0.03308981657028198,139.94734250352485,0.009338754757028557,0.7480809490579204,0.50817717109455
covtype_binary_20000,19,622,layer_1::c2: ka_concept_1.c11 IS LOW,0.092468132566771,17.953756263231313,0.5625821063575225,1597,0.033059436827898026,327331.7796073374,0.05936483120654884,0.7480809490579204,0.50817717109455
covtype_binary_20000,19,623,layer_0::c6: Soil_Type_11 IS present,0.01795617187431975,0.10601035846210183,0.014986220869943348,61,0.03287672996520996,14.556830343790352,0.011754248166716328,0.7480809490579204,0.50817717109455
covtype_binary_20000,19,624,layer_1::c3: projection_3 IS MEDIUM,0.092468132566771,17.95818791526314,0.5625821063575664,1597,0.03287049010396004,151097.03282182678,0.038840770070751506,0.7480809490579204,0.50817717109455
covtype_binary_20000,19,625,layer_1::c1: ka_concept_1.c9 IS MEDIUM,0.7480809490579204,17.06911113166491,0.43741789364243355,1403,0.03259739652276039,240096.11037225396,0.11178442936887344,0.7480809490579204,0.50817717109455
covtype_binary_20000,19,626,layer_1::c1: projection_2 IS HIGH,0.092468132566771,17.95818791526314,0.5625821063575664,1597,0.03254329785704613,851329.8329820712,0.11017258547650029,0.7480809490579204,0.50817717109455
covtype_binary_20000,19,627,layer_1::c0: projection_3 IS MEDIUM,0.7480809490579204,17.06911113166491,0.43741789364243355,1403,0.032453715801239014,1111031.585359049,0.18653301071623962,0.7480809490579204,0.50817717109455
covtype_binary_20000,19,628,layer_0::c8: Soil_Type_11 IS present,0.01795617187431975,0.492270319609893,0.01535237070613351,61,0.032428160309791565,53.770257495809346,0.012474600980767718,0.7480809490579204,0.50817717109455
covtype_binary_20000,19,629,layer_1::c5: ka_concept_1.c6 IS HIGH,0.092468132566771,17.954070948597177,0.5625821063575588,1597,0.03234844282269478,138922.4432988208,0.07546099495735932,0.7480809490579204,0.50817717109455
covtype_binary_20000,19,630,layer_1::c4: projection_2 IS LOW,0.092468132566771,17.95818791526314,0.5625821063575664,1597,0.03205122798681259,133947.1964441236,0.06754461090949675,0.7480809490579204,0.50817717109455
covtype_binary_20000,19,631,layer_1::c3: projection_0 IS LOW,0.092468132566771,17.95818791526314,0.5625821063575664,1597,0.03205021470785141,634598.2983042789,0.037812613355616725,0.7480809490579204,0.50817717109455
covtype_binary_20000,19,632,layer_1::c1: ka_concept_1.c3 IS LOW,0.09129082560113033,17.6112539397241,0.5601908889851288,1589,0.03181128203868866,58465.821718886174,0.10968052428330217,0.7480809490579204,0.50817717109455
covtype_binary_20000,19,633,layer_0::c8: Wilderness_Area_4 IS absent,0.1729234333063453,0.10598625785751836,0.14218045363384624,644,0.03142080083489418,71.77137114616562,0.011652665393329016,0.7480809490579204,0.50817717109455
covtype_binary_20000,19,634,layer_1::c1: projection_4 IS LOW,0.7480809490579204,17.06911113166491,0.43741789364243355,1403,0.031406648457050323,68616.95828357182,0.10694315801560879,0.7480809490579204,0.50817717109455
covtype_binary_20000,19,635,layer_1::c0: projection_5 IS MEDIUM,0.7480809490579204,17.06911113166491,0.43741789364243355,1403,0.031355712562799454,51250.918579075085,0.1805903176640471,0.7480809490579204,0.50817717109455
covtype_binary_20000,19,636,layer_1::c1: projection_2 IS MEDIUM,0.7480809490579204,17.06911113166491,0.43741789364243355,1403,0.03132092207670212,366041.93665835244,0.10711267185459535,0.7480809490579204,0.50817717109455
covtype_binary_20000,19,637,layer_1::c2: projection_7 IS MEDIUM,0.7480809490579204,17.06911113166491,0.43741789364243355,1403,0.03130854666233063,215901.99458281515,0.056701094436148805,0.7480809490579204,0.50817717109455
covtype_binary_20000,19,638,"projection_layer::pursuit_3(Slope, Soil_Type_12, Soil_Type_13, Soil_Type_1) IS MEDIUM",0.09367413138579661,4.683704556300737,0.5461669491700174,1593,0.030980702489614487,434.5544417636993,0.024387992174038024,0.7480809490579204,0.50817717109455
covtype_binary_20000,19,639,layer_0::c11: Wilderness_Area_2 IS present,0.002021404399426552,0.6844728092560746,0.013979395209544864,11,0.030506528913974762,306.4414868887761,0.014795516804369982,0.7480809490579204,0.50817717109455
covtype_binary_20000,19,640,layer_0::c4: Slope IS LOW,0.7358775592274119,16.714799425130707,0.43305509204438114,1391,0.030407924205064774,12155821.677179396,0.048857899167986364,0.7480809490579204,0.50817717109455
covtype_binary_20000,19,641,layer_0::c4: Soil_Type_2 IS absent,0.7480809490579204,5.780926678454954,0.4358516477466739,1403,0.030369387939572334,271.1035565086131,0.04874515509737891,0.7480809490579204,0.50817717109455
covtype_binary_20000,19,642,layer_1::c5: projection_6 IS MEDIUM,0.092468132566771,17.95818791526314,0.5625821063575664,1597,0.03014471009373665,196210.49830874937,0.06833477893844248,0.7480809490579204,0.50817717109455
covtype_binary_20000,19,643,layer_0::c2: Hillshade_9am IS LOW,0.09040506683719673,17.46832832460126,0.557207097297898,1583,0.02985370345413685,867009.1207347161,0.00960707142091593,0.7480809490579204,0.50817717109455
covtype_binary_20000,19,644,layer_1::c2: projection_5 IS HIGH,0.7480809490579204,17.06911113166491,0.43741789364243355,1403,0.029822509735822678,517537.4592822157,0.054281587096164,0.7480809490579204,0.50817717109455
covtype_binary_20000,19,645,layer_1::c5: ka_concept_1.c11 IS MEDIUM,0.7480809490579204,17.06911113166491,0.43741789364243355,1403,0.029820099472999573,216799.1741939705,0.067449887249774,0.7480809490579204,0.50817717109455
covtype_binary_20000,19,646,layer_0::c0: Wilderness_Area_1 IS present,0.03326886357523806,0.02726102147183518,0.05128272186217708,152,0.02967504970729351,37.406839273915466,0.008031993937197739,0.7480809490579204,0.50817717109455
covtype_binary_20000,19,647,layer_0::c11: Hillshade_Noon IS LOW,0.09084824465540475,17.765364506236303,0.5590787757090332,1586,0.0296162236481905,536495.4785251723,0.013754511039919141,0.7480809490579204,0.50817717109455
covtype_binary_20000,19,648,layer_0::c5: Hillshade_Noon IS MEDIUM,0.7426350675058442,16.828487366835027,0.4351901666361502,1397,0.02958766743540764,489216.70895130484,0.022380453854061972,0.7480809490579204,0.50817717109455
covtype_binary_20000,19,649,layer_1::c5: ka_concept_1.c0 IS LOW,0.7480809490579204,16.76184682760764,0.4373665255403926,1403,0.029218368232250214,36479.57829042227,0.06414725897393994,0.7480809490579204,0.50817717109455
covtype_binary_20000,19,650,layer_0::c7: Wilderness_Area_4 IS present,0.0026326495045023712,0.014168932476626872,0.02387438693392652,45,0.029186520725488663,7.680666543295956,0.023653512485931668,0.7480809490579204,0.50817717109455
covtype_binary_20000,19,651,layer_0::c11: Wilderness_Area_2 IS present,0.0018436371923271633,0.684366808322475,0.013604785258594126,9,0.029123174026608467,225.39817723599117,0.014124596964296264,0.7480809490579204,0.50817717109455
covtype_binary_20000,19,652,layer_1::c5: ka_concept_1.c7 IS MEDIUM,0.092468132566771,17.95818791526314,0.5625821063575664,1597,0.029110906645655632,354787.6234152649,0.06611303706280887,0.7480809490579204,0.50817717109455
covtype_binary_20000,19,653,layer_1::c0: projection_4 IS LOW,0.092468132566771,17.95818791526314,0.5625821063575664,1597,0.028844701126217842,119298.73746636581,0.16488681303958097,0.7480809490579204,0.50817717109455
covtype_binary_20000,19,654,layer_1::c3: projection_7 IS HIGH,0.092468132566771,17.95818791526314,0.5625821063575664,1597,0.028439179062843323,472587.52705726144,0.03470915598236025,0.7480809490579204,0.50817717109455
covtype_binary_20000,19,655,layer_1::c5: projection_1 IS HIGH,0.7480809490579204,17.06911113166491,0.43741789364243355,1403,0.02803172543644905,146783.3325257019,0.06352566390112042,0.7480809490579204,0.50817717109455
covtype_binary_20000,19,656,layer_0::c7: Vertical_Distance_To_Hydrology IS LOW,0.092468132566771,17.958197366214122,0.5625727879004616,1597,0.027956120669841766,1370631.6729558099,0.022055759578634215,0.7480809490579204,0.50817717109455
covtype_binary_20000,19,657,layer_0::c7: Wilderness_Area_4 IS present,0.00017592112495956602,0.20405208263722419,0.004709707560645307,2,0.027782579883933067,76.45089637724959,0.022515721724931305,0.7480809490579204,0.50817717109455
covtype_binary_20000,19,658,layer_0::c4: Horizontal_Distance_To_Roadways IS LOW,0.09147372454946134,15.558105988914713,0.5252992343191972,1508,0.02737547643482685,28481.574317676394,0.04533068444890449,0.7480809490579204,0.50817717109455
covtype_binary_20000,19,659,layer_1::c4: projection_0 IS LOW,0.7480809490579204,17.06911113166491,0.43741789364243355,1403,0.027373172342777252,638920.1060000298,0.05575181366006533,0.7480809490579204,0.50817717109455
covtype_binary_20000,19,660,layer_0::c10: Wilderness_Area_4 IS present,0.00043697000032882904,0.0008626373134383858,0.0006879786567257167,1,0.027172213420271873,3.249207783228485,0.004184182695589091,0.7480809490579204,0.50817717109455
covtype_binary_20000,19,661,layer_1::c5: ka_concept_1.c2 IS LOW,0.7480809490579204,16.9877231451971,0.4374178867441542,1403,0.02706102468073368,209158.3414110205,0.06295309361238469,0.7480809490579204,0.50817717109455
covtype_binary_20000,19,662,layer_1::c3: projection_6 IS HIGH,0.092468132566771,17.95818791526314,0.5625821063575664,1597,0.026721026748418808,835713.7263662172,0.031856068421776094,0.7480809490579204,0.50817717109455
covtype_binary_20000,19,663,layer_1::c4: projection_2 IS HIGH,0.7480809490579204,17.06911113166491,0.43741789364243355,1403,0.025545630604028702,823903.9228783795,0.05152709588656823,0.7480809490579204,0.50817717109455
covtype_binary_20000,19,664,layer_1::c3: ka_concept_1.c8 IS HIGH,0.092468132566771,17.084710621446085,0.5624990815763352,1597,0.025456568226218224,148727.87982790067,0.03007600244743905,0.7480809490579204,0.50817717109455
covtype_binary_20000,19,665,layer_1::c1: projection_2 IS LOW,0.092468132566771,17.95818791526314,0.5625821063575664,1597,0.02535928785800934,206998.75324214276,0.08969662423742314,0.7480809490579204,0.50817717109455
covtype_binary_20000,19,666,layer_0::c7: Soil_Type_4 IS present,0.0013299831288723363,0.21681044020806628,0.007192149163958893,19,0.025350920855998993,51.30282169039128,0.022111822724228358,0.7480809490579204,0.50817717109455
covtype_binary_20000,19,667,layer_1::c1: projection_5 IS MEDIUM,0.092468132566771,17.95818791526314,0.5625821063575664,1597,0.025144947692751884,283556.6204019799,0.08626607542360823,0.7480809490579204,0.50817717109455
covtype_binary_20000,19,668,layer_1::c4: ka_concept_1.c0 IS LOW,0.7480809490579204,17.03209459080039,0.43741789036251383,1403,0.025037813931703568,202077.8799131951,0.049521066028138494,0.7480809490579204,0.50817717109455
covtype_binary_20000,19,669,layer_1::c3: projection_1 IS LOW,0.7480809490579204,17.06911113166491,0.43741789364243355,1403,0.02498648129403591,196787.12109625232,0.029601130036637186,0.7480809490579204,0.50817717109455
covtype_binary_20000,19,670,layer_0::c1: Wilderness_Area_3 IS present,0.004043925206015819,0.0058615500157918055,0.014547955239909783,57,0.024470223113894463,21.34446419457072,0.0037909947199527777,0.7480809490579204,0.50817717109455
covtype_binary_20000,19,671,layer_1::c5: projection_1 IS LOW,0.092468132566771,17.95818791526314,0.5625821063575664,1597,0.02427554316818714,485704.1534205891,0.055109808932989834,0.7480809490579204,0.50817717109455
covtype_binary_20000,19,672,layer_1::c4: ka_concept_1.c0 IS MEDIUM,0.092468132566771,17.95818791526314,0.5625821063575664,1597,0.024090703576803207,489677.8763332071,0.04876440956699662,0.7480809490579204,0.50817717109455
covtype_binary_20000,19,673,layer_0::c5: Horizontal_Distance_To_Fire_Points IS MEDIUM,0.09221050371379091,17.337291960323327,0.5491467187504627,1580,0.023797782137989998,207853.83016359745,0.01762649418862852,0.7480809490579204,0.50817717109455
covtype_binary_20000,19,674,layer_1::c0: ka_concept_1.c10 IS MEDIUM,0.092468132566771,17.95818791526314,0.5625821063575664,1597,0.023731069639325142,182722.84593239625,0.13732036133669318,0.7480809490579204,0.50817717109455
covtype_binary_20000,19,675,layer_0::c6: Vertical_Distance_To_Hydrology IS HIGH,0.092468132566771,17.895025689738787,0.5624553309982345,1597,0.023171348497271538,138925.129106242,0.007372723678545298,0.7480809490579204,0.50817717109455
covtype_binary_20000,19,676,layer_0::c9: Wilderness_Area_4 IS absent,0.011809272757342448,0.010021037039236513,0.027002663686651933,98,0.023042581975460052,29.199470248293892,0.005350298386343563,0.7480809490579204,0.50817717109455
covtype_binary_20000,19,677,layer_0::c2: Wilderness_Area_4 IS present,0.00017592112495956602,0.028994927247584235,0.004296732401625848,2,0.022679153829813004,37.073134536938596,0.007472393482747672,0.7480809490579204,0.50817717109455
covtype_binary_20000,19,678,layer_1::c4: projection_5 IS HIGH,0.092468132566771,17.95818791526314,0.5625821063575664,1597,0.022636322304606438,461390.868749788,0.04681299240499114,0.7480809490579204,0.50817717109455
covtype_binary_20000,19,679,layer_0::c0: Wilderness_Area_2 IS present,0.0005285015054729003,0.2648774250581044,0.012929163703424427,6,0.02255159430205822,115.64191982608827,0.006469566435092323,0.7480809490579204,0.50817717109455
covtype_binary_20000,19,680,layer_1::c1: ka_concept_1.c0 IS LOW,0.7480809490579204,16.94351994123938,0.4374174014851263,1403,0.022369835525751114,76751.84049401426,0.0742590450061228,0.7480809490579204,0.50817717109455
covtype_binary_20000,19,681,layer_0::c5: Slope IS MEDIUM,0.7480809490579204,17.001362397101467,0.43700138270330746,1402,0.02232426404953003,27082537.292490404,0.016476416132982334,0.7480809490579204,0.50817717109455
covtype_binary_20000,19,682,layer_0::c7: Wilderness_Area_4 IS absent,0.6671937996776204,0.33804753001160937,0.2660509074379923,1333,0.022295556962490082,97.19352405327481,0.01738874178698696,0.7480809490579204,0.50817717109455
covtype_binary_20000,19,683,layer_1::c3: ka_concept_1.c5 IS LOW,0.7480809490579204,17.06911113166491,0.43741789364243355,1403,0.022248782217502594,88174.77470483874,0.026296432537337145,0.7480809490579204,0.50817717109455
covtype_binary_20000,19,684,layer_1::c5: projection_1 IS MEDIUM,0.7480809490579204,17.06911113166491,0.43741789364243355,1403,0.022238820791244507,464076.7828474516,0.05043942482148608,0.7480809490579204,0.50817717109455
covtype_binary_20000,19,685,layer_1::c3: ka_concept_1.c3 IS LOW,0.09070684833849596,17.24785136575271,0.5580234211748171,1582,0.02218053489923477,121017.27375983889,0.02639364122237172,0.7480809490579204,0.50817717109455
covtype_binary_20000,19,686,layer_0::c5: Wilderness_Area_4 IS absent,0.5834769886618808,0.2918349390378341,0.24794071958263775,1250,0.022055944427847862,93.77440568368547,0.016509657807953923,0.7480809490579204,0.50817717109455
covtype_binary_20000,19,687,"projection_layer::pursuit_2(Hillshade_Noon, Wilderness_Area_4, Soil_Type_23, Soil_Type_11) IS HIGH",-0.0013090823118948602,-0.0014295565049955439,0.0036856676841619503,3,0.022054120898246765,2.7149558223463828,0.00902468339454427,0.7480809490579204,0.50817717109455
covtype_binary_20000,19,688,layer_1::c2: ka_concept_1.c8 IS MEDIUM,0.7480809490579204,17.06911113166491,0.43741789364243355,1403,0.021728621795773506,263372.5439348724,0.038693579148501155,0.7480809490579204,0.50817717109455
covtype_binary_20000,19,689,layer_1::c4: ka_concept_1.c8 IS MEDIUM,0.092468132566771,17.95818791526314,0.5625821063575664,1597,0.02144480310380459,181272.15469801758,0.043389131150984514,0.7480809490579204,0.50817717109455
covtype_binary_20000,19,690,layer_0::c3: Hillshade_3pm IS LOW,0.7480809490579204,16.950370893713128,0.43723320848002467,1403,0.02139289863407612,3283574.7293448607,0.004689189256092884,0.7480809490579204,0.50817717109455
covtype_binary_20000,19,691,layer_0::c5: Wilderness_Area_4 IS present,0.0010180603226059848,0.005154257214558644,0.01612271972165205,28,0.02134668454527855,8.586643116959749,0.016603754385597615,0.7480809490579204,0.50817717109455
covtype_binary_20000,19,692,layer_0::c11: Wilderness_Area_4 IS present,0.033841783205851406,0.06338166956396507,0.04661064218548681,203,0.021042589098215103,28.537733249728262,0.010131864540657868,0.7480809490579204,0.50817717109455
covtype_binary_20000,19,693,layer_1::c5: projection_0 IS MEDIUM,0.092468132566771,17.95818791526314,0.5625821063575664,1597,0.020877253264188766,89737.66520181655,0.04734222063918908,0.7480809490579204,0.50817717109455
covtype_binary_20000,19,694,layer_1::c1: projection_0 IS LOW,0.7480809490579204,17.06911113166491,0.43741789364243355,1403,0.020633812993764877,133240.32463049114,0.07053527837495009,0.7480809490579204,0.50817717109455
covtype_binary_20000,19,695,layer_0::c7: Soil_Type_26 IS absent,0.3258358409219781,0.18348089282491753,0.19327114420785746,924,0.020581962540745735,76.42858378897745,0.01609392108753813,0.7480809490579204,0.50817717109455
covtype_binary_20000,19,696,layer_1::c0: ka_concept_1.c3 IS HIGH,0.7480809490579204,15.6451270069384,0.43740959386361994,1403,0.02051425725221634,54293.43697751721,0.11574230617163508,0.7480809490579204,0.50817717109455
covtype_binary_20000,19,697,layer_1::c1: projection_0 IS MEDIUM,0.7480809490579204,17.06911113166491,0.43741789364243355,1403,0.020360484719276428,129804.55690240828,0.06981162973990043,0.7480809490579204,0.50817717109455
covtype_binary_20000,19,698,layer_1::c5: projection_6 IS LOW,0.092468132566771,17.95818791526314,0.5625821063575664,1597,0.020132455974817276,320541.5968615259,0.04556718861653159,0.7480809490579204,0.50817717109455
covtype_binary_20000,19,699,layer_1::c1: ka_concept_1.c10 IS MEDIUM,0.7480809490579204,17.06911113166491,0.43741789364243355,1403,0.019830990582704544,18154.27286191414,0.06835551450401545,0.7480809490579204,0.50817717109455
covtype_binary_20000,19,700,layer_1::c2: projection_4 IS HIGH,0.7480809490579204,17.06911113166491,0.43741789364243355,1403,0.019373873248696327,774918.7726287788,0.03591895462588097,0.7480809490579204,0.50817717109455
covtype_binary_20000,19,701,layer_0::c7: Wilderness_Area_2 IS present,0.0014049518570806718,0.6843519213503733,0.013551919923431074,8,0.01895112171769142,193.47509783415444,0.015470181365696287,0.7480809490579204,0.50817717109455
covtype_binary_20000,19,702,layer_1::c2: projection_1 IS LOW,0.092468132566771,17.95818791526314,0.5625821063575664,1597,0.01873587816953659,96541.84667604855,0.03372509935994943,0.7480809490579204,0.50817717109455
covtype_binary_20000,19,703,layer_1::c1: ka_concept_1.c2 IS MEDIUM,0.7480809490579204,17.06911113166491,0.43741789364243355,1403,0.018712077289819717,14452.54581329052,0.06453192907090609,0.7480809490579204,0.50817717109455
covtype_binary_20000,19,704,layer_1::c1: ka_concept_1.c6 IS HIGH,0.7480809490579204,17.06911113166491,0.43741789364243355,1403,0.018665151670575142,303031.5072602829,0.06583625283021441,0.7480809490579204,0.50817717109455
covtype_binary_20000,19,705,layer_1::c3: ka_concept_1.c5 IS MEDIUM,0.092468132566771,17.95818791526314,0.5625821063575664,1597,0.018483370542526245,193648.50220338436,0.021662037461918467,0.7480809490579204,0.50817717109455
covtype_binary_20000,19,706,layer_1::c5: ka_concept_1.c5 IS MEDIUM,0.092468132566771,17.95818791526314,0.5625821063575664,1597,0.018196608871221542,264866.42841959326,0.04086630308845391,0.7480809490579204,0.50817717109455
covtype_binary_20000,19,707,layer_1::c1: ka_concept_1.c1 IS HIGH,0.7480809490579204,17.059481513559554,0.43741789364243344,1403,0.01800762116909027,548058.0679580274,0.06066006079920044,0.7480809490579204,0.50817717109455
covtype_binary_20000,19,708,layer_1::c4: ka_concept_1.c7 IS LOW,0.092468132566771,17.832768541905104,0.56258146411238,1597,0.0179818756878376,371227.08700392663,0.036068526490381676,0.7480809490579204,0.50817717109455
covtype_binary_20000,19,709,layer_1::c4: projection_1 IS LOW,0.7480809490579204,17.06911113166491,0.43741789364243355,1403,0.01772276498377323,883883.5215242825,0.036246226657181975,0.7480809490579204,0.50817717109455
covtype_binary_20000,19,710,layer_0::c5: Horizontal_Distance_To_Fire_Points IS HIGH,0.7212533165964852,16.42441075168987,0.4290130865422345,1375,0.01768946275115013,511868.0160339156,0.013219885790741558,0.7480809490579204,0.50817717109455
covtype_binary_20000,19,711,layer_1::c4: projection_7 IS MEDIUM,0.092468132566771,17.95818791526314,0.5625821063575664,1597,0.01766883209347725,357692.96331374964,0.03635704535556336,0.7480809490579204,0.50817717109455
covtype_binary_20000,19,712,layer_1::c1: ka_concept_1.c7 IS MEDIUM,0.7480809490579204,17.06911113166491,0.43741789364243355,1403,0.017545878887176514,68915.6162994213,0.060251918833392364,0.7480809490579204,0.50817717109455
covtype_binary_20000,19,713,layer_1::c1: ka_concept_1.c7 IS HIGH,0.092468132566771,17.93138024030396,0.5625821063360918,1597,0.017393339425325394,139575.18828022113,0.06042416566604516,0.7480809490579204,0.50817717109455
covtype_binary_20000,19,714,layer_0::c5: Wilderness_Area_3 IS present,0.1913890860076759,0.1765582023194434,0.12673722219150452,617,0.017282836139202118,63.533986907381404,0.01303264665016286,0.7480809490579204,0.50817717109455
covtype_binary_20000,19,715,layer_1::c1: ka_concept_1.c1 IS MEDIUM,0.7480809490579204,17.06911113166491,0.43741789364243355,1403,0.017223503440618515,384730.84066272585,0.059715193192164104,0.7480809490579204,0.50817717109455
covtype_binary_20000,19,716,layer_0::c5: Soil_Type_30 IS present,0.032138920072413146,0.3558888431726197,0.030105070057966886,106,0.017216484993696213,54.23466449951229,0.012141639985784422,0.7480809490579204,0.50817717109455
covtype_binary_20000,19,717,layer_0::c3: Wilderness_Area_4 IS present,0.00043697000032882904,0.0010643854205422132,0.0008220773517064423,1,0.017033202573657036,4.222216862654022,0.003909629703745547,0.7480809490579204,0.50817717109455
covtype_binary_20000,19,718,layer_1::c3: projection_4 IS HIGH,0.092468132566771,17.95818791526314,0.5625821063575664,1597,0.017023738473653793,1099927.495346215,0.020772377424912218,0.7480809490579204,0.50817717109455
covtype_binary_20000,19,719,layer_1::c4: ka_concept_1.c5 IS MEDIUM,0.7480809490579204,17.06911113166491,0.43741789364243355,1403,0.016863439232110977,449240.9305485176,0.034118694000566996,0.7480809490579204,0.50817717109455
covtype_binary_20000,19,720,layer_0::c5: Slope IS HIGH,0.09217420169185897,17.934219848664767,0.5619723488470466,1595,0.016668204218149185,23932454.693555344,0.01236198115850039,0.7480809490579204,0.50817717109455
covtype_binary_20000,19,721,layer_0::c0: Wilderness_Area_1 IS absent,0.007685975987902438,0.009931300032255397,0.019707940310420596,81,0.01653113029897213,26.498800724109287,0.004598327819810265,0.7480809490579204,0.50817717109455
covtype_binary_20000,19,722,layer_1::c4: ka_concept_1.c7 IS HIGH,0.7480809490579204,16.877975081704157,0.4374176437547529,1403,0.016494637355208397,98686.56303445603,0.03414109838078245,0.7480809490579204,0.50817717109455
covtype_binary_20000,19,723,layer_1::c5: ka_concept_1.c9 IS MEDIUM,0.092468132566771,17.95818791526314,0.5625821063575664,1597,0.01635162904858589,685391.395508059,0.037084723544229446,0.7480809490579204,0.50817717109455
covtype_binary_20000,19,724,layer_1::c4: projection_2 IS MEDIUM,0.092468132566771,17.95818791526314,0.5625821063575664,1597,0.016299491748213768,1435018.5625374375,0.033211414114261664,0.7480809490579204,0.50817717109455
covtype_binary_20000,19,725,layer_1::c2: ka_concept_1.c11 IS MEDIUM,0.092468132566771,17.95818791526314,0.5625821063575664,1597,0.01628803089261055,30568.19139976485,0.02921190745794835,0.7480809490579204,0.50817717109455
covtype_binary_20000,19,726,layer_1::c4: ka_concept_1.c11 IS HIGH,0.7480809490579204,17.06911113166491,0.43741789364243355,1403,0.01608755625784397,637277.1181630169,0.033485903674625055,0.7480809490579204,0.50817717109455
covtype_binary_20000,19,727,layer_0::c5: Wilderness_Area_1 IS present,0.21645777347189654,0.12018937256381823,0.11943273034788002,605,0.015966925770044327,60.03367037473072,0.011802619184675223,0.7480809490579204,0.50817717109455
covtype_binary_20000,19,728,"projection_layer::pursuit_1(Elevation, Vertical_Distance_To_Hydrology, Soil_Type_40, Soil_Type_6) IS LOW",0.0856634666996231,8.418028602700009,0.5349676251311946,1527,0.015600789338350296,2615.087879009254,0.016333598684685965,0.7480809490579204,0.50817717109455
covtype_binary_20000,19,729,layer_1::c3: ka_concept_1.c1 IS MEDIUM,0.7480809490579204,17.06911113166491,0.43741789364243355,1403,0.015539681538939476,1471751.2547177281,0.018594492274840984,0.7480809490579204,0.50817717109455
covtype_binary_20000,19,730,layer_1::c2: projection_0 IS LOW,0.092468132566771,17.95818791526314,0.5625821063575664,1597,0.015396717004477978,245171.22923562196,0.027600050883678097,0.7480809490579204,0.50817717109455
covtype_binary_20000,19,731,layer_1::c0: ka_concept_1.c11 IS LOW,0.7480809490579204,17.06911113166491,0.43741789364243355,1403,0.014850102365016937,355665.886622846,0.08536834315807937,0.7480809490579204,0.50817717109455
covtype_binary_20000,19,732,layer_1::c1: ka_concept_1.c0 IS MEDIUM,0.7480809490579204,17.06911113166491,0.43741789364243355,1403,0.014798296615481377,163234.05408114876,0.05027571212453768,0.7480809490579204,0.50817717109455
covtype_binary_20000,19,733,layer_1::c5: projection_2 IS HIGH,0.7480809490579204,17.06911113166491,0.43741789364243355,1403,0.014747923240065575,1043774.6439339689,0.033020108898170294,0.7480809490579204,0.50817717109455
covtype_binary_20000,19,734,layer_1::c1: projection_1 IS LOW,0.092468132566771,17.95818791526314,0.5625821063575664,1597,0.014659418724477291,452229.7335028997,0.05032005292798082,0.7480809490579204,0.50817717109455
covtype_binary_20000,19,735,layer_1::c0: projection_7 IS MEDIUM,0.7480809490579204,17.06911113166491,0.43741789364243355,1403,0.014573163352906704,167378.3207808464,0.08449208645522595,0.7480809490579204,0.50817717109455
covtype_binary_20000,19,736,layer_1::c2: projection_6 IS MEDIUM,0.7480809490579204,17.06911113166491,0.43741789364243355,1403,0.014398518018424511,113821.02969777993,0.02588020799619456,0.7480809490579204,0.50817717109455
covtype_binary_20000,19,737,layer_0::c10: Soil_Type_18 IS present,0.005444202914862917,0.09861403136941682,0.0034412736663221254,14,0.014162040315568447,35.28889992085169,0.00301053135828018,0.7480809490579204,0.50817717109455
covtype_binary_20000,19,738,layer_0::c5: Soil_Type_13 IS present,0.018467215152341065,0.6346179879502885,0.017956161208343573,70,0.014146738685667515,140.08193149371073,0.008670685136238414,0.7480809490579204,0.50817717109455
covtype_binary_20000,19,739,layer_1::c4: projection_0 IS HIGH,0.7480809490579204,17.06911113166491,0.43741789364243355,1403,0.014068285934627056,349047.9966820474,0.02882916857302189,0.7480809490579204,0.50817717109455
covtype_binary_20000,19,740,layer_0::c3: Wilderness_Area_3 IS present,0.00506221452274902,0.003373531680562314,0.009166422804657905,37,0.013954738155007362,16.39669259109587,0.003105294383899718,0.7480809490579204,0.50817717109455
covtype_binary_20000,19,741,layer_1::c1: projection_5 IS HIGH,0.7480809490579204,17.06911113166491,0.43741789364243355,1403,0.013868384063243866,261938.41413123294,0.04813703915659183,0.7480809490579204,0.50817717109455
covtype_binary_20000,19,742,layer_1::c0: projection_3 IS LOW,0.7480809490579204,17.06911113166491,0.43741789364243355,1403,0.013853560201823711,2644841.1871601227,0.07998870518182714,0.7480809490579204,0.50817717109455
covtype_binary_20000,19,743,layer_1::c0: ka_concept_1.c11 IS MEDIUM,0.7480809490579204,17.06911113166491,0.43741789364243355,1403,0.013825653120875359,200454.16570700624,0.07937993569904939,0.7480809490579204,0.50817717109455
covtype_binary_20000,19,744,layer_0::c5: Hillshade_3pm IS LOW,0.09188000714269284,17.64031429480417,0.5612276620712762,1593,0.013762855902314186,783044.2577313003,0.010222878937827128,0.7480809490579204,0.50817717109455
covtype_binary_20000,19,745,layer_1::c2: projection_7 IS HIGH,0.7480809490579204,17.06911113166491,0.43741789364243355,1403,0.01376090757548809,89248.47785056687,0.02551820285463085,0.7480809490579204,0.50817717109455
covtype_binary_20000,19,746,layer_1::c0: ka_concept_1.c0 IS HIGH,0.7480809490579204,16.895220423893328,0.4374172481346888,1403,0.013450865633785725,47714.790167432155,0.07838688380320673,0.7480809490579204,0.50817717109455
covtype_binary_20000,19,747,layer_0::c7: Wilderness_Area_2 IS present,0.0009665734020967154,0.6842726258747374,0.013269259807833698,7,0.013338470831513405,181.30716656157165,0.010888462016834334,0.7480809490579204,0.50817717109455
covtype_binary_20000,19,748,layer_1::c5: projection_4 IS HIGH,0.092468132566771,17.95818791526314,0.5625821063575664,1597,0.012919558212161064,351723.308347455,0.030208950276874626,0.7480809490579204,0.50817717109455
covtype_binary_20000,19,749,layer_1::c1: ka_concept_1.c2 IS LOW,0.092468132566771,16.14185502030459,0.5579822629028574,1597,0.012706151232123375,7260.901942968427,0.04469421123813663,0.7480809490579204,0.50817717109455
covtype_binary_20000,19,750,layer_1::c0: ka_concept_1.c2 IS MEDIUM,0.092468132566771,17.95818791526314,0.5625821063575664,1597,0.012690297327935696,38401.24713257829,0.07347048115854463,0.7480809490579204,0.50817717109455
covtype_binary_20000,19,751,layer_1::c1: ka_concept_1.c8 IS LOW,0.7480809490579204,17.06911113166491,0.43741789364243355,1403,0.012596645392477512,78917.6202865378,0.04326384240932142,0.7480809490579204,0.50817717109455
covtype_binary_20000,19,752,layer_1::c5: projection_7 IS HIGH,0.7480809490579204,17.06911113166491,0.43741789364243355,1403,0.012594581581652164,1755071.176183064,0.029455572579056025,0.7480809490579204,0.50817717109455
covtype_binary_20000,19,753,layer_0::c5: Soil_Type_2 IS present,0.0,0.002242492190543066,0.0014046711290471381,0,0.012367063201963902,3.283131450836663,0.010139819004485616,0.7480809490579204,0.50817717109455
covtype_binary_20000,19,754,layer_0::c3: Soil_Type_35 IS present,0.0018436371923271633,0.00042452983034935166,0.002137448843905254,9,0.012277409434318542,161.52358896366786,0.0018802516523743786,0.7480809490579204,0.50817717109455
covtype_binary_20000,19,755,layer_1::c4: projection_5 IS LOW,0.7480809490579204,17.06911113166491,0.43741789364243355,1403,0.012256821617484093,93905.65293371445,0.024946010700892658,0.7480809490579204,0.50817717109455
covtype_binary_20000,19,756,layer_1::c4: projection_7 IS LOW,0.092468132566771,17.95818791526314,0.5625821063575664,1597,0.011987829580903053,24065.65445779681,0.024399729270177584,0.7480809490579204,0.50817717109455
covtype_binary_20000,19,757,layer_1::c5: ka_concept_1.c3 IS MEDIUM,0.7480809490579204,17.06911113166491,0.43741789364243355,1403,0.011645233258605003,457739.5370035657,0.026641752985538916,0.7480809490579204,0.50817717109455
covtype_binary_20000,19,758,layer_0::c0: Wilderness_Area_2 IS present,0.0005285015054729003,0.06556000357486602,0.012448430738569183,6,0.01151236705482006,65.08642139999938,0.003302649739550058,0.7480809490579204,0.50817717109455
covtype_binary_20000,19,759,layer_0::c7: Vertical_Distance_To_Hydrology IS HIGH,0.7480809490579204,17.0492949880259,0.4374163025040004,1403,0.011498858220875263,293766.1676118748,0.008278873924119277,0.7480809490579204,0.50817717109455
covtype_binary_20000,19,760,layer_1::c2: ka_concept_1.c7 IS HIGH,0.092468132566771,17.95818791526314,0.5625821063575664,1597,0.011358474381268024,849973.5586733219,0.020692003446992506,0.7480809490579204,0.50817717109455
covtype_binary_20000,19,761,layer_0::c11: Wilderness_Area_4 IS present,0.00043697000032882904,0.015299092445866358,0.0038757720917901696,1,0.01129389088600874,29.567321048940357,0.005437931566179334,0.7480809490579204,0.50817717109455
covtype_binary_20000,19,762,layer_1::c0: ka_concept_1.c9 IS HIGH,0.7480809490579204,17.066201973412262,0.4374177208406236,1403,0.011247892864048481,196865.5508977246,0.06453710647609902,0.7480809490579204,0.50817717109455
covtype_binary_20000,19,763,layer_1::c1: projection_6 IS LOW,0.092468132566771,17.95818791526314,0.5625821063575664,1597,0.011074543930590153,403104.5802367105,0.037900564011341585,0.7480809490579204,0.50817717109455
covtype_binary_20000,19,764,layer_1::c5: ka_concept_1.c11 IS HIGH,0.092468132566771,17.905621973799875,0.5625820978514283,1597,0.01105688326060772,179613.80454796756,0.02554661084679295,0.7480809490579204,0.50817717109455
covtype_binary_20000,19,765,layer_1::c2: ka_concept_1.c11 IS HIGH,0.7480809490579204,15.902258561861784,0.43737908715610124,1403,0.011038150638341904,90248.72628219193,0.02022162790391667,0.7480809490579204,0.50817717109455
covtype_binary_20000,19,766,layer_1::c0: projection_0 IS MEDIUM,0.092468132566771,17.95818791526314,0.5625821063575664,1597,0.010968063026666641,116367.65839770179,0.06313323891287048,0.7480809490579204,0.50817717109455
covtype_binary_20000,19,767,layer_0::c0: Wilderness_Area_1 IS absent,0.004075307308978315,0.0040936755064332475,0.009245127676033759,30,0.010963046923279762,18.625548120872054,0.003049499894555993,0.7480809490579204,0.50817717109455
covtype_binary_20000,19,768,layer_1::c0: ka_concept_1.c10 IS HIGH,0.7480809490579204,15.353797691964084,0.4372554758494286,1403,0.010957028716802597,103610.52829434688,0.06393406359467918,0.7480809490579204,0.50817717109455
covtype_binary_20000,19,769,layer_1::c2: ka_concept_1.c6 IS MEDIUM,0.7480809490579204,17.06911113166491,0.43741789364243355,1403,0.010875045321881771,620340.7482822041,0.01962219677772373,0.7480809490579204,0.50817717109455
covtype_binary_20000,19,770,layer_1::c0: projection_6 IS MEDIUM,0.092468132566771,17.95818791526314,0.5625821063575664,1597,0.010727586224675179,86986.84892861712,0.0617284854054451,0.7480809490579204,0.50817717109455
covtype_binary_20000,19,771,layer_1::c0: ka_concept_1.c6 IS LOW,0.092468132566771,17.941575245639626,0.5625821061593704,1597,0.01072617992758751,239120.54074899715,0.06140701960616813,0.7480809490579204,0.50817717109455
covtype_binary_20000,19,772,layer_1::c5: ka_concept_1.c6 IS LOW,0.7480809490579204,17.066361304193215,0.4374178936424332,1403,0.010412143543362617,863959.372100225,0.023483359903530072,0.7480809490579204,0.50817717109455
covtype_binary_20000,19,773,layer_0::c8: Wilderness_Area_2 IS present,0.0005285015054729003,0.10681628033052248,0.012770001359705727,6,0.010383866727352142,80.85954669440434,0.004030675200004529,0.7480809490579204,0.50817717109455
covtype_binary_20000,19,774,layer_0::c10: Soil_Type_34 IS present,0.0023656639932124746,0.018472432427540486,0.0018240412975411993,7,0.010171035304665565,14.834728091373108,0.00178849884068768,0.7480809490579204,0.50817717109455
covtype_binary_20000,19,775,layer_1::c5: projection_5 IS HIGH,0.7480809490579204,13.234282329490007,0.43450564625850985,1403,0.010047021321952343,6028.084308535832,0.023063563388442464,0.7480809490579204,0.50817717109455
covtype_binary_20000,19,776,layer_0::c7: Soil_Type_13 IS present,0.017559147771287087,0.4263362105520594,0.017565001779180273,68,0.010024755261838436,94.51189527125098,0.006401891173920376,0.7480809490579204,0.50817717109455
covtype_binary_20000,19,777,layer_0::c4: Aspect IS MEDIUM,0.7480809490579204,17.06911113166491,0.43741789364243355,1403,0.010012298822402954,588198.8396504743,0.015890117171550325,0.7480809490579204,0.50817717109455
covtype_binary_20000,19,778,layer_1::c2: projection_1 IS HIGH,0.092468132566771,17.95818791526314,0.5625821063575664,1597,0.009991465136408806,962747.8621925045,0.01795344502447794,0.7480809490579204,0.50817717109455
covtype_binary_20000,19,779,layer_0::c10: Soil_Type_21 IS present,-0.0002611102789032982,-0.00023353689742744432,0.000507358512599938,1,0.009763410314917564,21.21274804737186,0.0014506050183699698,0.7480809490579204,0.50817717109455
covtype_binary_20000,19,780,layer_1::c5: ka_concept_1.c8 IS MEDIUM,0.092468132566771,17.95818791526314,0.5625821063575664,1597,0.009514561854302883,926805.5599398055,0.02136861018211736,0.7480809490579204,0.50817717109455
covtype_binary_20000,19,781,layer_0::c2: Aspect IS HIGH,0.7480809490579204,17.06911113166491,0.43741789364243355,1403,0.00943467952311039,6335525.902644595,0.0029947923577292386,0.7480809490579204,0.50817717109455
covtype_binary_20000,19,782,layer_1::c1: ka_concept_1.c7 IS LOW,0.09232120006643685,17.46412455917732,0.5620690427591931,1596,0.009300676174461842,167131.59225444778,0.03131128302419711,0.7480809490579204,0.50817717109455
covtype_binary_20000,19,783,layer_1::c5: ka_concept_1.c4 IS LOW,0.7480809490579204,17.06911113166491,0.43741789364243355,1403,0.009241313673555851,11364.964796562346,0.020996559750909607,0.7480809490579204,0.50817717109455
covtype_binary_20000,19,784,layer_1::c1: ka_concept_1.c8 IS MEDIUM,0.7480809490579204,17.06911113166491,0.43741789364243355,1403,0.009066876955330372,430084.60604231496,0.030789992731491415,0.7480809490579204,0.50817717109455
covtype_binary_20000,19,785,layer_1::c1: projection_6 IS HIGH,0.092468132566771,17.95818791526314,0.5625821063575664,1597,0.009053886868059635,1270190.396111225,0.0312748506795615,0.7480809490579204,0.50817717109455
covtype_binary_20000,19,786,layer_0::c9: Soil_Type_18 IS present,0.005444202914862917,0.13166717649296122,0.0035600212049501623,14,0.00898892991244793,46.75304287666222,0.0029939879839876084,0.7480809490579204,0.50817717109455
covtype_binary_20000,19,787,layer_1::c5: ka_concept_1.c7 IS HIGH,0.092468132566771,17.95818791526314,0.5625821063575664,1597,0.008884080685675144,973472.3909157541,0.020411540921256043,0.7480809490579204,0.50817717109455
covtype_binary_20000,19,788,layer_0::c7: Soil_Type_11 IS present,0.01795617187431975,0.04585694199098722,0.01410709293016369,61,0.008874346502125263,12.842948236560915,0.007179306807210499,0.7480809490579204,0.50817717109455
covtype_binary_20000,19,789,layer_0::c7: Vertical_Distance_To_Hydrology IS MEDIUM,0.092468132566771,17.95818791526314,0.5625821063575664,1597,0.008809090591967106,3615301.4435842945,0.006717803047358757,0.7480809490579204,0.50817717109455
covtype_binary_20000,19,790,layer_1::c5: ka_concept_1.c7 IS LOW,0.7480809490579204,16.667806353286828,0.4373656765365025,1403,0.008782441727817059,122501.2657641811,0.01955407498743322,0.7480809490579204,0.50817717109455
covtype_binary_20000,19,791,layer_1::c0: ka_concept_1.c2 IS LOW,0.092468132566771,17.939069215053323,0.5625821063474292,1597,0.008677511475980282,325009.47892108775,0.051241392804412804,0.7480809490579204,0.50817717109455
covtype_binary_20000,19,792,layer_0::c5: Soil_Type_11 IS present,0.01795617187431975,0.08966933928452092,0.014930431885379536,61,0.008541041053831577,22.605939765286166,0.00663161805453213,0.7480809490579204,0.50817717109455
covtype_binary_20000,19,793,layer_1::c2: projection_6 IS HIGH,0.7480809490579204,17.06911113166491,0.43741789364243355,1403,0.008468206971883774,2490604.52415025,0.015339332735476394,0.7480809490579204,0.50817717109455
covtype_binary_20000,19,794,layer_0::c1: Wilderness_Area_1 IS present,0.0021047419200618256,0.00025074448104933644,0.0012048131995818895,8,0.008339137770235538,5.733475537566392,0.0012664145829102721,0.7480809490579204,0.50817717109455
covtype_binary_20000,19,795,layer_1::c1: ka_concept_1.c3 IS MEDIUM,0.092468132566771,17.95818791526314,0.5625821063575664,1597,0.008333808742463589,120841.3045224107,0.02882853529811837,0.7480809490579204,0.50817717109455
covtype_binary_20000,19,796,layer_1::c1: projection_0 IS HIGH,0.092468132566771,17.95818791526314,0.5625821063575664,1597,0.008302582427859306,658571.5455939079,0.02855598536102722,0.7480809490579204,0.50817717109455
covtype_binary_20000,19,797,layer_1::c0: projection_0 IS HIGH,0.7480809490579204,17.06911113166491,0.43741789364243355,1403,0.008292954415082932,42311.92580389817,0.04788304189406335,0.7480809490579204,0.50817717109455
covtype_binary_20000,19,798,layer_0::c6: Horizontal_Distance_To_Hydrology IS HIGH,0.7304657729061589,14.174489900938815,0.43147144065991716,1390,0.008180314674973488,73506.08181691989,0.0027632352318135507,0.7480809490579204,0.50817717109455
covtype_binary_20000,19,799,layer_1::c2: ka_concept_1.c5 IS MEDIUM,0.092468132566771,17.95818791526314,0.5625821063575664,1597,0.008083854801952839,125394.58308023777,0.014395030478015542,0.7480809490579204,0.50817717109455
covtype_binary_20000,19,800,layer_1::c3: ka_concept_1.c3 IS MEDIUM,0.7480809490579204,17.06911113166491,0.43741789364243355,1403,0.008065162226557732,344702.6725965894,0.009628774843430922,0.7480809490579204,0.50817717109455
covtype_binary_20000,19,801,layer_1::c4: projection_7 IS HIGH,0.7480809490579204,17.06911113166491,0.43741789364243355,1403,0.008055025711655617,1461945.6309206258,0.01697157119649152,0.7480809490579204,0.50817717109455
covtype_binary_20000,19,802,layer_0::c2: Wilderness_Area_2 IS present,0.000789792119786914,0.030373978099506815,0.01074651728216708,5,0.00801093876361847,43.76811705768705,0.0026586643949303834,0.7480809490579204,0.50817717109455
covtype_binary_20000,19,803,layer_1::c4: ka_concept_1.c4 IS LOW,0.092468132566771,17.95818791526314,0.5625821063575664,1597,0.007928017526865005,20865.21430789187,0.01622745645791292,0.7480809490579204,0.50817717109455
covtype_binary_20000,19,804,"projection_layer::pursuit_4(Horizontal_Distance_To_Hydrology, Soil_Type_22, Soil_Type_30, Soil_Type_35) IS HIGH",0.0035195455491484617,0.0033881446486604405,0.003273341021444838,16,0.007806871552020311,9.383253046449681,0.0020948677184781735,0.7480809490579204,0.50817717109455
covtype_binary_20000,19,805,layer_1::c0: ka_concept_1.c7 IS LOW,0.7480809490579204,16.838359578757363,0.43741012497286585,1403,0.007737333420664072,84096.17283630681,0.04372866251677988,0.7480809490579204,0.50817717109455
covtype_binary_20000,19,806,layer_1::c0: ka_concept_1.c7 IS HIGH,0.7480809490579204,17.06911113166491,0.43741789364243355,1403,0.007650868501514196,381169.44868355646,0.04461973162214902,0.7480809490579204,0.50817717109455
covtype_binary_20000,19,807,layer_1::c0: ka_concept_1.c2 IS HIGH,0.09232120006643685,17.60738291740291,0.5621087885640259,1596,0.007598246447741985,256208.55171516427,0.04287971927581566,0.7480809490579204,0.50817717109455
covtype_binary_20000,19,808,layer_1::c3: ka_concept_1.c9 IS MEDIUM,0.092468132566771,17.95818791526314,0.5625821063575664,1597,0.007535406854003668,1071916.823615691,0.00891833902550085,0.7480809490579204,0.50817717109455
covtype_binary_20000,19,809,layer_1::c0: ka_concept_1.c0 IS MEDIUM,0.7480809490579204,17.06911113166491,0.43741789364243355,1403,0.007403732277452946,380099.62632756034,0.04222656274408412,0.7480809490579204,0.50817717109455
covtype_binary_20000,19,810,layer_1::c0: ka_concept_1.c1 IS HIGH,0.7480809490579204,15.938204861374379,0.4374163816153247,1403,0.007374691776931286,222357.2587705165,0.04170410727852019,0.7480809490579204,0.50817717109455
covtype_binary_20000,19,811,layer_1::c1: ka_concept_1.c11 IS HIGH,0.092468132566771,17.93893096808054,0.5625821060388898,1597,0.007062155287712812,247966.90283596207,0.024671878969409592,0.7480809490579204,0.50817717109455
covtype_binary_20000,19,812,layer_1::c3: projection_4 IS LOW,0.7480809490579204,17.06911113166491,0.43741789364243355,1403,0.00703183189034462,1974566.674032204,0.008263780281956618,0.7480809490579204,0.50817717109455
covtype_binary_20000,19,813,layer_1::c5: ka_concept_1.c6 IS MEDIUM,0.7480809490579204,17.06911113166491,0.43741789364243355,1403,0.006908377166837454,513992.4774864584,0.015720754699975564,0.7480809490579204,0.50817717109455
covtype_binary_20000,19,814,layer_1::c1: projection_7 IS HIGH,0.092468132566771,17.95818791526314,0.5625821063575664,1597,0.006640036124736071,2263902.561686119,0.023481108954486747,0.7480809490579204,0.50817717109455
covtype_binary_20000,19,815,layer_0::c4: Wilderness_Area_1 IS present,0.15040846360488636,0.08964517800614435,0.10236056208622346,460,0.0065888576209545135,57.630635177676595,0.010429787449781997,0.7480809490579204,0.50817717109455
covtype_binary_20000,19,816,layer_1::c2: ka_concept_1.c7 IS LOW,0.7480809490579204,17.046361601740834,0.43741789362230094,1403,0.0065544587559998035,1368211.200493758,0.01157118995501878,0.7480809490579204,0.50817717109455
covtype_binary_20000,19,817,"projection_layer::pursuit_6(Horizontal_Distance_To_Roadways, Soil_Type_38, Wilderness_Area_2, Soil_Type_18) IS MEDIUM",0.092468132566771,2.4041905074010974,0.5209286132375445,1597,0.0065202307887375355,1549.4011636127716,0.00463088925013047,0.7480809490579204,0.50817717109455
covtype_binary_20000,19,818,layer_0::c5: Wilderness_Area_3 IS present,0.01610716901422049,0.012355070717595673,0.02587571551056382,120,0.006510364357382059,29.435540229892467,0.004909337742040407,0.7480809490579204,0.50817717109455
covtype_binary_20000,19,819,layer_1::c1: ka_concept_1.c4 IS LOW,0.7480809490579204,17.06911113166491,0.43741789364243355,1403,0.006446882151067257,557051.1985161221,0.02214769654224316,0.7480809490579204,0.50817717109455
covtype_binary_20000,19,820,layer_0::c6: Wilderness_Area_2 IS present,0.000789792119786914,0.020769762626255406,0.009391952076542363,5,0.006372567266225815,37.77203907066996,0.0022989792105242183,0.7480809490579204,0.50817717109455
covtype_binary_20000,19,821,layer_1::c1: ka_concept_1.c9 IS LOW,0.7480809490579204,16.822695135089944,0.43741789090270794,1403,0.006312032695859671,1423857.8232886284,0.021762763945720204,0.7480809490579204,0.50817717109455
covtype_binary_20000,19,822,layer_1::c2: projection_2 IS MEDIUM,0.092468132566771,17.95818791526314,0.5625821063575664,1597,0.006296445149928331,3094540.732346118,0.011291626907264193,0.7480809490579204,0.50817717109455
covtype_binary_20000,19,823,layer_0::c7: Soil_Type_30 IS present,0.03239822540706927,0.020963635821732662,0.01962233789430193,105,0.006270601414144039,22.834853233631293,0.004607650075583176,0.7480809490579204,0.50817717109455
covtype_binary_20000,19,824,layer_0::c8: Soil_Type_18 IS present,0.005704503211443002,0.003819300222746458,0.0017910575495322547,13,0.006256096065044403,2.3647442549699917,0.0033281782332875687,0.7480809490579204,0.50817717109455
covtype_binary_20000,19,825,layer_1::c0: ka_concept_1.c6 IS HIGH,0.7480809490579204,17.048484996969684,0.43741789364218386,1403,0.006232896354049444,281103.3144678351,0.03690727425337536,0.7480809490579204,0.50817717109455
covtype_binary_20000,19,826,layer_0::c8: Wilderness_Area_2 IS present,0.000789792119786914,0.02672160459459716,0.010316524495806209,5,0.0062222410924732685,43.6375409722059,0.0024152691940010603,0.7480809490579204,0.50817717109455
covtype_binary_20000,19,827,layer_1::c0: projection_4 IS MEDIUM,0.092468132566771,17.95818791526314,0.5625821063575664,1597,0.006221577990800142,408300.5485820383,0.03622001925203949,0.7480809490579204,0.50817717109455
covtype_binary_20000,19,828,layer_1::c3: ka_concept_1.c7 IS HIGH,0.7480809490579204,17.06911113166491,0.43741789364243355,1403,0.00599747896194458,3548226.818540899,0.007190768420511328,0.7480809490579204,0.50817717109455
covtype_binary_20000,19,829,layer_0::c5: Wilderness_Area_2 IS present,0.0005285015054729003,0.09525228175534084,0.012728441729417398,6,0.005918992217630148,63.60240010970483,0.004637360397561375,0.7480809490579204,0.50817717109455
covtype_binary_20000,19,830,layer_0::c6: Soil_Type_35 IS present,0.0010509001410791141,0.00013846792965233057,0.0012320287279887928,4,0.005787835456430912,118.02362408139743,0.001383118668961591,0.7480809490579204,0.50817717109455
covtype_binary_20000,19,831,layer_0::c9: Soil_Type_21 IS present,-0.0002611102789032982,-0.00023669747212051728,0.0004971257880430331,1,0.005687955301254988,22.20422993961256,0.001324123671365669,0.7480809490579204,0.50817717109455
covtype_binary_20000,19,832,layer_1::c0: projection_1 IS MEDIUM,0.7480809490579204,17.06911113166491,0.43741789364243355,1403,0.005498833954334259,298875.0625364386,0.03165788380180796,0.7480809490579204,0.50817717109455
covtype_binary_20000,19,833,layer_1::c1: ka_concept_1.c5 IS MEDIUM,0.7480809490579204,17.06911113166491,0.43741789364243355,1403,0.005419459659606218,88804.35860317705,0.018403280737654616,0.7480809490579204,0.50817717109455
covtype_binary_20000,19,834,layer_0::c7: Horizontal_Distance_To_Fire_Points IS MEDIUM,0.09235798975951703,17.4034832614699,0.5509089955120671,1581,0.005417704116553068,2045272.9242316925,0.004181019603994198,0.7480809490579204,0.50817717109455
covtype_binary_20000,19,835,layer_1::c1: projection_4 IS HIGH,0.092468132566771,17.95818791526314,0.5625821063575664,1597,0.005401745438575745,445411.35472355253,0.0190979389998829,0.7480809490579204,0.50817717109455
covtype_binary_20000,19,836,layer_1::c4: ka_concept_1.c3 IS MEDIUM,0.7480809490579204,17.06911113166491,0.43741789364243355,1403,0.005286745261400938,1178390.0219501834,0.010896183877717704,0.7480809490579204,0.50817717109455
covtype_binary_20000,19,837,layer_0::c8: Soil_Type_26 IS present,0.005003486737555907,0.13080763058132427,0.0036328010452093286,13,0.005226119887083769,93.57230019260896,0.001943179114095983,0.7480809490579204,0.50817717109455
covtype_binary_20000,19,838,layer_0::c10: Wilderness_Area_1 IS present,0.00043697000032882904,7.552242758324113e-05,0.00037278741839143924,1,0.005155556835234165,2.979812246157735,0.0007544707490037865,0.7480809490579204,0.50817717109455
covtype_binary_20000,19,839,layer_1::c0: ka_concept_1.c9 IS MEDIUM,0.7480809490579204,17.06911113166491,0.43741789364243355,1403,0.005143721122294664,242961.36283772177,0.02961176692166676,0.7480809490579204,0.50817717109455
covtype_binary_20000,19,840,layer_1::c5: ka_concept_1.c8 IS HIGH,0.092468132566771,17.89438685085871,0.5625821062647541,1597,0.005122520960867405,1107959.5000572603,0.011597400945364522,0.7480809490579204,0.50817717109455
covtype_binary_20000,19,841,layer_1::c0: projection_1 IS LOW,0.7480809490579204,17.06911113166491,0.43741789364243355,1403,0.005096155684441328,515264.74624813785,0.02936672405898571,0.7480809490579204,0.50817717109455
covtype_binary_20000,19,842,layer_1::c2: ka_concept_1.c1 IS MEDIUM,0.092468132566771,17.95818791526314,0.5625821063575664,1597,0.004875115118920803,389448.40081572154,0.008863454981920465,0.7480809490579204,0.50817717109455
covtype_binary_20000,19,843,layer_0::c7: Soil_Type_11 IS absent,0.005973818869910552,0.004304777124525594,0.012720592400837963,47,0.004789996426552534,20.757795148968626,0.0037426340975028343,0.7480809490579204,0.50817717109455
covtype_binary_20000,19,844,layer_1::c3: ka_concept_1.c4 IS MEDIUM,0.092468132566771,17.95818791526314,0.5625821063575664,1597,0.004755768459290266,2603007.3244645996,0.005659825600683689,0.7480809490579204,0.50817717109455
covtype_binary_20000,19,845,layer_1::c0: projection_6 IS HIGH,0.092468132566771,17.95818791526314,0.5625821063575664,1597,0.0047070058062672615,19765.781788358243,0.027295646072054904,0.7480809490579204,0.50817717109455
covtype_binary_20000,19,846,layer_0::c4: Soil_Type_29 IS present,0.1254847952117666,0.12566711445341916,0.08087413625423323,370,0.004683714359998703,62.1106162242977,0.007330003013672695,0.7480809490579204,0.50817717109455
covtype_binary_20000,19,847,layer_1::c1: projection_1 IS MEDIUM,0.092468132566771,17.95818791526314,0.5625821063575664,1597,0.004473516251891851,2812611.515932327,0.01534164058510214,0.7480809490579204,0.50817717109455
covtype_binary_20000,19,848,layer_1::c5: projection_6 IS HIGH,0.7480809490579204,17.06911113166491,0.43741789364243355,1403,0.004447220358997583,398263.6181556357,0.01015978300012648,0.7480809490579204,0.50817717109455
covtype_binary_20000,19,849,layer_1::c4: projection_1 IS MEDIUM,0.7480809490579204,17.06911113166491,0.43741789364243355,1403,0.004363850690424442,2401281.2610234236,0.008916608292609454,0.7480809490579204,0.50817717109455
covtype_binary_20000,19,850,layer_1::c5: projection_3 IS MEDIUM,0.092468132566771,17.95818791526314,0.5625821063575664,1597,0.0042725359089672565,7948478.9169671405,0.009674401154120764,0.7480809490579204,0.50817717109455
covtype_binary_20000,19,851,layer_0::c6: Soil_Type_13 IS absent,0.0014049518570806718,0.0005838505693210871,0.0018564849457695031,8,0.00422277906909585,7.715358199634238,0.0014672775031600149,0.7480809490579204,0.50817717109455
covtype_binary_20000,19,852,layer_0::c10: Soil_Type_26 IS present,0.004563079401298187,0.011335348554316282,0.0029445362917184486,12,0.004071740433573723,32.92322271144076,0.0006049614484375827,0.7480809490579204,0.50817717109455
covtype_binary_20000,19,853,layer_1::c5: projection_0 IS HIGH,0.7480809490579204,17.06911113166491,0.43741789364243355,1403,0.004030265845358372,609107.8981750343,0.0091675492922465,0.7480809490579204,0.50817717109455
covtype_binary_20000,19,854,layer_0::c11: Soil_Type_18 IS present,0.005885228258201036,0.1451977897655321,0.0036086315627808178,15,0.003778287908062339,61.23649154539453,0.0025114059227404747,0.7480809490579204,0.50817717109455
covtype_binary_20000,19,855,layer_0::c4: Wilderness_Area_3 IS absent,0.013197228127687866,0.012862922203180194,0.027801345280955146,71,0.0036462994758039713,31.189810222864253,0.005838448063957003,0.7480809490579204,0.50817717109455
covtype_binary_20000,19,856,layer_1::c4: projection_3 IS HIGH,0.092468132566771,17.95818791526314,0.5625821063575664,1597,0.0035471131559461355,8022769.476373816,0.007165801843628287,0.7480809490579204,0.50817717109455
covtype_binary_20000,19,857,layer_0::c11: Wilderness_Area_1 IS absent,0.000882069506099703,0.0011697157991948925,0.0028789836191434426,10,0.0035107790026813745,10.677031166254437,0.0016509744422116342,0.7480809490579204,0.50817717109455
covtype_binary_20000,19,858,layer_1::c0: ka_concept_1.c1 IS MEDIUM,0.092468132566771,17.95818791526314,0.5625821063575664,1597,0.003506737295538187,1591976.9820452672,0.020410566000112644,0.7480809490579204,0.50817717109455
covtype_binary_20000,19,859,layer_0::c11: Soil_Type_34 IS present,0.0023656639932124746,0.043017370884844364,0.001955761827269917,7,0.0033844569697976112,30.773123447957914,0.0018608740472106243,0.7480809490579204,0.50817717109455
covtype_binary_20000,19,860,layer_0::c11: Horizontal_Distance_To_Hydrology IS HIGH,0.7399121267298061,16.898481199129662,0.435587749346915,1397,0.003372891340404749,8241353.963986834,0.001531676272668027,0.7480809490579204,0.50817717109455
covtype_binary_20000,19,861,layer_0::c8: Soil_Type_35 IS present,-0.0002611102789032982,-8.513906928231396e-05,0.0005130588876612807,1,0.0032596387900412083,61.683836310345214,0.0008381290210527368,0.7480809490579204,0.50817717109455
covtype_binary_20000,19,862,layer_1::c4: projection_4 IS HIGH,0.092468132566771,17.95818791526314,0.5625821063575664,1597,0.003009993815794587,1140490.0227570098,0.006340521155235668,0.7480809490579204,0.50817717109455
covtype_binary_20000,19,863,layer_1::c3: projection_3 IS HIGH,0.7480809490579204,17.06911113166491,0.43741789364243355,1403,0.0029243500903248787,31345453.788555868,0.0034220866888063028,0.7480809490579204,0.50817717109455
covtype_binary_20000,19,864,layer_1::c0: projection_5 IS HIGH,0.092468132566771,17.95818791526314,0.5625821063575664,1597,0.0028390989173203707,201189.8649214839,0.01654331519191813,0.7480809490579204,0.50817717109455
covtype_binary_20000,19,865,layer_0::c4: Wilderness_Area_4 IS present,0.00043697000032882904,0.0022093409497373484,0.0014558288359439965,1,0.0028051671106368303,6.8016178022444365,0.004672430554633138,0.7480809490579204,0.50817717109455
covtype_binary_20000,19,866,layer_1::c1: projection_1 IS HIGH,0.7480809490579204,17.06911113166491,0.43741789364243355,1403,0.002756259171292186,641486.8649637629,0.009444604880331706,0.7480809490579204,0.50817717109455
covtype_binary_20000,19,867,layer_0::c4: Wilderness_Area_4 IS present,0.00043697000032882904,0.0021874797959646752,0.0014453728287347112,1,0.002748428611084819,6.8818401909884415,0.004577924408116814,0.7480809490579204,0.50817717109455
covtype_binary_20000,19,868,layer_1::c0: ka_concept_1.c0 IS LOW,0.092468132566771,14.663647103090002,0.5614793232426989,1597,0.0027190858963876963,286832.6771109814,0.015152979346242318,0.7480809490579204,0.50817717109455
covtype_binary_20000,19,869,layer_1::c2: projection_3 IS HIGH,0.7480809490579204,17.06911113166491,0.43741789364243355,1403,0.0026340363547205925,6331398.620857113,0.004683379436765487,0.7480809490579204,0.50817717109455
covtype_binary_20000,19,870,layer_1::c0: ka_concept_1.c11 IS HIGH,0.092468132566771,17.95818791526314,0.5625821063575664,1597,0.0026163686998188496,1063407.1513226759,0.01534448527357381,0.7480809490579204,0.50817717109455
covtype_binary_20000,19,871,layer_0::c11: Soil_Type_21 IS present,0.0,-0.00017289500780948153,0.00017003499476490877,0,0.002503985306248069,1.6755574903218076,0.001163279170257738,0.7480809490579204,0.50817717109455
covtype_binary_20000,19,872,layer_0::c11: Soil_Type_26 IS present,0.004563079401298187,0.04808344789112973,0.0032194620392297308,12,0.0024283085949718952,57.07266916119988,0.0011281217476231784,0.7480809490579204,0.50817717109455
covtype_binary_20000,19,873,layer_1::c0: ka_concept_1.c6 IS MEDIUM,0.092468132566771,17.95818791526314,0.5625821063575664,1597,0.0024090074002742767,2449619.005047943,0.013915165372542105,0.7480809490579204,0.50817717109455
covtype_binary_20000,19,874,layer_1::c3: projection_1 IS HIGH,0.092468132566771,17.95818791526314,0.5625821063575664,1597,0.0024057154078036547,3739263.0135172848,0.002845030498574488,0.7480809490579204,0.50817717109455
covtype_binary_20000,19,875,layer_1::c0: projection_2 IS MEDIUM,0.7480809490579204,17.06911113166491,0.43741789364243355,1403,0.002386918291449547,6165102.6544546075,0.013703524669321876,0.7480809490579204,0.50817717109455
covtype_binary_20000,19,876,layer_0::c5: Wilderness_Area_2 IS present,0.000789792119786914,0.012371444393915132,0.0073489035950708445,5,0.002356873592361808,31.553995560008843,0.001846542694705325,0.7480809490579204,0.50817717109455
covtype_binary_20000,19,877,layer_1::c1: ka_concept_1.c11 IS MEDIUM,0.7480809490579204,17.06911113166491,0.43741789364243355,1403,0.0023331930860877037,310874.0410453084,0.007979711686474426,0.7480809490579204,0.50817717109455
covtype_binary_20000,19,878,layer_1::c0: ka_concept_1.c8 IS LOW,0.092468132566771,17.95818791526314,0.5625821063575664,1597,0.0023082648403942585,913778.4052463414,0.01330896649012963,0.7480809490579204,0.50817717109455
covtype_binary_20000,19,879,layer_1::c0: ka_concept_1.c7 IS MEDIUM,0.7480809490579204,17.06911113166491,0.43741789364243355,1403,0.0019517457112669945,2151442.040502154,0.011251424242393114,0.7480809490579204,0.50817717109455
covtype_binary_20000,19,880,layer_1::c2: projection_1 IS MEDIUM,0.092468132566771,17.95818791526314,0.5625821063575664,1597,0.0019107222324237227,4652839.438420171,0.0034361741084915896,0.7480809490579204,0.50817717109455
covtype_binary_20000,19,881,layer_1::c0: projection_2 IS HIGH,0.7480809490579204,17.06911113166491,0.43741789364243355,1403,0.0017279591411352158,3655478.6692767376,0.00982050823996542,0.7480809490579204,0.50817717109455
covtype_binary_20000,19,882,layer_1::c2: ka_concept_1.c4 IS MEDIUM,0.7480809490579204,17.06911113166491,0.43741789364243355,1403,0.0017259365413337946,8896731.530663596,0.0031209230554911,0.7480809490579204,0.50817717109455
covtype_binary_20000,19,883,layer_1::c4: ka_concept_1.c8 IS HIGH,0.7480809490579204,16.75222253711341,0.4374153196267973,1403,0.0017219363944604993,602494.1510990133,0.0035120883163088667,0.7480809490579204,0.50817717109455
covtype_binary_20000,19,884,layer_1::c3: ka_concept_1.c11 IS HIGH,0.7480809490579204,16.794639231640787,0.4374176640225631,1403,0.001661007758229971,1926861.1120078762,0.002002698260848471,0.7480809490579204,0.50817717109455
covtype_binary_20000,19,885,layer_1::c5: ka_concept_1.c4 IS MEDIUM,0.7480809490579204,17.06911113166491,0.43741789364243355,1403,0.001627484685741365,501104.8195675091,0.0037115552376490086,0.7480809490579204,0.50817717109455
covtype_binary_20000,19,886,layer_0::c7: Soil_Type_35 IS present,-0.0002611102789032982,-7.090228220718586e-05,0.0005591375796545604,1,0.0016228026943281293,67.06272667789017,0.000877503628602426,0.7480809490579204,0.50817717109455
covtype_binary_20000,19,887,layer_0::c7: Soil_Type_26 IS present,0.004563079401298187,0.05176863631656159,0.0032351084896799806,12,0.0016086067771539092,54.720575062412536,0.0012578392778135215,0.7480809490579204,0.50817717109455
covtype_binary_20000,19,888,layer_1::c0: ka_concept_1.c5 IS MEDIUM,0.092468132566771,17.82511494983347,0.5625821063542376,1597,0.0015822998248040676,15264.214851767392,0.00902020756849864,0.7480809490579204,0.50817717109455
covtype_binary_20000,19,889,layer_1::c0: projection_5 IS LOW,0.092468132566771,17.95818791526314,0.5625821063575664,1597,0.0015503682661801577,1404467.0806883136,0.00889077418918411,0.7480809490579204,0.50817717109455
covtype_binary_20000,19,890,layer_0::c4: Wilderness_Area_1 IS present,0.0019487409003958733,0.0009777632519873958,0.004279399477536352,22,0.0014716516016051173,11.043784814401988,0.0023295408120421824,0.7480809490579204,0.50817717109455
covtype_binary_20000,19,891,layer_0::c3: Vertical_Distance_To_Hydrology IS HIGH,0.092468132566771,17.95818791526314,0.5625821063575641,1597,0.0013639723183587193,43872178.016662106,0.0002781301938097916,0.7480809490579204,0.50817717109455
covtype_binary_20000,19,892,layer_0::c5: Vertical_Distance_To_Hydrology IS HIGH,0.7480809490579204,17.06911113166491,0.43741789364243355,1403,0.0013285588938742876,19395780.05674224,0.0009180364850380253,0.7480809490579204,0.50817717109455
covtype_binary_20000,19,893,layer_1::c0: ka_concept_1.c4 IS LOW,0.092468132566771,17.95818791526314,0.5625821063575664,1597,0.0013252991484478116,3720399.441473708,0.007643306660931558,0.7480809490579204,0.50817717109455
covtype_binary_20000,19,894,layer_0::c9: Soil_Type_26 IS present,0.00043697000032882904,0.0007060366315579936,0.000685269178649756,1,0.001308034872636199,10.196047465826268,0.00030450305122773594,0.7480809490579204,0.50817717109455
covtype_binary_20000,19,895,layer_1::c4: ka_concept_1.c4 IS MEDIUM,0.092468132566771,17.95818791526314,0.5625821063575664,1597,0.0012787055457010865,9007100.525614675,0.0026271264819273106,0.7480809490579204,0.50817717109455
covtype_binary_20000,19,896,layer_1::c1: projection_5 IS LOW,0.7480809490579204,17.06911113166491,0.43741789364243355,1403,0.0011290425900369883,9535694.009220326,0.0038567953276991223,0.7480809490579204,0.50817717109455
covtype_binary_20000,19,897,layer_1::c0: projection_7 IS HIGH,0.092468132566771,17.95818791526314,0.5625821063575664,1597,0.0010216684313490987,1520781.3405462462,0.006065221014277388,0.7480809490579204,0.50817717109455
covtype_binary_20000,19,898,layer_1::c1: ka_concept_1.c8 IS HIGH,0.092468132566771,16.706990795567144,0.5622539579203983,1597,0.0010150073794648051,1035302.2842083523,0.003474645570972825,0.7480809490579204,0.50817717109455
covtype_binary_20000,19,899,layer_0::c5: Soil_Type_35 IS present,-0.0002611102789032982,-0.00014961737217333848,0.0003035374090754366,1,0.0010074303718283772,36.73148595748353,0.0005228304012077084,0.7480809490579204,0.50817717109455
covtype_binary_20000,19,900,layer_0::c6: Wilderness_Area_4 IS absent,-0.0002611102789032982,2.625885237361736e-05,9.122095492502595e-05,1,0.000854529207572341,1.7938280981366574,0.0002945349264933128,0.7480809490579204,0.50817717109455
covtype_binary_20000,19,901,layer_1::c0: projection_6 IS LOW,0.7480809490579204,17.06911113166491,0.43741789364243355,1403,0.0008227736107073724,5072303.754274955,0.004727033964164244,0.7480809490579204,0.50817717109455
covtype_binary_20000,19,902,layer_1::c0: ka_concept_1.c9 IS LOW,0.7480809490579204,16.341584156363872,0.4374148622087736,1403,0.0008131378563120961,3536931.6063674274,0.00470649312667706,0.7480809490579204,0.50817717109455
covtype_binary_20000,19,903,layer_1::c0: projection_4 IS HIGH,0.7480809490579204,17.06911113166491,0.43741789364243355,1403,0.0007782498723827302,4628149.740708739,0.004619127221745051,0.7480809490579204,0.50817717109455
covtype_binary_20000,19,904,layer_1::c5: projection_3 IS HIGH,0.092468132566771,17.95818791526314,0.5625821063575664,1597,0.0007064755773171782,15510667.643473605,0.0015842200809662852,0.7480809490579204,0.50817717109455
covtype_binary_20000,19,905,layer_1::c0: ka_concept_1.c8 IS MEDIUM,0.7480809490579204,17.06911113166491,0.43741789364243355,1403,0.0006533843115903437,2314586.0611647987,0.0037248522564623274,0.7480809490579204,0.50817717109455
covtype_binary_20000,19,906,layer_0::c4: Vertical_Distance_To_Hydrology IS HIGH,0.092468132566771,17.95818791526314,0.5625821063575664,1597,0.0006235550390556455,36034663.576372534,0.0009227035409284477,0.7480809490579204,0.50817717109455
covtype_binary_20000,19,907,layer_1::c4: projection_6 IS LOW,0.7480809490579204,17.06911113166491,0.43741789364243355,1403,0.0006193979643285275,13446066.55277515,0.0012629804197252573,0.7480809490579204,0.50817717109455
covtype_binary_20000,19,908,layer_1::c4: projection_1 IS HIGH,0.7480809490579204,17.06911113166491,0.43741789364243355,1403,0.0005594270187430084,10384922.11804352,0.0011421265107346699,0.7480809490579204,0.50817717109455
covtype_binary_20000,19,909,layer_0::c4: Soil_Type_2 IS present,0.0,-4.153392664685285e-06,9.021370852062911e-05,0,0.0004964732797816396,1.141451136937917,0.0008717014966526525,0.7480809490579204,0.50817717109455
covtype_binary_20000,19,910,layer_1::c2: projection_7 IS LOW,0.7480809490579204,17.06911113166491,0.43741789364243355,1403,0.0004904003581032157,24450767.167770196,0.0008785025131364818,0.7480809490579204,0.50817717109455
covtype_binary_20000,19,911,layer_0::c2: Wilderness_Area_3 IS present,0.0,6.615907214735373e-06,2.1388685887318766e-05,0,0.000468654150608927,0.7925002545548523,0.00014970182953588562,0.7480809490579204,0.50817717109455
covtype_binary_20000,19,912,layer_1::c1: projection_3 IS HIGH,0.092468132566771,17.95818791526314,0.5625821063575664,1597,0.00043850450310856104,37201932.71758767,0.0014868145294991942,0.7480809490579204,0.50817717109455
covtype_binary_20000,19,913,layer_1::c2: ka_concept_1.c5 IS HIGH,0.7480809490579204,17.066871355212292,0.43741789364238376,1403,0.00039795521297492087,1163705.4603301752,0.0007029342272890062,0.7480809490579204,0.50817717109455
covtype_binary_20000,19,914,layer_1::c4: projection_6 IS HIGH,0.7480809490579204,17.06911113166491,0.43741789364243355,1403,0.00037559843622148037,31077248.163887706,0.0007730204591255946,0.7480809490579204,0.50817717109455
covtype_binary_20000,19,915,layer_1::c5: ka_concept_1.c5 IS HIGH,0.7480809490579204,17.06911113166491,0.43741789364243355,1403,0.0003652373852673918,7062801.882940858,0.0008136478643646115,0.7480809490579204,0.50817717109455
covtype_binary_20000,19,916,layer_1::c0: projection_0 IS LOW,0.092468132566771,17.95818791526314,0.5625821063575664,1597,0.00032362472848035395,1161729.308095178,0.0018571931177866646,0.7480809490579204,0.50817717109455
covtype_binary_20000,19,917,layer_1::c0: ka_concept_1.c4 IS MEDIUM,0.092468132566771,17.95818791526314,0.5625821063575664,1597,0.0002909101312980056,2860951.2731270394,0.0016840335496235638,0.7480809490579204,0.50817717109455
covtype_binary_20000,19,918,layer_1::c1: ka_concept_1.c4 IS MEDIUM,0.7480809490579204,17.06911113166491,0.43741789364243355,1403,0.00028427920187823474,13859262.535508977,0.0009802763125820397,0.7480809490579204,0.50817717109455
covtype_binary_20000,19,919,layer_1::c0: projection_2 IS LOW,0.7480809490579204,17.06911113166491,0.43741789364243355,1403,0.00028135027969256043,10251563.534059618,0.0016706092308741063,0.7480809490579204,0.50817717109455
covtype_binary_20000,19,920,layer_0::c4: Soil_Type_40 IS present,0.0,-1.9191716106869983e-05,3.751036919628397e-05,0,0.0002661708276718855,2.017678775064269,0.0003487071417153705,0.7480809490579204,0.50817717109455
covtype_binary_20000,19,921,layer_0::c5: Wilderness_Area_3 IS absent,0.0,1.0564513320598934e-05,3.496473825736136e-05,0,0.00025890168035402894,1.185491208498604,0.00019358500466312023,0.7480809490579204,0.50817717109455
covtype_binary_20000,19,922,layer_0::c4: Wilderness_Area_2 IS present,0.0,0.0004947101930387054,0.0005755532240048184,0,0.00025059524341486394,8.302659711165234,0.00042044009753605373,0.7480809490579204,0.50817717109455
covtype_binary_20000,19,923,layer_1::c0: ka_concept_1.c3 IS MEDIUM,0.092468132566771,17.95818791526314,0.5625821063575664,1597,0.00024834522628225386,29168634.53411898,0.0014421928720403229,0.7480809490579204,0.50817717109455
covtype_binary_20000,19,924,layer_1::c2: ka_concept_1.c8 IS HIGH,0.7480809490579204,17.06509747914413,0.4374178936240458,1403,0.00017164790187962353,29577557.16383203,0.00030813049307242105,0.7480809490579204,0.50817717109455
covtype_binary_20000,19,925,layer_1::c1: ka_concept_1.c5 IS HIGH,0.092468132566771,17.95818791526314,0.5625821063575664,1597,0.00012323938426561654,15522760.714260386,0.00041512147702057214,0.7480809490579204,0.50817717109455
covtype_binary_20000,19,926,layer_1::c0: ka_concept_1.c8 IS HIGH,0.7480809490579204,17.06553286119891,0.43741789363530353,1403,9.057331044459715e-05,18616745.894914787,0.0005205111878829408,0.7480809490579204,0.50817717109455
covtype_binary_20000,19,927,layer_0::c4: Soil_Type_13 IS present,0.0,5.2407682625821295e-06,2.7622125744300257e-05,0,7.02313773217611e-05,1.6047926097917298,9.21799634542045e-05,0.7480809490579204,0.50817717109455
covtype_binary_20000,19,928,layer_1::c4: ka_concept_1.c5 IS HIGH,0.09114992232235541,10.311331343137196,0.5576430028834477,1585,4.239581903675571e-05,1419734.651232572,8.508553271417441e-05,0.7480809490579204,0.50817717109455
covtype_binary_20000,19,929,layer_1::c0: projection_1 IS HIGH,0.7480809490579204,1.9671843448798811,0.43122318593010545,1403,3.8449295971076936e-05,24931.4425660013,0.00022117734705291999,0.7480809490579204,0.50817717109455
covtype_binary_20000,19,930,layer_1::c0: projection_3 IS HIGH,0.7480809490579204,17.06911113166491,0.43741789364243355,1403,3.0358287403942086e-05,2089901.8171621913,0.00017280189293524017,0.7480809490579204,0.50817717109455
covtype_binary_20000,19,931,"projection_layer::pursuit_1(Elevation, Vertical_Distance_To_Hydrology, Soil_Type_40, Soil_Type_6) IS MEDIUM",0.004418977226934517,0.003948897628745174,0.008809869175518837,26,1.1807881492131855e-05,9582.701942271093,1.2527070227702057e-05,0.7480809490579204,0.50817717109455
covtype_binary_20000,19,932,"projection_layer::pursuit_3(Slope, Soil_Type_12, Soil_Type_13, Soil_Type_1) IS HIGH",0.009806691986670835,0.007791052604157023,0.018446626786019,73,5.361482635635184e-06,28416.853275529265,4.218319797657223e-06,0.7480809490579204,0.50817717109455
covtype_binary_20000,19,933,layer_1::c2: ka_concept_1.c4 IS HIGH,0.02977108990299082,0.023546410516190885,0.04841311485828262,168,3.034955398106831e-07,543906.1448429129,5.514839852006995e-07,0.7480809490579204,0.50817717109455
covtype_binary_20000,19,934,layer_1::c3: ka_concept_1.c4 IS HIGH,0.010300000074688231,0.007597810648618308,0.019514469028817285,63,2.9395880574156763e-07,346407.3901824566,3.5155328150911676e-07,0.7480809490579204,0.50817717109455
covtype_binary_20000,19,935,layer_1::c3: ka_concept_1.c5 IS HIGH,0.0,-2.6232238661494378e-05,0.00011845450942887463,0,1.8990526484685688e-07,2996.041472389108,2.2077077295771612e-07,0.7480809490579204,0.50817717109455
covtype_binary_20000,23,0,layer_0::c1: Elevation IS LOW,0.7717632162076606,17.073577935339856,0.5116031164983496,1696,4.671732425689697,21791.38001914012,0.7056277602063787,0.7717632162076606,0.5038764626474695
covtype_binary_20000,23,1,layer_0::c4: Elevation IS MEDIUM,0.11052027835455325,17.117878443542974,0.47630291784066753,1266,3.645021438598633,15845.331232290282,0.589738110043628,0.7717632162076606,0.5038764626474695
covtype_binary_20000,23,2,layer_0::c0: Elevation IS LOW,0.7717632162076606,17.073607877644108,0.5115750718218552,1696,3.1358721256256104,6744.742675033442,0.571933747902816,0.7717632162076606,0.5038764626474695
covtype_binary_20000,23,3,layer_0::c1: Elevation IS MEDIUM,0.7717632162076606,17.06567741124848,0.5115689432379913,1696,2.876295566558838,33117.96511551451,0.4250638708769327,0.7717632162076606,0.5038764626474695
covtype_binary_20000,23,4,layer_0::c11: Elevation IS LOW,0.11526781571405509,17.829082562624638,0.48654572191386064,1298,2.817446708679199,26006.030569747934,0.670761697816114,0.7717632162076606,0.5038764626474695
covtype_binary_20000,23,5,layer_0::c8: Elevation IS LOW,0.11467810504664555,17.610317548541296,0.48532174323573946,1294,2.7928709983825684,7907.815391577833,0.5730784804543712,0.7717632162076606,0.5038764626474695
covtype_binary_20000,23,6,layer_0::c4: Elevation IS LOW,0.7717632162076606,17.07361114910785,0.5115719105436166,1696,2.782339572906494,7315.785006450647,0.4600936393510622,0.7717632162076606,0.5038764626474695
covtype_binary_20000,23,7,layer_0::c2: Elevation IS MEDIUM,0.7717632162076606,17.06374289321614,0.5114578980375868,1696,2.174708366394043,8238.73184289574,0.5993877832249467,0.7717632162076606,0.5038764626474695
covtype_binary_20000,23,8,layer_0::c3: Elevation IS MEDIUM,0.10992200381227502,17.024275086578506,0.47460935518289926,1262,2.116899251937866,12577.467928349399,0.496869650663498,0.7717632162076606,0.5038764626474695
covtype_binary_20000,23,9,layer_0::c3: Elevation IS LOW,0.7717632162076606,17.073592312038134,0.5115898273018838,1696,2.087761640548706,16234.775558679834,0.5008414556541702,0.7717632162076606,0.5038764626474695
covtype_binary_20000,23,10,layer_0::c1: Soil_Type_22 IS absent,0.7622909563971059,16.735166979646067,0.5000430540593944,1681,2.007993459701538,514.6983294114838,0.29751506916648335,0.7717632162076606,0.5038764626474695
covtype_binary_20000,23,11,layer_0::c1: Horizontal_Distance_To_Hydrology IS LOW,0.10937201144357456,16.051964115801976,0.4517638717977343,1207,1.9512934684753418,15722.5810293885,0.28551129900136796,0.7717632162076606,0.5038764626474695
covtype_binary_20000,23,12,layer_0::c1: Hillshade_Noon IS HIGH,0.11066967802419925,17.10448661797326,0.47413025626737687,1267,1.7177973985671997,199484.92265625633,0.2522921562917862,0.7717632162076606,0.5038764626474695
covtype_binary_20000,23,13,layer_0::c1: Horizontal_Distance_To_Roadways IS MEDIUM,0.1161503997165112,17.7244441102525,0.4877213417747558,1304,1.7004131078720093,52127.314572013296,0.2491678064506244,0.7717632162076606,0.5038764626474695
covtype_binary_20000,23,14,layer_0::c1: Elevation IS HIGH,0.0988057938831497,15.936047301465994,0.4502453854029169,1186,1.6166422367095947,25087.881671896714,0.23612675859075158,0.7717632162076606,0.5038764626474695
covtype_binary_20000,23,15,layer_0::c8: Elevation IS HIGH,0.10342035906480351,16.398595076490857,0.4595896590475671,1216,1.6099954843521118,72268.81530359325,0.3194636364423878,0.7717632162076606,0.5038764626474695
covtype_binary_20000,23,16,"projection_layer::pursuit_5(Hillshade_9am, Wilderness_Area_1, Soil_Type_10, Soil_Type_32) IS LOW",0.0857612986621189,1.303406792198838,0.35932605477706026,1013,1.54697847366333,6.131416966678836,0.6117485673193199,0.7717632162076606,0.5038764626474695
covtype_binary_20000,23,17,layer_0::c11: Elevation IS HIGH,0.7717632162076606,17.05079913949013,0.5110143061524252,1696,1.5209790468215942,49897.53839172337,0.3501623134907938,0.7717632162076606,0.5038764626474695
covtype_binary_20000,23,18,layer_0::c11: Elevation IS MEDIUM,0.10992200381227502,17.02429820726247,0.47460991467314495,1262,1.4919514656066895,17984.428503943935,0.34752837940776665,0.7717632162076606,0.5038764626474695
covtype_binary_20000,23,19,layer_0::c0: Horizontal_Distance_To_Roadways IS MEDIUM,0.1161503997165112,17.888505611255454,0.4881633191855517,1304,1.484174132347107,167284.64480297183,0.2626104450975437,0.7717632162076606,0.5038764626474695
covtype_binary_20000,23,20,layer_0::c4: Horizontal_Distance_To_Roadways IS MEDIUM,0.1161503997165112,17.6635767823335,0.4873697490852692,1304,1.479583978652954,39181.55577437611,0.23736435338756215,0.7717632162076606,0.5038764626474695
covtype_binary_20000,23,21,layer_0::c4: Soil_Type_4 IS absent,0.7622781213567121,16.855264854298508,0.505337991424115,1683,1.4769741296768188,406.7594614073423,0.239050380271107,0.7717632162076606,0.5038764626474695
covtype_binary_20000,23,22,layer_0::c2: Elevation IS LOW,0.11512048730281321,17.778081540074684,0.486275057960217,1297,1.4631774425506592,26084.335600694987,0.4121742841580249,0.7717632162076606,0.5038764626474695
covtype_binary_20000,23,23,layer_0::c4: Elevation IS HIGH,0.09896063912528608,15.99986961272597,0.4514909395920687,1187,1.4015876054763794,31934.17693779005,0.22412482526562455,0.7717632162076606,0.5038764626474695
covtype_binary_20000,23,24,layer_0::c0: Elevation IS MEDIUM,0.7717632162076606,17.063814610355852,0.5114667220187532,1696,1.4014824628829956,21186.27379730794,0.25009098053151996,0.7717632162076606,0.5038764626474695
covtype_binary_20000,23,25,layer_0::c10: Elevation IS LOW,0.11526781571405509,17.786231010395095,0.4863160834041582,1298,1.3898593187332153,19247.737726990286,0.5956186182351707,0.7717632162076606,0.5038764626474695
covtype_binary_20000,23,26,layer_0::c1: Aspect IS MEDIUM,0.1161503997165112,17.962488623710215,0.488240227554277,1304,1.364554524421692,214587.92274370277,0.19905467679630964,0.7717632162076606,0.5038764626474695
covtype_binary_20000,23,27,layer_0::c8: Elevation IS MEDIUM,0.7717632162076606,17.063644796510815,0.5114440779710715,1696,1.357296347618103,16284.095953984806,0.2724964761993758,0.7717632162076606,0.5038764626474695
covtype_binary_20000,23,28,layer_0::c11: Horizontal_Distance_To_Hydrology IS LOW,0.6874571202284129,15.494759088181715,0.48503495555108866,1617,1.3572520017623901,55436.154508736436,0.313022893516456,0.7717632162076606,0.5038764626474695
covtype_binary_20000,23,29,layer_0::c8: Vertical_Distance_To_Hydrology IS LOW,0.7717632162076606,17.061672215865276,0.511613662068953,1696,1.2780778408050537,97281.1880957865,0.2567020639268079,0.7717632162076606,0.5038764626474695
covtype_binary_20000,23,30,layer_0::c4: Horizontal_Distance_To_Fire_Points IS LOW,0.6085730321585809,14.90398048309813,0.4630680289789312,1529,1.2666137218475342,35455.422530469536,0.20811313803017129,0.7717632162076606,0.5038764626474695
covtype_binary_20000,23,31,layer_0::c10: Elevation IS MEDIUM,0.7717632162076606,17.0633032373567,0.5113618818863978,1696,1.2395495176315308,4882.894827166568,0.5197377594161445,0.7717632162076606,0.5038764626474695
covtype_binary_20000,23,32,layer_0::c8: Horizontal_Distance_To_Hydrology IS LOW,0.6862709882283861,15.477305101762385,0.48469321014319106,1615,1.2359466552734375,66109.74763848787,0.245677825250157,0.7717632162076606,0.5038764626474695
covtype_binary_20000,23,33,layer_0::c1: Slope IS MEDIUM,0.11365510809955248,17.414858482613187,0.47955445460989266,1281,1.1794822216033936,87326.91766433274,0.1729278647806571,0.7717632162076606,0.5038764626474695
covtype_binary_20000,23,34,layer_0::c7: Soil_Type_4 IS absent,0.7622781213567121,16.85526426118527,0.5053685719837516,1683,1.163823127746582,549.1959230771345,0.3287265493029918,0.7717632162076606,0.5038764626474695
covtype_binary_20000,23,35,layer_0::c4: Horizontal_Distance_To_Fire_Points IS MEDIUM,0.6346061089757404,15.188492673345577,0.4715644635771132,1555,1.1632930040359497,4839.093381013619,0.19086092547990643,0.7717632162076606,0.5038764626474695
covtype_binary_20000,23,36,layer_0::c1: Wilderness_Area_4 IS absent,0.7717632162076606,16.816694572471853,0.5065513030341503,1696,1.1464065313339233,289.4372053121642,0.1696500741103652,0.7717632162076606,0.5038764626474695
covtype_binary_20000,23,37,layer_0::c0: Horizontal_Distance_To_Hydrology IS LOW,0.10982360047115558,16.233569813602607,0.4549070997260873,1213,1.1184501647949219,38729.45169643774,0.1976091428601308,0.7717632162076606,0.5038764626474695
covtype_binary_20000,23,38,layer_0::c4: Aspect IS MEDIUM,0.7717632162076606,17.073411840111994,0.511759772445723,1696,1.0682519674301147,73707.128592769,0.17060572795911383,0.7717632162076606,0.5038764626474695
covtype_binary_20000,23,39,layer_0::c11: Aspect IS MEDIUM,0.1161503997165112,17.962488623710215,0.488240227554277,1304,1.055234670639038,94632.36797895252,0.24263053331772486,0.7717632162076606,0.5038764626474695
covtype_binary_20000,23,40,layer_0::c8: Horizontal_Distance_To_Fire_Points IS MEDIUM,0.1157237011650023,17.3511158795767,0.47932033120169354,1295,1.027900218963623,26309.88903616588,0.20926955526997532,0.7717632162076606,0.5038764626474695
covtype_binary_20000,23,41,layer_0::c3: Elevation IS HIGH,0.09693076878450368,15.669388071365397,0.44488959080736745,1168,0.9891946911811829,12007.124418823096,0.22947461249968903,0.7717632162076606,0.5038764626474695
covtype_binary_20000,23,42,layer_0::c0: Elevation IS HIGH,0.7717632162076606,17.05577699377347,0.511091279734374,1696,0.9594376087188721,156092.76408626355,0.16921454134692263,0.7717632162076606,0.5038764626474695
covtype_binary_20000,23,43,layer_0::c2: Horizontal_Distance_To_Roadways IS MEDIUM,0.7703970959890815,16.77097064002297,0.5112335785230893,1695,0.9565828442573547,112268.10399496125,0.2614244718225482,0.7717632162076606,0.5038764626474695
covtype_binary_20000,23,44,layer_0::c1: Horizontal_Distance_To_Roadways IS HIGH,0.7717632162076606,16.97006056451041,0.5117597723138989,1696,0.9555911421775818,25487.24583416791,0.14019646801875205,0.7717632162076606,0.5038764626474695
covtype_binary_20000,23,45,"projection_layer::pursuit_4(Horizontal_Distance_To_Hydrology, Soil_Type_22, Soil_Type_30, Soil_Type_35) IS LOW",0.35076372100321845,0.15202295187620252,0.23812766946527433,1178,0.8808366060256958,2.8286882333122776,0.49707711828003326,0.7717632162076606,0.5038764626474695
covtype_binary_20000,23,46,layer_0::c0: Horizontal_Distance_To_Fire_Points IS MEDIUM,0.11542898440173077,17.32070683934428,0.4784466853196471,1293,0.8557195067405701,24400.003431600733,0.1548498114781081,0.7717632162076606,0.5038764626474695
covtype_binary_20000,23,47,layer_0::c0: Wilderness_Area_2 IS absent,0.7544644803460505,16.599583066455732,0.49290096514542925,1656,0.8525493741035461,244.68844534395475,0.15181948163525158,0.7717632162076606,0.5038764626474695
covtype_binary_20000,23,48,layer_0::c8: Soil_Type_11 IS absent,0.7025274226087057,16.448632054278278,0.4941785898312845,1628,0.8451411128044128,253.02722637027728,0.16948979079702137,0.7717632162076606,0.5038764626474695
covtype_binary_20000,23,49,layer_0::c1: Soil_Type_13 IS absent,0.6858106825322277,11.586459825730604,0.4862788646573017,1600,0.8339547514915466,211.22473539980706,0.12277042965805504,0.7717632162076606,0.5038764626474695
covtype_binary_20000,23,50,layer_0::c4: Wilderness_Area_4 IS absent,0.7717632162076606,14.149994511484081,0.5065428305776389,1696,0.8241831064224243,220.1711697344457,0.13352958797167805,0.7717632162076606,0.5038764626474695
covtype_binary_20000,23,51,layer_0::c0: Hillshade_Noon IS HIGH,0.7582588272812596,16.76412534473907,0.5061072226038293,1678,0.7829331755638123,1388836.990206704,0.13885010622154462,0.7717632162076606,0.5038764626474695
covtype_binary_20000,23,52,layer_0::c8: Soil_Type_26 IS absent,0.7501853335373977,16.569784705860492,0.5063437214744353,1676,0.7773270010948181,233.08620511040453,0.15554015632971036,0.7717632162076606,0.5038764626474695
covtype_binary_20000,23,53,layer_0::c0: Horizontal_Distance_To_Roadways IS HIGH,0.1161503997165112,17.962488623710215,0.488240227554277,1304,0.7686049938201904,113569.05658061459,0.1361626061195469,0.7717632162076606,0.5038764626474695
covtype_binary_20000,23,54,layer_0::c4: Slope IS HIGH,0.7717632162076606,17.066863736356122,0.5117597724205616,1696,0.7684476971626282,904749.6309554733,0.12589117537291714,0.7717632162076606,0.5038764626474695
covtype_binary_20000,23,55,layer_0::c3: Horizontal_Distance_To_Roadways IS MEDIUM,0.7676732366575584,16.389950775638592,0.5100007789402567,1692,0.7662867903709412,58813.422117944385,0.1783406837780705,0.7717632162076606,0.5038764626474695
covtype_binary_20000,23,56,layer_0::c4: Hillshade_3pm IS HIGH,0.7595598263771521,16.85318174767582,0.5083073761830363,1684,0.7553732991218567,200774.58283976943,0.12164779620083054,0.7717632162076606,0.5038764626474695
covtype_binary_20000,23,57,layer_0::c4: Vertical_Distance_To_Hydrology IS MEDIUM,0.1161503997165112,17.962488623710215,0.488240227554277,1304,0.7446534633636475,252745.00208178346,0.12051556979957968,0.7717632162076606,0.5038764626474695
covtype_binary_20000,23,58,layer_0::c11: Hillshade_Noon IS HIGH,0.75160192588508,16.632712042896056,0.5040180893426157,1671,0.7328276634216309,353376.7042470007,0.16964793067972506,0.7717632162076606,0.5038764626474695
covtype_binary_20000,23,59,layer_0::c7: Aspect IS HIGH,0.7717632162076606,17.073411840111994,0.511759772445723,1696,0.7099896669387817,42250.07668679709,0.20168561472235402,0.7717632162076606,0.5038764626474695
covtype_binary_20000,23,60,layer_0::c0: Wilderness_Area_2 IS absent,0.7544644803460505,12.115710038395234,0.49288951481447485,1656,0.7047315239906311,207.59311453456985,0.12549650821927572,0.7717632162076606,0.5038764626474695
covtype_binary_20000,23,61,layer_0::c9: Elevation IS LOW,0.7717632162076606,17.073581237791455,0.5116000771789742,1696,0.6996338963508606,32615.468241510127,0.41268856755781386,0.7717632162076606,0.5038764626474695
covtype_binary_20000,23,62,layer_0::c1: Hillshade_Noon IS LOW,0.7717632162076606,17.055887820977418,0.5112575638241961,1695,0.6994519233703613,377850.39220783446,0.10468195830304808,0.7717632162076606,0.5038764626474695
covtype_binary_20000,23,63,layer_0::c7: Horizontal_Distance_To_Fire_Points IS LOW,0.6312159525260685,15.28540125701865,0.4707896957148456,1551,0.6947841644287109,226886.22157952737,0.19922159186424176,0.7717632162076606,0.5038764626474695
covtype_binary_20000,23,64,layer_0::c1: Wilderness_Area_2 IS absent,0.7544644803460505,7.471934169632141,0.4928798772922524,1656,0.6922986507415771,164.13913018497396,0.10209671256216098,0.7717632162076606,0.5038764626474695
covtype_binary_20000,23,65,layer_0::c1: Horizontal_Distance_To_Hydrology IS MEDIUM,0.11383280500115367,17.18178713038978,0.4746774386443792,1267,0.685979962348938,163398.55418214586,0.10039701524052705,0.7717632162076606,0.5038764626474695
covtype_binary_20000,23,66,layer_0::c4: Wilderness_Area_4 IS absent,0.7717632162076606,9.671040603076273,0.5065390694457391,1696,0.6850723624229431,186.1603658057204,0.11099163160794766,0.7717632162076606,0.5038764626474695
covtype_binary_20000,23,67,layer_0::c6: Slope IS MEDIUM,0.7663173346555844,16.91181343774285,0.5101858728538459,1690,0.6742208003997803,1808185.4508497654,0.2840139755649827,0.7717632162076606,0.5038764626474695
covtype_binary_20000,23,68,layer_0::c0: Soil_Type_22 IS absent,0.7622909563971059,11.377842951340442,0.49994132685096704,1681,0.6719792485237122,202.16906208773958,0.12022429924428615,0.7717632162076606,0.5038764626474695
covtype_binary_20000,23,69,"projection_layer::pursuit_6(Horizontal_Distance_To_Roadways, Soil_Type_38, Wilderness_Area_2, Soil_Type_18) IS LOW",0.7717632162076606,17.05136272719542,0.5117076969491484,1696,0.6611029505729675,122.1845192813762,0.369472375176847,0.7717632162076606,0.5038764626474695
covtype_binary_20000,23,70,layer_0::c3: Horizontal_Distance_To_Roadways IS HIGH,0.7717632162076606,17.073411840111994,0.511759772445723,1696,0.6582439541816711,92882.94604124791,0.15338165597782547,0.7717632162076606,0.5038764626474695
covtype_binary_20000,23,71,layer_0::c8: Hillshade_Noon IS LOW,0.1134954996722276,17.193421749158734,0.48198113611352894,1286,0.6490923762321472,6726.610108352645,0.13197327870328715,0.7717632162076606,0.5038764626474695
covtype_binary_20000,23,72,"projection_layer::pursuit_1(Elevation, Vertical_Distance_To_Hydrology, Soil_Type_40, Soil_Type_6) IS LOW",0.1161503997165112,17.962488623710215,0.488240227554277,1304,0.6447933912277222,632.3804074715736,0.4954110922863086,0.7717632162076606,0.5038764626474695
covtype_binary_20000,23,73,layer_0::c1: Wilderness_Area_2 IS absent,0.7544644803460505,6.337830784106282,0.4928770855009921,1656,0.6426487565040588,152.87060485278948,0.09477458175333231,0.7717632162076606,0.5038764626474695
covtype_binary_20000,23,74,layer_0::c1: Aspect IS HIGH,0.1161503997165112,17.962488623710215,0.488240227554277,1304,0.6424081921577454,125592.57573598038,0.09551341150470155,0.7717632162076606,0.5038764626474695
covtype_binary_20000,23,75,layer_0::c11: Horizontal_Distance_To_Roadways IS HIGH,0.7717632162076606,17.073411840111994,0.511759772445723,1696,0.6397618651390076,93473.09562173637,0.14794428444193908,0.7717632162076606,0.5038764626474695
covtype_binary_20000,23,76,layer_0::c10: Slope IS MEDIUM,0.11585646884159917,17.789050568412076,0.4871187396245841,1302,0.6323976516723633,2439977.4499296644,0.26306526139870845,0.7717632162076606,0.5038764626474695
covtype_binary_20000,23,77,layer_0::c10: Horizontal_Distance_To_Hydrology IS LOW,0.11025627334401389,16.680843301642522,0.46309593921917025,1234,0.6273692846298218,170357.8892736764,0.2604495972338598,0.7717632162076606,0.5038764626474695
covtype_binary_20000,23,78,layer_0::c8: Wilderness_Area_4 IS absent,0.7717632162076606,12.71673456432274,0.5065416274450335,1696,0.6220880746841431,212.7188347633919,0.12506413288001902,0.7717632162076606,0.5038764626474695
covtype_binary_20000,23,79,layer_0::c0: Hillshade_Noon IS LOW,0.7717632162076606,17.04954580813085,0.5112265399549523,1694,0.6039365530014038,238294.29433567126,0.10914276855762045,0.7717632162076606,0.5038764626474695
covtype_binary_20000,23,80,layer_0::c7: Horizontal_Distance_To_Fire_Points IS MEDIUM,0.11616528037638396,17.417874958599157,0.4805702121993901,1298,0.5963793992996216,64732.30138533608,0.1707583164381703,0.7717632162076606,0.5038764626474695
covtype_binary_20000,23,81,layer_0::c4: Horizontal_Distance_To_Roadways IS HIGH,0.7717632162076606,17.073411840111994,0.511759772445723,1696,0.594515860080719,102447.560330951,0.09549196910573907,0.7717632162076606,0.5038764626474695
covtype_binary_20000,23,82,layer_0::c4: Wilderness_Area_2 IS absent,0.7544644803460505,6.571446885318156,0.49287776044002357,1656,0.5944438576698303,155.82693044522853,0.09597706820146777,0.7717632162076606,0.5038764626474695
covtype_binary_20000,23,83,layer_0::c9: Elevation IS HIGH,0.09630635754469508,15.583941487979775,0.4432590293374507,1164,0.5889787077903748,6560.404838587654,0.33595781120085827,0.7717632162076606,0.5038764626474695
covtype_binary_20000,23,84,layer_0::c4: Slope IS LOW,0.7435752967445733,16.543741932667437,0.5033634342523335,1669,0.5888961553573608,4476807.158372544,0.09386935528027296,0.7717632162076606,0.5038764626474695
covtype_binary_20000,23,85,layer_0::c3: Soil_Type_40 IS absent,0.7717632162076606,14.114637350789467,0.5110209674940485,1696,0.5774716138839722,224.3825533030997,0.1360375923233596,0.7717632162076606,0.5038764626474695
covtype_binary_20000,23,86,layer_0::c8: Wilderness_Area_2 IS absent,0.7544644803460505,9.49576843105514,0.49288410247772707,1656,0.5707155466079712,181.98662666511973,0.11434141168508723,0.7717632162076606,0.5038764626474695
covtype_binary_20000,23,87,layer_0::c1: Hillshade_Noon IS MEDIUM,0.7663247389812841,16.966298782584378,0.5094177423978857,1688,0.5696161985397339,755230.8066279221,0.08450644705964219,0.7717632162076606,0.5038764626474695
covtype_binary_20000,23,88,layer_0::c7: Soil_Type_2 IS absent,0.7717632162076606,16.995228566926745,0.5086039402166891,1696,0.5515101552009583,263.1893293551202,0.1553941866386549,0.7717632162076606,0.5038764626474695
covtype_binary_20000,23,89,layer_0::c1: Aspect IS LOW,0.1161503997165112,17.962488623710215,0.488240227554277,1304,0.5510175824165344,272916.4654928599,0.08141768191565643,0.7717632162076606,0.5038764626474695
covtype_binary_20000,23,90,layer_0::c3: Wilderness_Area_2 IS absent,0.7544644803460505,12.346127888182478,0.4928899907380235,1656,0.5433639883995056,208.3215808714167,0.12727137417657286,0.7717632162076606,0.5038764626474695
covtype_binary_20000,23,91,layer_0::c4: Horizontal_Distance_To_Fire_Points IS HIGH,0.7649697379467911,16.728379489154996,0.5084337905164247,1687,0.5430329442024231,232066.36874119492,0.08702852489199434,0.7717632162076606,0.5038764626474695
covtype_binary_20000,23,92,layer_0::c0: Wilderness_Area_1 IS absent,0.21362368132393972,6.8698742095607965,0.2581848638957901,837,0.5425283312797546,172.76909785629323,0.09859850814189486,0.7717632162076606,0.5038764626474695
covtype_binary_20000,23,93,layer_0::c10: Horizontal_Distance_To_Roadways IS MEDIUM,0.11585646884159917,17.619711774499425,0.4871171752365433,1302,0.538872241973877,34291.73521309597,0.22403866916488824,0.7717632162076606,0.5038764626474695
covtype_binary_20000,23,94,layer_0::c8: Hillshade_Noon IS HIGH,0.11081901019907692,17.136030406291212,0.47456266895971005,1268,0.5323163866996765,581564.7800780386,0.10621043129916431,0.7717632162076606,0.5038764626474695
covtype_binary_20000,23,95,layer_0::c3: Soil_Type_39 IS absent,0.7717632162076606,12.17456591139074,0.5103246878630078,1696,0.5294267535209656,211.77450612310213,0.12409816444672014,0.7717632162076606,0.5038764626474695
covtype_binary_20000,23,96,layer_0::c8: Vertical_Distance_To_Hydrology IS MEDIUM,0.1161503997165112,17.962488623710215,0.488240227554277,1304,0.528121829032898,90543.99264099912,0.1060596447228454,0.7717632162076606,0.5038764626474695
covtype_binary_20000,23,97,layer_0::c0: Soil_Type_12 IS absent,0.6035504765663495,6.3945371243023965,0.46749105585498385,1542,0.5238922238349915,165.23938007070865,0.09368756684200465,0.7717632162076606,0.5038764626474695
covtype_binary_20000,23,98,layer_0::c4: Horizontal_Distance_To_Roadways IS LOW,0.5652287938039267,13.044835824115786,0.4336067318499235,1445,0.5168663859367371,2140.432038470197,0.0838095320716156,0.7717632162076606,0.5038764626474695
covtype_binary_20000,23,99,layer_0::c9: Horizontal_Distance_To_Hydrology IS LOW,0.6682488392108555,14.989894713436689,0.47541751324499165,1594,0.5056191682815552,12049.00328839225,0.2889203144875537,0.7717632162076606,0.5038764626474695
covtype_binary_20000,23,100,layer_0::c11: Horizontal_Distance_To_Roadways IS MEDIUM,0.7703970959890815,16.85594645556462,0.5114405380662455,1695,0.505052387714386,349122.03049014084,0.11665108568275544,0.7717632162076606,0.5038764626474695
covtype_binary_20000,23,101,layer_0::c7: Hillshade_Noon IS HIGH,0.7555798042049634,16.681303485358544,0.5046164472608231,1676,0.5027681589126587,580228.8203961612,0.14108125251934356,0.7717632162076606,0.5038764626474695
covtype_binary_20000,23,102,layer_0::c6: Horizontal_Distance_To_Fire_Points IS MEDIUM,0.11601080535320896,17.478618805764675,0.48182663145682864,1300,0.5024425983428955,107695.25487587455,0.21634160834302718,0.7717632162076606,0.5038764626474695
covtype_binary_20000,23,103,layer_0::c2: Horizontal_Distance_To_Hydrology IS LOW,0.1110285595797802,16.38047762688379,0.4576409009805854,1224,0.499861478805542,93552.82754189674,0.1364069738103545,0.7717632162076606,0.5038764626474695
covtype_binary_20000,23,104,layer_0::c0: Soil_Type_38 IS absent,0.7717632162076606,5.86996496065986,0.5096776701315359,1696,0.4984162449836731,153.20850956476897,0.08869996002177989,0.7717632162076606,0.5038764626474695
covtype_binary_20000,23,105,layer_0::c8: Soil_Type_30 IS absent,0.640615675224054,6.561507906889282,0.4755525125652962,1573,0.4972595274448395,156.48285544932878,0.09987874659757229,0.7717632162076606,0.5038764626474695
covtype_binary_20000,23,106,layer_1::c3: ka_concept_1.c1 IS LOW,0.1161503997165112,17.470155104930118,0.4880185914084262,1304,0.4966697096824646,13571.549715835297,0.5352737846661184,0.7717632162076606,0.5038764626474695
covtype_binary_20000,23,107,layer_0::c3: Aspect IS MEDIUM,0.7717632162076606,17.073411840111994,0.511759772445723,1696,0.4939449727535248,167467.7600061771,0.11444102159825464,0.7717632162076606,0.5038764626474695
covtype_binary_20000,23,108,layer_0::c8: Hillshade_Noon IS MEDIUM,0.11260574830948533,17.436414830736016,0.479150294755337,1280,0.4920099973678589,126652.51515310213,0.09916239451901765,0.7717632162076606,0.5038764626474695
covtype_binary_20000,23,109,layer_0::c0: Slope IS MEDIUM,0.11556227429243304,17.773342736290335,0.48692160756162634,1300,0.4910746216773987,5902388.79571889,0.08693822159413224,0.7717632162076606,0.5038764626474695
covtype_binary_20000,23,110,layer_0::c11: Soil_Type_26 IS absent,0.7501853335373977,8.305426456543795,0.5063420651426984,1676,0.4890647828578949,167.25264504125516,0.11354146728480675,0.7717632162076606,0.5038764626474695
covtype_binary_20000,23,111,layer_0::c4: Soil_Type_35 IS absent,0.7717632162076606,3.966457885515128,0.5114241749361983,1696,0.481546550989151,128.37482727276222,0.07789903389805962,0.7717632162076606,0.5038764626474695
covtype_binary_20000,23,112,layer_0::c2: Aspect IS LOW,0.1161503997165112,17.934303020665958,0.48824022755427615,1304,0.4801909625530243,109485.86247794864,0.132328537286657,0.7717632162076606,0.5038764626474695
covtype_binary_20000,23,113,layer_0::c0: Hillshade_9am IS MEDIUM,0.11039957984402426,16.84717747968571,0.46466560150563707,1241,0.477723091840744,75653.8097163692,0.08479810786564344,0.7717632162076606,0.5038764626474695
covtype_binary_20000,23,114,layer_0::c7: Hillshade_Noon IS MEDIUM,0.7663247389812841,16.966642028706136,0.5094218879113455,1688,0.4768258333206177,476728.00532705424,0.13515652209986767,0.7717632162076606,0.5038764626474695
covtype_binary_20000,23,115,"projection_layer::pursuit_3(Slope, Soil_Type_12, Soil_Type_13, Soil_Type_1) IS LOW",0.7717632162076606,6.750844381248327,0.4935498515891001,1696,0.4690190553665161,72.82628278567245,0.22077607719351847,0.7717632162076606,0.5038764626474695
covtype_binary_20000,23,116,layer_0::c1: Wilderness_Area_3 IS present,0.21206804262595025,3.288544216744119,0.23399200959281627,797,0.46237170696258545,107.57314435028479,0.06988795842778564,0.7717632162076606,0.5038764626474695
covtype_binary_20000,23,117,layer_0::c6: Soil_Type_4 IS absent,0.7609304470810526,16.85526515369253,0.5053260175155664,1682,0.46180030703544617,329.65866528739707,0.19615364868514917,0.7717632162076606,0.5038764626474695
covtype_binary_20000,23,118,layer_0::c8: Hillshade_3pm IS HIGH,0.11497309275087053,17.640570048334858,0.4845211529442166,1296,0.46086856722831726,273537.66367475386,0.09209728274249068,0.7717632162076606,0.5038764626474695
covtype_binary_20000,23,119,layer_0::c4: Soil_Type_40 IS absent,0.7717632162076606,3.4739122642049587,0.5107598495616334,1696,0.45219889283180237,121.6023588115504,0.07343018452481753,0.7717632162076606,0.5038764626474695
covtype_binary_20000,23,120,layer_0::c2: Wilderness_Area_3 IS absent,0.2779579064731474,9.381472283709542,0.27828479464346084,899,0.45184504985809326,224.64142615094238,0.12227548122152439,0.7717632162076606,0.5038764626474695
covtype_binary_20000,23,121,layer_0::c0: Soil_Type_40 IS absent,0.7717632162076606,4.435000349692504,0.5109835927533876,1696,0.44766712188720703,135.70173798151734,0.08017732707034611,0.7717632162076606,0.5038764626474695
covtype_binary_20000,23,122,layer_0::c1: Wilderness_Area_3 IS absent,0.2779579064731474,3.173602608527435,0.27800719916365974,899,0.44190990924835205,118.9196436051219,0.06412057191613561,0.7717632162076606,0.5038764626474695
covtype_binary_20000,23,123,layer_0::c1: Soil_Type_40 IS absent,0.7717632162076606,2.680104194002492,0.5096938756889609,1696,0.44169336557388306,111.67454135043158,0.06551301445114784,0.7717632162076606,0.5038764626474695
covtype_binary_20000,23,124,"projection_layer::pursuit_0(Horizontal_Distance_To_Fire_Points, Hillshade_3pm, Soil_Type_29, Soil_Type_4) IS LOW",0.007286768562896118,0.06073825778711195,0.05069679735737247,174,0.4398786723613739,1.688359718729771,0.2051186132113742,0.7717632162076606,0.5038764626474695
covtype_binary_20000,23,125,layer_0::c4: Soil_Type_29 IS present,0.09755672222736145,3.2153043714696286,0.12223380110496132,418,0.43853628635406494,84.26926779964924,0.06967893834025017,0.7717632162076606,0.5038764626474695
covtype_binary_20000,23,126,layer_0::c9: Hillshade_Noon IS HIGH,0.11096827492491446,17.211920404134894,0.4754660555340559,1269,0.435772180557251,417856.98286747426,0.2499454479137935,0.7717632162076606,0.5038764626474695
covtype_binary_20000,23,127,layer_0::c11: Soil_Type_30 IS absent,0.640615675224054,6.5910725901438685,0.4755525713927108,1573,0.4279916286468506,157.32353799752173,0.09974120032304684,0.7717632162076606,0.5038764626474695
covtype_binary_20000,23,128,"projection_layer::pursuit_7(Aspect, Soil_Type_39, Soil_Type_2, Soil_Type_5) IS LOW",0.08081784329671027,5.818867843281248,0.3171826513945739,850,0.4270312190055847,66.72615863562169,0.18949357685201698,0.7717632162076606,0.5038764626474695
covtype_binary_20000,23,129,layer_0::c7: Hillshade_3pm IS HIGH,0.11380329727048433,17.13109011138431,0.47998616704353675,1282,0.42589253187179565,28330.991480485096,0.1196944065368103,0.7717632162076606,0.5038764626474695
covtype_binary_20000,23,130,layer_0::c10: Horizontal_Distance_To_Fire_Points IS LOW,0.5943634592210264,14.797194172367758,0.4600859465939358,1513,0.42308080196380615,22086.675429647636,0.18015232099282358,0.7717632162076606,0.5038764626474695
covtype_binary_20000,23,131,layer_1::c5: ka_concept_1.c1 IS LOW,0.7717632162076606,17.060698582501836,0.5117400051952479,1696,0.4227408468723297,3905.711515154384,0.7023795167709759,0.7717632162076606,0.5038764626474695
covtype_binary_20000,23,132,layer_0::c11: Wilderness_Area_3 IS present,0.21206804262595025,7.037810392425181,0.23412875248212395,797,0.4206891357898712,151.14123673197992,0.1002275931222448,0.7717632162076606,0.5038764626474695
covtype_binary_20000,23,133,layer_0::c8: Wilderness_Area_1 IS absent,0.21362368132393972,5.010108122475269,0.258133768636732,837,0.4204683005809784,147.71396601150718,0.08597198886004359,0.7717632162076606,0.5038764626474695
covtype_binary_20000,23,134,layer_0::c0: Slope IS LOW,0.7253133157431616,16.29474064233042,0.49856643893126557,1652,0.41575467586517334,648702.5145231701,0.07309261850728181,0.7717632162076606,0.5038764626474695
covtype_binary_20000,23,135,layer_0::c6: Hillshade_3pm IS MEDIUM,0.7690328407810395,17.023424865147145,0.5111251242738918,1694,0.41535913944244385,206181.60102665814,0.17547050628534103,0.7717632162076606,0.5038764626474695
covtype_binary_20000,23,136,layer_0::c7: Horizontal_Distance_To_Hydrology IS HIGH,0.7622394066838512,16.828640137215558,0.5087467887990516,1689,0.41214871406555176,36056.683776300764,0.11558621733022813,0.7717632162076606,0.5038764626474695
covtype_binary_20000,23,137,layer_0::c9: Horizontal_Distance_To_Roadways IS MEDIUM,0.7448814957775531,15.644658138659274,0.5019589852864723,1671,0.41147640347480774,9668.950754072815,0.2354703950021238,0.7717632162076606,0.5038764626474695
covtype_binary_20000,23,138,layer_1::c2: ka_concept_1.c1 IS LOW,0.7717632162076606,17.073411840167328,0.5117597723903893,1696,0.4066474139690399,32806.221785691116,0.6497914478979462,0.7717632162076606,0.5038764626474695
covtype_binary_20000,23,139,layer_0::c4: Hillshade_3pm IS MEDIUM,0.7636055003680957,16.696508518001753,0.508879295481064,1688,0.4061864912509918,12643.54051456685,0.06538532718666666,0.7717632162076606,0.5038764626474695
covtype_binary_20000,23,140,layer_0::c2: Vertical_Distance_To_Hydrology IS LOW,0.7717632162076606,17.062213723569915,0.5117309878829837,1696,0.4046553671360016,438885.51230546174,0.11157786012718832,0.7717632162076606,0.5038764626474695
covtype_binary_20000,23,141,layer_0::c11: Wilderness_Area_1 IS absent,0.21362368132393972,6.377766583442529,0.2581713430329688,837,0.4022352397441864,166.4961678787622,0.09542302118632506,0.7717632162076606,0.5038764626474695
covtype_binary_20000,23,142,layer_0::c1: Soil_Type_22 IS present,0.0006712072933021673,0.33800351814927676,0.013403568442297719,18,0.40219441056251526,102.26687186651179,0.056695462374278575,0.7717632162076606,0.5038764626474695
covtype_binary_20000,23,143,layer_0::c9: Elevation IS MEDIUM,0.11052027835455325,17.12045572891549,0.47634490627914755,1266,0.4020140767097473,40709.939826302114,0.23201487408703375,0.7717632162076606,0.5038764626474695
covtype_binary_20000,23,144,layer_1::c0: ka_concept_1.c1 IS LOW,0.7717632162076606,17.053226354908535,0.5117283243916589,1696,0.40075749158859253,4197.653618478973,0.5506133548445262,0.7717632162076606,0.5038764626474695
covtype_binary_20000,23,145,layer_0::c11: Aspect IS HIGH,0.7717632162076606,17.073411840111994,0.511759772445723,1696,0.39777711033821106,311248.61615643086,0.0932197489742927,0.7717632162076606,0.5038764626474695
covtype_binary_20000,23,146,layer_0::c1: Slope IS LOW,0.11322663084180695,17.203653481282526,0.4745995930528083,1269,0.394001305103302,4210955.405099442,0.05736465131738387,0.7717632162076606,0.5038764626474695
covtype_binary_20000,23,147,layer_1::c3: ka_concept_1.c4 IS LOW,0.1161503997165112,17.84322399017739,0.4881997678297115,1304,0.39390137791633606,28654.4514746178,0.42361987135321155,0.7717632162076606,0.5038764626474695
covtype_binary_20000,23,148,layer_0::c6: Hillshade_3pm IS LOW,0.7663099101408576,16.794182996083645,0.5105824518007804,1692,0.3922637403011322,53104.70976052434,0.16568053961436877,0.7717632162076606,0.5038764626474695
covtype_binary_20000,23,149,layer_0::c7: Hillshade_9am IS LOW,0.7474717182319521,16.401493885786167,0.5065993959705721,1677,0.391556978225708,33390.219750383636,0.11062565651586204,0.7717632162076606,0.5038764626474695
covtype_binary_20000,23,150,layer_0::c5: Horizontal_Distance_To_Fire_Points IS LOW,0.6175374296561492,15.088047637468842,0.46677058783208636,1538,0.3901883065700531,62709.76049590451,0.2646693474239818,0.7717632162076606,0.5038764626474695
covtype_binary_20000,23,151,layer_0::c6: Hillshade_Noon IS HIGH,0.7268787277588158,16.275605499184017,0.4957542833778748,1644,0.38328418135643005,29677.435763647656,0.16173974867123908,0.7717632162076606,0.5038764626474695
covtype_binary_20000,23,152,layer_0::c7: Wilderness_Area_1 IS absent,0.21362368132393972,8.321050817213456,0.2582270406274747,837,0.3811292350292206,188.08003263965657,0.10959735760898791,0.7717632162076606,0.5038764626474695
covtype_binary_20000,23,153,layer_0::c11: Hillshade_9am IS HIGH,0.6801503129818542,15.667037895267942,0.48470365196705234,1609,0.37956714630126953,236200.11863273094,0.08688872574444156,0.7717632162076606,0.5038764626474695
covtype_binary_20000,23,154,layer_0::c11: Slope IS LOW,0.11307247128666742,17.234603691213103,0.47514455508803677,1271,0.37930357456207275,3207552.3668128145,0.08704593006655811,0.7717632162076606,0.5038764626474695
covtype_binary_20000,23,155,layer_0::c8: Hillshade_9am IS MEDIUM,0.11010223782313278,16.766581519917914,0.463286886357642,1236,0.37773826718330383,60522.724025885036,0.07543566389698408,0.7717632162076606,0.5038764626474695
covtype_binary_20000,23,156,layer_0::c3: Soil_Type_29 IS absent,0.45810027096576805,5.806464910751044,0.3899566911242855,1278,0.37375715374946594,159.26651334808412,0.08808866908347227,0.7717632162076606,0.5038764626474695
covtype_binary_20000,23,157,layer_0::c1: Wilderness_Area_3 IS absent,0.2779579064731474,2.0374256437903995,0.27788370109420135,899,0.37298473715782166,97.56722994057782,0.054119615653242664,0.7717632162076606,0.5038764626474695
covtype_binary_20000,23,158,layer_0::c4: Wilderness_Area_1 IS present,0.27524147707722585,2.718036260271778,0.2538911638839147,859,0.3716506063938141,96.96661351355851,0.05872692588941087,0.7717632162076606,0.5038764626474695
covtype_binary_20000,23,159,layer_0::c6: Vertical_Distance_To_Hydrology IS LOW,0.7703970959890815,17.061608911954167,0.5115831041260144,1695,0.371577650308609,131701.07191552134,0.15784111658942493,0.7717632162076606,0.5038764626474695
covtype_binary_20000,23,160,layer_0::c0: Hillshade_9am IS HIGH,0.1089113050151681,16.189841097898896,0.45223501670867333,1210,0.3705054819583893,348477.1397521888,0.06497469602446734,0.7717632162076606,0.5038764626474695
covtype_binary_20000,23,161,layer_0::c6: Aspect IS MEDIUM,0.7717632162076606,17.073411840111994,0.511759772445723,1696,0.3700951039791107,72823.46230135608,0.15511681655266632,0.7717632162076606,0.5038764626474695
covtype_binary_20000,23,162,layer_0::c2: Slope IS HIGH,0.1161503997165112,17.962488623710463,0.48824022755403074,1304,0.3686123788356781,1166799.5298196517,0.1028723638884306,0.7717632162076606,0.5038764626474695
covtype_binary_20000,23,163,layer_0::c1: Soil_Type_29 IS present,0.09755672222736145,1.7114345956389143,0.12207176342130735,418,0.3676495850086212,61.92289976141183,0.05335702988040066,0.7717632162076606,0.5038764626474695
covtype_binary_20000,23,164,layer_1::c3: ka_concept_1.c3 IS HIGH,0.7717632162076606,17.073411840111994,0.511759772445723,1696,0.36702990531921387,29973.829976452438,0.39418604286787257,0.7717632162076606,0.5038764626474695
covtype_binary_20000,23,165,layer_0::c3: Hillshade_9am IS LOW,0.11424746463250313,17.617075439013323,0.48164660409193055,1285,0.3669588267803192,154089.21405455068,0.08618469903454021,0.7717632162076606,0.5038764626474695
covtype_binary_20000,23,166,layer_0::c11: Hillshade_9am IS LOW,0.11380329727048433,17.421572121294957,0.48031053433021587,1282,0.36640459299087524,78045.7111013669,0.0854018043230267,0.7717632162076606,0.5038764626474695
covtype_binary_20000,23,167,layer_0::c7: Wilderness_Area_1 IS present,0.27524147707722585,8.650937954115555,0.2541236773945529,859,0.36586904525756836,166.07636012920375,0.10089259843707624,0.7717632162076606,0.5038764626474695
covtype_binary_20000,23,168,layer_0::c1: Horizontal_Distance_To_Roadways IS LOW,0.6814988706241661,15.214786769625789,0.48492898906031207,1608,0.36487922072410583,471823.64364920784,0.054041308078777245,0.7717632162076606,0.5038764626474695
covtype_binary_20000,23,169,layer_0::c8: Wilderness_Area_4 IS absent,0.7717632162076606,3.702167442561355,0.5063914383231616,1696,0.36388617753982544,123.27791500709452,0.07315541505261793,0.7717632162076606,0.5038764626474695
covtype_binary_20000,23,170,layer_0::c5: Horizontal_Distance_To_Roadways IS MEDIUM,0.1161503997165112,17.656040875066363,0.48732026335246836,1304,0.35690099000930786,37815.12880329085,0.23637295441475104,0.7717632162076606,0.5038764626474695
covtype_binary_20000,23,171,layer_0::c7: Aspect IS LOW,0.7717632162076606,16.201302619428954,0.5117528651542098,1696,0.35168278217315674,37491.79608246194,0.09928280767405522,0.7717632162076606,0.5038764626474695
covtype_binary_20000,23,172,"projection_layer::pursuit_2(Hillshade_Noon, Wilderness_Area_4, Soil_Type_23, Soil_Type_11) IS HIGH",0.014187458631903072,1.2172617022551693,0.0395482994129107,123,0.35091039538383484,39.85469325186568,0.12090692718365108,0.7717632162076606,0.5038764626474695
covtype_binary_20000,23,173,layer_0::c2: Aspect IS MEDIUM,0.7717632162076606,17.073411840111994,0.511759772445723,1696,0.34881070256233215,24144.26100207596,0.09489811059630786,0.7717632162076606,0.5038764626474695
covtype_binary_20000,23,174,"projection_layer::pursuit_2(Hillshade_Noon, Wilderness_Area_4, Soil_Type_23, Soil_Type_11) IS MEDIUM",0.02269954579567557,1.2154655408872905,0.06924078421731972,222,0.348033607006073,39.20932180813179,0.12017162413782595,0.7717632162076606,0.5038764626474695
covtype_binary_20000,23,175,layer_0::c9: Horizontal_Distance_To_Fire_Points IS LOW,0.11485191499199199,17.2055276551582,0.4738758340761154,1283,0.3472296893596649,181823.98846314382,0.20351087146005034,0.7717632162076606,0.5038764626474695
covtype_binary_20000,23,176,layer_0::c3: Hillshade_3pm IS MEDIUM,0.11585646884159917,17.91400967874707,0.4876424285270839,1302,0.343301385641098,279687.01925905485,0.08017030408826697,0.7717632162076606,0.5038764626474695
covtype_binary_20000,23,177,layer_0::c3: Hillshade_9am IS MEDIUM,0.7264600849618246,16.34278153833483,0.49970684689430445,1658,0.34137943387031555,417599.1213483779,0.07970382319848442,0.7717632162076606,0.5038764626474695
covtype_binary_20000,23,178,layer_0::c0: Horizontal_Distance_To_Roadways IS LOW,0.11671568338737992,16.298104666770076,0.465200713531218,1259,0.33597835898399353,122169.60440052161,0.06008661020334203,0.7717632162076606,0.5038764626474695
covtype_binary_20000,23,179,layer_0::c2: Wilderness_Area_3 IS absent,0.2779579064731474,6.72244098131675,0.27811047779046627,899,0.3331659734249115,165.80508571603582,0.09015929207492324,0.7717632162076606,0.5038764626474695
covtype_binary_20000,23,180,layer_0::c2: Soil_Type_40 IS absent,0.7717632162076606,6.072134269101032,0.5110186498813695,1696,0.33298540115356445,154.18912134499874,0.09211239282409679,0.7717632162076606,0.5038764626474695
covtype_binary_20000,23,181,layer_0::c6: Soil_Type_29 IS absent,0.45810027096576805,13.088255715417723,0.3900535358270489,1278,0.3318781852722168,258.24327998420995,0.14149845186507445,0.7717632162076606,0.5038764626474695
covtype_binary_20000,23,182,layer_0::c3: Wilderness_Area_2 IS absent,0.7544644803460505,3.9147204281388914,0.49279027743491194,1656,0.331725150346756,124.0474171825133,0.07769950303699806,0.7717632162076606,0.5038764626474695
covtype_binary_20000,23,183,layer_0::c0: Wilderness_Area_3 IS present,0.21206804262595025,2.3471342606473393,0.23395452138284528,797,0.3312912881374359,92.65050113573193,0.06046595366790249,0.7717632162076606,0.5038764626474695
covtype_binary_20000,23,184,layer_0::c11: Wilderness_Area_3 IS absent,0.2779579064731474,4.493202459619728,0.2780464215528838,899,0.3299829065799713,137.12118134315745,0.0754692421629079,0.7717632162076606,0.5038764626474695
covtype_binary_20000,23,185,layer_0::c0: Soil_Type_12 IS present,0.050964547322469245,0.4350590611942333,0.04445529955173208,154,0.3297232389450073,10.836963910638588,0.05635880862271976,0.7717632162076606,0.5038764626474695
covtype_binary_20000,23,186,layer_0::c3: Vertical_Distance_To_Hydrology IS MEDIUM,0.1161503997165112,17.962488623710215,0.488240227554277,1304,0.32611408829689026,129864.369736467,0.07656701604820167,0.7717632162076606,0.5038764626474695
covtype_binary_20000,23,187,layer_0::c4: Wilderness_Area_3 IS present,0.21206804262595025,1.79285625631525,0.23389760363128714,797,0.3260452151298523,82.92395003863976,0.053954460257670686,0.7717632162076606,0.5038764626474695
covtype_binary_20000,23,188,layer_0::c2: Soil_Type_38 IS absent,0.7717632162076606,5.992659366109425,0.5096781306990219,1696,0.32586684823036194,154.45805242715824,0.08957110872889097,0.7717632162076606,0.5038764626474695
covtype_binary_20000,23,189,layer_0::c4: Aspect IS LOW,0.7717632162076606,16.782462100466656,0.5117597717181733,1696,0.3244771659374237,149202.82395064845,0.05248991100123385,0.7717632162076606,0.5038764626474695
covtype_binary_20000,23,190,layer_0::c4: Soil_Type_29 IS absent,0.45810027096576805,1.6220443525518413,0.386610475341297,1278,0.322029709815979,95.65577426918026,0.05231705136917299,0.7717632162076606,0.5038764626474695
covtype_binary_20000,23,191,layer_0::c7: Wilderness_Area_2 IS absent,0.7544644803460505,5.751823022636914,0.4928746667251193,1656,0.3219227194786072,146.79612680180344,0.09070673679752872,0.7717632162076606,0.5038764626474695
covtype_binary_20000,23,192,layer_0::c6: Horizontal_Distance_To_Hydrology IS HIGH,0.1160255112896279,17.804022184128403,0.48464580729993306,1294,0.32188260555267334,120184.18438954896,0.1357512913992309,0.7717632162076606,0.5038764626474695
covtype_binary_20000,23,193,layer_0::c6: Aspect IS HIGH,0.7717632162076606,13.332339900392824,0.506561260083843,1696,0.32038894295692444,2561.560229719724,0.13686574307838842,0.7717632162076606,0.5038764626474695
covtype_binary_20000,23,194,layer_0::c6: Wilderness_Area_3 IS absent,0.2779579064731474,9.381460144361565,0.27835776552402275,899,0.31992655992507935,245.23178247562487,0.13337608840158827,0.7717632162076606,0.5038764626474695
covtype_binary_20000,23,195,layer_0::c3: Slope IS HIGH,0.7717632162076606,17.05338373433525,0.5117543503682679,1696,0.31161096692085266,500102.19005830336,0.07405884317944704,0.7717632162076606,0.5038764626474695
covtype_binary_20000,23,196,layer_0::c8: Horizontal_Distance_To_Fire_Points IS HIGH,0.1161503997165112,17.80788522920243,0.48762653063572353,1304,0.30728110671043396,236717.1960423854,0.061108046039847236,0.7717632162076606,0.5038764626474695
covtype_binary_20000,23,197,layer_0::c10: Hillshade_Noon IS MEDIUM,0.11275420719865159,17.565970277277618,0.4805227063316661,1281,0.30649542808532715,508442.36679354287,0.129012338491763,0.7717632162076606,0.5038764626474695
covtype_binary_20000,23,198,layer_0::c1: Soil_Type_29 IS absent,0.45810027096576805,1.0075504834693088,0.3728049546928698,1278,0.30174311995506287,81.5064592658382,0.04477609904525889,0.7717632162076606,0.5038764626474695
covtype_binary_20000,23,199,layer_0::c2: Horizontal_Distance_To_Roadways IS LOW,0.1159440071681126,16.49458111504886,0.4689324993938151,1266,0.3004789650440216,147278.70487651494,0.08299978691077285,0.7717632162076606,0.5038764626474695
covtype_binary_20000,23,200,layer_0::c0: Soil_Type_22 IS present,0.0005255451927067556,0.33804646596692556,0.013079651036444102,16,0.3002409338951111,89.99499510144005,0.05110599461292926,0.7717632162076606,0.5038764626474695
covtype_binary_20000,23,201,layer_0::c8: Soil_Type_2 IS absent,0.7717632162076606,2.104026944876372,0.5043418798279802,1696,0.299875408411026,102.12141231979922,0.060078347089224736,0.7717632162076606,0.5038764626474695
covtype_binary_20000,23,202,layer_0::c9: Hillshade_Noon IS LOW,0.11512048730281321,17.81380557649701,0.4857872962274793,1297,0.29918888211250305,303448.13392330485,0.17486920605759035,0.7717632162076606,0.5038764626474695
covtype_binary_20000,23,203,layer_0::c3: Soil_Type_2 IS absent,0.7717632162076606,3.15820375167083,0.5081121952461447,1696,0.2988230884075165,118.33469899450529,0.06999184021962492,0.7717632162076606,0.5038764626474695
covtype_binary_20000,23,204,layer_0::c7: Vertical_Distance_To_Hydrology IS LOW,0.1161503997165112,17.962488748092067,0.48824010319563177,1304,0.2983536422252655,801819.63378092,0.08427668829059394,0.7717632162076606,0.5038764626474695
covtype_binary_20000,23,205,layer_0::c6: Wilderness_Area_4 IS absent,0.7717632162076606,12.519640082582317,0.5065414619781587,1696,0.296683669090271,207.84685576824427,0.12614587363748858,0.7717632162076606,0.5038764626474695
covtype_binary_20000,23,206,layer_0::c11: Horizontal_Distance_To_Hydrology IS HIGH,0.11603287912900895,17.75263367756937,0.4837880429823274,1291,0.2949892580509186,107025.02218474199,0.06825014082598542,0.7717632162076606,0.5038764626474695
covtype_binary_20000,23,207,layer_0::c7: Vertical_Distance_To_Hydrology IS MEDIUM,0.7717632162076606,17.073411840111994,0.511759772445723,1696,0.29452478885650635,291223.81206410093,0.08318443054178108,0.7717632162076606,0.5038764626474695
covtype_binary_20000,23,208,layer_0::c10: Soil_Type_26 IS absent,0.7501853335373977,9.78593933767009,0.5063423658664907,1676,0.2933318316936493,179.78865572357245,0.12258354232983644,0.7717632162076606,0.5038764626474695
covtype_binary_20000,23,209,layer_0::c11: Hillshade_Noon IS MEDIUM,0.7609377764241695,16.763134134050397,0.5069637234192869,1681,0.2928134799003601,62244.125615757184,0.06847207520122761,0.7717632162076606,0.5038764626474695
covtype_binary_20000,23,210,layer_0::c10: Horizontal_Distance_To_Fire_Points IS MEDIUM,0.11616528037638396,17.422153569372917,0.48065478519537724,1298,0.29177600145339966,93798.94086941422,0.12406199820225224,0.7717632162076606,0.5038764626474695
covtype_binary_20000,23,211,layer_0::c7: Horizontal_Distance_To_Hydrology IS LOW,0.697302079695577,15.60593039551339,0.4869743464225215,1628,0.29002031683921814,314672.2458590028,0.0810771969667638,0.7717632162076606,0.5038764626474695
covtype_binary_20000,23,212,layer_0::c10: Soil_Type_21 IS absent,0.7717632162076606,11.111479608183211,0.5109015697604515,1692,0.2889733612537384,203.37449024957914,0.12112681728936878,0.7717632162076606,0.5038764626474695
covtype_binary_20000,23,213,layer_0::c6: Hillshade_Noon IS LOW,0.11482563201367768,17.7864220060018,0.4854490156169057,1295,0.28888630867004395,235720.16364181982,0.12422382874685277,0.7717632162076606,0.5038764626474695
covtype_binary_20000,23,214,layer_0::c10: Elevation IS HIGH,0.1012747961205247,16.221678865239593,0.4556882474522431,1202,0.28837883472442627,112443.05895269066,0.11950728145807885,0.7717632162076606,0.5038764626474695
covtype_binary_20000,23,215,layer_0::c1: Hillshade_9am IS MEDIUM,0.1104068211234549,16.718504730001527,0.4625223942737919,1235,0.2883591949939728,88502.27046558823,0.042389083827861884,0.7717632162076606,0.5038764626474695
covtype_binary_20000,23,216,layer_1::c3: ka_concept_1.c0 IS HIGH,0.11512048730281321,16.90122279576002,0.4853359436240061,1297,0.288176566362381,8977.263978473407,0.3133435975762841,0.7717632162076606,0.5038764626474695
covtype_binary_20000,23,217,layer_0::c11: Slope IS MEDIUM,0.7636110422946172,16.849241507372213,0.5091549154126346,1687,0.286700040102005,2819511.889493117,0.06625462127289403,0.7717632162076606,0.5038764626474695
covtype_binary_20000,23,218,layer_0::c1: Slope IS HIGH,0.1161503997165112,17.95223973205685,0.4882402225631599,1304,0.28560736775398254,1358276.1482136638,0.04273778223296252,0.7717632162076606,0.5038764626474695
covtype_binary_20000,23,219,layer_0::c2: Horizontal_Distance_To_Hydrology IS MEDIUM,0.11383280500115367,17.223617378133728,0.4753235509684253,1267,0.2844974100589752,275801.10694128944,0.0776557903631663,0.7717632162076606,0.5038764626474695
covtype_binary_20000,23,220,"projection_layer::pursuit_3(Slope, Soil_Type_12, Soil_Type_13, Soil_Type_1) IS MEDIUM",0.16074347936555533,2.131709743624565,0.19306246641747565,727,0.2796841263771057,26.331450277211843,0.13105220464461795,0.7717632162076606,0.5038764626474695
covtype_binary_20000,23,221,layer_1::c0: ka_concept_1.c3 IS HIGH,0.1161503997165112,17.961721095345883,0.488240227554277,1304,0.2780877649784088,31693.95208788009,0.38074877858177447,0.7717632162076606,0.5038764626474695
covtype_binary_20000,23,222,layer_0::c7: Wilderness_Area_4 IS absent,0.7717632162076606,4.2789323117743345,0.5064916531055251,1696,0.27644625306129456,129.7783914788546,0.0781620134902496,0.7717632162076606,0.5038764626474695
covtype_binary_20000,23,223,layer_0::c5: Soil_Type_18 IS absent,0.7595432569408582,16.96647607103418,0.5091303494282212,1686,0.274277925491333,306.93179204144326,0.18312593316935818,0.7717632162076606,0.5038764626474695
covtype_binary_20000,23,224,layer_0::c11: Soil_Type_34 IS absent,0.7635943938795463,2.3264105063435063,0.5073353726051162,1690,0.27130886912345886,105.51874369431448,0.063240795462174,0.7717632162076606,0.5038764626474695
covtype_binary_20000,23,225,layer_0::c4: Wilderness_Area_3 IS absent,0.2779579064731474,1.0357973272661343,0.27405864888583603,899,0.2633410692214966,76.62263031264843,0.04183315383902815,0.7717632162076606,0.5038764626474695
covtype_binary_20000,23,226,layer_0::c10: Horizontal_Distance_To_Hydrology IS MEDIUM,0.7408699992835505,16.35052027503657,0.5017569119862407,1670,0.2620200514793396,127493.78752369744,0.10880368754964319,0.7717632162076606,0.5038764626474695
covtype_binary_20000,23,227,layer_0::c4: Wilderness_Area_1 IS present,0.27524147707722585,1.082461615617766,0.25171596582753514,859,0.2611978352069855,67.52868797691463,0.0412735694995475,0.7717632162076606,0.5038764626474695
covtype_binary_20000,23,228,layer_0::c6: Aspect IS LOW,0.1161503997165112,17.962488623710215,0.488240227554277,1304,0.25938478112220764,407327.8647288681,0.11011889016109247,0.7717632162076606,0.5038764626474695
covtype_binary_20000,23,229,layer_0::c11: Hillshade_9am IS MEDIUM,0.11054985560779695,16.899272146683597,0.46557669685071856,1242,0.2561608850955963,135975.28243684454,0.05935371797104877,0.7717632162076606,0.5038764626474695
covtype_binary_20000,23,230,layer_0::c0: Wilderness_Area_1 IS present,0.27524147707722585,1.3413123305375905,0.25310383111514123,859,0.25501659512519836,73.10504625224894,0.04444491805373824,0.7717632162076606,0.5038764626474695
covtype_binary_20000,23,231,"projection_layer::pursuit_7(Aspect, Soil_Type_39, Soil_Type_2, Soil_Type_5) IS HIGH",0.07789575824524719,2.9754805071109613,0.3199562915375907,885,0.2530073821544647,66.8385950722004,0.11140154347164692,0.7717632162076606,0.5038764626474695
covtype_binary_20000,23,232,layer_0::c11: Wilderness_Area_2 IS absent,0.7544644803460505,1.8883338348129364,0.48693288942858454,1656,0.2525864243507385,94.88309088191954,0.058714195910300984,0.7717632162076606,0.5038764626474695
covtype_binary_20000,23,233,layer_1::c5: ka_concept_1.c3 IS HIGH,0.1161503997165112,17.88683576487336,0.4882389666285081,1304,0.25254756212234497,7193.5932984894835,0.4181502142461638,0.7717632162076606,0.5038764626474695
covtype_binary_20000,23,234,layer_0::c11: Soil_Type_11 IS absent,0.7025274226087057,1.5984767201012318,0.4837026693353787,1628,0.25141453742980957,88.09544762605765,0.05849975287488481,0.7717632162076606,0.5038764626474695
covtype_binary_20000,23,235,layer_0::c0: Wilderness_Area_3 IS absent,0.2779579064731474,1.1845793065738652,0.27572097596455136,899,0.25053125619888306,80.09715754129718,0.043895017829177506,0.7717632162076606,0.5038764626474695
covtype_binary_20000,23,236,layer_0::c7: Wilderness_Area_3 IS absent,0.2779579064731474,3.6567363518702276,0.27802218306300125,899,0.25005483627319336,124.38017805790037,0.06932159118549498,0.7717632162076606,0.5038764626474695
covtype_binary_20000,23,237,layer_0::c3: Wilderness_Area_1 IS present,0.27524147707722585,2.569826298127588,0.25388343071179703,859,0.25000694394111633,94.7712322746629,0.05731096109504809,0.7717632162076606,0.5038764626474695
covtype_binary_20000,23,238,layer_1::c3: ka_concept_1.c11 IS HIGH,0.1161503997165112,17.806935604112194,0.488236800332343,1304,0.24744950234889984,8806.828692313706,0.26651746552992456,0.7717632162076606,0.5038764626474695
covtype_binary_20000,23,239,layer_0::c10: Wilderness_Area_4 IS absent,0.7717632162076606,8.242289487453025,0.5065378588221168,1696,0.24739313125610352,172.0867682373315,0.10387300166234369,0.7717632162076606,0.5038764626474695
covtype_binary_20000,23,240,layer_0::c3: Hillshade_9am IS HIGH,0.1089086873878985,16.27002156770226,0.4536299007663556,1213,0.24529412388801575,531861.9364683065,0.056580744551462565,0.7717632162076606,0.5038764626474695
covtype_binary_20000,23,241,layer_0::c6: Wilderness_Area_4 IS absent,0.7717632162076606,8.108709090301895,0.506537743041085,1696,0.24294976890087128,170.52055110532046,0.10329894515707898,0.7717632162076606,0.5038764626474695
covtype_binary_20000,23,242,layer_0::c5: Aspect IS MEDIUM,0.7717632162076606,17.073411840111994,0.511759772445723,1696,0.2414885312318802,96452.00501417113,0.15921740680964042,0.7717632162076606,0.5038764626474695
covtype_binary_20000,23,243,layer_0::c7: Hillshade_Noon IS LOW,0.7717632162076606,17.064341039889545,0.5113014297313015,1695,0.23842276632785797,996601.3206917554,0.068175974208753,0.7717632162076606,0.5038764626474695
covtype_binary_20000,23,244,layer_1::c0: ka_concept_1.c11 IS HIGH,0.7717632162076606,17.073411840112165,0.5117597724455532,1696,0.23523975908756256,18161.837597410537,0.32300308769083735,0.7717632162076606,0.5038764626474695
covtype_binary_20000,23,245,layer_1::c5: projection_2 IS MEDIUM,0.7717632162076606,17.073411840111994,0.511759772445723,1696,0.23495113849639893,23466.021510563223,0.3868984012305737,0.7717632162076606,0.5038764626474695
covtype_binary_20000,23,246,layer_1::c5: ka_concept_1.c11 IS HIGH,0.1161503997165112,17.69701210676773,0.48821683839079727,1304,0.234264075756073,4465.902602821785,0.38898614430377104,0.7717632162076606,0.5038764626474695
covtype_binary_20000,23,247,layer_0::c3: Slope IS MEDIUM,0.7663173346555844,16.880012404809346,0.5096549744349693,1690,0.2307843565940857,5452974.379300287,0.053740488532424226,0.7717632162076606,0.5038764626474695
covtype_binary_20000,23,248,layer_0::c5: Wilderness_Area_1 IS absent,0.2133832075906852,8.422361633306613,0.2584775782752762,838,0.23015983402729034,267.3617417362784,0.15656701571233497,0.7717632162076606,0.5038764626474695
covtype_binary_20000,23,249,layer_0::c2: Soil_Type_13 IS absent,0.6858106825322277,2.397379243315589,0.48447434805895545,1600,0.22961264848709106,107.95622155084482,0.06304248005818924,0.7717632162076606,0.5038764626474695
covtype_binary_20000,23,250,layer_1::c0: ka_concept_1.c0 IS HIGH,0.7717632162076606,17.073411854432592,0.5117597581253395,1696,0.22771157324314117,37425.78327064726,0.31564875917169655,0.7717632162076606,0.5038764626474695
covtype_binary_20000,23,251,layer_0::c10: Slope IS HIGH,0.1161503997165112,17.940762990758873,0.4882399405721442,1304,0.2273247092962265,348608.93843948666,0.09651368452103755,0.7717632162076606,0.5038764626474695
covtype_binary_20000,23,252,layer_0::c11: Horizontal_Distance_To_Roadways IS LOW,0.1170363968923126,16.087244698446092,0.46172712284905243,1252,0.22615088522434235,89397.45394292953,0.052794637668205247,0.7717632162076606,0.5038764626474695
covtype_binary_20000,23,253,layer_0::c7: Wilderness_Area_3 IS absent,0.2779579064731474,2.9622904018395286,0.27799953956634016,899,0.22601397335529327,114.73783471514457,0.06265684960861138,0.7717632162076606,0.5038764626474695
covtype_binary_20000,23,254,layer_0::c4: Wilderness_Area_1 IS absent,0.21362368132393972,0.6152810340455838,0.24616645747593682,837,0.22447127103805542,65.58253302874346,0.036987704559148064,0.7717632162076606,0.5038764626474695
covtype_binary_20000,23,255,layer_0::c8: Wilderness_Area_1 IS present,0.27524147707722585,1.2963141084014684,0.2529537700357814,859,0.22408427298069,72.12421266589263,0.04393806402471758,0.7717632162076606,0.5038764626474695
covtype_binary_20000,23,256,layer_0::c10: Slope IS LOW,0.7343800386375672,16.410531738048377,0.5008901985617812,1661,0.22386950254440308,1362255.4243684085,0.0924786142097914,0.7717632162076606,0.5038764626474695
covtype_binary_20000,23,257,layer_0::c11: Wilderness_Area_4 IS absent,0.7717632162076606,1.4434689467958801,0.4907430087832311,1696,0.22334957122802734,87.9387374990294,0.052097317856450144,0.7717632162076606,0.5038764626474695
covtype_binary_20000,23,258,layer_0::c3: Aspect IS LOW,0.7717632162076606,17.073411840111994,0.511759772445723,1696,0.22333386540412903,654311.0015902863,0.05241185210925323,0.7717632162076606,0.5038764626474695
covtype_binary_20000,23,259,layer_0::c7: Horizontal_Distance_To_Hydrology IS MEDIUM,0.11398142266801758,17.289569609310643,0.4761531949367466,1268,0.21741224825382233,547716.0058356989,0.06079432193176219,0.7717632162076606,0.5038764626474695
covtype_binary_20000,23,260,layer_1::c3: ka_concept_1.c7 IS LOW,0.11556227429243304,17.71821991497254,0.48686263177939465,1300,0.21530403196811676,15441.063029067558,0.22859524289534117,0.7717632162076606,0.5038764626474695
covtype_binary_20000,23,261,layer_0::c2: Aspect IS HIGH,0.1161503997165112,17.962488623710215,0.488240227554277,1304,0.21493056416511536,145067.61195765308,0.059598813604563476,0.7717632162076606,0.5038764626474695
covtype_binary_20000,23,262,layer_1::c5: ka_concept_1.c4 IS LOW,0.1161503997165112,17.882405865671778,0.488239048423223,1304,0.21479801833629608,52285.04032412705,0.35612996684200576,0.7717632162076606,0.5038764626474695
covtype_binary_20000,23,263,layer_0::c2: Elevation IS HIGH,0.7717632162076606,17.034400667641773,0.5109055086365729,1696,0.21383404731750488,183350.65551986842,0.05824978939305715,0.7717632162076606,0.5038764626474695
covtype_binary_20000,23,264,layer_0::c7: Wilderness_Area_3 IS present,0.21206804262595025,2.436165239378818,0.23395883662146089,797,0.2118687778711319,94.52240381535239,0.06118538552218858,0.7717632162076606,0.5038764626474695
covtype_binary_20000,23,265,layer_1::c3: ka_concept_1.c2 IS HIGH,0.1161503997165112,17.71799916070423,0.4882379898484754,1304,0.21176180243492126,16726.94550629279,0.22618719210483446,0.7717632162076606,0.5038764626474695
covtype_binary_20000,23,266,layer_0::c5: Wilderness_Area_2 IS absent,0.7544644803460505,14.938530418522364,0.4928953460133397,1656,0.21064430475234985,225.7965851198469,0.1404043397342466,0.7717632162076606,0.5038764626474695
covtype_binary_20000,23,267,layer_0::c3: Wilderness_Area_3 IS absent,0.2779579064731474,1.5655916380487431,0.2774250513143577,899,0.2095518410205841,89.15868052621818,0.048292172836320486,0.7717632162076606,0.5038764626474695
covtype_binary_20000,23,268,layer_0::c1: Soil_Type_38 IS absent,0.4531303606398547,0.19057805814505613,0.271337374979205,1345,0.20853771269321442,52.60026532073289,0.030734499459858854,0.7717632162076606,0.5038764626474695
covtype_binary_20000,23,269,layer_0::c6: Soil_Type_26 IS absent,0.7501853335373977,4.53785349757999,0.5063149123703675,1676,0.20528419315814972,129.27815063943308,0.08687458732705029,0.7717632162076606,0.5038764626474695
covtype_binary_20000,23,270,layer_0::c0: Horizontal_Distance_To_Fire_Points IS HIGH,0.7423710986391904,16.408018970183612,0.502564068834139,1662,0.20426666736602783,95905.87980742028,0.036106398528355205,0.7717632162076606,0.5038764626474695
covtype_binary_20000,23,271,layer_0::c10: Hillshade_9am IS HIGH,0.6742648197997069,15.583706628385645,0.4824543087131638,1600,0.20243485271930695,147834.3223336215,0.0834151443502462,0.7717632162076606,0.5038764626474695
covtype_binary_20000,23,272,layer_0::c10: Hillshade_Noon IS LOW,0.11512048730281321,17.810576195515818,0.48574491690013943,1297,0.2011335790157318,575804.6080382247,0.08540793946343937,0.7717632162076606,0.5038764626474695
covtype_binary_20000,23,273,layer_0::c11: Wilderness_Area_3 IS present,0.21206804262595025,1.257690732688749,0.23346323539198177,797,0.19774794578552246,71.83112922994223,0.04711269908389143,0.7717632162076606,0.5038764626474695
covtype_binary_20000,23,274,layer_0::c7: Soil_Type_35 IS absent,0.7717632162076606,1.6080983060137815,0.49945823908200476,1696,0.1972777545452118,92.5717877392969,0.055693319333028436,0.7717632162076606,0.5038764626474695
covtype_binary_20000,23,275,layer_0::c3: Wilderness_Area_1 IS absent,0.21362368132393972,1.2236485018130434,0.2570789026411451,837,0.19684533774852753,82.2442653390408,0.04705491292027546,0.7717632162076606,0.5038764626474695
covtype_binary_20000,23,276,layer_0::c6: Wilderness_Area_1 IS absent,0.21362368132393972,4.897984936533687,0.25813068832782954,837,0.19574174284934998,146.94024339284442,0.08464584012133552,0.7717632162076606,0.5038764626474695
covtype_binary_20000,23,277,layer_1::c3: ka_concept_1.c8 IS HIGH,0.7717632162076606,17.07341189412178,0.5117597184367642,1696,0.19197991490364075,59771.31063384937,0.21056897383754647,0.7717632162076606,0.5038764626474695
covtype_binary_20000,23,278,layer_0::c6: Horizontal_Distance_To_Fire_Points IS HIGH,0.1161503997165112,17.810006641440317,0.4876562346659577,1304,0.19190600514411926,192196.5443854969,0.0807141270992246,0.7717632162076606,0.5038764626474695
covtype_binary_20000,23,279,layer_0::c2: Wilderness_Area_3 IS present,0.21206804262595025,1.8124811615040577,0.23390172648266822,797,0.19152741134166718,83.60636142487556,0.053991854222139105,0.7717632162076606,0.5038764626474695
covtype_binary_20000,23,280,layer_1::c2: ka_concept_1.c0 IS HIGH,0.7717632162076606,17.07341184442353,0.511759768134208,1696,0.18962731957435608,44907.085921807535,0.30571078924787193,0.7717632162076606,0.5038764626474695
covtype_binary_20000,23,281,layer_1::c5: projection_3 IS MEDIUM,0.1161503997165112,17.962488623710215,0.488240227554277,1304,0.1896224021911621,253159.76402899888,0.31163803378430505,0.7717632162076606,0.5038764626474695
covtype_binary_20000,23,282,layer_1::c2: ka_concept_1.c7 IS LOW,0.7717632162076606,17.073411849137145,0.5117597634206514,1696,0.1892668604850769,38974.71751053193,0.2979458083665959,0.7717632162076606,0.5038764626474695
covtype_binary_20000,23,283,layer_0::c7: Soil_Type_18 IS absent,0.7595432569408582,1.3744318218362048,0.49011833159916146,1686,0.18727678060531616,88.5792322853224,0.0528566911399624,0.7717632162076606,0.5038764626474695
covtype_binary_20000,23,284,layer_0::c6: Soil_Type_2 IS absent,0.7717632162076606,4.281280656463117,0.5085494480497709,1696,0.18447022140026093,135.13628935767747,0.07816313120149744,0.7717632162076606,0.5038764626474695
covtype_binary_20000,23,285,layer_1::c3: projection_0 IS MEDIUM,0.7717632162076606,17.073411840111994,0.511759772445723,1696,0.18329496681690216,55828.080757134885,0.19638393966729442,0.7717632162076606,0.5038764626474695
covtype_binary_20000,23,286,layer_0::c2: Slope IS MEDIUM,0.7663173346555844,16.891663337960164,0.5097894939073876,1690,0.18181955814361572,6729372.916227309,0.049716483401794256,0.7717632162076606,0.5038764626474695
covtype_binary_20000,23,287,layer_0::c10: Soil_Type_30 IS absent,0.640615675224054,3.4968211900130326,0.47542227345717714,1573,0.18174219131469727,120.2553356722442,0.07623946851331857,0.7717632162076606,0.5038764626474695
covtype_binary_20000,23,288,layer_0::c5: Hillshade_3pm IS LOW,0.7690328407810395,16.86007813208221,0.5109334764262022,1694,0.1805216521024704,108707.43986142379,0.119941948292783,0.7717632162076606,0.5038764626474695
covtype_binary_20000,23,289,layer_0::c8: Horizontal_Distance_To_Hydrology IS MEDIUM,0.7421933237345424,16.40536094377151,0.5025338806832357,1671,0.1802799552679062,518385.31220461265,0.035844486033932595,0.7717632162076606,0.5038764626474695
covtype_binary_20000,23,290,layer_0::c0: Wilderness_Area_1 IS present,0.27524147707722585,0.46449545428405437,0.2276068198020993,859,0.17998583614826202,52.434219777557246,0.03136837564337384,0.7717632162076606,0.5038764626474695
covtype_binary_20000,23,291,layer_1::c2: ka_concept_1.c4 IS LOW,0.7717632162076606,17.073411988301405,0.5117596242695528,1696,0.1790526956319809,29703.26646880877,0.2855074208317577,0.7717632162076606,0.5038764626474695
covtype_binary_20000,23,292,layer_0::c2: Soil_Type_29 IS present,0.09755672222736145,1.3803221511752795,0.12203572653350922,418,0.17882543802261353,56.58039406121679,0.04840308993156941,0.7717632162076606,0.5038764626474695
covtype_binary_20000,23,293,layer_0::c0: Wilderness_Area_4 IS absent,0.577083651516004,0.22863581605235417,0.29420060625984606,1505,0.17875683307647705,53.97240180820711,0.03194241070871696,0.7717632162076606,0.5038764626474695
covtype_binary_20000,23,294,layer_1::c3: ka_concept_1.c0 IS MEDIUM,0.1161503997165112,17.962488623710215,0.488240227554277,1304,0.17737795412540436,95028.59829985484,0.187332128702042,0.7717632162076606,0.5038764626474695
covtype_binary_20000,23,295,layer_0::c11: Wilderness_Area_2 IS absent,0.7544644803460505,0.5671437844787494,0.3948637264983657,1656,0.17656874656677246,66.29757297964022,0.04104374347853263,0.7717632162076606,0.5038764626474695
covtype_binary_20000,23,296,layer_0::c2: Wilderness_Area_3 IS present,0.21206804262595025,1.4342834352127953,0.23372068594670525,797,0.17600968480110168,75.45848864550271,0.04961738751452534,0.7717632162076606,0.5038764626474695
covtype_binary_20000,23,297,layer_1::c5: ka_concept_1.c8 IS MEDIUM,0.7717632162076606,17.073411840111994,0.511759772445723,1696,0.17490608990192413,25339.884289221587,0.2879425461205343,0.7717632162076606,0.5038764626474695
covtype_binary_20000,23,298,layer_0::c9: Soil_Type_4 IS absent,0.7609304470810526,7.52942045744783,0.5053084908004937,1682,0.17465069890022278,170.29109163499197,0.10083293117217029,0.7717632162076606,0.5038764626474695
covtype_binary_20000,23,299,layer_0::c5: Slope IS MEDIUM,0.11556227429243304,17.756265843931843,0.48659287584900984,1300,0.1743372231721878,3211594.9178725122,0.11552507606640522,0.7717632162076606,0.5038764626474695
covtype_binary_20000,23,300,layer_0::c10: Wilderness_Area_3 IS present,0.21206804262595025,3.6488242462273455,0.23400517966354445,797,0.17227250337600708,111.68482920821634,0.07387997261051896,0.7717632162076606,0.5038764626474695
covtype_binary_20000,23,301,layer_0::c1: Wilderness_Area_1 IS present,0.27524147707722585,0.1864133551795547,0.17054194073087722,859,0.1720590889453888,41.215890080410645,0.02483370967030775,0.7717632162076606,0.5038764626474695
covtype_binary_20000,23,302,layer_0::c4: Soil_Type_4 IS present,0.0014069821109685687,0.2179800794236224,0.007600734008267152,15,0.1717437356710434,59.8865542634212,0.027055180454541795,0.7717632162076606,0.5038764626474695
covtype_binary_20000,23,303,layer_1::c2: ka_concept_1.c8 IS HIGH,0.7717632162076606,17.0170434820129,0.5117520933925198,1696,0.17116865515708923,13563.249255314782,0.27836236317007085,0.7717632162076606,0.5038764626474695
covtype_binary_20000,23,304,layer_0::c5: Soil_Type_13 IS absent,0.6858106825322277,9.564262565886676,0.48627671827336244,1600,0.1700657308101654,191.9808182695806,0.11315680468846889,0.7717632162076606,0.5038764626474695
covtype_binary_20000,23,305,layer_0::c8: Wilderness_Area_1 IS absent,0.21362368132393972,0.4719649197083894,0.2364561964293517,837,0.1697070449590683,59.584856706259416,0.03469952922703821,0.7717632162076606,0.5038764626474695
covtype_binary_20000,23,306,layer_0::c2: Wilderness_Area_4 IS absent,0.7717632162076606,0.9915864431059186,0.4659265889361126,1696,0.169620543718338,77.93810860089462,0.04681446253036696,0.7717632162076606,0.5038764626474695
covtype_binary_20000,23,307,layer_1::c5: projection_5 IS HIGH,0.7717632162076606,17.073411840111994,0.511759772445723,1696,0.1692819595336914,92420.93346234685,0.2802373587315281,0.7717632162076606,0.5038764626474695
covtype_binary_20000,23,308,layer_0::c5: Vertical_Distance_To_Hydrology IS LOW,0.1161503997165112,17.96249326195287,0.48823562143241006,1304,0.16914185881614685,233236.66048856004,0.1130238650859892,0.7717632162076606,0.5038764626474695
covtype_binary_20000,23,309,layer_0::c11: Aspect IS LOW,0.1161503997165112,16.731066896154754,0.48823710460272585,1304,0.16814254224300385,111425.61638766983,0.03916027826963545,0.7717632162076606,0.5038764626474695
covtype_binary_20000,23,310,layer_0::c10: Soil_Type_18 IS absent,0.7595432569408582,3.022303674726102,0.5084942015168493,1686,0.16591604053974152,116.6125082915014,0.06953996625451206,0.7717632162076606,0.5038764626474695
covtype_binary_20000,23,311,layer_0::c10: Hillshade_9am IS LOW,0.11424746463250313,17.592287928777615,0.4813925340064781,1285,0.16355612874031067,171935.01372381457,0.06862111252335897,0.7717632162076606,0.5038764626474695
covtype_binary_20000,23,312,layer_0::c0: Horizontal_Distance_To_Hydrology IS MEDIUM,0.7408699992835505,16.36570611966515,0.5019765365497304,1670,0.16305065155029297,521392.07990672067,0.028815196452031278,0.7717632162076606,0.5038764626474695
covtype_binary_20000,23,313,layer_0::c6: Horizontal_Distance_To_Hydrology IS MEDIUM,0.11279582490331286,17.037021244497378,0.47120737956065156,1257,0.16263353824615479,87507.4055074355,0.0683885680705101,0.7717632162076606,0.5038764626474695
covtype_binary_20000,23,314,"projection_layer::pursuit_4(Horizontal_Distance_To_Hydrology, Soil_Type_22, Soil_Type_30, Soil_Type_35) IS MEDIUM",0.02275923214391562,0.011049973506491728,0.0421195820423987,147,0.1617165356874466,2.669241035837331,0.09329164119825388,0.7717632162076606,0.5038764626474695
covtype_binary_20000,23,315,layer_0::c1: Soil_Type_38 IS present,0.0,0.009825912597913322,0.002222722767942951,0,0.1610434353351593,9.494024658481067,0.026092673567633028,0.7717632162076606,0.5038764626474695
covtype_binary_20000,23,316,layer_0::c0: Hillshade_Noon IS MEDIUM,0.11171358841609735,17.289294782356254,0.47729851302881426,1274,0.16074635088443756,141736.3760001876,0.028796414563532147,0.7717632162076606,0.5038764626474695
covtype_binary_20000,23,317,layer_1::c5: ka_concept_1.c9 IS LOW,0.1161503997165112,17.962488623710215,0.488240227554277,1304,0.15978442132472992,30456.99510585222,0.2601394017455556,0.7717632162076606,0.5038764626474695
covtype_binary_20000,23,318,layer_1::c3: ka_concept_1.c1 IS HIGH,0.7514655166136146,11.504118409340691,0.5004783727412214,1681,0.15962770581245422,10982.858950199625,0.16555777297440122,0.7717632162076606,0.5038764626474695
covtype_binary_20000,23,319,layer_1::c0: ka_concept_1.c9 IS MEDIUM,0.1161503997165112,17.962488623710215,0.488240227554277,1304,0.15885023772716522,7161.086308895057,0.217817577958107,0.7717632162076606,0.5038764626474695
covtype_binary_20000,23,320,layer_0::c10: Horizontal_Distance_To_Roadways IS LOW,0.11592931866760192,16.680977266494814,0.4722073132702162,1272,0.1566416472196579,296634.92255922983,0.06582390034936016,0.7717632162076606,0.5038764626474695
covtype_binary_20000,23,321,layer_1::c0: ka_concept_1.c4 IS LOW,0.7717632162076606,17.073411846595402,0.5117597659623481,1696,0.15507861971855164,65769.34031057787,0.2126168298584671,0.7717632162076606,0.5038764626474695
covtype_binary_20000,23,322,layer_0::c3: Soil_Type_29 IS present,0.09755672222736145,0.6671839618455525,0.12175328338309024,418,0.1547822654247284,42.62213250068817,0.03567798978850624,0.7717632162076606,0.5038764626474695
covtype_binary_20000,23,323,layer_0::c9: Soil_Type_30 IS absent,0.640615675224054,5.076538057773715,0.4755463956654562,1573,0.15431348979473114,140.27634112066562,0.08910092869881495,0.7717632162076606,0.5038764626474695
covtype_binary_20000,23,324,layer_0::c2: Wilderness_Area_2 IS absent,0.7544644803460505,0.6495771144975523,0.4108470591532049,1656,0.1543077677488327,68.91083311124669,0.04244165066128699,0.7717632162076606,0.5038764626474695
covtype_binary_20000,23,325,layer_0::c10: Wilderness_Area_1 IS absent,0.21362368132393972,2.792522505793672,0.2580714120339199,837,0.15393131971359253,114.54777405893765,0.06573322302831912,0.7717632162076606,0.5038764626474695
covtype_binary_20000,23,326,layer_0::c3: Wilderness_Area_4 IS absent,0.7717632162076606,0.36820669309731413,0.35268649405897373,1696,0.15353216230869293,59.933198140645175,0.03608580011357374,0.7717632162076606,0.5038764626474695
covtype_binary_20000,23,327,layer_0::c0: Hillshade_9am IS LOW,0.114099475491928,17.530411818550046,0.480904820667611,1284,0.15329019725322723,338199.1104090999,0.02737129310695729,0.7717632162076606,0.5038764626474695
covtype_binary_20000,23,328,layer_0::c4: Soil_Type_2 IS absent,0.13435550496894033,0.06674008002777687,0.1744803537129967,721,0.15286622941493988,41.75176283814699,0.024680935964049695,0.7717632162076606,0.5038764626474695
covtype_binary_20000,23,329,layer_0::c2: Wilderness_Area_1 IS absent,0.21362368132393972,0.9158981843953954,0.25462020047642664,837,0.15157461166381836,73.96038939979053,0.042547186696485065,0.7717632162076606,0.5038764626474695
covtype_binary_20000,23,330,layer_0::c7: Wilderness_Area_2 IS absent,0.7544644803460505,0.674175694381634,0.41507191638613655,1656,0.1514023095369339,69.94639722987756,0.04265995259115698,0.7717632162076606,0.5038764626474695
covtype_binary_20000,23,331,layer_1::c0: projection_6 IS MEDIUM,0.7717632162076606,17.073411840111994,0.511759772445723,1696,0.15119719505310059,136434.700076708,0.20542165227979423,0.7717632162076606,0.5038764626474695
covtype_binary_20000,23,332,layer_0::c5: Aspect IS LOW,0.7717632162076606,17.073411840111994,0.511759772445723,1696,0.14974543452262878,400768.5843777003,0.1000044774968798,0.7717632162076606,0.5038764626474695
covtype_binary_20000,23,333,layer_0::c6: Slope IS HIGH,0.7717632162076606,17.05817882437716,0.5117562378604514,1696,0.1494099348783493,618753.2805525244,0.0642371283976648,0.7717632162076606,0.5038764626474695
covtype_binary_20000,23,334,layer_0::c5: Hillshade_Noon IS MEDIUM,0.7649697379467911,16.915596384127905,0.509001627350609,1687,0.14872469007968903,255520.5777428089,0.09972481168200395,0.7717632162076606,0.5038764626474695
covtype_binary_20000,23,335,layer_0::c9: Wilderness_Area_1 IS present,0.27524147707722585,5.909579017449378,0.2540116000052642,859,0.1481231451034546,136.06810074804707,0.08349122182072581,0.7717632162076606,0.5038764626474695
covtype_binary_20000,23,336,layer_1::c5: ka_concept_1.c8 IS LOW,0.7717632162076606,17.04602382767879,0.5117597724433949,1696,0.14581815898418427,21498.889126254024,0.23525069923819197,0.7717632162076606,0.5038764626474695
covtype_binary_20000,23,337,layer_0::c4: Slope IS MEDIUM,0.7636110422946172,16.856826986386523,0.5093093280942108,1687,0.145436093211174,9131733.940999847,0.023344477603947127,0.7717632162076606,0.5038764626474695
covtype_binary_20000,23,338,layer_0::c10: Hillshade_Noon IS HIGH,0.7437258330300905,16.499398141641418,0.5015735805555801,1661,0.14466138184070587,360478.2009521707,0.060281509604842215,0.7717632162076606,0.5038764626474695
covtype_binary_20000,23,339,layer_1::c0: ka_concept_1.c7 IS LOW,0.7717632162076606,17.07341189910695,0.5117597134527538,1696,0.14407993853092194,45407.22564537317,0.1950183132640353,0.7717632162076606,0.5038764626474695
covtype_binary_20000,23,340,"projection_layer::pursuit_5(Hillshade_9am, Wilderness_Area_1, Soil_Type_10, Soil_Type_32) IS MEDIUM",0.005716425565788996,0.031160045972639883,0.05652154106275964,175,0.14313267171382904,6.1937087410979075,0.05645002136923896,0.7717632162076606,0.5038764626474695
covtype_binary_20000,23,341,layer_0::c1: Soil_Type_39 IS absent,0.06605639039639621,0.03306209909871849,0.13162140145431742,478,0.1424126774072647,36.455708014977745,0.02101776599612367,0.7717632162076606,0.5038764626474695
covtype_binary_20000,23,342,layer_0::c0: Wilderness_Area_1 IS absent,0.21362368132393972,0.15934512525026567,0.17477207532503294,837,0.14226311445236206,45.01009029734632,0.025854741720957766,0.7717632162076606,0.5038764626474695
covtype_binary_20000,23,343,layer_1::c2: ka_concept_1.c8 IS MEDIUM,0.7717632162076606,17.073411840111994,0.511759772445723,1696,0.14206893742084503,44128.64228300598,0.2249356917847569,0.7717632162076606,0.5038764626474695
covtype_binary_20000,23,344,layer_0::c2: Hillshade_9am IS MEDIUM,0.11113382974626151,17.18494788440195,0.4707191871224647,1258,0.14166495203971863,1242878.2837213227,0.03883907137239578,0.7717632162076606,0.5038764626474695
covtype_binary_20000,23,345,layer_0::c7: Wilderness_Area_4 IS absent,0.7717632162076606,0.5636491787575401,0.40615684025156495,1696,0.141639843583107,66.90282153778571,0.040047042541088256,0.7717632162076606,0.5038764626474695
covtype_binary_20000,23,346,layer_1::c5: projection_1 IS LOW,0.7717632162076606,17.073411840111994,0.511759772445723,1696,0.1409910023212433,36783.45390313222,0.2318723340779543,0.7717632162076606,0.5038764626474695
covtype_binary_20000,23,347,layer_0::c2: Horizontal_Distance_To_Roadways IS HIGH,0.1161503997165112,17.962488623710215,0.488240227554277,1304,0.14093855023384094,322625.50014898606,0.038563901240976216,0.7717632162076606,0.5038764626474695
covtype_binary_20000,23,348,layer_0::c7: Hillshade_3pm IS MEDIUM,0.11600346721617705,17.923351342167535,0.48769228951167143,1303,0.13966667652130127,861796.506141828,0.03923546781186091,0.7717632162076606,0.5038764626474695
covtype_binary_20000,23,349,"projection_layer::pursuit_3(Slope, Soil_Type_12, Soil_Type_13, Soil_Type_1) IS HIGH",0.054605039263960875,1.18404781972378,0.05202445565566454,175,0.13913168013095856,23.83013832639699,0.06282627024238233,0.7717632162076606,0.5038764626474695
covtype_binary_20000,23,350,layer_0::c2: Wilderness_Area_1 IS absent,0.21362368132393972,0.6687238616202905,0.24852953023523178,837,0.1366928219795227,66.61643135916938,0.03836985174808888,0.7717632162076606,0.5038764626474695
covtype_binary_20000,23,351,layer_0::c5: Soil_Type_4 IS absent,0.7609304470810526,5.934611633512272,0.5053059273225055,1682,0.1364244967699051,152.80929381840724,0.09115554186416527,0.7717632162076606,0.5038764626474695
covtype_binary_20000,23,352,layer_0::c6: Hillshade_Noon IS MEDIUM,0.11275420719865159,17.53234218127013,0.48021087193538786,1281,0.1360519826412201,657913.298930236,0.05799311526403746,0.7717632162076606,0.5038764626474695
covtype_binary_20000,23,353,layer_1::c3: projection_6 IS LOW,0.1161503997165112,17.962488623710215,0.488240227554277,1304,0.13560178875923157,28268.318132009867,0.14460699091355006,0.7717632162076606,0.5038764626474695
covtype_binary_20000,23,354,layer_1::c0: ka_concept_1.c5 IS LOW,0.1161503997165112,17.962488623710215,0.488240227554277,1304,0.13549359142780304,132520.99033990008,0.18444387694013614,0.7717632162076606,0.5038764626474695
covtype_binary_20000,23,355,layer_1::c0: projection_5 IS HIGH,0.1161503997165112,17.962488623710215,0.488240227554277,1304,0.13523292541503906,53351.205801356926,0.18512508425613244,0.7717632162076606,0.5038764626474695
covtype_binary_20000,23,356,layer_0::c6: Wilderness_Area_1 IS present,0.27524147707722585,2.392332713423876,0.25387158583534825,859,0.13453692197799683,91.70393304990284,0.05579168752018632,0.7717632162076606,0.5038764626474695
covtype_binary_20000,23,357,layer_1::c5: projection_6 IS LOW,0.1161503997165112,17.962488623710215,0.488240227554277,1304,0.13425664603710175,34323.842403816016,0.2207237437814474,0.7717632162076606,0.5038764626474695
covtype_binary_20000,23,358,layer_1::c0: ka_concept_1.c8 IS HIGH,0.7717632162076606,17.073411894096463,0.5117597184620792,1696,0.13423241674900055,67060.26822294852,0.1876950790205495,0.7717632162076606,0.5038764626474695
covtype_binary_20000,23,359,layer_0::c7: Hillshade_9am IS HIGH,0.10906844077228028,16.115300155336683,0.45098994716633356,1205,0.13415057957172394,468391.63121597416,0.0372239211882042,0.7717632162076606,0.5038764626474695
covtype_binary_20000,23,360,layer_0::c11: Wilderness_Area_3 IS absent,0.2779579064731474,0.36885002316020254,0.2306846907559807,899,0.13389380276203156,56.50330309225069,0.03062238443313663,0.7717632162076606,0.5038764626474695
covtype_binary_20000,23,361,layer_0::c7: Horizontal_Distance_To_Fire_Points IS HIGH,0.7423514515017783,16.41343787826966,0.5026732759825405,1663,0.13368569314479828,95500.72647324267,0.0373896647021601,0.7717632162076606,0.5038764626474695
covtype_binary_20000,23,362,layer_0::c0: Soil_Type_38 IS present,0.0,0.012086921490313096,0.0022493317543453937,0,0.1332353949546814,11.290837864664354,0.026066627657501763,0.7717632162076606,0.5038764626474695
covtype_binary_20000,23,363,layer_0::c9: Hillshade_3pm IS LOW,0.7608862617549074,16.56989435992834,0.5095638981028741,1688,0.1330370306968689,46828.29496621317,0.0763757832116947,0.7717632162076606,0.5038764626474695
covtype_binary_20000,23,364,layer_1::c3: ka_concept_1.c0 IS LOW,0.7703970959890815,14.25742055637493,0.506941666450237,1695,0.13294143974781036,14847.424514102571,0.1364055118337128,0.7717632162076606,0.5038764626474695
covtype_binary_20000,23,365,layer_1::c3: projection_3 IS MEDIUM,0.1161503997165112,17.962488623710215,0.488240227554277,1304,0.13282988965511322,65851.80654778364,0.1416013221334045,0.7717632162076606,0.5038764626474695
covtype_binary_20000,23,366,layer_1::c0: projection_3 IS MEDIUM,0.1161503997165112,17.962488623710215,0.488240227554277,1304,0.13275960087776184,295809.35105648794,0.1804239824252824,0.7717632162076606,0.5038764626474695
covtype_binary_20000,23,367,layer_0::c8: Soil_Type_4 IS present,0.0014069821109685687,0.21799099798529875,0.0075237139464088805,15,0.13226667046546936,58.445616048611555,0.025855151109850948,0.7717632162076606,0.5038764626474695
covtype_binary_20000,23,368,layer_0::c6: Wilderness_Area_3 IS absent,0.2779579064731474,2.1133242361470015,0.2779086407895257,899,0.1317588835954666,98.98059038248152,0.05492974373987029,0.7717632162076606,0.5038764626474695
covtype_binary_20000,23,369,layer_0::c10: Wilderness_Area_1 IS absent,0.21362368132393972,1.896756622865067,0.25798959157642876,837,0.13100159168243408,97.26652642881709,0.05594154080945979,0.7717632162076606,0.5038764626474695
covtype_binary_20000,23,370,layer_0::c1: Wilderness_Area_4 IS present,0.0,0.08461646961159786,0.0054102351618517,0,0.13041508197784424,39.98179335938676,0.01882558264428735,0.7717632162076606,0.5038764626474695
covtype_binary_20000,23,371,layer_0::c1: Hillshade_9am IS HIGH,0.10891392623972662,16.157535780862396,0.45168971942709246,1207,0.13029958307743073,1067533.3556392225,0.018923562094444457,0.7717632162076606,0.5038764626474695
covtype_binary_20000,23,372,layer_1::c5: ka_concept_1.c8 IS HIGH,0.11570940454846779,17.539052390168667,0.487026269774276,1301,0.13005265593528748,34318.24828429981,0.21991112664705725,0.7717632162076606,0.5038764626474695
covtype_binary_20000,23,373,layer_1::c2: projection_0 IS LOW,0.7717632162076606,17.073411840111994,0.511759772445723,1696,0.12999235093593597,16448.974296368833,0.20433721474806468,0.7717632162076606,0.5038764626474695
covtype_binary_20000,23,374,layer_1::c2: ka_concept_1.c11 IS HIGH,0.1161503997165112,17.761191792627503,0.4882315046628823,1304,0.12997983396053314,9883.354601674393,0.20756913781674424,0.7717632162076606,0.5038764626474695
covtype_binary_20000,23,375,layer_0::c11: Hillshade_Noon IS LOW,0.11497309275087053,17.803420742538034,0.4856374978982493,1296,0.1293751299381256,1339918.3685552801,0.030519658367911415,0.7717632162076606,0.5038764626474695
covtype_binary_20000,23,376,layer_1::c3: ka_concept_1.c8 IS LOW,0.7717632162076606,17.073411840111994,0.511759772445723,1696,0.12870435416698456,178991.41331592825,0.1346862175426795,0.7717632162076606,0.5038764626474695
covtype_binary_20000,23,377,layer_0::c8: Horizontal_Distance_To_Fire_Points IS LOW,0.11485191499199199,17.205991840494256,0.47388478358411984,1283,0.12855039536952972,1417729.6039006591,0.02620932313176735,0.7717632162076606,0.5038764626474695
covtype_binary_20000,23,378,layer_0::c2: Horizontal_Distance_To_Hydrology IS HIGH,0.7635943938795463,16.861633432277404,0.5092862281534155,1690,0.12800365686416626,332850.49949081976,0.035042171994419495,0.7717632162076606,0.5038764626474695
covtype_binary_20000,23,379,layer_0::c1: Soil_Type_39 IS present,0.0,0.003098902766540901,0.0015456211619259083,0,0.12799257040023804,8.127433211901007,0.01984123625614302,0.7717632162076606,0.5038764626474695
covtype_binary_20000,23,380,layer_1::c2: projection_5 IS HIGH,0.1161503997165112,17.962488623710215,0.488240227554277,1304,0.12793025374412537,82897.25220126152,0.2036793422177434,0.7717632162076606,0.5038764626474695
covtype_binary_20000,23,381,layer_1::c0: ka_concept_1.c0 IS LOW,0.1161503997165112,17.941616348475907,0.48824022749843893,1304,0.1270568072795868,87550.65040044379,0.16619819798582466,0.7717632162076606,0.5038764626474695
covtype_binary_20000,23,382,layer_1::c0: ka_concept_1.c0 IS MEDIUM,0.7717632162076606,17.073411840111994,0.511759772445723,1696,0.12562109529972076,131858.58775530814,0.16913441750220953,0.7717632162076606,0.5038764626474695
covtype_binary_20000,23,383,layer_1::c0: projection_1 IS LOW,0.7717632162076606,17.073411840111994,0.511759772445723,1696,0.12557880580425262,58785.41703974431,0.1707817164758841,0.7717632162076606,0.5038764626474695
covtype_binary_20000,23,384,layer_0::c0: Horizontal_Distance_To_Hydrology IS HIGH,0.11604025690925723,17.71515341565383,0.48323847450854185,1288,0.1250857263803482,178610.8275876645,0.02217072448999147,0.7717632162076606,0.5038764626474695
covtype_binary_20000,23,385,layer_0::c5: Hillshade_Noon IS LOW,0.7717632162076606,17.05600269285825,0.5112579976089645,1695,0.12476643919944763,471573.6667510767,0.08439647507730197,0.7717632162076606,0.5038764626474695
covtype_binary_20000,23,386,layer_0::c9: Horizontal_Distance_To_Fire_Points IS MEDIUM,0.6830742701922364,15.86286696812602,0.4855919876333831,1603,0.12399037927389145,293178.0305241868,0.07256570503077168,0.7717632162076606,0.5038764626474695
covtype_binary_20000,23,387,layer_0::c1: Hillshade_9am IS LOW,0.7528058702360967,16.83108305445906,0.507658974196065,1682,0.12345636636018753,1363535.4570561247,0.018255964292245744,0.7717632162076606,0.5038764626474695
covtype_binary_20000,23,388,layer_0::c5: Wilderness_Area_1 IS present,0.27524147707722585,5.49849586158909,0.25399644040819735,859,0.12298666685819626,132.50344384187338,0.08022959278004539,0.7717632162076606,0.5038764626474695
covtype_binary_20000,23,389,layer_1::c2: ka_concept_1.c0 IS LOW,0.7717632162076606,17.04840593577962,0.5117597724456537,1696,0.1222057193517685,141695.43394669538,0.1859134318567667,0.7717632162076606,0.5038764626474695
covtype_binary_20000,23,390,layer_1::c5: projection_0 IS LOW,0.7717632162076606,17.073411840111994,0.511759772445723,1696,0.12146775424480438,68677.0565458843,0.19853282131254674,0.7717632162076606,0.5038764626474695
covtype_binary_20000,23,391,layer_0::c5: Wilderness_Area_1 IS absent,0.21362368132393972,4.59796742316548,0.25812244584336946,837,0.12145230174064636,142.0807391802964,0.0826183444792241,0.7717632162076606,0.5038764626474695
covtype_binary_20000,23,392,layer_0::c4: Wilderness_Area_2 IS absent,0.0487685638012435,0.020649423300115544,0.10295260637551722,354,0.1213928610086441,31.303585660913768,0.019599717897650408,0.7717632162076606,0.5038764626474695
covtype_binary_20000,23,393,layer_1::c0: ka_concept_1.c8 IS LOW,0.1161503997165112,17.962488623710215,0.488240227554277,1304,0.12104655802249908,62879.99228224447,0.16148760691671243,0.7717632162076606,0.5038764626474695
covtype_binary_20000,23,394,layer_1::c5: ka_concept_1.c0 IS HIGH,0.1161503997165112,17.854058494172776,0.48824006423069005,1304,0.12102077901363373,91044.6618939376,0.20286703650672766,0.7717632162076606,0.5038764626474695
covtype_binary_20000,23,395,layer_0::c2: Wilderness_Area_1 IS present,0.27524147707722585,0.514734341606688,0.2324709246611151,859,0.12020532041788101,53.88169011557784,0.03235742300075951,0.7717632162076606,0.5038764626474695
covtype_binary_20000,23,396,layer_0::c9: Hillshade_9am IS LOW,0.11469103271316994,17.648173536034605,0.48204596978974873,1288,0.11989940702915192,229494.19211578317,0.06924081237543854,0.7717632162076606,0.5038764626474695
covtype_binary_20000,23,397,layer_0::c0: Soil_Type_13 IS absent,0.0642195521422575,0.03268838564189813,0.1267228365282048,468,0.1183529868721962,35.856395632131864,0.021038763125523323,0.7717632162076606,0.5038764626474695
covtype_binary_20000,23,398,layer_0::c6: Wilderness_Area_1 IS absent,0.21362368132393972,1.5210865750352038,0.2577602959143196,837,0.11820667237043381,89.30440429615737,0.05111686780711655,0.7717632162076606,0.5038764626474695
covtype_binary_20000,23,399,layer_0::c10: Horizontal_Distance_To_Roadways IS HIGH,0.10107396116008582,10.271175678386141,0.42156434491265843,1150,0.11808990687131882,886.3104369312591,0.0491560953285225,0.7717632162076606,0.5038764626474695
covtype_binary_20000,23,400,layer_0::c4: Aspect IS HIGH,0.1161503997165112,17.962488623710215,0.488240227554277,1304,0.11802829056978226,1022736.2133757219,0.019212230477152238,0.7717632162076606,0.5038764626474695
covtype_binary_20000,23,401,layer_0::c10: Wilderness_Area_3 IS absent,0.2779579064731474,1.5592521624494462,0.2774119924792907,899,0.11773103475570679,88.5649244152778,0.04846791384081644,0.7717632162076606,0.5038764626474695
covtype_binary_20000,23,402,layer_0::c6: Wilderness_Area_1 IS present,0.27524147707722585,1.7674003093598238,0.25372806078856613,859,0.11756248027086258,82.18375256397576,0.04875249074575246,0.7717632162076606,0.5038764626474695
covtype_binary_20000,23,403,layer_1::c0: projection_5 IS MEDIUM,0.7717632162076606,17.073411840111994,0.511759772445723,1696,0.11745471507310867,135066.87409563095,0.15856973324467738,0.7717632162076606,0.5038764626474695
covtype_binary_20000,23,404,layer_0::c6: Hillshade_3pm IS HIGH,0.11438911548823616,17.468937377170583,0.4828401415726101,1289,0.11668790876865387,223185.5509042326,0.04931670519735752,0.7717632162076606,0.5038764626474695
covtype_binary_20000,23,405,layer_1::c2: projection_3 IS MEDIUM,0.7717632162076606,17.073411840111994,0.511759772445723,1696,0.11633632332086563,41937.27604608552,0.18387998810131104,0.7717632162076606,0.5038764626474695
covtype_binary_20000,23,406,layer_0::c0: Soil_Type_39 IS present,0.0,0.0041542412943958995,0.0015716436181239773,0,0.11611804366111755,9.10848922545847,0.021735688705419306,0.7717632162076606,0.5038764626474695
covtype_binary_20000,23,407,layer_0::c9: Hillshade_3pm IS HIGH,0.11497309275087053,17.611487371727016,0.4841631896964751,1296,0.11606523394584656,317537.08977887727,0.06667457972692686,0.7717632162076606,0.5038764626474695
covtype_binary_20000,23,408,layer_1::c2: projection_5 IS MEDIUM,0.1161503997165112,17.962488623710215,0.488240227554277,1304,0.11469444632530212,17562.729334484517,0.18008731207748255,0.7717632162076606,0.5038764626474695
covtype_binary_20000,23,409,layer_0::c2: Wilderness_Area_4 IS absent,0.5174279560920537,0.2079508990594615,0.28326476869008965,1429,0.11460748314857483,52.16850956629264,0.03163111898158892,0.7717632162076606,0.5038764626474695
covtype_binary_20000,23,410,layer_0::c9: Hillshade_3pm IS MEDIUM,0.11585646884159917,17.882127553889955,0.4875033448036511,1302,0.11450570821762085,165757.71029278368,0.06575025372810323,0.7717632162076606,0.5038764626474695
covtype_binary_20000,23,411,layer_1::c3: ka_concept_1.c2 IS LOW,0.7717632162076606,17.060800612899865,0.5117597724457223,1696,0.11409960687160492,145991.08786994137,0.11904552927424568,0.7717632162076606,0.5038764626474695
covtype_binary_20000,23,412,layer_0::c0: Wilderness_Area_4 IS absent,0.061489749836633245,0.024930337422348514,0.12165989604948078,453,0.1134796142578125,33.96029923723006,0.020277897081440264,0.7717632162076606,0.5038764626474695
covtype_binary_20000,23,413,layer_0::c9: Soil_Type_21 IS absent,0.7717632162076606,2.43120334643613,0.5086689828531081,1692,0.11217228323221207,106.08416618560682,0.06471757854243151,0.7717632162076606,0.5038764626474695
covtype_binary_20000,23,414,layer_0::c4: Hillshade_3pm IS LOW,0.7635943938795463,16.618262669578368,0.5098353996876895,1690,0.11133933812379837,237409.05539466973,0.017919104767734364,0.7717632162076606,0.5038764626474695
covtype_binary_20000,23,415,layer_0::c9: Soil_Type_26 IS absent,0.7501853335373977,2.0331679813377135,0.5015838687385699,1676,0.11082054674625397,95.1124338986292,0.06374518921947735,0.7717632162076606,0.5038764626474695
covtype_binary_20000,23,416,"projection_layer::pursuit_7(Aspect, Soil_Type_39, Soil_Type_2, Soil_Type_5) IS MEDIUM",0.43705247240600775,1.0011541612260828,0.3344060176862329,1223,0.11003833264112473,67.60209978902049,0.04786800837855177,0.7717632162076606,0.5038764626474695
covtype_binary_20000,23,417,layer_1::c3: ka_concept_1.c11 IS MEDIUM,0.7717632162076606,17.073411840111994,0.511759772445723,1696,0.1095411404967308,167377.87815298382,0.11459066896808023,0.7717632162076606,0.5038764626474695
covtype_binary_20000,23,418,layer_0::c8: Horizontal_Distance_To_Hydrology IS HIGH,0.7608862617549074,16.819834319937517,0.5084623600906486,1688,0.10922539979219437,126178.82938048962,0.021780688324772257,0.7717632162076606,0.5038764626474695
covtype_binary_20000,23,419,layer_1::c3: projection_6 IS MEDIUM,0.1161503997165112,17.962488623710215,0.488240227554277,1304,0.10881878435611725,39429.598092331566,0.11597102650006612,0.7717632162076606,0.5038764626474695
covtype_binary_20000,23,420,layer_0::c2: Soil_Type_29 IS absent,0.4091540739375014,0.2225581918709414,0.2443426695393905,1212,0.10792718827724457,53.94578952912616,0.029869366159165564,0.7717632162076606,0.5038764626474695
covtype_binary_20000,23,421,"projection_layer::pursuit_6(Horizontal_Distance_To_Roadways, Soil_Type_38, Wilderness_Area_2, Soil_Type_18) IS MEDIUM",0.7717632162076606,1.708176109148127,0.4471371415887971,1696,0.10723216086626053,123.55645272649417,0.060783133461571805,0.7717632162076606,0.5038764626474695
covtype_binary_20000,23,422,layer_1::c0: ka_concept_1.c1 IS HIGH,0.7608862617549074,12.154552847972312,0.5037454739459527,1688,0.10721172392368317,15260.831440586371,0.14175566670806194,0.7717632162076606,0.5038764626474695
covtype_binary_20000,23,423,layer_1::c5: ka_concept_1.c6 IS LOW,0.7717632162076606,17.073411840111994,0.511759772445723,1696,0.10665612667798996,131154.6908568066,0.175375627142222,0.7717632162076606,0.5038764626474695
covtype_binary_20000,23,424,layer_0::c6: Soil_Type_35 IS absent,0.7717632162076606,0.8171246561864495,0.45007884504567347,1696,0.1065024733543396,75.86884740661225,0.04521463512930344,0.7717632162076606,0.5038764626474695
covtype_binary_20000,23,425,layer_0::c8: Hillshade_3pm IS MEDIUM,0.7676704467670058,16.98252304237305,0.5108154886140861,1693,0.10609269142150879,463469.01799006085,0.02119177665210901,0.7717632162076606,0.5038764626474695
covtype_binary_20000,23,426,layer_0::c5: Hillshade_Noon IS HIGH,0.11111747224739876,17.262293601525073,0.4759887712643219,1270,0.10602366179227829,2055155.2694280832,0.07037966008544497,0.7717632162076606,0.5038764626474695
covtype_binary_20000,23,427,layer_1::c3: ka_concept_1.c7 IS MEDIUM,0.1161503997165112,17.962488623710215,0.488240227554277,1304,0.10508455336093903,64979.667837658555,0.11266198424777638,0.7717632162076606,0.5038764626474695
covtype_binary_20000,23,428,layer_1::c3: projection_5 IS HIGH,0.1161503997165112,12.697540140786858,0.48822889843210454,1304,0.10485389083623886,226.85464507637812,0.11259279044841726,0.7717632162076606,0.5038764626474695
covtype_binary_20000,23,429,layer_1::c0: ka_concept_1.c10 IS LOW,0.1161503997165112,17.954648165293456,0.48824022755427654,1304,0.1048467680811882,55543.82772762294,0.14435797128886527,0.7717632162076606,0.5038764626474695
covtype_binary_20000,23,430,layer_1::c2: ka_concept_1.c3 IS HIGH,0.1161503997165112,17.946886292787354,0.48824022753200097,1304,0.10448931902647018,39198.400253143765,0.16638697439620348,0.7717632162076606,0.5038764626474695
covtype_binary_20000,23,431,layer_0::c9: Hillshade_Noon IS MEDIUM,0.11275420719865159,17.53118497911584,0.48020197755253047,1281,0.104466512799263,621357.5491133634,0.0605255183777195,0.7717632162076606,0.5038764626474695
covtype_binary_20000,23,432,layer_1::c3: projection_7 IS MEDIUM,0.1161503997165112,17.962488623710215,0.488240227554277,1304,0.10364619642496109,267061.28053120535,0.11048808822780848,0.7717632162076606,0.5038764626474695
covtype_binary_20000,23,433,layer_0::c4: Soil_Type_2 IS present,0.0,0.03195709173947181,0.003402140147896209,0,0.1034691259264946,12.141353444625565,0.019050329630736086,0.7717632162076606,0.5038764626474695
covtype_binary_20000,23,434,layer_0::c0: Soil_Type_39 IS absent,0.04092542654634157,0.015166854714458333,0.09867384093724108,354,0.10322031378746033,31.304852238602848,0.01839470146149506,0.7717632162076606,0.5038764626474695
covtype_binary_20000,23,435,layer_1::c5: projection_7 IS MEDIUM,0.1161503997165112,17.962488623710215,0.488240227554277,1304,0.1031351238489151,110981.07288930721,0.16949546722571054,0.7717632162076606,0.5038764626474695
covtype_binary_20000,23,436,layer_1::c2: ka_concept_1.c11 IS MEDIUM,0.1161503997165112,17.962488623710215,0.488240227554277,1304,0.10286694020032883,218074.23809782014,0.1595495212705185,0.7717632162076606,0.5038764626474695
covtype_binary_20000,23,437,layer_0::c5: Soil_Type_29 IS absent,0.45810027096576805,3.271870072912684,0.38989310456604337,1278,0.10163167119026184,125.68489384194527,0.06816329930315078,0.7717632162076606,0.5038764626474695
covtype_binary_20000,23,438,layer_0::c5: Hillshade_3pm IS HIGH,0.7582130807063057,16.841074473188527,0.5080723450615161,1683,0.1012137234210968,293188.855900432,0.06729087687505363,0.7717632162076606,0.5038764626474695
covtype_binary_20000,23,439,layer_0::c5: Soil_Type_35 IS absent,0.7717632162076606,2.7046726484433514,0.5102475773605262,1696,0.10027485340833664,110.78759990864756,0.06696686299558374,0.7717632162076606,0.5038764626474695
covtype_binary_20000,23,440,layer_0::c1: Wilderness_Area_2 IS present,-0.0015615673768215599,0.16889701796769663,0.019102043581965135,40,0.09975382685661316,47.52034990018183,0.015250646461558062,0.7717632162076606,0.5038764626474695
covtype_binary_20000,23,441,layer_0::c2: Hillshade_9am IS LOW,0.750141594586039,16.699678561135226,0.5070169913253274,1679,0.09898338466882706,316512.0733700686,0.027298563865359546,0.7717632162076606,0.5038764626474695
covtype_binary_20000,23,442,layer_1::c5: projection_5 IS MEDIUM,0.1161503997165112,17.962488623710215,0.488240227554277,1304,0.09829413890838623,626706.9247004067,0.16047596165537834,0.7717632162076606,0.5038764626474695
covtype_binary_20000,23,443,layer_0::c3: Wilderness_Area_3 IS present,0.20321822041287507,0.117382184640894,0.14548090433092473,781,0.09789156168699265,36.06462295824076,0.02350054713947672,0.7717632162076606,0.5038764626474695
covtype_binary_20000,23,444,layer_1::c3: projection_4 IS MEDIUM,0.7717632162076606,17.073411840111994,0.511759772445723,1696,0.09740225970745087,218231.74097078055,0.10349182340502738,0.7717632162076606,0.5038764626474695
covtype_binary_20000,23,445,layer_0::c7: Soil_Type_4 IS present,0.0014069821109685687,0.2179837061424874,0.007575121714140907,15,0.09732142835855484,59.20161116967756,0.02675526521236558,0.7717632162076606,0.5038764626474695
covtype_binary_20000,23,446,layer_1::c5: projection_0 IS MEDIUM,0.7717632162076606,17.073411840111994,0.511759772445723,1696,0.09676335006952286,64065.47308897843,0.15982904431472222,0.7717632162076606,0.5038764626474695
covtype_binary_20000,23,447,layer_0::c2: Hillshade_9am IS HIGH,0.6923878095713561,15.873109922560175,0.48955380653475217,1622,0.09551648795604706,2731266.624040473,0.02587167192064788,0.7717632162076606,0.5038764626474695
covtype_binary_20000,23,448,layer_1::c2: ka_concept_1.c0 IS MEDIUM,0.7717632162076606,17.073411840111994,0.511759772445723,1696,0.09432186186313629,36025.23519846789,0.14769734572432935,0.7717632162076606,0.5038764626474695
covtype_binary_20000,23,449,layer_1::c3: ka_concept_1.c4 IS HIGH,0.7717632162076606,16.164778703408263,0.5117596546920005,1696,0.09400255233049393,56738.37119530014,0.09694139478657356,0.7717632162076606,0.5038764626474695
covtype_binary_20000,23,450,layer_0::c1: Soil_Type_13 IS present,0.019559494366328645,0.1975599748984821,0.0256594873969917,96,0.09394671767950058,22.959633672721793,0.015559712488218793,0.7717632162076606,0.5038764626474695
covtype_binary_20000,23,451,layer_1::c3: ka_concept_1.c4 IS MEDIUM,0.1161503997165112,17.962488623710215,0.488240227554277,1304,0.09371678531169891,89008.56026204869,0.09853516478401919,0.7717632162076606,0.5038764626474695
covtype_binary_20000,23,452,layer_1::c2: ka_concept_1.c2 IS HIGH,0.7717632162076606,17.073411840111994,0.511759772445723,1696,0.09339842945337296,90942.93976472667,0.14791343848841887,0.7717632162076606,0.5038764626474695
covtype_binary_20000,23,453,layer_0::c6: Soil_Type_29 IS present,0.09755672222736145,0.8146538429293152,0.12191889693128678,418,0.09301271289587021,45.70642978276737,0.03878500846112001,0.7717632162076606,0.5038764626474695
covtype_binary_20000,23,454,layer_0::c8: Wilderness_Area_3 IS absent,0.03794020116743679,0.03840224023179972,0.09285144120483081,300,0.09154076874256134,32.71039342163081,0.01804445314592802,0.7717632162076606,0.5038764626474695
covtype_binary_20000,23,455,layer_0::c8: Soil_Type_30 IS present,0.03724411212333911,0.8537205200185222,0.036588156358641696,123,0.09145846217870712,69.95288467362843,0.0181223685699224,0.7717632162076606,0.5038764626474695
covtype_binary_20000,23,456,layer_0::c2: Soil_Type_38 IS present,0.0,0.010797805248388803,0.002234207476076266,0,0.09006616473197937,9.838053730163665,0.027215946300561577,0.7717632162076606,0.5038764626474695
covtype_binary_20000,23,457,layer_0::c8: Soil_Type_4 IS absent,0.03381034951754458,0.012241003780099846,0.09224096117569658,316,0.09005370736122131,30.268477887560095,0.018086115548504342,0.7717632162076606,0.5038764626474695
covtype_binary_20000,23,458,layer_0::c2: Soil_Type_35 IS absent,0.11718844796904715,0.06143429599239858,0.16985602833384028,678,0.08930934965610504,40.83626168940194,0.02461152501061709,0.7717632162076606,0.5038764626474695
covtype_binary_20000,23,459,layer_1::c2: projection_1 IS LOW,0.1161503997165112,17.962488623710215,0.488240227554277,1304,0.08845068514347076,16834.025559865084,0.13989977489163477,0.7717632162076606,0.5038764626474695
covtype_binary_20000,23,460,layer_1::c5: projection_2 IS HIGH,0.1161503997165112,17.962488623710215,0.488240227554277,1304,0.08775302022695541,48658.27037282487,0.1432708336090048,0.7717632162076606,0.5038764626474695
covtype_binary_20000,23,461,layer_0::c1: Horizontal_Distance_To_Hydrology IS HIGH,0.7622394066838512,16.834891249263077,0.5089225966355886,1689,0.08767449855804443,436040.9556855942,0.0128693231332021,0.7717632162076606,0.5038764626474695
covtype_binary_20000,23,462,layer_1::c2: projection_6 IS LOW,0.7717632162076606,17.073411840111994,0.511759772445723,1696,0.08722984045743942,31004.384107332957,0.1379229605793953,0.7717632162076606,0.5038764626474695
covtype_binary_20000,23,463,layer_0::c7: Aspect IS MEDIUM,0.7717632162076606,17.073411840111994,0.511759772445723,1696,0.08684144914150238,206218.62335002585,0.024203504318914687,0.7717632162076606,0.5038764626474695
covtype_binary_20000,23,464,"projection_layer::pursuit_0(Horizontal_Distance_To_Fire_Points, Hillshade_3pm, Soil_Type_29, Soil_Type_4) IS MEDIUM",0.0032069994835767224,0.005809547655951319,0.010995242594269228,34,0.08590692281723022,1.6124300847277482,0.03894096543782342,0.7717632162076606,0.5038764626474695
covtype_binary_20000,23,465,layer_1::c5: projection_2 IS LOW,0.1161503997165112,17.881777718596982,0.48824022755427693,1304,0.085199736058712,213421.86745910347,0.140328729916655,0.7717632162076606,0.5038764626474695
covtype_binary_20000,23,466,layer_0::c6: Wilderness_Area_3 IS present,0.21206804262595025,0.6294457075390091,0.22595702787132282,797,0.08513785153627396,56.5294853221892,0.036974117888143455,0.7717632162076606,0.5038764626474695
covtype_binary_20000,23,467,layer_0::c11: Soil_Type_9 IS absent,0.0502258703048325,0.02138676267679973,0.11276098720680322,401,0.0851227343082428,33.74130968788154,0.019828427394856477,0.7717632162076606,0.5038764626474695
covtype_binary_20000,23,468,layer_0::c0: Wilderness_Area_4 IS present,0.0,0.048898633870477215,0.005333660640918455,0,0.08508509397506714,30.713902707609577,0.014830771947620936,0.7717632162076606,0.5038764626474695
covtype_binary_20000,23,469,layer_0::c5: Wilderness_Area_1 IS present,0.27524147707722585,2.352171091226673,0.25386827629604475,859,0.08507934957742691,90.89956058130429,0.05550098474558581,0.7717632162076606,0.5038764626474695
covtype_binary_20000,23,470,layer_1::c3: ka_concept_1.c10 IS MEDIUM,0.1161503997165112,17.962488623710215,0.488240227554277,1304,0.08478084206581116,164993.70901379496,0.08935279086853067,0.7717632162076606,0.5038764626474695
covtype_binary_20000,23,471,layer_1::c5: ka_concept_1.c1 IS HIGH,0.1161503997165112,16.262385741050103,0.4873581473525312,1304,0.08428645879030228,14552.321646434819,0.1347685293242248,0.7717632162076606,0.5038764626474695
covtype_binary_20000,23,472,layer_0::c0: Wilderness_Area_2 IS present,-0.0015615673768215599,0.1699461199620399,0.01910315006965621,40,0.08345510065555573,47.29331866787925,0.015406404527697305,0.7717632162076606,0.5038764626474695
covtype_binary_20000,23,473,layer_0::c10: Hillshade_9am IS MEDIUM,0.7303746981836285,16.375824460808676,0.5002453006746439,1661,0.08229424804449081,1277020.2077792862,0.0343233287340368,0.7717632162076606,0.5038764626474695
covtype_binary_20000,23,474,layer_1::c0: ka_concept_1.c7 IS MEDIUM,0.1161503997165112,17.962488623710215,0.488240227554277,1304,0.082114577293396,77381.18361063911,0.11223171673218409,0.7717632162076606,0.5038764626474695
covtype_binary_20000,23,475,layer_0::c10: Wilderness_Area_3 IS absent,0.2779579064731474,0.5120255016629355,0.25037263474633253,899,0.0815606489777565,61.726552059484334,0.033577162285309894,0.7717632162076606,0.5038764626474695
covtype_binary_20000,23,476,layer_1::c5: ka_concept_1.c0 IS LOW,0.1161503997165112,17.951188637821605,0.48824022754853313,1304,0.08099673688411713,132031.98315518335,0.12812340001508468,0.7717632162076606,0.5038764626474695
covtype_binary_20000,23,477,layer_0::c0: Wilderness_Area_2 IS present,-0.0015615673768215599,0.159411961741175,0.019092028728893883,40,0.08049982786178589,46.39172763378701,0.014860839127133658,0.7717632162076606,0.5038764626474695
covtype_binary_20000,23,478,layer_1::c5: projection_6 IS MEDIUM,0.1161503997165112,17.962488623710215,0.488240227554277,1304,0.0804777443408966,1271.4043195032118,0.13222414347777764,0.7717632162076606,0.5038764626474695
covtype_binary_20000,23,479,layer_0::c0: Soil_Type_13 IS present,0.019559494366328645,0.207442121614123,0.02566692368124211,96,0.08019556850194931,23.15600756109825,0.016038363390171676,0.7717632162076606,0.5038764626474695
covtype_binary_20000,23,480,layer_0::c4: Soil_Type_13 IS present,0.019559494366328645,0.14693207671557507,0.025606580451954727,96,0.07831303775310516,20.055216134159764,0.014200135610809714,0.7717632162076606,0.5038764626474695
covtype_binary_20000,23,481,layer_0::c11: Wilderness_Area_1 IS present,0.05300221655964943,0.041429022682118566,0.08805669073221471,318,0.07731464505195618,29.0210972519576,0.017588980482440397,0.7717632162076606,0.5038764626474695
covtype_binary_20000,23,482,layer_0::c7: Soil_Type_30 IS absent,0.058693982590481864,0.027165575252542817,0.12235609478358433,458,0.0759863406419754,33.851100483690175,0.02146493901389143,0.7717632162076606,0.5038764626474695
covtype_binary_20000,23,483,layer_1::c3: ka_concept_1.c10 IS LOW,0.7717632162076606,17.073411840111994,0.511759772445723,1696,0.07591710239648819,205906.18465707387,0.08199143500441763,0.7717632162076606,0.5038764626474695
covtype_binary_20000,23,484,layer_0::c2: Soil_Type_39 IS absent,0.06325968854334574,0.030787313724032983,0.12801896813901792,466,0.07554458826780319,35.84530616928021,0.020793490990288547,0.7717632162076606,0.5038764626474695
covtype_binary_20000,23,485,layer_0::c5: Hillshade_3pm IS MEDIUM,0.7690328407810395,17.012406412364513,0.5109995331138434,1694,0.07454141974449158,409937.8668365336,0.04953664824094083,0.7717632162076606,0.5038764626474695
covtype_binary_20000,23,486,layer_0::c9: Wilderness_Area_2 IS absent,0.7544644803460505,0.6651186260491105,0.41354315492300225,1656,0.07440996170043945,69.12068789220382,0.04285517202490155,0.7717632162076606,0.5038764626474695
covtype_binary_20000,23,487,layer_0::c8: Wilderness_Area_4 IS present,0.0,0.04719538498654685,0.005328940509184722,0,0.07437526434659958,30.25867146213386,0.014585276969891614,0.7717632162076606,0.5038764626474695
covtype_binary_20000,23,488,layer_1::c3: projection_3 IS LOW,0.1161503997165112,17.962488623710215,0.488240227554277,1304,0.07402873784303665,272969.7174633425,0.07916773583367467,0.7717632162076606,0.5038764626474695
covtype_binary_20000,23,489,layer_1::c3: ka_concept_1.c6 IS LOW,0.1161503997165112,17.962488623710215,0.488240227554277,1304,0.07366723567247391,268748.6682181761,0.07857212594315448,0.7717632162076606,0.5038764626474695
covtype_binary_20000,23,490,layer_0::c9: Horizontal_Distance_To_Roadways IS HIGH,0.1161503997165112,17.949505367342514,0.4882402275542531,1304,0.0735006183385849,144473.82097429817,0.04211239099568532,0.7717632162076606,0.5038764626474695
covtype_binary_20000,23,491,layer_0::c3: Hillshade_3pm IS HIGH,0.7582130807063057,16.830798312107625,0.5078624147865536,1683,0.0731729045510292,971546.5197088304,0.017095274482310303,0.7717632162076606,0.5038764626474695
covtype_binary_20000,23,492,layer_1::c3: ka_concept_1.c6 IS MEDIUM,0.1161503997165112,17.962488623710215,0.488240227554277,1304,0.07264690101146698,200870.02498239963,0.07870849649018298,0.7717632162076606,0.5038764626474695
covtype_binary_20000,23,493,layer_1::c2: projection_1 IS MEDIUM,0.1161503997165112,17.962488623710215,0.488240227554277,1304,0.07259441912174225,437372.6811684064,0.1146307286421458,0.7717632162076606,0.5038764626474695
covtype_binary_20000,23,494,layer_0::c2: Soil_Type_39 IS present,0.0,0.003647409740139884,0.0015593825540440465,0,0.07258541136980057,8.594116021364243,0.020985509876554717,0.7717632162076606,0.5038764626474695
covtype_binary_20000,23,495,layer_1::c2: ka_concept_1.c5 IS MEDIUM,0.7717632162076606,17.073411840111994,0.511759772445723,1696,0.07142487168312073,54918.68031679299,0.11157784743917486,0.7717632162076606,0.5038764626474695
covtype_binary_20000,23,496,layer_1::c2: ka_concept_1.c4 IS HIGH,0.7717632162076606,17.073411840111994,0.511759772445723,1696,0.07136674225330353,295095.13016185845,0.10912220466989189,0.7717632162076606,0.5038764626474695
covtype_binary_20000,23,497,layer_0::c3: Wilderness_Area_3 IS absent,0.023473202527770076,0.02564926766685871,0.07806951757434377,235,0.07116451114416122,30.280157106276846,0.016400183933198302,0.7717632162076606,0.5038764626474695
covtype_binary_20000,23,498,layer_0::c1: Soil_Type_40 IS present,0.0,0.009993611204486719,0.0009943345658490772,0,0.07061019539833069,24.224735277650325,0.007868142716894606,0.7717632162076606,0.5038764626474695
covtype_binary_20000,23,499,layer_1::c3: projection_4 IS LOW,0.7717632162076606,17.073411840111994,0.511759772445723,1696,0.07020014524459839,253234.43840898576,0.07512685276940465,0.7717632162076606,0.5038764626474695
covtype_binary_20000,23,500,layer_1::c3: projection_0 IS LOW,0.7717632162076606,17.073411840111994,0.511759772445723,1696,0.07019686698913574,249514.54507381705,0.07442172090585034,0.7717632162076606,0.5038764626474695
covtype_binary_20000,23,501,layer_0::c5: Slope IS LOW,0.7062324167319071,15.860743552867454,0.49225643033346855,1633,0.06987082213163376,118149.31389853962,0.045978533536912065,0.7717632162076606,0.5038764626474695
covtype_binary_20000,23,502,layer_0::c7: Wilderness_Area_4 IS present,0.0,0.08505700044953424,0.005411117724430554,0,0.06966035813093185,39.36806700942088,0.019212150352175134,0.7717632162076606,0.5038764626474695
covtype_binary_20000,23,503,layer_0::c6: Soil_Type_18 IS absent,0.3073363387373049,0.14381554891318415,0.24250218442737817,1135,0.06950787454843521,49.52589528096246,0.02950152466868834,0.7717632162076606,0.5038764626474695
covtype_binary_20000,23,504,layer_0::c8: Soil_Type_2 IS present,0.0,0.020826017674937414,0.003328030410822344,0,0.0691453069448471,10.079210803305614,0.015797251036456145,0.7717632162076606,0.5038764626474695
covtype_binary_20000,23,505,layer_0::c10: Wilderness_Area_1 IS present,0.27524147707722585,0.297031440596895,0.20160744002735217,859,0.06911318749189377,45.693541261027804,0.028302486645058404,0.7717632162076606,0.5038764626474695
covtype_binary_20000,23,506,layer_0::c4: Soil_Type_40 IS present,0.0,0.0110339198961944,0.0010188315534941865,0,0.06882818043231964,24.892876089859783,0.00839671634748811,0.7717632162076606,0.5038764626474695
covtype_binary_20000,23,507,layer_1::c2: projection_2 IS MEDIUM,0.1161503997165112,17.962488623710215,0.488240227554277,1304,0.06871943920850754,918358.363943192,0.10883219188482811,0.7717632162076606,0.5038764626474695
covtype_binary_20000,23,508,layer_0::c3: Soil_Type_39 IS present,0.0,0.0022545868855069484,0.001521709667333746,0,0.0686221718788147,7.79941984368088,0.01689546339851222,0.7717632162076606,0.5038764626474695
covtype_binary_20000,23,509,layer_0::c3: Aspect IS HIGH,0.1161503997165112,15.959051595581006,0.48814383694853,1304,0.06846292316913605,61853.76828148989,0.016167031415391345,0.7717632162076606,0.5038764626474695
covtype_binary_20000,23,510,layer_0::c9: Wilderness_Area_3 IS absent,0.2779579064731474,0.8165933246608194,0.26912106668180924,899,0.06841786950826645,70.7410530331016,0.03876922206398058,0.7717632162076606,0.5038764626474695
covtype_binary_20000,23,511,layer_0::c5: Wilderness_Area_3 IS present,0.21206804262595025,1.2305943994411868,0.23340262297436898,797,0.06832721084356308,71.315261340201,0.046678552155302595,0.7717632162076606,0.5038764626474695
covtype_binary_20000,23,512,layer_1::c3: ka_concept_1.c10 IS HIGH,0.7717632162076606,17.073411840111994,0.511759772445723,1696,0.0682944655418396,466764.8561182425,0.0703875786261245,0.7717632162076606,0.5038764626474695
covtype_binary_20000,23,513,layer_0::c3: Soil_Type_2 IS present,0.0,0.032164283819765216,0.003403517530889316,0,0.06828800588846207,12.754457613125851,0.01823976617142762,0.7717632162076606,0.5038764626474695
covtype_binary_20000,23,514,layer_1::c2: ka_concept_1.c1 IS HIGH,0.7717632162076606,15.805329271577687,0.5116896779338687,1696,0.0677516907453537,72608.85464859268,0.10418594563549899,0.7717632162076606,0.5038764626474695
covtype_binary_20000,23,515,layer_1::c3: ka_concept_1.c7 IS HIGH,0.7717632162076606,16.588876074046517,0.511759719075136,1696,0.06768309324979782,57695.68274108039,0.07308552629737339,0.7717632162076606,0.5038764626474695
covtype_binary_20000,23,516,layer_1::c0: projection_7 IS MEDIUM,0.7717632162076606,17.073411840111994,0.511759772445723,1696,0.06737582385540009,238836.92257332787,0.09156364378333091,0.7717632162076606,0.5038764626474695
covtype_binary_20000,23,517,layer_0::c8: Hillshade_9am IS HIGH,0.10831050730040626,15.936684256167535,0.4482295772130497,1197,0.06725912541151047,757850.5502375779,0.0132701753874881,0.7717632162076606,0.5038764626474695
covtype_binary_20000,23,518,layer_0::c2: Wilderness_Area_1 IS present,0.061031162192024535,0.046284197848575515,0.09260854614944516,345,0.06716559827327728,29.653768519439836,0.01807994448240758,0.7717632162076606,0.5038764626474695
covtype_binary_20000,23,519,layer_0::c7: Wilderness_Area_4 IS present,0.0,0.07924290547220836,0.0053994530926186265,0,0.06708548218011856,38.26498894778615,0.018502006118047577,0.7717632162076606,0.5038764626474695
covtype_binary_20000,23,520,layer_0::c8: Wilderness_Area_4 IS present,0.0,0.03548604694102597,0.005281630504655296,0,0.06698770821094513,26.165601710958526,0.013136548228352089,0.7717632162076606,0.5038764626474695
covtype_binary_20000,23,521,layer_0::c10: Soil_Type_34 IS absent,0.2235676931377657,0.11104584399866746,0.21808339841321261,970,0.06657851487398148,46.67558653526419,0.02793522787084051,0.7717632162076606,0.5038764626474695
covtype_binary_20000,23,522,layer_0::c4: Wilderness_Area_4 IS present,0.0,0.02078517993591844,0.005071825467355369,0,0.06500081717967987,21.409137680177537,0.010272538658016856,0.7717632162076606,0.5038764626474695
covtype_binary_20000,23,523,layer_0::c2: Vertical_Distance_To_Hydrology IS MEDIUM,0.1161503997165112,17.962488623710215,0.488240227554277,1304,0.0649489164352417,564462.8923262849,0.017906414212309756,0.7717632162076606,0.5038764626474695
covtype_binary_20000,23,524,layer_1::c0: ka_concept_1.c2 IS MEDIUM,0.1161503997165112,17.962488623710215,0.488240227554277,1304,0.06490463018417358,63133.00278914549,0.08854315891054769,0.7717632162076606,0.5038764626474695
covtype_binary_20000,23,525,layer_0::c3: Soil_Type_13 IS present,0.019559494366328645,0.2524822196249187,0.02569842761478024,96,0.06489381939172745,25.530874710405442,0.017070447515625954,0.7717632162076606,0.5038764626474695
covtype_binary_20000,23,526,layer_1::c2: ka_concept_1.c6 IS LOW,0.1161503997165112,17.962488623710215,0.488240227554277,1304,0.0648336261510849,145290.5378923663,0.1025279132250968,0.7717632162076606,0.5038764626474695
covtype_binary_20000,23,527,layer_0::c6: Horizontal_Distance_To_Hydrology IS LOW,0.6765251209695654,15.2256430614374,0.4797818810718563,1605,0.06462812423706055,246035.35602969554,0.027169787843656097,0.7717632162076606,0.5038764626474695
covtype_binary_20000,23,528,layer_1::c0: ka_concept_1.c3 IS MEDIUM,0.1161503997165112,17.962488623710215,0.488240227554277,1304,0.06435470283031464,213466.07513634168,0.08660795327307036,0.7717632162076606,0.5038764626474695
covtype_binary_20000,23,529,layer_1::c0: ka_concept_1.c2 IS LOW,0.7717632162076606,16.720048972855913,0.5117597713256443,1696,0.06413398683071136,106201.11602142497,0.08530490434293461,0.7717632162076606,0.5038764626474695
covtype_binary_20000,23,530,layer_1::c3: projection_7 IS HIGH,0.1161503997165112,17.962488623710215,0.488240227554277,1304,0.06378339976072311,259968.9800800184,0.06823234421387314,0.7717632162076606,0.5038764626474695
covtype_binary_20000,23,531,layer_1::c2: ka_concept_1.c8 IS LOW,0.1161503997165112,17.962488623710215,0.488240227554277,1304,0.06298648566007614,308761.6387431059,0.09772934678835252,0.7717632162076606,0.5038764626474695
covtype_binary_20000,23,532,layer_0::c6: Soil_Type_4 IS present,0.0014069821109685687,0.21799201331531726,0.0075165651240236735,15,0.06295886635780334,57.66684246620389,0.026028674991806233,0.7717632162076606,0.5038764626474695
covtype_binary_20000,23,533,layer_1::c5: ka_concept_1.c4 IS HIGH,0.1161503997165112,17.962488623710215,0.488240227554277,1304,0.06277573853731155,281948.3151598747,0.09980464853417652,0.7717632162076606,0.5038764626474695
covtype_binary_20000,23,534,layer_0::c4: Wilderness_Area_1 IS absent,0.00923023467731765,-0.00022036193364083356,0.0312997336858207,127,0.062457505613565445,17.94504902794324,0.010291559995995764,0.7717632162076606,0.5038764626474695
covtype_binary_20000,23,535,layer_1::c0: ka_concept_1.c4 IS HIGH,0.7717632162076606,16.91818945209573,0.5117597724238843,1696,0.06235552579164505,117230.5874460975,0.08197876385665344,0.7717632162076606,0.5038764626474695
covtype_binary_20000,23,536,layer_0::c3: Vertical_Distance_To_Hydrology IS LOW,0.1161503997165112,17.928090022389345,0.4881882208645174,1304,0.06224784255027771,54322.99573318795,0.014616805061227789,0.7717632162076606,0.5038764626474695
covtype_binary_20000,23,537,layer_0::c0: Horizontal_Distance_To_Fire_Points IS LOW,0.11456240484863423,17.05839182302364,0.471461230162943,1278,0.06207449734210968,1045365.7975780981,0.011249151397233011,0.7717632162076606,0.5038764626474695
covtype_binary_20000,23,538,layer_1::c5: projection_7 IS LOW,0.1161503997165112,17.962488623710215,0.488240227554277,1304,0.06176816299557686,195927.88805597305,0.10116173563400904,0.7717632162076606,0.5038764626474695
covtype_binary_20000,23,539,layer_0::c11: Wilderness_Area_2 IS present,-0.0015615673768215599,0.15648257898565787,0.019088930251467753,40,0.06102985516190529,46.1366584672578,0.014706723510826122,0.7717632162076606,0.5038764626474695
covtype_binary_20000,23,540,layer_1::c5: ka_concept_1.c0 IS MEDIUM,0.1161503997165112,17.962488623710215,0.488240227554277,1304,0.060991205275058746,196141.73053686906,0.09930455735481034,0.7717632162076606,0.5038764626474695
covtype_binary_20000,23,541,layer_0::c0: Wilderness_Area_4 IS present,0.0,0.02211288350948426,0.005108527263251052,0,0.06081994250416756,21.814112363328604,0.010601230179219783,0.7717632162076606,0.5038764626474695
covtype_binary_20000,23,542,layer_0::c4: Wilderness_Area_2 IS present,-0.0015615673768215599,0.0579816733274755,0.018889696293468424,40,0.05948609486222267,31.297733258894368,0.009956633381836583,0.7717632162076606,0.5038764626474695
covtype_binary_20000,23,543,layer_0::c11: Wilderness_Area_4 IS absent,0.01635781080225529,0.00037127707478878946,0.05554171849896301,199,0.059455957263708115,22.924374456759637,0.013868377293452151,0.7717632162076606,0.5038764626474695
covtype_binary_20000,23,544,layer_0::c1: Wilderness_Area_3 IS present,0.009641511033563699,-0.0007553394487304077,0.022246735640697495,86,0.059149011969566345,13.64743377736724,0.008940434044729917,0.7717632162076606,0.5038764626474695
covtype_binary_20000,23,545,layer_1::c2: projection_4 IS MEDIUM,0.7717632162076606,17.073411840111994,0.511759772445723,1696,0.05897483229637146,29104.314587493955,0.09290762785325447,0.7717632162076606,0.5038764626474695
covtype_binary_20000,23,546,layer_1::c5: projection_3 IS LOW,0.1161503997165112,17.962488623710215,0.488240227554277,1304,0.058748554438352585,341677.62679031404,0.09685775670409202,0.7717632162076606,0.5038764626474695
covtype_binary_20000,23,547,layer_1::c5: projection_4 IS LOW,0.7717632162076606,17.073411840111994,0.511759772445723,1696,0.05822305381298065,307480.3532584614,0.0960597683476905,0.7717632162076606,0.5038764626474695
covtype_binary_20000,23,548,layer_1::c0: projection_7 IS LOW,0.7717632162076606,17.073411840111994,0.511759772445723,1696,0.05806112289428711,363265.92739769816,0.07863293916732073,0.7717632162076606,0.5038764626474695
covtype_binary_20000,23,549,layer_0::c10: Wilderness_Area_1 IS present,0.26679131823965374,0.1587068930769766,0.1598632303968534,846,0.0579751655459404,39.87567421158883,0.02374136654687239,0.7717632162076606,0.5038764626474695
covtype_binary_20000,23,550,layer_1::c5: ka_concept_1.c6 IS MEDIUM,0.7717632162076606,17.073411840111994,0.511759772445723,1696,0.05780523642897606,20641.77416909542,0.09655194398698708,0.7717632162076606,0.5038764626474695
covtype_binary_20000,23,551,layer_0::c3: Wilderness_Area_4 IS present,0.0,0.03664165014593068,0.005288222029390583,0,0.057525284588336945,26.793788337547085,0.013188670049322657,0.7717632162076606,0.5038764626474695
covtype_binary_20000,23,552,layer_1::c3: ka_concept_1.c3 IS LOW,0.1161503997165112,17.962488623710215,0.488240227554277,1304,0.056920312345027924,251852.75064216292,0.05874335083834982,0.7717632162076606,0.5038764626474695
covtype_binary_20000,23,553,layer_0::c9: Wilderness_Area_1 IS absent,0.21362368132393972,0.4337018388214502,0.2326982533636283,837,0.05689571052789688,58.87248950011326,0.03344195246008439,0.7717632162076606,0.5038764626474695
covtype_binary_20000,23,554,layer_0::c5: Wilderness_Area_4 IS absent,0.7717632162076606,0.4392500031562685,0.37507723906435025,1696,0.05654700845479965,62.39331221636098,0.03782139895327812,0.7717632162076606,0.5038764626474695
covtype_binary_20000,23,555,layer_1::c4: projection_5 IS HIGH,0.7717632162076606,17.073411840111994,0.511759772445723,1696,0.05623006075620651,9553.117324144278,0.3581941071699063,0.7717632162076606,0.5038764626474695
covtype_binary_20000,23,556,layer_1::c0: projection_2 IS HIGH,0.7717632162076606,17.073411840111994,0.511759772445723,1696,0.055614717304706573,171503.2892988595,0.07508494979639849,0.7717632162076606,0.5038764626474695
covtype_binary_20000,23,557,layer_0::c9: Horizontal_Distance_To_Fire_Points IS HIGH,0.7649697379467911,16.70738849935253,0.5080028726857481,1687,0.05548593029379845,551345.2111477958,0.0317200422099954,0.7717632162076606,0.5038764626474695
covtype_binary_20000,23,558,layer_0::c11: Horizontal_Distance_To_Hydrology IS MEDIUM,0.7421933237345424,16.385307225896483,0.5022682592714296,1671,0.05532249063253403,1313050.1238284407,0.012762212075963016,0.7717632162076606,0.5038764626474695
covtype_binary_20000,23,559,layer_1::c2: projection_7 IS LOW,0.1161503997165112,17.962488623710215,0.488240227554277,1304,0.05519812926650047,6200.860484799288,0.08694294366737207,0.7717632162076606,0.5038764626474695
covtype_binary_20000,23,560,layer_1::c3: ka_concept_1.c2 IS MEDIUM,0.7717632162076606,17.073411840111994,0.511759772445723,1696,0.055158503353595734,339996.2804848302,0.05902485705648238,0.7717632162076606,0.5038764626474695
covtype_binary_20000,23,561,layer_1::c5: ka_concept_1.c11 IS LOW,0.1161503997165112,17.0263573832719,0.4881783036357809,1304,0.05497879162430763,45680.322471702915,0.08788288381757593,0.7717632162076606,0.5038764626474695
covtype_binary_20000,23,562,layer_0::c1: Wilderness_Area_1 IS present,0.002334828282162915,0.0001682135749745406,0.017084122494858897,45,0.05497226491570473,13.191481311395933,0.007934281948873073,0.7717632162076606,0.5038764626474695
covtype_binary_20000,23,563,layer_1::c0: projection_3 IS LOW,0.7717632162076606,17.073411840111994,0.511759772445723,1696,0.054406896233558655,112784.83353327397,0.0741751827498277,0.7717632162076606,0.5038764626474695
covtype_binary_20000,23,564,layer_0::c9: Horizontal_Distance_To_Hydrology IS HIGH,0.7635943938795463,16.88422387667303,0.5094609052958722,1690,0.05418994277715683,589461.4663266467,0.031063831332591507,0.7717632162076606,0.5038764626474695
covtype_binary_20000,23,565,layer_1::c2: projection_4 IS LOW,0.1161503997165112,17.962488623710215,0.488240227554277,1304,0.054111141711473465,505965.0382283568,0.08586013443768024,0.7717632162076606,0.5038764626474695
covtype_binary_20000,23,566,layer_1::c0: projection_0 IS LOW,0.1161503997165112,17.962488623710215,0.488240227554277,1304,0.054097309708595276,196333.87343455385,0.07311634672805667,0.7717632162076606,0.5038764626474695
covtype_binary_20000,23,567,layer_1::c2: ka_concept_1.c5 IS LOW,0.7717632162076606,17.073411840111994,0.511759772445723,1696,0.05409669876098633,44966.8892873191,0.08564600962555657,0.7717632162076606,0.5038764626474695
covtype_binary_20000,23,568,layer_0::c0: Soil_Type_40 IS present,0.0,0.007716673949867636,0.0009407166380835253,0,0.05399898812174797,20.685949407059525,0.0072657442658904375,0.7717632162076606,0.5038764626474695
covtype_binary_20000,23,569,layer_1::c4: ka_concept_1.c1 IS LOW,0.1161503997165112,17.631287774305008,0.4882059411498264,1304,0.05395914614200592,30060.515911140064,0.34498261840905375,0.7717632162076606,0.5038764626474695
covtype_binary_20000,23,570,layer_1::c3: ka_concept_1.c3 IS MEDIUM,0.7717632162076606,17.073411840111994,0.511759772445723,1696,0.053705643862485886,266197.3106767026,0.05669444962699587,0.7717632162076606,0.5038764626474695
covtype_binary_20000,23,571,layer_0::c5: Horizontal_Distance_To_Fire_Points IS MEDIUM,0.6878922484657252,15.943744177506066,0.48724291049001356,1609,0.05355342477560043,911831.7928727568,0.03627349596046812,0.7717632162076606,0.5038764626474695
covtype_binary_20000,23,572,layer_1::c0: ka_concept_1.c6 IS MEDIUM,0.7717632162076606,17.073411840111994,0.511759772445723,1696,0.0533725880086422,141990.4815439625,0.07371903261418145,0.7717632162076606,0.5038764626474695
covtype_binary_20000,23,573,layer_0::c5: Soil_Type_29 IS present,0.09755672222736145,0.6357524810151886,0.12168425712915351,418,0.053280360996723175,41.97212164265693,0.03494920493324389,0.7717632162076606,0.5038764626474695
covtype_binary_20000,23,574,layer_0::c11: Wilderness_Area_2 IS present,-0.0015615673768215599,0.11209333308188763,0.019040306248608908,40,0.05313468351960182,40.09082287412639,0.012804177675694518,0.7717632162076606,0.5038764626474695
covtype_binary_20000,23,575,layer_0::c5: Aspect IS HIGH,0.7717632162076606,16.89103490879452,0.5117597724447587,1696,0.05251999571919441,96458.83224808714,0.03529315224339371,0.7717632162076606,0.5038764626474695
covtype_binary_20000,23,576,"projection_layer::pursuit_1(Elevation, Vertical_Distance_To_Hydrology, Soil_Type_40, Soil_Type_6) IS MEDIUM",0.10372574762187126,12.825186403908228,0.46017629663867393,1218,0.05241429805755615,632.5221518288313,0.04008585883468428,0.7717632162076606,0.5038764626474695
covtype_binary_20000,23,577,layer_1::c0: ka_concept_1.c7 IS HIGH,0.1161503997165112,17.46068331330803,0.4882401544159156,1304,0.052322134375572205,50297.43995865099,0.0720266945772746,0.7717632162076606,0.5038764626474695
covtype_binary_20000,23,578,layer_1::c0: projection_7 IS HIGH,0.1161503997165112,17.962488623710215,0.488240227554277,1304,0.0522262379527092,275475.31276647735,0.07122430239245295,0.7717632162076606,0.5038764626474695
covtype_binary_20000,23,579,layer_1::c0: ka_concept_1.c11 IS LOW,0.6683149403455917,9.327926881091326,0.46512595626400005,1593,0.052120134234428406,8846.507146772878,0.06889412002871177,0.7717632162076606,0.5038764626474695
covtype_binary_20000,23,580,layer_0::c11: Wilderness_Area_4 IS present,0.0,0.02815568884648778,0.005217735084079857,0,0.05149386078119278,24.097723956536356,0.011716312962643617,0.7717632162076606,0.5038764626474695
covtype_binary_20000,23,581,layer_0::c9: Horizontal_Distance_To_Hydrology IS MEDIUM,0.7408699992835505,16.33457792956276,0.5015461674075283,1670,0.051120609045028687,440482.85720954824,0.029218592274244212,0.7717632162076606,0.5038764626474695
covtype_binary_20000,23,582,layer_0::c9: Soil_Type_11 IS absent,0.21781942654310937,0.1111743944498027,0.21475103751826147,953,0.050414569675922394,44.46331076824845,0.02906422288858721,0.7717632162076606,0.5038764626474695
covtype_binary_20000,23,583,layer_0::c8: Soil_Type_18 IS absent,0.007402902891733731,-0.0017745233381648573,0.02795418856434344,95,0.050149913877248764,16.70693167213915,0.010064266220023986,0.7717632162076606,0.5038764626474695
covtype_binary_20000,23,584,layer_1::c3: projection_1 IS LOW,0.7717632162076606,17.073411840111994,0.511759772445723,1696,0.0500410757958889,431335.20442764834,0.05338199386869868,0.7717632162076606,0.5038764626474695
covtype_binary_20000,23,585,layer_1::c3: ka_concept_1.c1 IS MEDIUM,0.7717632162076606,17.073411840111994,0.511759772445723,1696,0.04985490068793297,255340.62184513774,0.052360425202641635,0.7717632162076606,0.5038764626474695
covtype_binary_20000,23,586,layer_1::c0: projection_4 IS LOW,0.1161503997165112,17.962488623710215,0.488240227554277,1304,0.0498034730553627,32224.801958398468,0.06794752361128728,0.7717632162076606,0.5038764626474695
covtype_binary_20000,23,587,layer_0::c11: Wilderness_Area_4 IS present,0.0,0.025966820576898142,0.0051867580778718145,0,0.04980093240737915,23.290363091687595,0.011331123760400564,0.7717632162076606,0.5038764626474695
covtype_binary_20000,23,588,layer_1::c2: ka_concept_1.c6 IS MEDIUM,0.1161503997165112,17.962488623710215,0.488240227554277,1304,0.0497334785759449,30677.851566679077,0.07989158419333399,0.7717632162076606,0.5038764626474695
covtype_binary_20000,23,589,layer_0::c9: Wilderness_Area_1 IS absent,0.21362368132393972,0.25803952305537825,0.20446838032170433,837,0.04945087805390358,51.024773803258086,0.02906605618314643,0.7717632162076606,0.5038764626474695
covtype_binary_20000,23,590,layer_0::c2: Wilderness_Area_2 IS present,-0.0015615673768215599,0.1395151204374554,0.019070877366379448,40,0.04917352274060249,43.89006885578965,0.01402091173397639,0.7717632162076606,0.5038764626474695
covtype_binary_20000,23,591,layer_1::c2: ka_concept_1.c1 IS MEDIUM,0.7717632162076606,17.073411840111994,0.511759772445723,1696,0.049062579870224,82508.92674891726,0.07640000499971211,0.7717632162076606,0.5038764626474695
covtype_binary_20000,23,592,layer_0::c8: Vertical_Distance_To_Hydrology IS HIGH,0.1161503997165112,17.96131317020201,0.488240227554277,1304,0.049045003950595856,1428036.4353213226,0.009897247140280646,0.7717632162076606,0.5038764626474695
covtype_binary_20000,23,593,layer_0::c8: Hillshade_9am IS LOW,0.7528058702360967,16.82086523689189,0.5075062056826392,1682,0.04745740815997124,2062613.685926759,0.00953368437167309,0.7717632162076606,0.5038764626474695
covtype_binary_20000,23,594,layer_0::c3: Horizontal_Distance_To_Roadways IS LOW,0.6376780031750792,14.897600990693668,0.472243673581235,1563,0.047066763043403625,647846.1731139492,0.011071656650947684,0.7717632162076606,0.5038764626474695
covtype_binary_20000,23,595,layer_1::c2: projection_2 IS HIGH,0.7717632162076606,17.073411840111994,0.511759772445723,1696,0.047009434551000595,295128.2268651738,0.07381405155484876,0.7717632162076606,0.5038764626474695
covtype_binary_20000,23,596,layer_0::c7: Soil_Type_2 IS present,0.0,0.02010501504553186,0.003323194222120002,0,0.0469125360250473,10.253487868816592,0.015073421132547083,0.7717632162076606,0.5038764626474695
covtype_binary_20000,23,597,layer_0::c9: Soil_Type_4 IS present,0.0014069821109685687,0.21799038643418,0.007528020901684016,15,0.04660362750291824,57.935463704854556,0.02618814472417095,0.7717632162076606,0.5038764626474695
covtype_binary_20000,23,598,layer_0::c7: Wilderness_Area_2 IS present,-0.0015615673768215599,0.12256754900348088,0.01905238012507536,40,0.04569728672504425,41.37754846348798,0.01334807811408973,0.7717632162076606,0.5038764626474695
covtype_binary_20000,23,599,layer_1::c2: projection_0 IS MEDIUM,0.1161503997165112,17.962488623710215,0.488240227554277,1304,0.04563836753368378,64774.54871634032,0.0724991932567209,0.7717632162076606,0.5038764626474695
covtype_binary_20000,23,600,layer_0::c9: Wilderness_Area_3 IS present,0.21206804262595025,0.19284778263042512,0.17348251208735413,797,0.04501544311642647,40.59200298179678,0.026572142747259477,0.7717632162076606,0.5038764626474695
covtype_binary_20000,23,601,layer_0::c7: Soil_Type_30 IS present,0.03724411212333911,0.361711310968982,0.03639095152034265,123,0.044554829597473145,47.99848605783427,0.012416236771853922,0.7717632162076606,0.5038764626474695
covtype_binary_20000,23,602,layer_0::c3: Wilderness_Area_4 IS present,0.0,0.0195587411910485,0.005032006049472724,0,0.044452037662267685,20.54771229809876,0.010191400843259544,0.7717632162076606,0.5038764626474695
covtype_binary_20000,23,603,layer_0::c9: Wilderness_Area_3 IS absent,0.2573778631126301,0.16327934382554032,0.17304186597486765,865,0.04434870928525925,45.59488574143978,0.025130350455740122,0.7717632162076606,0.5038764626474695
covtype_binary_20000,23,604,layer_0::c8: Wilderness_Area_2 IS present,-0.0015615673768215599,0.04410171381526318,0.018711213856851913,40,0.044069141149520874,28.33604560491858,0.009152902006586373,0.7717632162076606,0.5038764626474695
covtype_binary_20000,23,605,layer_0::c1: Wilderness_Area_1 IS absent,0.0041643733918458326,-0.001334528820331693,0.01290304833148359,48,0.043724559247493744,11.574705084834136,0.00658087407642635,0.7717632162076606,0.5038764626474695
covtype_binary_20000,23,606,layer_0::c5: Wilderness_Area_2 IS absent,0.30373996039370715,0.14214288260390873,0.2312787218028603,1095,0.04369676858186722,47.63845308857526,0.029125951619193076,0.7717632162076606,0.5038764626474695
covtype_binary_20000,23,607,layer_1::c3: projection_5 IS MEDIUM,0.7717632162076606,17.073411840111994,0.511759772445723,1696,0.04366718977689743,137800.4711783501,0.046243235675618055,0.7717632162076606,0.5038764626474695
covtype_binary_20000,23,608,layer_1::c2: ka_concept_1.c9 IS MEDIUM,0.7717632162076606,17.073411840111994,0.511759772445723,1696,0.04360872507095337,99913.91151853671,0.06954554101483275,0.7717632162076606,0.5038764626474695
covtype_binary_20000,23,609,layer_1::c3: projection_2 IS MEDIUM,0.7717632162076606,17.073411840111994,0.511759772445723,1696,0.043480366468429565,501029.5869068591,0.046443321400787684,0.7717632162076606,0.5038764626474695
covtype_binary_20000,23,610,layer_0::c10: Horizontal_Distance_To_Hydrology IS HIGH,0.1160255112896279,17.798807214878483,0.4845625016525226,1294,0.04322602227330208,828929.7053199827,0.018002275068227814,0.7717632162076606,0.5038764626474695
covtype_binary_20000,23,611,layer_1::c2: ka_concept_1.c7 IS MEDIUM,0.1161503997165112,17.962488623710215,0.488240227554277,1304,0.0428648442029953,108815.28650285602,0.06813769721379503,0.7717632162076606,0.5038764626474695
covtype_binary_20000,23,612,layer_1::c0: projection_4 IS MEDIUM,0.1161503997165112,17.962488623710215,0.488240227554277,1304,0.042831383645534515,322352.44757888804,0.05801708866593738,0.7717632162076606,0.5038764626474695
covtype_binary_20000,23,613,layer_0::c8: Wilderness_Area_3 IS present,0.008682293230735105,-0.0008423776813092365,0.021344089883586784,82,0.04270260035991669,13.354779492905521,0.00876861444921777,0.7717632162076606,0.5038764626474695
covtype_binary_20000,23,614,layer_0::c6: Wilderness_Area_3 IS present,0.09415127590915318,0.03825072974892818,0.09355443354909283,479,0.04227495938539505,28.06875767083511,0.018359394081530506,0.7717632162076606,0.5038764626474695
covtype_binary_20000,23,615,layer_0::c2: Soil_Type_13 IS present,0.019559494366328645,0.11764951269537449,0.025530946391884385,96,0.042228616774082184,18.614833687462124,0.013044067223131908,0.7717632162076606,0.5038764626474695
covtype_binary_20000,23,616,layer_1::c2: ka_concept_1.c2 IS LOW,0.7717632162076606,17.073411840111994,0.511759772445723,1696,0.04203559085726738,403132.0985832842,0.06502701015605998,0.7717632162076606,0.5038764626474695
covtype_binary_20000,23,617,layer_1::c0: ka_concept_1.c4 IS MEDIUM,0.7717632162076606,17.073411840111994,0.511759772445723,1696,0.04106113687157631,368644.7793051957,0.05503787284810096,0.7717632162076606,0.5038764626474695
covtype_binary_20000,23,618,layer_0::c9: Wilderness_Area_4 IS present,0.0,0.12349248964585591,0.0054879241186337946,0,0.040735770016908646,46.85906510645509,0.022964153724580685,0.7717632162076606,0.5038764626474695
covtype_binary_20000,23,619,layer_1::c0: ka_concept_1.c9 IS LOW,0.7717632162076606,17.073411840111994,0.511759772445723,1696,0.040443409234285355,123488.6472236384,0.05444861849298468,0.7717632162076606,0.5038764626474695
covtype_binary_20000,23,620,layer_1::c0: projection_6 IS LOW,0.1161503997165112,17.962488623710215,0.488240227554277,1304,0.04031921923160553,11857.275426562197,0.054814164485782385,0.7717632162076606,0.5038764626474695
covtype_binary_20000,23,621,layer_1::c2: ka_concept_1.c4 IS MEDIUM,0.1161503997165112,17.962488623710215,0.488240227554277,1304,0.04029083251953125,151795.71070007014,0.06280985051377987,0.7717632162076606,0.5038764626474695
covtype_binary_20000,23,622,layer_0::c7: Wilderness_Area_2 IS present,-0.0015615673768215599,0.09046599266423772,0.01901018124642588,40,0.04022564738988876,36.836515769768994,0.011749825044811587,0.7717632162076606,0.5038764626474695
covtype_binary_20000,23,623,layer_1::c5: ka_concept_1.c10 IS HIGH,0.1161503997165112,17.962488623710215,0.488240227554277,1304,0.04021131992340088,277038.24043589184,0.06389225116250842,0.7717632162076606,0.5038764626474695
covtype_binary_20000,23,624,layer_1::c5: ka_concept_1.c5 IS LOW,0.7717632162076606,17.073411840111994,0.511759772445723,1696,0.03999042138457298,39096.073257589356,0.06583154178007196,0.7717632162076606,0.5038764626474695
covtype_binary_20000,23,625,layer_1::c5: ka_concept_1.c2 IS MEDIUM,0.1161503997165112,17.962488623710215,0.488240227554277,1304,0.03945999965071678,115573.67917854668,0.06509819312719628,0.7717632162076606,0.5038764626474695
covtype_binary_20000,23,626,layer_1::c0: ka_concept_1.c10 IS HIGH,0.1161503997165112,17.962488623710215,0.488240227554277,1304,0.039218537509441376,353963.1851207849,0.051529834990995976,0.7717632162076606,0.5038764626474695
covtype_binary_20000,23,627,layer_0::c8: Wilderness_Area_2 IS absent,0.0022357330832633027,-0.0011582565955141622,0.016274286414706515,48,0.03918970376253128,12.626822831457815,0.00785155642737368,0.7717632162076606,0.5038764626474695
covtype_binary_20000,23,628,layer_1::c2: projection_2 IS LOW,0.7717632162076606,16.698868218706018,0.5117597724448077,1696,0.038951326161623,348835.8266903628,0.061700531360538054,0.7717632162076606,0.5038764626474695
covtype_binary_20000,23,629,layer_1::c2: ka_concept_1.c11 IS LOW,0.1161503997165112,17.777088896651254,0.48824022068161965,1304,0.03871086239814758,220290.84858110128,0.059511414254159414,0.7717632162076606,0.5038764626474695
covtype_binary_20000,23,630,layer_0::c8: Soil_Type_11 IS present,0.01731481763114817,0.4492405756266754,0.018017862569005446,68,0.03827840834856033,80.59093896898776,0.007966497707772456,0.7717632162076606,0.5038764626474695
covtype_binary_20000,23,631,layer_0::c10: Wilderness_Area_2 IS present,-0.0015615673768215599,0.20848175807853775,0.019143733043837888,40,0.03812103345990181,52.73550528599117,0.016535718432940483,0.7717632162076606,0.5038764626474695
covtype_binary_20000,23,632,layer_1::c5: ka_concept_1.c7 IS MEDIUM,0.1161503997165112,17.962488623710215,0.488240227554277,1304,0.03789099305868149,103721.503325996,0.06262732302692409,0.7717632162076606,0.5038764626474695
covtype_binary_20000,23,633,layer_0::c4: Wilderness_Area_4 IS present,0.0,0.005139185003664726,0.0033698926423325897,0,0.037868816405534744,12.564440129550121,0.005984677987943542,0.7717632162076606,0.5038764626474695
covtype_binary_20000,23,634,layer_0::c9: Soil_Type_18 IS absent,0.06412820689667365,0.031661926189935685,0.13083711619361002,474,0.037340495735406876,36.01094688736521,0.021541724627109793,0.7717632162076606,0.5038764626474695
covtype_binary_20000,23,635,layer_0::c3: Soil_Type_40 IS present,0.0,0.006380866699715271,0.0009092476094871471,0,0.03716006129980087,19.25804203842381,0.006576621249053763,0.7717632162076606,0.5038764626474695
covtype_binary_20000,23,636,layer_0::c2: Soil_Type_40 IS present,0.0,0.009364415532336579,0.0009795184525507156,0,0.03672129660844803,23.516542894643862,0.007631483252832065,0.7717632162076606,0.5038764626474695
covtype_binary_20000,23,637,layer_0::c5: Wilderness_Area_4 IS present,0.0,0.13222548458529693,0.005505365602269561,0,0.03637178614735603,48.40816485941741,0.02373000236381995,0.7717632162076606,0.5038764626474695
covtype_binary_20000,23,638,layer_1::c5: ka_concept_1.c4 IS MEDIUM,0.7717632162076606,17.073411840111994,0.511759772445723,1696,0.035971108824014664,168175.3459104012,0.05830650187206144,0.7717632162076606,0.5038764626474695
covtype_binary_20000,23,639,layer_0::c10: Soil_Type_11 IS absent,0.016012201322680886,0.0015696997434647697,0.05746119567144109,203,0.035940878093242645,22.844659250817813,0.015053488782026154,0.7717632162076606,0.5038764626474695
covtype_binary_20000,23,640,layer_0::c6: Soil_Type_2 IS present,0.0,0.02618646949148762,0.003363770279516922,0,0.03581022471189499,11.207964701257879,0.01730311888284632,0.7717632162076606,0.5038764626474695
covtype_binary_20000,23,641,layer_0::c9: Hillshade_9am IS MEDIUM,0.11039596660511697,16.912032471518696,0.4658341457177832,1244,0.03555693104863167,422776.7158997748,0.020412601231079668,0.7717632162076606,0.5038764626474695
covtype_binary_20000,23,642,layer_1::c2: projection_7 IS MEDIUM,0.7717632162076606,17.073411840111994,0.511759772445723,1696,0.035360291600227356,828032.535165857,0.05588891281311711,0.7717632162076606,0.5038764626474695
covtype_binary_20000,23,643,layer_0::c6: Wilderness_Area_4 IS present,0.0,0.04560908429734334,0.005324250534153892,0,0.03491164743900299,29.56739424599664,0.01447954747531791,0.7717632162076606,0.5038764626474695
covtype_binary_20000,23,644,layer_1::c3: ka_concept_1.c8 IS MEDIUM,0.1161503997165112,17.962488623710215,0.488240227554277,1304,0.03447045385837555,175607.67112204834,0.03680938528563517,0.7717632162076606,0.5038764626474695
covtype_binary_20000,23,645,layer_0::c5: Wilderness_Area_3 IS absent,0.1451436637930552,0.09926032240218474,0.1405036341361604,612,0.03406459465622902,40.513375305759666,0.022339808667443475,0.7717632162076606,0.5038764626474695
covtype_binary_20000,23,646,layer_1::c3: ka_concept_1.c11 IS LOW,0.7717632162076606,14.14356038623518,0.5098624368623818,1696,0.034013569355010986,90528.20087222608,0.03526728077739669,0.7717632162076606,0.5038764626474695
covtype_binary_20000,23,647,layer_0::c3: Wilderness_Area_2 IS present,-0.0015615673768215599,0.03134352874675461,0.018301245836380136,40,0.0338071845471859,25.628665384777833,0.00820898247131845,0.7717632162076606,0.5038764626474695
covtype_binary_20000,23,648,layer_1::c4: projection_2 IS MEDIUM,0.7717632162076606,17.073411840111994,0.511759772445723,1696,0.033424776047468185,276273.5875936053,0.21179826543790597,0.7717632162076606,0.5038764626474695
covtype_binary_20000,23,649,layer_1::c5: projection_7 IS HIGH,0.7717632162076606,17.073411840111994,0.511759772445723,1696,0.03275220841169357,70148.08689385481,0.054014777495215334,0.7717632162076606,0.5038764626474695
covtype_binary_20000,23,650,layer_1::c2: projection_7 IS HIGH,0.7717632162076606,17.073411840111994,0.511759772445723,1696,0.03266831859946251,321816.18043858116,0.051815195144464574,0.7717632162076606,0.5038764626474695
covtype_binary_20000,23,651,layer_0::c8: Hillshade_3pm IS LOW,0.11600346721617705,17.8593394924318,0.4878991584236454,1303,0.032666243612766266,3065574.7637065533,0.006523700435270712,0.7717632162076606,0.5038764626474695
covtype_binary_20000,23,652,layer_1::c5: ka_concept_1.c2 IS LOW,0.1161503997165112,17.93178296576303,0.48824022755280355,1304,0.0322454534471035,213772.94978521875,0.051866476373412296,0.7717632162076606,0.5038764626474695
covtype_binary_20000,23,653,layer_0::c11: Soil_Type_30 IS present,0.03724411212333911,0.07599813717017234,0.03245544804100346,123,0.03140571340918541,27.75227137116144,0.007220197959063322,0.7717632162076606,0.5038764626474695
covtype_binary_20000,23,654,layer_1::c5: ka_concept_1.c2 IS HIGH,0.7717632162076606,17.07341184040195,0.5117597721557683,1696,0.031337060034275055,103226.74172477401,0.051602177836216775,0.7717632162076606,0.5038764626474695
covtype_binary_20000,23,655,layer_1::c3: ka_concept_1.c5 IS MEDIUM,0.1161503997165112,17.962488623710215,0.488240227554277,1304,0.03130101412534714,139824.61138558487,0.032979131179163235,0.7717632162076606,0.5038764626474695
covtype_binary_20000,23,656,layer_0::c6: Horizontal_Distance_To_Fire_Points IS LOW,0.6129939854384299,15.021016896035663,0.46564489040918733,1534,0.03105306066572666,953291.3568370633,0.013390145117569996,0.7717632162076606,0.5038764626474695
covtype_binary_20000,23,657,layer_1::c0: ka_concept_1.c10 IS MEDIUM,0.7717632162076606,17.073411840111994,0.511759772445723,1696,0.030988797545433044,100339.0204518238,0.041636282335811604,0.7717632162076606,0.5038764626474695
covtype_binary_20000,23,658,layer_1::c2: ka_concept_1.c7 IS HIGH,0.7717632162076606,17.073411840111994,0.511759772445723,1696,0.0306547824293375,333320.95857095416,0.049079158414654864,0.7717632162076606,0.5038764626474695
covtype_binary_20000,23,659,layer_1::c4: projection_0 IS MEDIUM,0.7717632162076606,17.073411840111994,0.511759772445723,1696,0.0305924154818058,25583.63903759647,0.1944433155246079,0.7717632162076606,0.5038764626474695
covtype_binary_20000,23,660,layer_1::c5: projection_3 IS HIGH,0.7717632162076606,17.073411840111994,0.511759772445723,1696,0.030549870803952217,2872703.9856797094,0.05019073297168022,0.7717632162076606,0.5038764626474695
covtype_binary_20000,23,661,layer_0::c3: Wilderness_Area_4 IS absent,0.003223890364964066,-0.001758440126318761,0.014870505826212532,44,0.030382100492715836,12.066796728299785,0.007140930471487366,0.7717632162076606,0.5038764626474695
covtype_binary_20000,23,662,layer_1::c2: ka_concept_1.c10 IS HIGH,0.7717632162076606,17.023903367317594,0.5117597724456783,1696,0.030053889378905296,198334.46515394867,0.04592602879708284,0.7717632162076606,0.5038764626474695
covtype_binary_20000,23,663,layer_0::c4: Vertical_Distance_To_Hydrology IS HIGH,0.7717632162076606,17.067472079879995,0.5117597724383356,1696,0.029381947591900826,1970255.387959431,0.004778297200540389,0.7717632162076606,0.5038764626474695
covtype_binary_20000,23,664,layer_0::c9: Hillshade_9am IS HIGH,0.10678859691832054,15.452968004064799,0.44084108860185944,1175,0.029360666871070862,185445.63266627226,0.016652510871821423,0.7717632162076606,0.5038764626474695
covtype_binary_20000,23,665,layer_1::c5: projection_1 IS MEDIUM,0.1161503997165112,17.962488623710215,0.488240227554277,1304,0.02907785214483738,46949.00294539037,0.04774213314925631,0.7717632162076606,0.5038764626474695
covtype_binary_20000,23,666,layer_1::c4: ka_concept_1.c8 IS LOW,0.1161503997165112,17.962488623710215,0.488240227554277,1304,0.028560269623994827,65293.48421058149,0.17730298548236412,0.7717632162076606,0.5038764626474695
covtype_binary_20000,23,667,layer_0::c3: Slope IS LOW,0.7253133157431616,16.2904081936881,0.49849907291874357,1652,0.028307871893048286,7037831.499822028,0.006545992883500614,0.7717632162076606,0.5038764626474695
covtype_binary_20000,23,668,layer_0::c9: Horizontal_Distance_To_Roadways IS LOW,0.11570502116333237,15.721233805954824,0.45642022268415555,1240,0.028287649154663086,152896.58932307042,0.016361661857812664,0.7717632162076606,0.5038764626474695
covtype_binary_20000,23,669,layer_1::c4: ka_concept_1.c2 IS HIGH,0.1161503997165112,17.962488623710215,0.488240227554277,1304,0.02800861932337284,105044.82145134319,0.17747448484396833,0.7717632162076606,0.5038764626474695
covtype_binary_20000,23,670,layer_1::c4: ka_concept_1.c0 IS MEDIUM,0.7717632162076606,17.073411840111994,0.511759772445723,1696,0.027697637677192688,98889.55002310517,0.17353182458132504,0.7717632162076606,0.5038764626474695
covtype_binary_20000,23,671,layer_0::c6: Wilderness_Area_4 IS present,0.0,0.025778177151337567,0.0051837063139911045,0,0.02734333835542202,23.130549751449962,0.011340603217320677,0.7717632162076606,0.5038764626474695
covtype_binary_20000,23,672,layer_1::c0: ka_concept_1.c11 IS MEDIUM,0.7717632162076606,17.073411840111994,0.511759772445723,1696,0.027326205745339394,233570.97763726106,0.036442499773033585,0.7717632162076606,0.5038764626474695
covtype_binary_20000,23,673,layer_1::c4: ka_concept_1.c7 IS MEDIUM,0.1161503997165112,17.962488623710215,0.488240227554277,1304,0.02633025124669075,48789.01996701136,0.16746240933487813,0.7717632162076606,0.5038764626474695
covtype_binary_20000,23,674,layer_1::c5: ka_concept_1.c3 IS LOW,0.7717632162076606,17.073411840111994,0.511759772445723,1696,0.02626813016831875,1021635.8737699135,0.0417936160529304,0.7717632162076606,0.5038764626474695
covtype_binary_20000,23,675,layer_1::c3: projection_0 IS HIGH,0.1161503997165112,17.962488623710215,0.488240227554277,1304,0.026104126125574112,449258.0938734783,0.027994767235339776,0.7717632162076606,0.5038764626474695
covtype_binary_20000,23,676,layer_0::c5: Wilderness_Area_3 IS absent,0.025977182495930284,0.02929848939012758,0.08262345182783218,252,0.02594272792339325,30.87879047862606,0.017013427522531478,0.7717632162076606,0.5038764626474695
covtype_binary_20000,23,677,layer_1::c3: projection_1 IS MEDIUM,0.7717632162076606,17.073411840111994,0.511759772445723,1696,0.025667672976851463,1240549.6903101548,0.02733610553170244,0.7717632162076606,0.5038764626474695
covtype_binary_20000,23,678,layer_1::c5: ka_concept_1.c10 IS LOW,0.1161503997165112,17.390105752195968,0.4878847998472484,1304,0.025133173912763596,29305.923135758578,0.0418471188612748,0.7717632162076606,0.5038764626474695
covtype_binary_20000,23,679,layer_0::c3: Soil_Type_13 IS absent,-0.0006022724902062793,-0.0009754629071861975,0.009441477644610495,18,0.024968963116407394,9.769885459579825,0.005838125577803453,0.7717632162076606,0.5038764626474695
covtype_binary_20000,23,680,layer_1::c4: projection_4 IS MEDIUM,0.1161503997165112,17.962488623710215,0.488240227554277,1304,0.024694066494703293,111283.62071310324,0.15565154811243218,0.7717632162076606,0.5038764626474695
covtype_binary_20000,23,681,layer_0::c3: Wilderness_Area_3 IS present,0.002089511793073262,-0.0010750886885084743,0.009655432925550387,33,0.02469361200928688,8.98240805437814,0.005928125049790689,0.7717632162076606,0.5038764626474695
covtype_binary_20000,23,682,layer_0::c10: Wilderness_Area_3 IS present,0.012619888365815513,0.000669461344776745,0.03133467985471893,124,0.02468320168554783,16.18812301675797,0.010585523298320822,0.7717632162076606,0.5038764626474695
covtype_binary_20000,23,683,layer_1::c0: ka_concept_1.c3 IS LOW,0.1161503997165112,17.962257574650028,0.48824022755427693,1304,0.024676525965332985,274617.96472164645,0.032466262981106414,0.7717632162076606,0.5038764626474695
covtype_binary_20000,23,684,layer_0::c5: Soil_Type_4 IS present,0.0016519284493140551,0.15898257704526708,0.006863494374593107,14,0.02452227845788002,36.085608171903914,0.015947936395132273,0.7717632162076606,0.5038764626474695
covtype_binary_20000,23,685,layer_0::c9: Soil_Type_30 IS present,0.03724411212333911,0.4658219757206957,0.036434084301374466,123,0.02400040626525879,53.99100701388579,0.013670928152815273,0.7717632162076606,0.5038764626474695
covtype_binary_20000,23,686,layer_0::c6: Vertical_Distance_To_Hydrology IS MEDIUM,0.7717632162076606,17.061251352393395,0.5117597724192936,1696,0.023899368941783905,33728.86225890416,0.010150815405533649,0.7717632162076606,0.5038764626474695
covtype_binary_20000,23,687,layer_0::c5: Vertical_Distance_To_Hydrology IS MEDIUM,0.7717632162076606,17.073411840111994,0.511759772445723,1696,0.023411685600876808,2272449.709554755,0.015642126372491474,0.7717632162076606,0.5038764626474695
covtype_binary_20000,23,688,layer_1::c2: ka_concept_1.c10 IS LOW,0.1161503997165112,17.962488623710215,0.488240227554277,1304,0.023404307663440704,390187.26362353464,0.03747765214909547,0.7717632162076606,0.5038764626474695
covtype_binary_20000,23,689,layer_1::c2: ka_concept_1.c3 IS LOW,0.1161503997165112,17.962488623710215,0.48824022755427693,1304,0.023120874539017677,256834.1311629278,0.03537882382584697,0.7717632162076606,0.5038764626474695
covtype_binary_20000,23,690,layer_0::c11: Soil_Type_11 IS present,0.01731481763114817,0.1927564686767239,0.01779493382383483,68,0.022729499265551567,55.00250864920599,0.00548848928893373,0.7717632162076606,0.5038764626474695
covtype_binary_20000,23,691,layer_1::c4: ka_concept_1.c5 IS MEDIUM,0.7717632162076606,17.073411840111994,0.511759772445723,1696,0.022538110613822937,72358.33608224582,0.14087119113560767,0.7717632162076606,0.5038764626474695
covtype_binary_20000,23,692,layer_0::c10: Wilderness_Area_2 IS absent,0.006067423327401733,-0.0011241623048471316,0.023587640135209004,69,0.022517748177051544,15.211796407658397,0.009421996086280388,0.7717632162076606,0.5038764626474695
covtype_binary_20000,23,693,layer_1::c5: ka_concept_1.c7 IS HIGH,0.1161503997165112,17.9428389506976,0.48824022755424895,1304,0.02222995087504387,239150.21769664538,0.03700659007804885,0.7717632162076606,0.5038764626474695
covtype_binary_20000,23,694,layer_1::c5: ka_concept_1.c3 IS MEDIUM,0.7717632162076606,17.073411840111994,0.511759772445723,1696,0.021821558475494385,183683.2294574984,0.03551368612175187,0.7717632162076606,0.5038764626474695
covtype_binary_20000,23,695,layer_1::c2: ka_concept_1.c9 IS LOW,0.7717632162076606,17.072023989853893,0.511759772445723,1696,0.021462975069880486,136396.34774038638,0.03360624048666796,0.7717632162076606,0.5038764626474695
covtype_binary_20000,23,696,layer_1::c5: ka_concept_1.c9 IS MEDIUM,0.7717632162076606,17.073411840111994,0.511759772445723,1696,0.021459834650158882,405976.04401216656,0.035584749594020346,0.7717632162076606,0.5038764626474695
covtype_binary_20000,23,697,layer_1::c3: ka_concept_1.c9 IS HIGH,0.11541507802910522,16.86231968780617,0.4864842444402181,1299,0.021402673795819283,142676.85529004355,0.023108369446948322,0.7717632162076606,0.5038764626474695
covtype_binary_20000,23,698,layer_1::c0: ka_concept_1.c6 IS LOW,0.7717632162076606,17.073411840111994,0.511759772445723,1696,0.02138928696513176,695523.2146244941,0.029083540640737433,0.7717632162076606,0.5038764626474695
covtype_binary_20000,23,699,"projection_layer::pursuit_2(Hillshade_Noon, Wilderness_Area_4, Soil_Type_23, Soil_Type_11) IS LOW",0.0010011633305222478,0.0046176020153000374,0.020189463063856234,56,0.02064601331949234,17.10212293440344,0.007270321334246546,0.7717632162076606,0.5038764626474695
covtype_binary_20000,23,700,layer_0::c3: Soil_Type_35 IS absent,-0.0007471242314103232,-0.0008034353311305864,0.006424789708451959,16,0.020414156839251518,8.097018697063497,0.004790803735729886,0.7717632162076606,0.5038764626474695
covtype_binary_20000,23,701,layer_1::c5: ka_concept_1.c5 IS MEDIUM,0.1161503997165112,17.962488623710215,0.488240227554277,1304,0.02009964920580387,23005.3264280969,0.03264815402744959,0.7717632162076606,0.5038764626474695
covtype_binary_20000,23,702,layer_0::c2: Wilderness_Area_4 IS present,0.0,0.003663658123117197,0.002852114440432015,0,0.019734155386686325,10.956547536153266,0.0053128235258209314,0.7717632162076606,0.5038764626474695
covtype_binary_20000,23,703,layer_1::c4: ka_concept_1.c0 IS HIGH,0.1161503997165112,17.87839452497665,0.4882401821789955,1304,0.01963924430310726,162851.3523500352,0.12668079803463478,0.7717632162076606,0.5038764626474695
covtype_binary_20000,23,704,layer_0::c10: Wilderness_Area_4 IS absent,0.004967350574585749,-0.0020322141097349755,0.01968348693406598,63,0.019572652876377106,13.856031345945155,0.008217972709666791,0.7717632162076606,0.5038764626474695
covtype_binary_20000,23,705,layer_1::c2: projection_6 IS MEDIUM,0.7717632162076606,17.073411840111994,0.511759772445723,1696,0.01955651119351387,898301.2236211722,0.03090186709786455,0.7717632162076606,0.5038764626474695
covtype_binary_20000,23,706,layer_0::c6: Slope IS LOW,0.11158662576165657,17.087606995828853,0.4714956856955088,1258,0.01889878511428833,14479931.103141319,0.007905778120000158,0.7717632162076606,0.5038764626474695
covtype_binary_20000,23,707,layer_0::c8: Wilderness_Area_1 IS present,-0.00019999343395049607,-0.00030376272074417177,0.003540077347455908,6,0.018529100343585014,6.07518938424937,0.003633154667260404,0.7717632162076606,0.5038764626474695
covtype_binary_20000,23,708,layer_0::c2: Slope IS LOW,0.1085909281493197,16.49334174476182,0.4609151071078198,1229,0.018449008464813232,1974655.8754132478,0.005009632890435159,0.7717632162076606,0.5038764626474695
covtype_binary_20000,23,709,layer_1::c0: projection_2 IS LOW,0.1161503997165112,17.962488623710215,0.488240227554277,1304,0.018408676609396935,2089411.4485852518,0.025072541843885725,0.7717632162076606,0.5038764626474695
covtype_binary_20000,23,710,layer_1::c0: ka_concept_1.c8 IS MEDIUM,0.1161503997165112,17.962488623710215,0.488240227554277,1304,0.018281206488609314,283760.5825120413,0.02488704083743505,0.7717632162076606,0.5038764626474695
covtype_binary_20000,23,711,layer_1::c0: ka_concept_1.c5 IS MEDIUM,0.1161503997165112,17.962488623710215,0.488240227554277,1304,0.018164271488785744,141483.7839617357,0.02439807951108863,0.7717632162076606,0.5038764626474695
covtype_binary_20000,23,712,layer_0::c5: Slope IS HIGH,0.7717632162076606,17.02857625723142,0.5117145600602234,1696,0.017296001315116882,1966050.3474140952,0.011697710752349622,0.7717632162076606,0.5038764626474695
covtype_binary_20000,23,713,layer_1::c2: projection_3 IS LOW,0.7717632162076606,17.073411840111994,0.511759772445723,1696,0.017237670719623566,24381.56904141416,0.027332171879087885,0.7717632162076606,0.5038764626474695
covtype_binary_20000,23,714,layer_1::c2: ka_concept_1.c3 IS MEDIUM,0.1161503997165112,17.962488623710215,0.488240227554277,1304,0.017194846644997597,917224.7448789697,0.02691327768083041,0.7717632162076606,0.5038764626474695
covtype_binary_20000,23,715,layer_1::c2: projection_5 IS LOW,0.7717632162076606,17.073411840111994,0.511759772445723,1696,0.01696116477251053,382051.6753641673,0.02652831516500252,0.7717632162076606,0.5038764626474695
covtype_binary_20000,23,716,layer_0::c10: Horizontal_Distance_To_Fire_Points IS HIGH,0.7088536487109371,15.719646443786242,0.4939064461932081,1633,0.016761623322963715,76602.9539057604,0.0069616590598170994,0.7717632162076606,0.5038764626474695
covtype_binary_20000,23,717,layer_1::c0: ka_concept_1.c1 IS MEDIUM,0.1161503997165112,17.962488623710215,0.488240227554277,1304,0.016580749303102493,142963.95165313926,0.02220017258337854,0.7717632162076606,0.5038764626474695
covtype_binary_20000,23,718,layer_1::c5: projection_5 IS LOW,0.7717632162076606,17.073411840111994,0.511759772445723,1696,0.016273977234959602,188625.34667245703,0.026466061565016085,0.7717632162076606,0.5038764626474695
covtype_binary_20000,23,719,layer_1::c4: ka_concept_1.c11 IS MEDIUM,0.1161503997165112,17.962488623710215,0.488240227554277,1304,0.016059406101703644,23355.05362640572,0.09966101906945309,0.7717632162076606,0.5038764626474695
covtype_binary_20000,23,720,layer_1::c4: projection_3 IS MEDIUM,0.7717632162076606,17.073411840111994,0.511759772445723,1696,0.015892835333943367,884464.9814934181,0.1005070873790731,0.7717632162076606,0.5038764626474695
covtype_binary_20000,23,721,layer_0::c9: Wilderness_Area_4 IS absent,0.00698089002182567,-0.002163923979054516,0.024555325253620877,81,0.0158134363591671,15.518435095744593,0.009138934811337984,0.7717632162076606,0.5038764626474695
covtype_binary_20000,23,722,layer_1::c5: ka_concept_1.c7 IS LOW,0.1161503997165112,17.91765270989088,0.4882402127118943,1304,0.015587158501148224,975856.1804735819,0.025513576919711643,0.7717632162076606,0.5038764626474695
covtype_binary_20000,23,723,layer_1::c0: projection_2 IS MEDIUM,0.7717632162076606,17.073411840111994,0.511759772445723,1696,0.015201421454548836,690324.2689698874,0.020700035283652444,0.7717632162076606,0.5038764626474695
covtype_binary_20000,23,724,layer_1::c4: ka_concept_1.c0 IS LOW,0.1161503997165112,17.84386574298714,0.48824015268982174,1304,0.014989928342401981,83606.54101501196,0.09124202618517545,0.7717632162076606,0.5038764626474695
covtype_binary_20000,23,725,layer_0::c4: Soil_Type_13 IS absent,-9.9901663061841e-05,-0.00020804179769340347,0.0016258732375854343,3,0.01485565397888422,4.110900954788498,0.0023943161607018104,0.7717632162076606,0.5038764626474695
covtype_binary_20000,23,726,layer_1::c4: ka_concept_1.c9 IS LOW,0.7717632162076606,17.073411840111994,0.511759772445723,1696,0.014819277450442314,163684.06190599749,0.09283958224725211,0.7717632162076606,0.5038764626474695
covtype_binary_20000,23,727,layer_1::c3: ka_concept_1.c9 IS LOW,0.1161503997165112,17.93775349561772,0.488240226418772,1304,0.014736092649400234,95467.61918378841,0.015561971601581414,0.7717632162076606,0.5038764626474695
covtype_binary_20000,23,728,layer_1::c4: ka_concept_1.c10 IS LOW,0.1161503997165112,17.914085032811325,0.4882402275254739,1304,0.014583111740648746,56028.29260858535,0.09343356497338391,0.7717632162076606,0.5038764626474695
covtype_binary_20000,23,729,layer_1::c4: projection_3 IS LOW,0.7717632162076606,17.073411840111994,0.511759772445723,1696,0.014359983615577221,169845.59743000267,0.09110152585059404,0.7717632162076606,0.5038764626474695
covtype_binary_20000,23,730,layer_1::c4: projection_0 IS LOW,0.1161503997165112,17.962488623710215,0.488240227554277,1304,0.014285977929830551,33343.13713401301,0.08984952498475711,0.7717632162076606,0.5038764626474695
covtype_binary_20000,23,731,layer_0::c3: Hillshade_3pm IS LOW,0.7717632162076606,16.90548271838624,0.5112281979017096,1696,0.01417071744799614,5510927.026639785,0.0033085879667373586,0.7717632162076606,0.5038764626474695
covtype_binary_20000,23,732,layer_1::c5: projection_4 IS MEDIUM,0.7717632162076606,17.073411840111994,0.511759772445723,1696,0.014132324606180191,505878.5581394293,0.02314941118347148,0.7717632162076606,0.5038764626474695
covtype_binary_20000,23,733,layer_0::c4: Wilderness_Area_2 IS present,-0.0009495667059511437,-0.0010698415549856843,0.0032825336709519652,22,0.014046610333025455,7.317691071529225,0.0023510868979374207,0.7717632162076606,0.5038764626474695
covtype_binary_20000,23,734,layer_0::c7: Vertical_Distance_To_Hydrology IS HIGH,0.7717632162076606,17.066206603537623,0.5117597720958347,1696,0.013785582035779953,1942094.6806069203,0.003912451273862341,0.7717632162076606,0.5038764626474695
covtype_binary_20000,23,735,layer_1::c3: ka_concept_1.c5 IS LOW,0.7717632162076606,17.073411840111994,0.511759772445723,1696,0.013773943297564983,677937.4720470215,0.014707773799852778,0.7717632162076606,0.5038764626474695
covtype_binary_20000,23,736,layer_0::c4: Soil_Type_35 IS present,0.0,-0.00027955641534338493,0.00035880602370501585,0,0.013718592002987862,11.988210324750412,0.0021663949578699733,0.7717632162076606,0.5038764626474695
covtype_binary_20000,23,737,layer_0::c10: Wilderness_Area_4 IS present,0.0,0.0039470270406265495,0.0029646835450278164,0,0.013474937528371811,11.161864778641075,0.005518830259700735,0.7717632162076606,0.5038764626474695
covtype_binary_20000,23,738,layer_1::c4: projection_5 IS MEDIUM,0.7717632162076606,17.073411840111994,0.511759772445723,1696,0.013408813625574112,633307.5649115172,0.08423783071463306,0.7717632162076606,0.5038764626474695
covtype_binary_20000,23,739,layer_1::c0: projection_0 IS MEDIUM,0.1161503997165112,17.962488623710215,0.488240227554277,1304,0.013200080022215843,1939270.5489078339,0.018029713234398514,0.7717632162076606,0.5038764626474695
covtype_binary_20000,23,740,layer_1::c2: projection_0 IS HIGH,0.1161503997165112,17.962488623710215,0.488240227554277,1304,0.0131333377212286,177952.0538662745,0.020882885827925444,0.7717632162076606,0.5038764626474695
covtype_binary_20000,23,741,layer_1::c4: ka_concept_1.c3 IS MEDIUM,0.7717632162076606,17.073411840111994,0.511759772445723,1696,0.013097015209496021,64343.438468236505,0.08201943541908016,0.7717632162076606,0.5038764626474695
covtype_binary_20000,23,742,layer_0::c10: Soil_Type_30 IS present,0.03724411212333911,0.02446002797899749,0.02089519678567621,123,0.01284669991582632,20.515274706680884,0.005316389939973305,0.7717632162076606,0.5038764626474695
covtype_binary_20000,23,743,layer_1::c4: ka_concept_1.c4 IS HIGH,0.1161503997165112,17.962488623710215,0.488240227554277,1304,0.012641332112252712,335301.1787383416,0.07733681846404215,0.7717632162076606,0.5038764626474695
covtype_binary_20000,23,744,layer_0::c8: Soil_Type_18 IS present,0.0032652803550090592,0.06904044660206887,0.0030204499470974557,10,0.012457760982215405,32.331237420487014,0.002628250240183358,0.7717632162076606,0.5038764626474695
covtype_binary_20000,23,745,layer_1::c4: projection_7 IS MEDIUM,0.1161503997165112,17.962488623710215,0.488240227554277,1304,0.01238128449767828,102205.06555639033,0.07829817459483941,0.7717632162076606,0.5038764626474695
covtype_binary_20000,23,746,layer_1::c4: ka_concept_1.c6 IS MEDIUM,0.1161503997165112,17.962488623710215,0.488240227554277,1304,0.012221956625580788,205403.04621068394,0.07855414016513775,0.7717632162076606,0.5038764626474695
covtype_binary_20000,23,747,layer_1::c3: projection_2 IS HIGH,0.7717632162076606,17.073411840111994,0.511759772445723,1696,0.01214267872273922,179815.664757911,0.012859404415202638,0.7717632162076606,0.5038764626474695
covtype_binary_20000,23,748,layer_0::c5: Soil_Type_2 IS present,0.0,0.00439257549921801,0.0030733370004907825,0,0.012070871889591217,5.6541245747685025,0.009174966591072007,0.7717632162076606,0.5038764626474695
covtype_binary_20000,23,749,layer_0::c10: Wilderness_Area_4 IS present,0.0,0.002845592717568901,0.0024814018618822676,0,0.011725260876119137,9.988778158517562,0.004802227682487379,0.7717632162076606,0.5038764626474695
covtype_binary_20000,23,750,layer_0::c6: Wilderness_Area_2 IS absent,-0.0008917917414649201,-0.0006654343915093452,0.006461532126767722,14,0.011720714159309864,7.954620318544642,0.0049663388857482,0.7717632162076606,0.5038764626474695
covtype_binary_20000,23,751,layer_1::c2: ka_concept_1.c9 IS HIGH,0.7717632162076606,17.073411879868196,0.5117597326900903,1696,0.011522425338625908,443765.9079332238,0.01844560612009779,0.7717632162076606,0.5038764626474695
covtype_binary_20000,23,752,layer_0::c2: Wilderness_Area_4 IS present,0.0,0.0009237069574993262,0.0011680093622759753,0,0.011407691054046154,6.314496958488235,0.003071174872872234,0.7717632162076606,0.5038764626474695
covtype_binary_20000,23,753,layer_1::c4: ka_concept_1.c5 IS LOW,0.7717632162076606,17.073411840111994,0.511759772445723,1696,0.011188906617462635,52358.257205048045,0.07087615094706416,0.7717632162076606,0.5038764626474695
covtype_binary_20000,23,754,layer_1::c4: projection_1 IS LOW,0.1161503997165112,17.962488623710215,0.488240227554277,1304,0.01112316269427538,30289.88801697317,0.07039151345938444,0.7717632162076606,0.5038764626474695
covtype_binary_20000,23,755,layer_0::c6: Wilderness_Area_2 IS present,-0.0015615673768215599,0.0019600557802047502,0.01156318661530179,40,0.010992828756570816,15.060438616263127,0.004828721307141677,0.7717632162076606,0.5038764626474695
covtype_binary_20000,23,756,layer_0::c9: Wilderness_Area_3 IS present,0.0035682819338549443,-0.001149055942393229,0.011493898467145958,40,0.010846910998225212,9.890958285158547,0.006402817826959411,0.7717632162076606,0.5038764626474695
covtype_binary_20000,23,757,layer_1::c4: projection_6 IS LOW,0.1161503997165112,17.962488623710215,0.488240227554277,1304,0.010838638059794903,133603.37132031182,0.06856814895321925,0.7717632162076606,0.5038764626474695
covtype_binary_20000,23,758,layer_1::c3: projection_5 IS LOW,0.1161503997165112,17.962488623710215,0.488240227554277,1304,0.010613362304866314,2479296.8490687027,0.01119590712429878,0.7717632162076606,0.5038764626474695
covtype_binary_20000,23,759,layer_1::c0: ka_concept_1.c2 IS HIGH,0.7717632162076606,17.068056501287902,0.5117566311287857,1696,0.010532636195421219,121303.82034585156,0.01434215164571045,0.7717632162076606,0.5038764626474695
covtype_binary_20000,23,760,layer_1::c4: projection_4 IS LOW,0.1161503997165112,17.962488623710215,0.488240227554277,1304,0.010479447431862354,171870.89694698114,0.06653028447180986,0.7717632162076606,0.5038764626474695
covtype_binary_20000,23,761,layer_0::c6: Vertical_Distance_To_Hydrology IS HIGH,0.1161503997165112,17.96142927243343,0.488240227554277,1304,0.009984654374420643,3355742.3455447,0.004261389485129257,0.7717632162076606,0.5038764626474695
covtype_binary_20000,23,762,layer_0::c9: Wilderness_Area_1 IS present,0.001699521940144666,-0.00042942611703322697,0.008229361078509351,19,0.009930439293384552,9.108843249288498,0.00559739990481603,0.7717632162076606,0.5038764626474695
covtype_binary_20000,23,763,layer_1::c3: projection_3 IS HIGH,0.7717632162076606,16.136389233284838,0.5117597609073576,1696,0.009847679175436497,916429.8880706644,0.010494426313205622,0.7717632162076606,0.5038764626474695
covtype_binary_20000,23,764,layer_1::c0: projection_1 IS MEDIUM,0.1161503997165112,17.962488623710215,0.488240227554277,1304,0.009743494912981987,673105.1572045964,0.013228837748679022,0.7717632162076606,0.5038764626474695
covtype_binary_20000,23,765,layer_0::c7: Hillshade_3pm IS LOW,0.1161503997165112,17.89466974140207,0.4880491603109896,1304,0.009656853973865509,10287361.433704885,0.0027122801426845058,0.7717632162076606,0.5038764626474695
covtype_binary_20000,23,766,layer_0::c3: Soil_Type_35 IS present,0.0,-0.0002791896082344758,0.00035640440749522116,0,0.009522674605250359,11.66667381926976,0.0021815757173802314,0.7717632162076606,0.5038764626474695
covtype_binary_20000,23,767,layer_0::c3: Vertical_Distance_To_Hydrology IS HIGH,0.7717632162076606,17.073411840111994,0.511759772445723,1696,0.009477497078478336,10612846.192901187,0.0022359877043480387,0.7717632162076606,0.5038764626474695
covtype_binary_20000,23,768,layer_1::c5: projection_0 IS HIGH,0.7717632162076606,17.073411840111994,0.511759772445723,1696,0.00927033368498087,145037.48005740682,0.015326834627815212,0.7717632162076606,0.5038764626474695
covtype_binary_20000,23,769,"projection_layer::pursuit_0(Horizontal_Distance_To_Fire_Points, Hillshade_3pm, Soil_Type_29, Soil_Type_4) IS HIGH",0.0,0.00019559248773814986,0.000882715669510904,0,0.009261858649551868,1.2256328346318242,0.004482135962636297,0.7717632162076606,0.5038764626474695
covtype_binary_20000,23,770,layer_1::c2: ka_concept_1.c10 IS MEDIUM,0.7717632162076606,17.073411840111994,0.511759772445723,1696,0.009229421615600586,772149.1295150876,0.014422236041282304,0.7717632162076606,0.5038764626474695
covtype_binary_20000,23,771,layer_0::c5: Soil_Type_13 IS present,0.019559494366328645,0.009419281505509969,0.0151220199747561,96,0.009190444834530354,10.140776264647684,0.006879693051751626,0.7717632162076606,0.5038764626474695
covtype_binary_20000,23,772,layer_1::c0: projection_6 IS HIGH,0.1161503997165112,17.962488623710215,0.488240227554277,1304,0.009061588905751705,1384169.6228264591,0.01233971288590692,0.7717632162076606,0.5038764626474695
covtype_binary_20000,23,773,layer_0::c11: Soil_Type_34 IS present,0.002337272661831258,0.006547611163118194,0.001688826543209399,6,0.008918126113712788,7.463513747963589,0.0015593265107211967,0.7717632162076606,0.5038764626474695
covtype_binary_20000,23,774,layer_1::c4: ka_concept_1.c11 IS LOW,0.7717632162076606,15.451159403661112,0.511592922827091,1696,0.008909226395189762,101930.12600445999,0.05480039018500368,0.7717632162076606,0.5038764626474695
covtype_binary_20000,23,775,layer_1::c3: projection_4 IS HIGH,0.1161503997165112,17.962488623710215,0.488240227554277,1304,0.008730783127248287,102460.75911015247,0.009178866142989137,0.7717632162076606,0.5038764626474695
covtype_binary_20000,23,776,layer_0::c8: Wilderness_Area_2 IS present,0.0010159984016192558,-0.0007435437118680222,0.001906224191432778,14,0.008544882759451866,5.537656631680193,0.0017747220479204771,0.7717632162076606,0.5038764626474695
covtype_binary_20000,23,777,layer_1::c4: ka_concept_1.c10 IS MEDIUM,0.7717632162076606,17.073411840111994,0.511759772445723,1696,0.008464908227324486,226977.86875761295,0.05292447154239441,0.7717632162076606,0.5038764626474695
covtype_binary_20000,23,778,layer_1::c4: projection_3 IS HIGH,0.7717632162076606,16.477600772326223,0.5117597724393937,1696,0.008296574465930462,263450.75512003497,0.05245023772589533,0.7717632162076606,0.5038764626474695
covtype_binary_20000,23,779,layer_0::c9: Soil_Type_11 IS present,0.01731481763114817,0.14887407538441177,0.01775439207516946,68,0.0082371411845088,49.447374186929665,0.004928088372810938,0.7717632162076606,0.5038764626474695
covtype_binary_20000,23,780,layer_1::c4: projection_2 IS HIGH,0.1161503997165112,17.962488623710215,0.488240227554277,1304,0.008212987333536148,351655.500065512,0.05159781796981891,0.7717632162076606,0.5038764626474695
covtype_binary_20000,23,781,layer_1::c2: projection_3 IS HIGH,0.7717632162076606,17.073411840111994,0.511759772445723,1696,0.008166728541254997,8656316.805821903,0.012903889461264043,0.7717632162076606,0.5038764626474695
covtype_binary_20000,23,782,layer_1::c0: projection_0 IS HIGH,0.7717632162076606,17.073411840111994,0.511759772445723,1696,0.008107992820441723,2749047.449372446,0.011085056806735034,0.7717632162076606,0.5038764626474695
covtype_binary_20000,23,783,layer_1::c5: projection_4 IS HIGH,0.1161503997165112,17.962488623710215,0.488240227554277,1304,0.00802648440003395,48960.517796550484,0.01300919843488373,0.7717632162076606,0.5038764626474695
covtype_binary_20000,23,784,layer_1::c4: ka_concept_1.c1 IS MEDIUM,0.7717632162076606,17.073411840111994,0.511759772445723,1696,0.007771992590278387,333905.55906733434,0.048422986483589434,0.7717632162076606,0.5038764626474695
covtype_binary_20000,23,785,layer_0::c2: Soil_Type_35 IS present,0.0,-0.0002805117383453126,0.0003651466034580452,0,0.007753397803753614,13.110678372585227,0.0020857774443235636,0.7717632162076606,0.5038764626474695
covtype_binary_20000,23,786,layer_0::c7: Soil_Type_26 IS absent,-0.00024438353901445886,-0.0001603789283269874,0.0011218835445128545,1,0.007633727975189686,3.1629554008744662,0.0021482239873197766,0.7717632162076606,0.5038764626474695
covtype_binary_20000,23,787,layer_1::c4: ka_concept_1.c8 IS HIGH,0.11052027835455325,14.697491936299643,0.4735919569985221,1266,0.007605396211147308,20169.182970141806,0.0494862208628856,0.7717632162076606,0.5038764626474695
covtype_binary_20000,23,788,layer_1::c0: ka_concept_1.c6 IS HIGH,0.1161503997165112,17.962488623710215,0.488240227554277,1304,0.007495288271456957,933309.6462284465,0.010277291116415047,0.7717632162076606,0.5038764626474695
covtype_binary_20000,23,789,layer_1::c4: projection_7 IS HIGH,0.7717632162076606,17.073411840111994,0.511759772445723,1696,0.00746398139744997,393804.3329781498,0.04736712553662559,0.7717632162076606,0.5038764626474695
covtype_binary_20000,23,790,layer_0::c9: Wilderness_Area_2 IS present,-0.0015615673768215599,0.0007259271113051469,0.010285599703953024,40,0.007409173529595137,14.025094386463934,0.004423666191498341,0.7717632162076606,0.5038764626474695
covtype_binary_20000,23,791,layer_1::c4: ka_concept_1.c4 IS MEDIUM,0.1161503997165112,17.962488623710215,0.488240227554277,1304,0.0073957666754722595,73535.23152164507,0.046129726809759936,0.7717632162076606,0.5038764626474695
covtype_binary_20000,23,792,layer_1::c4: ka_concept_1.c7 IS HIGH,0.1161503997165112,17.962488623710215,0.488240227554277,1304,0.007235408294945955,296982.6936036317,0.04634875794821952,0.7717632162076606,0.5038764626474695
covtype_binary_20000,23,793,layer_0::c9: Wilderness_Area_2 IS absent,-0.0010794233862480018,-0.0004894831194658389,0.004471116013336371,7,0.007117812987416983,6.673416751922829,0.0040993847357668756,0.7717632162076606,0.5038764626474695
covtype_binary_20000,23,794,layer_0::c5: Horizontal_Distance_To_Fire_Points IS HIGH,0.1161503997165112,17.809521715827184,0.4876497133182519,1304,0.007097226567566395,3252700.40525257,0.004695676918086008,0.7717632162076606,0.5038764626474695
covtype_binary_20000,23,795,layer_1::c5: ka_concept_1.c5 IS HIGH,0.7717632162076606,16.954406490900222,0.5117597702502564,1696,0.006904605310410261,207902.16918589958,0.011163310840569466,0.7717632162076606,0.5038764626474695
covtype_binary_20000,23,796,layer_1::c0: ka_concept_1.c9 IS HIGH,0.7717632162076606,15.374817203533079,0.5102639797919029,1696,0.0068037244491279125,28967.966247271077,0.009364936300551865,0.7717632162076606,0.5038764626474695
covtype_binary_20000,23,797,layer_1::c5: ka_concept_1.c9 IS HIGH,0.1161503997165112,17.841645941924288,0.48823738783565945,1304,0.006780466064810753,1158371.2337055109,0.01128626371561101,0.7717632162076606,0.5038764626474695
covtype_binary_20000,23,798,layer_0::c11: Soil_Type_21 IS absent,0.0,-9.635511906946892e-05,0.0006926942517327707,0,0.006780358497053385,2.661058428861324,0.0015788845722775591,0.7717632162076606,0.5038764626474695
covtype_binary_20000,23,799,layer_0::c5: Horizontal_Distance_To_Roadways IS HIGH,0.1161503997165112,17.959133279882977,0.48824022755427693,1304,0.006741611286997795,1654956.1449557366,0.0044703475863007045,0.7717632162076606,0.5038764626474695
covtype_binary_20000,23,800,layer_1::c4: ka_concept_1.c1 IS HIGH,0.1161503997165112,16.930943323089288,0.48814586703994933,1304,0.006656731478869915,95366.79540818451,0.0409568137855246,0.7717632162076606,0.5038764626474695
covtype_binary_20000,23,801,layer_1::c5: ka_concept_1.c10 IS MEDIUM,0.1161503997165112,17.962488623710215,0.488240227554277,1304,0.006494180765002966,1406335.7034864859,0.010551741644895325,0.7717632162076606,0.5038764626474695
covtype_binary_20000,23,802,layer_1::c4: projection_2 IS LOW,0.1161503997165112,17.196826545759425,0.488240227539221,1304,0.006484136451035738,486572.7660460368,0.041095566267177974,0.7717632162076606,0.5038764626474695
covtype_binary_20000,23,803,layer_1::c4: ka_concept_1.c2 IS MEDIUM,0.1161503997165112,17.962488623710215,0.488240227554277,1304,0.006467229686677456,261009.40318480638,0.04105486287960472,0.7717632162076606,0.5038764626474695
covtype_binary_20000,23,804,layer_1::c5: ka_concept_1.c11 IS MEDIUM,0.1161503997165112,17.962488623710215,0.488240227554277,1304,0.006409819237887859,537375.1058554281,0.010337300963214753,0.7717632162076606,0.5038764626474695
covtype_binary_20000,23,805,layer_0::c8: Soil_Type_26 IS present,0.005277074124194536,0.13037305804275723,0.005834771822548419,20,0.006409314461052418,76.0390451465446,0.002364756431100735,0.7717632162076606,0.5038764626474695
covtype_binary_20000,23,806,layer_1::c0: projection_4 IS HIGH,0.7717632162076606,17.073411840111994,0.511759772445723,1696,0.006199842318892479,3086146.011274941,0.008309469424110526,0.7717632162076606,0.5038764626474695
covtype_binary_20000,23,807,layer_1::c3: projection_7 IS LOW,0.7717632162076606,17.073411840111994,0.511759772445723,1696,0.005972079001367092,587152.7000245986,0.006344359804565708,0.7717632162076606,0.5038764626474695
covtype_binary_20000,23,808,layer_1::c4: ka_concept_1.c4 IS LOW,0.1161503997165112,17.805328225795595,0.4879138700639091,1304,0.005951453000307083,205092.5155501248,0.03796957742753147,0.7717632162076606,0.5038764626474695
covtype_binary_20000,23,809,layer_1::c5: ka_concept_1.c1 IS MEDIUM,0.1161503997165112,17.962488623710215,0.488240227554277,1304,0.005648005288094282,2803772.391669299,0.009144916910716953,0.7717632162076606,0.5038764626474695
covtype_binary_20000,23,810,layer_0::c11: Slope IS HIGH,0.11585646884159917,17.2278545399378,0.4868858622077299,1302,0.005556025076657534,1492313.3156585386,0.001310453542791412,0.7717632162076606,0.5038764626474695
covtype_binary_20000,23,811,"projection_layer::pursuit_1(Elevation, Vertical_Distance_To_Hydrology, Soil_Type_40, Soil_Type_6) IS HIGH",0.19165031998534188,0.3530163157750499,0.23635450521041365,856,0.0051910001784563065,626.0744953641174,0.0039644047096275585,0.7717632162076606,0.5038764626474695
covtype_binary_20000,23,812,layer_1::c4: ka_concept_1.c2 IS LOW,0.1161503997165112,17.962488623710215,0.488240227554277,1304,0.005090176127851009,1287707.57648495,0.031505442816471864,0.7717632162076606,0.5038764626474695
covtype_binary_20000,23,813,layer_0::c10: Soil_Type_18 IS present,0.0032652803550090592,0.04561796552992814,0.0028981041326506573,10,0.004955037962645292,26.651780946576764,0.002183271936313152,0.7717632162076606,0.5038764626474695
covtype_binary_20000,23,814,layer_0::c11: Soil_Type_21 IS present,-0.0009784636655564283,-0.0012126706884361127,0.0010397329425749198,4,0.004949009511619806,20.111614861978524,0.001200268299871823,0.7717632162076606,0.5038764626474695
covtype_binary_20000,23,815,layer_1::c4: ka_concept_1.c7 IS LOW,0.1161503997165112,17.81625673816019,0.48800297688161187,1304,0.004919725004583597,241218.834814542,0.03098700744334504,0.7717632162076606,0.5038764626474695
covtype_binary_20000,23,816,layer_1::c3: ka_concept_1.c6 IS HIGH,0.1161503997165112,17.741474724639474,0.48824022735485445,1304,0.004604985471814871,740316.3065709537,0.004952925437558709,0.7717632162076606,0.5038764626474695
covtype_binary_20000,23,817,layer_0::c3: Wilderness_Area_2 IS present,0.00028936517754973856,-0.00034035634317053365,0.0007708705768910088,4,0.004601879045367241,3.515542989005553,0.001117417585871408,0.7717632162076606,0.5038764626474695
covtype_binary_20000,23,818,layer_0::c10: Soil_Type_34 IS present,0.002337272661831258,0.005370246730111661,0.0016038356687718854,6,0.0045982287265360355,7.009692040268419,0.001447234435142794,0.7717632162076606,0.5038764626474695
covtype_binary_20000,23,819,layer_1::c0: projection_5 IS LOW,0.7717632162076606,17.073411840111994,0.511759772445723,1696,0.004557323642075062,2069946.839488394,0.006128764826901412,0.7717632162076606,0.5038764626474695
covtype_binary_20000,23,820,layer_1::c3: projection_2 IS LOW,0.1161503997165112,17.24148697780272,0.48824022754727486,1304,0.004264541435986757,4530538.418409961,0.004556079803771809,0.7717632162076606,0.5038764626474695
covtype_binary_20000,23,821,layer_0::c1: Wilderness_Area_1 IS absent,0.0,-1.7265721939496714e-05,0.00010111043267658522,0,0.003918198868632317,1.0139399273228804,0.0005897183963094458,0.7717632162076606,0.5038764626474695
covtype_binary_20000,23,822,layer_0::c7: Soil_Type_18 IS present,0.0032652803550090592,0.009165143030875122,0.0026003245404331685,10,0.0038623532745987177,14.289159699132142,0.001145995287806727,0.7717632162076606,0.5038764626474695
covtype_binary_20000,23,823,layer_1::c4: ka_concept_1.c9 IS MEDIUM,0.1161503997165112,17.962488623710215,0.488240227554277,1304,0.0037874977570027113,717721.2430553313,0.024167095764928186,0.7717632162076606,0.5038764626474695
covtype_binary_20000,23,824,layer_0::c7: Soil_Type_35 IS present,0.0,-0.00021644631156569893,0.0002182847556063309,0,0.0037636400666087866,5.74160036329009,0.0010372117721271935,0.7717632162076606,0.5038764626474695
covtype_binary_20000,23,825,layer_0::c11: Soil_Type_9 IS present,-0.00024438353901445886,0.0001644010961764364,0.00028054085516620436,1,0.003693338017910719,1.7460235066937457,0.0007532307744804712,0.7717632162076606,0.5038764626474695
covtype_binary_20000,23,826,layer_1::c5: projection_6 IS HIGH,0.7717632162076606,17.073411840111994,0.511759772445723,1696,0.0035136439837515354,2227138.663193323,0.005786167185093897,0.7717632162076606,0.5038764626474695
covtype_binary_20000,23,827,layer_1::c4: ka_concept_1.c3 IS LOW,0.1161503997165112,17.624079485747963,0.4882401633652333,1304,0.0034495703876018524,125920.9082906826,0.021119337634721888,0.7717632162076606,0.5038764626474695
covtype_binary_20000,23,828,layer_1::c3: projection_6 IS HIGH,0.7717632162076606,17.073411840111994,0.511759772445723,1696,0.0034011523239314556,1517543.3902502835,0.0036330379780265504,0.7717632162076606,0.5038764626474695
covtype_binary_20000,23,829,layer_0::c7: Soil_Type_26 IS present,0.005277074124194536,0.06745299652601111,0.005650455246446233,20,0.0033909447956830263,56.84095381850875,0.0017595419850719434,0.7717632162076606,0.5038764626474695
covtype_binary_20000,23,830,layer_0::c9: Soil_Type_18 IS present,0.0032652803550090592,0.039905148011589175,0.0028682618623832898,10,0.0033891163766384125,25.130939753667917,0.002055424704315859,0.7717632162076606,0.5038764626474695
covtype_binary_20000,23,831,layer_0::c9: Wilderness_Area_2 IS present,-0.00021130608533304063,-0.0008614422545653033,0.0023226560979590924,19,0.0032820948399603367,6.139657019980973,0.0019595831671203995,0.7717632162076606,0.5038764626474695
covtype_binary_20000,23,832,layer_0::c6: Soil_Type_18 IS present,0.0032652803550090592,0.01750718255256456,0.002744651521720788,10,0.0032787080854177475,17.794416457241823,0.0014629448051588648,0.7717632162076606,0.5038764626474695
covtype_binary_20000,23,833,layer_1::c0: projection_3 IS HIGH,0.1161503997165112,17.962488623710215,0.488240227554277,1304,0.003244724590331316,18435598.54859611,0.004408181536203301,0.7717632162076606,0.5038764626474695
covtype_binary_20000,23,834,layer_1::c4: projection_7 IS LOW,0.7717632162076606,17.073411840111994,0.511759772445723,1696,0.003219071077182889,999830.5975880055,0.020286944977007806,0.7717632162076606,0.5038764626474695
covtype_binary_20000,23,835,layer_1::c4: projection_6 IS MEDIUM,0.1161503997165112,17.962488623710215,0.488240227554277,1304,0.0031442781910300255,1365747.187249312,0.019878811681643127,0.7717632162076606,0.5038764626474695
covtype_binary_20000,23,836,layer_0::c6: Soil_Type_35 IS present,0.0,-0.00024765630423506657,0.0002606101834269934,0,0.003007406834512949,7.219099135191854,0.0012463667742122198,0.7717632162076606,0.5038764626474695
covtype_binary_20000,23,837,layer_0::c7: Hillshade_9am IS MEDIUM,0.7036111847528769,15.93235772964725,0.49292153008882317,1633,0.0029204015154391527,3156963.225893038,0.0008202239495377983,0.7717632162076606,0.5038764626474695
covtype_binary_20000,23,838,layer_1::c3: ka_concept_1.c5 IS HIGH,0.1161503997165112,17.95157350377568,0.4882402275542643,1304,0.002831490943208337,2517775.145409552,0.0029694769687163597,0.7717632162076606,0.5038764626474695
covtype_binary_20000,23,839,layer_0::c10: Soil_Type_21 IS present,-0.0009784636655564283,-0.001213668636196319,0.0010468177909819154,4,0.00280420808121562,20.491560247781308,0.0012242076175753027,0.7717632162076606,0.5038764626474695
covtype_binary_20000,23,840,layer_1::c3: ka_concept_1.c9 IS MEDIUM,0.1161503997165112,17.962488623710215,0.488240227554277,1304,0.0027969160582870245,1388863.9522310116,0.0030083448645988635,0.7717632162076606,0.5038764626474695
covtype_binary_20000,23,841,layer_1::c2: projection_4 IS HIGH,0.7717632162076606,17.06874235726821,0.511759772445723,1696,0.002757224952802062,52961.6483480926,0.004297893888821515,0.7717632162076606,0.5038764626474695
covtype_binary_20000,23,842,layer_1::c4: projection_0 IS HIGH,0.1161503997165112,17.962488623710215,0.488240227554277,1304,0.0026006214320659637,352169.1753037927,0.016545073522332435,0.7717632162076606,0.5038764626474695
covtype_binary_20000,23,843,layer_0::c9: Soil_Type_26 IS present,0.005277074124194536,0.16759292640247592,0.005943805336235497,20,0.002498670481145382,85.66222223202021,0.0026501602882975325,0.7717632162076606,0.5038764626474695
covtype_binary_20000,23,844,layer_0::c11: Soil_Type_26 IS present,0.005277074124194536,0.01781345684117097,0.005374077332487057,20,0.0024978662841022015,34.499724824832356,0.0010692845690452183,0.7717632162076606,0.5038764626474695
covtype_binary_20000,23,845,layer_0::c5: Vertical_Distance_To_Hydrology IS HIGH,0.1161503997165112,17.962488623710215,0.488240227554277,1304,0.0024942795280367136,9875266.840188727,0.0016746027091752845,0.7717632162076606,0.5038764626474695
covtype_binary_20000,23,846,layer_1::c0: projection_1 IS HIGH,0.1161503997165112,17.962488623710215,0.488240227554277,1304,0.002493601758033037,5538149.262546366,0.0033833853331549715,0.7717632162076606,0.5038764626474695
covtype_binary_20000,23,847,"projection_layer::pursuit_4(Horizontal_Distance_To_Hydrology, Soil_Type_22, Soil_Type_30, Soil_Type_35) IS HIGH",0.0011675254598786378,0.00030802768570736827,0.0008197171920051591,3,0.0024728949647396803,3.1948053694510747,0.0014854041088252356,0.7717632162076606,0.5038764626474695
covtype_binary_20000,23,848,layer_0::c2: Vertical_Distance_To_Hydrology IS HIGH,0.7717632162076606,17.059075548503415,0.5117593174957464,1696,0.002468508668243885,6182284.984663391,0.0006838722983703747,0.7717632162076606,0.5038764626474695
covtype_binary_20000,23,849,layer_0::c5: Wilderness_Area_2 IS present,0.0010159984016192558,-0.0006962300614310468,0.0017535148289128785,14,0.002453833818435669,5.3229550454317405,0.0016955727539898363,0.7717632162076606,0.5038764626474695
covtype_binary_20000,23,850,layer_0::c10: Soil_Type_26 IS present,0.005277074124194536,0.06738854843780717,0.005650266345398516,20,0.0022918570321053267,56.586064491727484,0.0017660232720057441,0.7717632162076606,0.5038764626474695
covtype_binary_20000,23,851,layer_1::c5: ka_concept_1.c6 IS HIGH,0.7717632162076606,17.066030250180596,0.5117597724457228,1696,0.0022271752823144197,2027010.0346882204,0.0036929822843342966,0.7717632162076606,0.5038764626474695
covtype_binary_20000,23,852,layer_0::c7: Wilderness_Area_3 IS present,0.0,-1.9543638381747108e-05,0.00011435260328492576,0,0.0022248534951359034,0.9867615376990919,0.0006425134117970828,0.7717632162076606,0.5038764626474695
covtype_binary_20000,23,853,layer_1::c4: projection_5 IS LOW,0.1161503997165112,9.255606111217183,0.47668908121798587,1304,0.0021675138268619776,4236.131322173685,0.013564133276192781,0.7717632162076606,0.5038764626474695
covtype_binary_20000,23,854,layer_1::c2: projection_6 IS HIGH,0.7717632162076606,17.073411840111994,0.511759772445723,1696,0.002071845345199108,856065.784380396,0.0032813221787606987,0.7717632162076606,0.5038764626474695
covtype_binary_20000,23,855,layer_1::c4: projection_4 IS HIGH,0.1161503997165112,17.962488623710215,0.488240227554277,1304,0.002024246146902442,1924313.0501625608,0.012624754543260982,0.7717632162076606,0.5038764626474695
covtype_binary_20000,23,856,layer_1::c4: ka_concept_1.c6 IS LOW,0.7717632162076606,17.073411840111994,0.511759772445723,1696,0.0019423309713602066,2461218.6041222243,0.012289697411676266,0.7717632162076606,0.5038764626474695
covtype_binary_20000,23,857,layer_0::c10: Soil_Type_11 IS present,0.0007781037591335638,0.00014658689773183742,0.0010506909375733405,2,0.0017709588864818215,7.687883242736007,0.0007697615984253995,0.7717632162076606,0.5038764626474695
covtype_binary_20000,23,858,layer_1::c4: ka_concept_1.c10 IS HIGH,0.1161503997165112,17.962488623710215,0.488240227554277,1304,0.0017337045865133405,2847701.579545041,0.010600087876809387,0.7717632162076606,0.5038764626474695
covtype_binary_20000,23,859,layer_1::c1: ka_concept_1.c6 IS LOW,0.1161503997165112,17.962488623710215,0.488240227554277,1304,0.0017137654358521104,170864.23684703314,0.219267304025474,0.7717632162076606,0.5038764626474695
covtype_binary_20000,23,860,layer_0::c9: Soil_Type_21 IS present,-0.0009784636655564283,-0.001204534274391711,0.0009849712783744438,4,0.0016691741766408086,16.836256367269016,0.0010029995306103955,0.7717632162076606,0.5038764626474695
covtype_binary_20000,23,861,layer_1::c4: ka_concept_1.c3 IS HIGH,0.1161503997165112,17.962488623710215,0.488240227554277,1304,0.0016396624268963933,1356366.1843363116,0.01044667426757951,0.7717632162076606,0.5038764626474695
covtype_binary_20000,23,862,layer_1::c2: ka_concept_1.c6 IS HIGH,0.1161503997165112,17.962488623710215,0.488240227554277,1304,0.001517614466138184,6267639.531169074,0.0024201520129084504,0.7717632162076606,0.5038764626474695
covtype_binary_20000,23,863,layer_1::c2: ka_concept_1.c5 IS HIGH,0.4618590628530281,5.652240562532599,0.3478662968284877,1281,0.0014973218785598874,7153.703624864645,0.00232823929155893,0.7717632162076606,0.5038764626474695
covtype_binary_20000,23,864,layer_1::c0: ka_concept_1.c5 IS HIGH,0.7717632162076606,17.072119987842118,0.5117597724457092,1696,0.0014942280249670148,2670590.301004259,0.001997737893818339,0.7717632162076606,0.5038764626474695
covtype_binary_20000,23,865,layer_1::c2: ka_concept_1.c2 IS MEDIUM,0.7717632162076606,17.073411840111994,0.511759772445723,1696,0.0014877268113195896,5971010.6426520925,0.0023604422856927463,0.7717632162076606,0.5038764626474695
covtype_binary_20000,23,866,layer_1::c1: projection_6 IS LOW,0.7717632162076606,17.073411840111994,0.511759772445723,1696,0.001414390397258103,96057.95230945226,0.18093455835431815,0.7717632162076606,0.5038764626474695
covtype_binary_20000,23,867,layer_1::c1: projection_7 IS MEDIUM,0.1161503997165112,17.962488623710215,0.488240227554277,1304,0.0014050242025405169,68775.55389720923,0.17966947335004807,0.7717632162076606,0.5038764626474695
covtype_binary_20000,23,868,layer_1::c1: ka_concept_1.c8 IS MEDIUM,0.1161503997165112,17.962488623710215,0.488240227554277,1304,0.001352052902802825,34704.17183247699,0.17319430729870994,0.7717632162076606,0.5038764626474695
covtype_binary_20000,23,869,layer_1::c5: projection_1 IS HIGH,0.7717632162076606,17.073411840111994,0.511759772445723,1696,0.0013172016479074955,4317072.592887768,0.002161270397133194,0.7717632162076606,0.5038764626474695
covtype_binary_20000,23,870,layer_0::c5: Soil_Type_2 IS absent,0.0,-2.612468857776662e-05,0.00018346018320416325,0,0.0012038779677823186,1.3840559942089854,0.00080242903822068,0.7717632162076606,0.5038764626474695
covtype_binary_20000,23,871,layer_1::c3: projection_1 IS HIGH,0.7717632162076606,17.073411840111994,0.511759772445723,1696,0.0011894307099282742,4728838.402909316,0.001265921090807145,0.7717632162076606,0.5038764626474695
covtype_binary_20000,23,872,layer_0::c5: Horizontal_Distance_To_Roadways IS LOW,0.6574048934630609,15.067382830224727,0.4785687959866858,1585,0.0011893401388078928,16908657.216085695,0.0007961508040345124,0.7717632162076606,0.5038764626474695
covtype_binary_20000,23,873,layer_1::c1: ka_concept_1.c2 IS HIGH,0.7717632162076606,17.068629900180323,0.5117577855623782,1696,0.0011698199668899179,12727.704331209432,0.14988831472381328,0.7717632162076606,0.5038764626474695
covtype_binary_20000,23,874,layer_0::c5: Soil_Type_18 IS present,0.0032652803550090592,0.0030153111864087423,0.0018235375612819075,10,0.0011666553327813745,10.187361685198084,0.0008188725429014691,0.7717632162076606,0.5038764626474695
covtype_binary_20000,23,875,layer_1::c4: ka_concept_1.c6 IS HIGH,0.7717632162076606,17.073411840111994,0.511759772445723,1696,0.0010795502457767725,3040243.55165115,0.006888112066123237,0.7717632162076606,0.5038764626474695
covtype_binary_20000,23,876,layer_0::c5: Wilderness_Area_2 IS present,-0.00024438353901445886,-0.0001565552781993551,0.00033974017069092683,1,0.00107647106051445,2.3182743690296093,0.0007438298923270849,0.7717632162076606,0.5038764626474695
covtype_binary_20000,23,877,layer_1::c2: projection_1 IS HIGH,0.7717632162076606,17.073411840111994,0.511759772445723,1696,0.0010144244879484177,2109559.4470365723,0.0016007920796012817,0.7717632162076606,0.5038764626474695
covtype_binary_20000,23,878,layer_1::c1: projection_5 IS MEDIUM,0.7717632162076606,17.073411840111994,0.511759772445723,1696,0.0009679039940237999,183685.6638465753,0.12295711299652855,0.7717632162076606,0.5038764626474695
covtype_binary_20000,23,879,layer_1::c1: projection_5 IS HIGH,0.1161503997165112,17.962488623710215,0.488240227554277,1304,0.0009352292981930077,21105.60067682924,0.1204682107642293,0.7717632162076606,0.5038764626474695
covtype_binary_20000,23,880,layer_1::c1: projection_6 IS MEDIUM,0.1161503997165112,17.962488623710215,0.488240227554277,1304,0.0008710261899977922,212648.86871561556,0.11135384446755052,0.7717632162076606,0.5038764626474695
covtype_binary_20000,23,881,layer_1::c1: projection_4 IS LOW,0.7717632162076606,17.073411840111994,0.511759772445723,1696,0.0008652106043882668,76602.69292366577,0.1110727088265121,0.7717632162076606,0.5038764626474695
covtype_binary_20000,23,882,layer_1::c1: projection_2 IS MEDIUM,0.1161503997165112,17.962488623710215,0.488240227554277,1304,0.0008503502467647195,46947.68147711595,0.10895728383896251,0.7717632162076606,0.5038764626474695
covtype_binary_20000,23,883,layer_1::c1: ka_concept_1.c11 IS MEDIUM,0.7717632162076606,17.073411840111994,0.511759772445723,1696,0.0008232567342929542,145045.9689496533,0.10330840920827662,0.7717632162076606,0.5038764626474695
covtype_binary_20000,23,884,layer_1::c1: ka_concept_1.c3 IS HIGH,0.7717632162076606,17.073411840111994,0.511759772445723,1696,0.0008018321241252124,231857.32563228963,0.10330268349402467,0.7717632162076606,0.5038764626474695
covtype_binary_20000,23,885,layer_1::c1: projection_1 IS LOW,0.1161503997165112,17.962488623710215,0.488240227554277,1304,0.0007986687123775482,372800.59956722724,0.10220290261010329,0.7717632162076606,0.5038764626474695
covtype_binary_20000,23,886,layer_1::c1: ka_concept_1.c9 IS LOW,0.1161503997165112,17.962488623710215,0.488240227554277,1304,0.0007895309827290475,170921.0311681814,0.10001838842579551,0.7717632162076606,0.5038764626474695
covtype_binary_20000,23,887,layer_1::c4: ka_concept_1.c5 IS HIGH,0.10249178435291462,9.437979736471553,0.4465943986955287,1192,0.0007420827751047909,42496.4295797127,0.004616798756487696,0.7717632162076606,0.5038764626474695
covtype_binary_20000,23,888,layer_1::c1: ka_concept_1.c2 IS MEDIUM,0.1161503997165112,17.962488623710215,0.488240227554277,1304,0.0006858675624243915,117368.41433977254,0.08804225029361745,0.7717632162076606,0.5038764626474695
covtype_binary_20000,23,889,"projection_layer::pursuit_6(Horizontal_Distance_To_Roadways, Soil_Type_38, Wilderness_Area_2, Soil_Type_18) IS HIGH",-0.0017492598000169446,-0.0009451785226594067,0.007351907124955126,33,0.0006620620843023062,108.67190640326686,0.000373595591109269,0.7717632162076606,0.5038764626474695
covtype_binary_20000,23,890,layer_1::c1: ka_concept_1.c4 IS MEDIUM,0.1161503997165112,17.962488623710215,0.488240227554277,1304,0.0006610824493691325,100724.00742000158,0.08337921855878085,0.7717632162076606,0.5038764626474695
covtype_binary_20000,23,891,layer_1::c1: ka_concept_1.c9 IS MEDIUM,0.7717632162076606,17.073411840111994,0.511759772445723,1696,0.0006607385003007948,19801.175627566747,0.08525231602648273,0.7717632162076606,0.5038764626474695
covtype_binary_20000,23,892,layer_1::c1: projection_0 IS MEDIUM,0.7717632162076606,17.073411840111994,0.511759772445723,1696,0.0006580540211871266,159375.89829393107,0.08457565684989095,0.7717632162076606,0.5038764626474695
covtype_binary_20000,23,893,layer_1::c1: ka_concept_1.c0 IS MEDIUM,0.1161503997165112,17.962488623710215,0.488240227554277,1304,0.000624326930847019,94866.13012897136,0.0790957385522003,0.7717632162076606,0.5038764626474695
covtype_binary_20000,23,894,layer_1::c1: ka_concept_1.c3 IS MEDIUM,0.7717632162076606,17.073411840111994,0.511759772445723,1696,0.0005812229937873781,221193.70930225065,0.0736023648319145,0.7717632162076606,0.5038764626474695
covtype_binary_20000,23,895,layer_1::c1: projection_3 IS MEDIUM,0.7717632162076606,17.073411840111994,0.511759772445723,1696,0.0005698506720364094,617699.968664828,0.07287203949829564,0.7717632162076606,0.5038764626474695
covtype_binary_20000,23,896,layer_1::c1: ka_concept_1.c11 IS HIGH,0.7717632162076606,16.997607482153906,0.5117123316409952,1696,0.0005679652094841003,3676.565054747871,0.07338193795552554,0.7717632162076606,0.5038764626474695
covtype_binary_20000,23,897,layer_1::c1: ka_concept_1.c0 IS HIGH,0.7717632162076606,17.0734118409689,0.5117597715888156,1696,0.0005528866313397884,227014.43852720896,0.07211516817044564,0.7717632162076606,0.5038764626474695
covtype_binary_20000,23,898,layer_1::c1: ka_concept_1.c8 IS LOW,0.7717632162076606,17.073411840111994,0.511759772445723,1696,0.0005414391634985805,334576.33991072455,0.06796854604030765,0.7717632162076606,0.5038764626474695
covtype_binary_20000,23,899,layer_1::c4: ka_concept_1.c8 IS MEDIUM,0.7717632162076606,17.073411840111994,0.511759772445723,1696,0.0005257045268081129,694834.7076790966,0.0033302524845154648,0.7717632162076606,0.5038764626474695
covtype_binary_20000,23,900,layer_1::c1: ka_concept_1.c1 IS LOW,0.1161503997165112,17.559280478016365,0.4881482064932978,1304,0.0005089475307613611,132777.4838263943,0.06579754425427987,0.7717632162076606,0.5038764626474695
covtype_binary_20000,23,901,layer_1::c1: ka_concept_1.c7 IS LOW,0.7717632162076606,17.073411840995245,0.5117597715624722,1696,0.0004860975604970008,249302.2926154715,0.061910861421928226,0.7717632162076606,0.5038764626474695
covtype_binary_20000,23,902,layer_1::c1: ka_concept_1.c10 IS MEDIUM,0.7717632162076606,17.073411840111994,0.511759772445723,1696,0.000415556802181527,42915.96319848788,0.052537468296320486,0.7717632162076606,0.5038764626474695
covtype_binary_20000,23,903,layer_1::c1: projection_4 IS MEDIUM,0.1161503997165112,17.962488623710215,0.488240227554277,1304,0.0003725389251485467,20472.33185301772,0.047482873141765594,0.7717632162076606,0.5038764626474695
covtype_binary_20000,23,904,layer_1::c1: ka_concept_1.c10 IS LOW,0.7717632162076606,17.073411840111994,0.511759772445723,1696,0.0003652708837762475,258218.31906719063,0.04732300751007278,0.7717632162076606,0.5038764626474695
covtype_binary_20000,23,905,layer_1::c1: ka_concept_1.c7 IS MEDIUM,0.7717632162076606,17.073411840111994,0.511759772445723,1696,0.0003523704071994871,840423.8272358065,0.045317545692902056,0.7717632162076606,0.5038764626474695
covtype_binary_20000,23,906,layer_1::c1: projection_0 IS LOW,0.1161503997165112,17.962488623710215,0.488240227554277,1304,0.0003452637465670705,414844.8117573017,0.043909791513035694,0.7717632162076606,0.5038764626474695
covtype_binary_20000,23,907,layer_1::c1: projection_2 IS LOW,0.7717632162076606,17.073411840111994,0.511759772445723,1696,0.00033531125518493354,2362708.4159687776,0.0429729757273999,0.7717632162076606,0.5038764626474695
covtype_binary_20000,23,908,layer_1::c1: ka_concept_1.c5 IS LOW,0.7717632162076606,17.073411840111994,0.511759772445723,1696,0.00031217627110891044,108430.03171785103,0.03998682069561134,0.7717632162076606,0.5038764626474695
covtype_binary_20000,23,909,layer_1::c1: ka_concept_1.c4 IS LOW,0.7717632162076606,17.073411842145553,0.5117597704121684,1696,0.0003000513825099915,415460.9640818843,0.03870908099446872,0.7717632162076606,0.5038764626474695
covtype_binary_20000,23,910,layer_1::c1: projection_1 IS MEDIUM,0.7717632162076606,17.073411840111994,0.511759772445723,1696,0.00027753275935538113,748465.897818097,0.0354562451671809,0.7717632162076606,0.5038764626474695
covtype_binary_20000,23,911,layer_1::c1: projection_3 IS LOW,0.7717632162076606,17.073411840111994,0.511759772445723,1696,0.00025719281984493136,915522.7874948722,0.03299400707210104,0.7717632162076606,0.5038764626474695
covtype_binary_20000,23,912,layer_1::c1: ka_concept_1.c5 IS MEDIUM,0.1161503997165112,17.962488623710215,0.488240227554277,1304,0.00024062483862508088,246829.30272950453,0.03041232871504811,0.7717632162076606,0.5038764626474695
covtype_binary_20000,23,913,layer_1::c1: ka_concept_1.c1 IS MEDIUM,0.1161503997165112,17.962488623710215,0.488240227554277,1304,0.00024040314019657671,232041.76298854468,0.03028753067739308,0.7717632162076606,0.5038764626474695
covtype_binary_20000,23,914,layer_1::c1: projection_7 IS HIGH,0.1161503997165112,17.962488623710215,0.488240227554277,1304,0.00023368555412162095,64220.68389921849,0.029987680812055866,0.7717632162076606,0.5038764626474695
covtype_binary_20000,23,915,layer_1::c1: ka_concept_1.c8 IS HIGH,0.1161503997165112,17.836839729150704,0.4882366254472606,1304,0.00015848111070226878,978485.2477875694,0.02085184495431622,0.7717632162076606,0.5038764626474695
covtype_binary_20000,23,916,layer_1::c1: ka_concept_1.c6 IS MEDIUM,0.7717632162076606,17.073411840111994,0.511759772445723,1696,0.0001253249211004004,1346738.8314287947,0.01628809438017197,0.7717632162076606,0.5038764626474695
covtype_binary_20000,23,917,layer_1::c1: projection_7 IS LOW,0.1161503997165112,17.962488623710215,0.488240227554277,1304,9.708434663480148e-05,2614800.3560494795,0.012371998020447791,0.7717632162076606,0.5038764626474695
covtype_binary_20000,23,918,layer_1::c1: projection_2 IS HIGH,0.1161503997165112,17.962488623710215,0.488240227554277,1304,9.540035534882918e-05,976743.9991864227,0.012119498527764032,0.7717632162076606,0.5038764626474695
covtype_binary_20000,23,919,layer_1::c1: ka_concept_1.c0 IS LOW,0.7717632162076606,16.608211893173063,0.5117595679255931,1696,7.494156307075173e-05,1162948.6724489594,0.009224070928004948,0.7717632162076606,0.5038764626474695
covtype_binary_20000,23,920,layer_1::c4: projection_6 IS HIGH,0.1161503997165112,17.962488623710215,0.488240227554277,1304,7.457456376869231e-05,7858537.870500567,0.0004725616254169533,0.7717632162076606,0.5038764626474695
covtype_binary_20000,23,921,layer_1::c1: ka_concept_1.c1 IS HIGH,0.1161503997165112,17.262959404255167,0.4882246753439417,1304,6.447702617151663e-05,707984.0286396974,0.008021853039090122,0.7717632162076606,0.5038764626474695
covtype_binary_20000,23,922,layer_1::c4: ka_concept_1.c9 IS HIGH,0.7717632162076606,17.072795934754076,0.5117596946876696,1696,5.087756289867684e-05,22627918.62160452,0.00032587529747598866,0.7717632162076606,0.5038764626474695
covtype_binary_20000,23,923,layer_1::c1: ka_concept_1.c10 IS HIGH,0.7717632162076606,17.073411840111994,0.511759772445723,1696,4.674851879826747e-05,4180607.099477346,0.005779719524961668,0.7717632162076606,0.5038764626474695
covtype_binary_20000,23,924,layer_1::c1: projection_3 IS HIGH,0.1161503997165112,17.962488623710215,0.488240227554277,1304,4.052371878060512e-05,38226408.718719184,0.005180389611745341,0.7717632162076606,0.5038764626474695
covtype_binary_20000,23,925,layer_1::c1: ka_concept_1.c2 IS LOW,0.1161503997165112,15.63043158563033,0.487445479234206,1304,3.945417847717181e-05,201746.89321349707,0.004937990851164613,0.7717632162076606,0.5038764626474695
covtype_binary_20000,23,926,layer_1::c1: ka_concept_1.c9 IS HIGH,0.7717632162076606,16.156360349143103,0.5114129827824598,1696,3.168903276673518e-05,131577.69596606665,0.004104295770391824,0.7717632162076606,0.5038764626474695
covtype_binary_20000,23,927,layer_1::c1: ka_concept_1.c3 IS LOW,0.1161503997165112,17.957080558122804,0.48824022755425617,1304,2.245405994472094e-05,2605084.2510474636,0.002779807395676168,0.7717632162076606,0.5038764626474695
covtype_binary_20000,23,928,layer_1::c1: projection_0 IS HIGH,0.1161503997165112,17.962488623710215,0.488240227554277,1304,2.20526762859663e-05,3728410.938289956,0.00283698693411255,0.7717632162076606,0.5038764626474695
covtype_binary_20000,23,929,layer_1::c1: ka_concept_1.c4 IS HIGH,0.7717632162076606,16.535439245443726,0.5117597643747697,1696,1.9588329450925812e-05,2789107.6168611418,0.002423234184661245,0.7717632162076606,0.5038764626474695
covtype_binary_20000,23,930,layer_1::c1: ka_concept_1.c11 IS LOW,0.7717632162076606,16.026481688695146,0.5117385678967484,1696,1.743591383274179e-05,3567351.2203395506,0.0021686668908506212,0.7717632162076606,0.5038764626474695
covtype_binary_20000,23,931,layer_1::c4: projection_1 IS MEDIUM,0.7717632162076606,0.6464241972540067,0.4131700194397322,1696,9.340941687696613e-06,54283.86260120675,5.901530382228278e-05,0.7717632162076606,0.5038764626474695
covtype_binary_20000,23,932,layer_1::c4: projection_1 IS HIGH,0.16936390172608395,0.15453322080373355,0.22303385894908562,825,4.653435098589398e-06,55415.90497017269,2.9380892829673637e-05,0.7717632162076606,0.5038764626474695
covtype_binary_20000,23,933,layer_1::c1: ka_concept_1.c7 IS HIGH,0.7717632162076606,16.840859865635153,0.5117597715763371,1696,4.345470642874716e-06,10058664.79885214,0.0005628807040163792,0.7717632162076606,0.5038764626474695
covtype_binary_20000,23,934,layer_1::c1: projection_6 IS HIGH,0.1161503997165112,17.962488623710215,0.488240227554277,1304,2.3193970264401287e-06,1337735.6413183103,0.00029719899548581453,0.7717632162076606,0.5038764626474695
covtype_binary_20000,23,935,layer_1::c1: projection_1 IS HIGH,0.2593277399054551,0.21149100290957956,0.25266268159454175,1028,6.067800768505549e-07,24568.73040516216,7.746885999949882e-05,0.7717632162076606,0.5038764626474695
covtype_binary_20000,29,0,"projection_layer::pursuit_2(Hillshade_Noon, Wilderness_Area_4, Soil_Type_23, Soil_Type_11) IS LOW",0.5843203946256128,0.28418973235582234,0.27726364955239274,1363,3.7846128940582275,2.199615850299324,0.7841109580137223,0.7768595041322314,0.48432855834332245
covtype_binary_20000,29,1,layer_0::c4: Elevation IS MEDIUM,0.7768595041322314,17.093148510946175,0.4837582148706582,1562,3.360764265060425,21841.51544669633,0.5960901456470853,0.7768595041322314,0.48432855834332245
covtype_binary_20000,29,2,layer_0::c4: Elevation IS LOW,0.7768595041322314,17.093048353892886,0.4838602093372731,1562,3.207977294921875,20566.620095156453,0.5643865258302394,0.7768595041322314,0.48432855834332245
covtype_binary_20000,29,3,layer_0::c1: Elevation IS LOW,0.7768595041322314,17.054321269826552,0.4836157421876589,1562,3.052614688873291,936.8754052622271,0.6473693095671283,0.7768595041322314,0.48432855834332245
covtype_binary_20000,29,4,layer_0::c2: Elevation IS LOW,0.12080569247303852,17.824987353222713,0.5149898755280462,1435,2.720996856689453,19721.95557770844,0.6082642952362732,0.7768595041322314,0.48432855834332245
covtype_binary_20000,29,5,layer_0::c5: Elevation IS LOW,0.0773187741346486,6.389396728667401,0.40678967621009166,1112,2.174713611602783,46.268536466624255,0.5413612998504419,0.7768595041322314,0.48432855834332245
covtype_binary_20000,29,6,layer_0::c3: Elevation IS MEDIUM,0.11321695480131733,16.77301128505806,0.4987966284750249,1384,2.095951557159424,4592.905507929839,0.562414475564245,0.7768595041322314,0.48432855834332245
covtype_binary_20000,29,7,layer_0::c4: Elevation IS HIGH,0.7768595041322314,17.05731636007379,0.482903118574448,1562,2.0733001232147217,35018.06438050711,0.37036873747556515,0.7768595041322314,0.48432855834332245
covtype_binary_20000,29,8,layer_0::c9: Elevation IS LOW,0.12021677522738394,17.558724639900547,0.5139086632394536,1431,2.005955696105957,6482.585645390914,0.5789533947407562,0.7768595041322314,0.48432855834332245
covtype_binary_20000,29,9,layer_0::c2: Elevation IS MEDIUM,0.11591529812364765,17.233768722220805,0.5053408589756879,1402,1.9248870611190796,25554.054397876957,0.4338084868179538,0.7768595041322314,0.48432855834332245
covtype_binary_20000,29,10,layer_0::c5: Elevation IS MEDIUM,0.7768595041322314,17.093119170014113,0.4837871316295124,1562,1.8995393514633179,35680.401994734435,0.4767184655620344,0.7768595041322314,0.48432855834332245
covtype_binary_20000,29,11,layer_0::c1: Elevation IS MEDIUM,0.11859178759679834,17.45423060284944,0.5103954633823354,1420,1.6419055461883545,88870.80456797898,0.3510401894788009,0.7768595041322314,0.48432855834332245
covtype_binary_20000,29,12,layer_0::c1: Hillshade_Noon IS HIGH,0.7553396655310208,16.715115895859743,0.4761973754423839,1538,1.6199064254760742,82765.04128889095,0.34492587344723724,0.7768595041322314,0.48432855834332245
covtype_binary_20000,29,13,layer_0::c0: Elevation IS MEDIUM,0.7768595041322314,17.093255426185777,0.48365298859045847,1562,1.6193561553955078,11800.516893919927,0.5208718701143639,0.7768595041322314,0.48432855834332245
covtype_binary_20000,29,14,layer_0::c3: Elevation IS LOW,0.12080569247303852,17.903091537824352,0.5153180287842147,1435,1.5584700107574463,67665.9814933191,0.4148061511053734,0.7768595041322314,0.48432855834332245
covtype_binary_20000,29,15,layer_0::c4: Horizontal_Distance_To_Roadways IS MEDIUM,0.7754933839136522,16.575903729735035,0.4828261429639086,1561,1.4575423002243042,81943.28991280646,0.258684434306468,0.7768595041322314,0.48432855834332245
covtype_binary_20000,29,16,layer_0::c5: Horizontal_Distance_To_Fire_Points IS MEDIUM,0.12036410363862582,17.545685069273897,0.5078319508590035,1432,1.3803706169128418,42035.44847973783,0.3460086466360561,0.7768595041322314,0.48432855834332245
covtype_binary_20000,29,17,layer_0::c1: Elevation IS HIGH,0.7768595041322314,17.036427781412556,0.4827654007493201,1562,1.3471746444702148,30936.64751619434,0.29008866628756147,0.7768595041322314,0.48432855834332245
covtype_binary_20000,29,18,layer_0::c2: Horizontal_Distance_To_Roadways IS MEDIUM,0.12124668764108193,17.630866951264117,0.5152497444353562,1438,1.3294132947921753,44946.28047623617,0.2997975303140455,0.7768595041322314,0.48432855834332245
covtype_binary_20000,29,19,layer_0::c0: Elevation IS LOW,0.7768595041322314,17.09301489476341,0.4838913805743842,1562,1.2813055515289307,108611.49588139285,0.4088017347131813,0.7768595041322314,0.48432855834332245
covtype_binary_20000,29,20,layer_0::c9: Elevation IS MEDIUM,0.1139687021385748,16.90690041174114,0.5006926531702887,1389,1.2172824144363403,10616.537062894295,0.35419472398444546,0.7768595041322314,0.48432855834332245
covtype_binary_20000,29,21,layer_0::c9: Horizontal_Distance_To_Hydrology IS LOW,0.7072143004528622,15.675304275802757,0.46304599945280883,1503,1.1931105852127075,67341.30517981842,0.3451033596307052,0.7768595041322314,0.48432855834332245
covtype_binary_20000,29,22,layer_0::c5: Horizontal_Distance_To_Roadways IS MEDIUM,0.7700475150314139,16.44288904317847,0.48239404197800817,1557,1.1625044345855713,53914.22428505259,0.29193319246141436,0.7768595041322314,0.48432855834332245
covtype_binary_20000,29,23,layer_0::c5: Elevation IS HIGH,0.10744369657209396,16.236057788612136,0.48559665206997155,1340,1.1381404399871826,61367.46786642101,0.28767875564553014,0.7768595041322314,0.48432855834332245
covtype_binary_20000,29,24,layer_0::c2: Horizontal_Distance_To_Hydrology IS LOW,0.1159543415213603,16.961680217265677,0.49247263554147835,1372,1.065158486366272,209016.74778761555,0.23862983950665836,0.7768595041322314,0.48432855834332245
covtype_binary_20000,29,25,layer_0::c0: Horizontal_Distance_To_Hydrology IS LOW,0.11658553152949169,16.62209700963765,0.4859217315244111,1355,1.0646575689315796,25723.15101554215,0.3404209216123475,0.7768595041322314,0.48432855834332245
covtype_binary_20000,29,26,layer_0::c1: Horizontal_Distance_To_Hydrology IS LOW,0.11535256126858462,16.8967246764199,0.4913652655775609,1368,1.0588130950927734,149933.95956833012,0.2250327266941204,0.7768595041322314,0.48432855834332245
covtype_binary_20000,29,27,layer_0::c1: Aspect IS MEDIUM,0.12124668764108193,17.982036528014365,0.5160556112198253,1438,1.0386340618133545,5780.5101030018,0.22197903773281724,0.7768595041322314,0.48432855834332245
covtype_binary_20000,29,28,layer_0::c4: Soil_Type_4 IS absent,0.1177582785307788,17.40256030454823,0.5005155757452555,1381,0.9610397815704346,355.64864946981135,0.17078589065608868,0.7768595041322314,0.48432855834332245
covtype_binary_20000,29,29,layer_0::c1: Slope IS MEDIUM,0.11844366254807293,17.603631018264604,0.5101001413586426,1419,0.9181933403015137,585866.3115397812,0.19662198924068564,0.7768595041322314,0.48432855834332245
covtype_binary_20000,29,30,layer_0::c10: Elevation IS LOW,0.12080569247303852,17.838701828929498,0.5150496225912097,1435,0.904607892036438,25917.825069534756,0.5093771385251247,0.7768595041322314,0.48432855834332245
covtype_binary_20000,29,31,layer_0::c4: Horizontal_Distance_To_Fire_Points IS MEDIUM,0.6669553507775988,15.682058328096966,0.4555510071417301,1460,0.9041717648506165,194325.9629661711,0.16017785475605925,0.7768595041322314,0.48432855834332245
covtype_binary_20000,29,32,layer_0::c1: Soil_Type_22 IS absent,0.10848741110897553,16.206087533069432,0.46806648271896734,1275,0.8764328360557556,366.72853983308596,0.18674489638745218,0.7768595041322314,0.48432855834332245
covtype_binary_20000,29,33,layer_0::c4: Aspect IS LOW,0.12124668764108193,17.75835556666382,0.5160556111435687,1438,0.8423978090286255,107259.07039037728,0.14863124277219564,0.7768595041322314,0.48432855834332245
covtype_binary_20000,29,34,layer_0::c2: Elevation IS HIGH,0.7768595041322314,17.06745126341296,0.48299922531015227,1562,0.8284801244735718,92183.5386787542,0.18804990265968347,0.7768595041322314,0.48432855834332245
covtype_binary_20000,29,35,"projection_layer::pursuit_5(Hillshade_9am, Wilderness_Area_1, Soil_Type_10, Soil_Type_32) IS LOW",0.08385038559119795,0.0415319532857551,0.08767928827558594,393,0.8181339502334595,1.7506457023628172,0.30808358839315514,0.7768595041322314,0.48432855834332245
covtype_binary_20000,29,36,layer_0::c1: Soil_Type_38 IS absent,0.11155802517887525,17.179522024729742,0.49505257719511836,1370,0.8091793060302734,334.5979011241852,0.17372152091106546,0.7768595041322314,0.48432855834332245
covtype_binary_20000,29,37,layer_0::c6: Horizontal_Distance_To_Roadways IS MEDIUM,0.7754933839136522,16.66017636592099,0.4830748839295702,1561,0.7875170707702637,94369.92957787127,0.2789050149646961,0.7768595041322314,0.48432855834332245
covtype_binary_20000,29,38,layer_0::c4: Hillshade_3pm IS HIGH,0.7660120465051127,16.746454913290673,0.48030151253868153,1550,0.7807756066322327,45423.802416574326,0.13840905731713082,0.7768595041322314,0.48432855834332245
covtype_binary_20000,29,39,layer_0::c2: Hillshade_9am IS HIGH,0.10773338008334965,15.610338788181897,0.47179645105742946,1312,0.7672063708305359,24556.162963235227,0.17173391182907244,0.7768595041322314,0.48432855834332245
covtype_binary_20000,29,40,layer_0::c2: Aspect IS MEDIUM,0.12124668764108193,17.808608275388625,0.5160556112176771,1438,0.7657452821731567,4103.074948233943,0.17251144549033295,0.7768595041322314,0.48432855834332245
covtype_binary_20000,29,41,layer_0::c4: Horizontal_Distance_To_Roadways IS HIGH,0.12124668764108193,17.935072388549287,0.5160556112197099,1438,0.7490867376327515,38505.73501906768,0.1303161657335586,0.7768595041322314,0.48432855834332245
covtype_binary_20000,29,42,layer_0::c5: Soil_Type_13 IS absent,0.1212541229663121,17.779215738558406,0.5091351729718,1435,0.741191565990448,352.71836616403743,0.18681914802034044,0.7768595041322314,0.48432855834332245
covtype_binary_20000,29,43,layer_0::c11: Elevation IS LOW,0.7768595041322314,16.977566276474942,0.4835114457554423,1562,0.7327014803886414,952.2930072847921,0.451729227560376,0.7768595041322314,0.48432855834332245
covtype_binary_20000,29,44,layer_0::c5: Soil_Type_4 IS absent,0.1177582785307788,17.402560733281426,0.50051758564686,1381,0.7316519618034363,360.2977193682058,0.1839733636211531,0.7768595041322314,0.48432855834332245
covtype_binary_20000,29,45,layer_0::c10: Elevation IS MEDIUM,0.7768595041322314,17.09319349386901,0.4837139059866719,1562,0.7199684977531433,22540.09921118224,0.4087154432404426,0.7768595041322314,0.48432855834332245
covtype_binary_20000,29,46,layer_0::c2: Horizontal_Distance_To_Roadways IS HIGH,0.7768595041322314,17.092959744416145,0.4839443887801746,1562,0.7132841944694519,190047.51775701207,0.15766948916210094,0.7768595041322314,0.48432855834332245
covtype_binary_20000,29,47,layer_0::c5: Soil_Type_11 IS absent,0.12080569247303852,17.835807523193264,0.5106414495771896,1435,0.6939113140106201,316.84984851696026,0.1748253142253634,0.7768595041322314,0.48432855834332245
covtype_binary_20000,29,48,layer_0::c0: Soil_Type_12 IS absent,0.12124668764108193,17.8297067108449,0.5103504433585936,1438,0.6894673705101013,432.35551663137267,0.22268408051360955,0.7768595041322314,0.48432855834332245
covtype_binary_20000,29,49,layer_0::c9: Soil_Type_30 IS absent,0.11967151045134672,17.37283010940503,0.49844701375776623,1406,0.6893984079360962,342.0567015701454,0.20027431858236014,0.7768595041322314,0.48432855834332245
covtype_binary_20000,29,50,layer_0::c1: Horizontal_Distance_To_Roadways IS MEDIUM,0.7754933839136522,16.53196938656761,0.48269014505841185,1561,0.6808906197547913,131235.32821621018,0.14566701431605908,0.7768595041322314,0.48432855834332245
covtype_binary_20000,29,51,layer_0::c6: Horizontal_Distance_To_Roadways IS HIGH,0.7768595041322314,17.015705763354703,0.48394438874523105,1562,0.6706556081771851,14834.342152403551,0.23281609102156167,0.7768595041322314,0.48432855834332245
covtype_binary_20000,29,52,layer_0::c4: Hillshade_3pm IS MEDIUM,0.12006938067544126,17.854398975631398,0.513701155205999,1430,0.667822003364563,148588.67613004276,0.11682033325580816,0.7768595041322314,0.48432855834332245
covtype_binary_20000,29,53,layer_0::c5: Aspect IS LOW,0.7768595041322314,16.94429478762823,0.48394438877580903,1562,0.6617221832275391,97530.44128242893,0.16519931213619324,0.7768595041322314,0.48432855834332245
covtype_binary_20000,29,54,layer_0::c4: Slope IS MEDIUM,0.11962679972971568,17.70627576503184,0.5126145825653738,1427,0.6613720059394836,3450451.382898563,0.1174921821330402,0.7768595041322314,0.48432855834332245
covtype_binary_20000,29,55,layer_0::c9: Hillshade_Noon IS HIGH,0.1117145600555366,15.985746391136901,0.4849534237155376,1356,0.6610044240951538,8639.73305322085,0.19155009402023374,0.7768595041322314,0.48432855834332245
covtype_binary_20000,29,56,layer_0::c9: Elevation IS HIGH,0.10988890919263716,16.563995915977436,0.4917395582488398,1362,0.6593126058578491,224497.44275098058,0.19321478823733582,0.7768595041322314,0.48432855834332245
covtype_binary_20000,29,57,layer_0::c4: Horizontal_Distance_To_Fire_Points IS LOW,0.11904770764416295,17.179943937309044,0.4990408923526176,1417,0.6509909629821777,165377.0106783281,0.11692422796690015,0.7768595041322314,0.48432855834332245
covtype_binary_20000,29,58,layer_0::c4: Soil_Type_35 IS absent,0.11947914016907701,11.7901946307595,0.5123406654696788,1426,0.6459883451461792,218.68834559832794,0.1148371962198362,0.7768595041322314,0.48432855834332245
covtype_binary_20000,29,59,layer_0::c6: Horizontal_Distance_To_Hydrology IS LOW,0.11658553152949169,16.644079098145063,0.48629591145792284,1355,0.6332830786705017,42585.13111425518,0.22281105600430495,0.7768595041322314,0.48432855834332245
covtype_binary_20000,29,60,layer_0::c5: Soil_Type_35 IS absent,0.11947914016907701,17.838162142518755,0.5123411611799339,1426,0.6232476830482483,288.17096464747374,0.15676833473752413,0.7768595041322314,0.48432855834332245
covtype_binary_20000,29,61,layer_0::c0: Elevation IS HIGH,0.7768595041322314,17.07481696356765,0.4831584220056925,1562,0.6090644598007202,155270.2065308619,0.19731040330308525,0.7768595041322314,0.48432855834332245
covtype_binary_20000,29,62,layer_0::c4: Soil_Type_13 IS absent,0.1212541229663121,10.325427360108943,0.5091140027925098,1435,0.6024590730667114,203.60820051592964,0.10731952343177212,0.7768595041322314,0.48432855834332245
covtype_binary_20000,29,63,layer_0::c1: Soil_Type_39 IS absent,0.11125585948530659,14.837318428288443,0.49395031128667644,1365,0.5985167026519775,246.62475827518847,0.12801309243461007,0.7768595041322314,0.48432855834332245
covtype_binary_20000,29,64,layer_0::c3: Hillshade_3pm IS HIGH,0.11844923617456415,17.25950935993655,0.5085185624486073,1416,0.5918722152709961,70499.4430388953,0.15873308403181272,0.7768595041322314,0.48432855834332245
covtype_binary_20000,29,65,layer_0::c6: Horizontal_Distance_To_Fire_Points IS LOW,0.1169724984825139,16.777063621650168,0.49228444415283856,1400,0.5804822444915771,13214.599365193979,0.2080490585976988,0.7768595041322314,0.48432855834332245
covtype_binary_20000,29,66,layer_0::c2: Slope IS HIGH,0.12109975514074778,17.963200826204492,0.5157576486516802,1437,0.5784953832626343,827829.480794222,0.13116756827986958,0.7768595041322314,0.48432855834332245
covtype_binary_20000,29,67,layer_0::c2: Soil_Type_38 IS absent,0.11155802517887525,15.792360712944825,0.4950489075313512,1370,0.573559582233429,257.67193402995554,0.12979906410361947,0.7768595041322314,0.48432855834332245
covtype_binary_20000,29,68,layer_0::c0: Horizontal_Distance_To_Roadways IS MEDIUM,0.12124668764108193,17.59871073787562,0.5149059232760576,1438,0.5699220299720764,61964.53112343635,0.18343372722306284,0.7768595041322314,0.48432855834332245
covtype_binary_20000,29,69,layer_0::c7: Horizontal_Distance_To_Fire_Points IS LOW,0.11816336156512108,17.017007927998897,0.4959214940123614,1408,0.5667413473129272,33024.89130667359,0.2104817756295551,0.7768595041322314,0.48432855834332245
covtype_binary_20000,29,70,layer_0::c3: Soil_Type_29 IS absent,0.11961077787007302,15.42081702478828,0.44488723148071846,1293,0.5655323266983032,199.74015970370237,0.15187780169878534,0.7768595041322314,0.48432855834332245
covtype_binary_20000,29,71,layer_0::c5: Horizontal_Distance_To_Fire_Points IS LOW,0.5871938506367906,14.783756666669833,0.43309641616117056,1380,0.5642990469932556,56171.39151623756,0.1434097312501233,0.7768595041322314,0.48432855834332245
covtype_binary_20000,29,72,layer_0::c2: Soil_Type_29 IS absent,0.11992181592282669,10.783821772342682,0.4448466930662083,1292,0.5619996786117554,167.61528081998404,0.1267623909566919,0.7768595041322314,0.48432855834332245
covtype_binary_20000,29,73,layer_0::c3: Aspect IS MEDIUM,0.12124668764108193,17.982036528014365,0.5160556112198253,1438,0.5608712434768677,88485.3281898326,0.15044549577124416,0.7768595041322314,0.48432855834332245
covtype_binary_20000,29,74,layer_0::c0: Horizontal_Distance_To_Fire_Points IS MEDIUM,0.11904770764416295,17.045565882634225,0.4988754997252384,1417,0.5572634339332581,2155.8444729956464,0.1790303443724578,0.7768595041322314,0.48432855834332245
covtype_binary_20000,29,75,layer_0::c4: Wilderness_Area_4 IS absent,0.09810302744829358,8.717394212498766,0.4505393789689837,1221,0.5538784861564636,202.270944257054,0.09802305785133164,0.7768595041322314,0.48432855834332245
covtype_binary_20000,29,76,layer_0::c7: Aspect IS MEDIUM,0.7768595041322314,17.092959744416145,0.4839443887801746,1562,0.5532780885696411,20718.04808835723,0.2028421069496932,0.7768595041322314,0.48432855834332245
covtype_binary_20000,29,77,layer_0::c1: Hillshade_9am IS HIGH,0.7278204053913434,16.26998690006437,0.4695304862459297,1516,0.5530902743339539,320508.30474757846,0.11745073657507214,0.7768595041322314,0.48432855834332245
covtype_binary_20000,29,78,layer_0::c2: Soil_Type_40 IS absent,0.11532801342085852,13.857586485340468,0.5009154970748223,1389,0.5459892749786377,238.94567334797784,0.12301528274966464,0.7768595041322314,0.48432855834332245
covtype_binary_20000,29,79,layer_0::c1: Soil_Type_13 IS absent,0.1212541229663121,12.003976594081276,0.5091155573566694,1435,0.5454025864601135,214.1630703510382,0.11711245339269499,0.7768595041322314,0.48432855834332245
covtype_binary_20000,29,80,layer_0::c0: Horizontal_Distance_To_Fire_Points IS LOW,0.6016144060930158,14.878530049848779,0.43558942005862566,1393,0.5444834232330322,76422.42552238502,0.1773490221115269,0.7768595041322314,0.48432855834332245
covtype_binary_20000,29,81,layer_0::c9: Horizontal_Distance_To_Fire_Points IS MEDIUM,0.12006938067544126,17.525245805249835,0.5073773925928582,1430,0.5432640910148621,71106.05434151061,0.15788447096373662,0.7768595041322314,0.48432855834332245
covtype_binary_20000,29,82,layer_0::c5: Soil_Type_2 IS absent,0.11741957639962075,17.042016781019566,0.5067885424331485,1403,0.5419842004776001,262.90111858986984,0.136408417398663,0.7768595041322314,0.48432855834332245
covtype_binary_20000,29,83,layer_0::c4: Vertical_Distance_To_Hydrology IS MEDIUM,0.12124668764108193,17.982036528014365,0.5160556112198253,1438,0.5290595293045044,52712.766003563745,0.09430639888454849,0.7768595041322314,0.48432855834332245
covtype_binary_20000,29,84,layer_0::c7: Soil_Type_4 IS absent,0.1177582785307788,17.402561196810364,0.5005197533325066,1381,0.5277510285377502,372.63859686354704,0.19392765379462618,0.7768595041322314,0.48432855834332245
covtype_binary_20000,29,85,layer_0::c10: Horizontal_Distance_To_Fire_Points IS MEDIUM,0.6669553507775988,15.720953923524329,0.4565447353311551,1460,0.5222235321998596,133633.24100487534,0.29610214249154193,0.7768595041322314,0.48432855834332245
covtype_binary_20000,29,86,"projection_layer::pursuit_7(Aspect, Soil_Type_39, Soil_Type_2, Soil_Type_5) IS HIGH",0.42416679029907406,1.1116694792298434,0.32212508689111957,1131,0.5187242031097412,12.4369440153896,0.27258894055939853,0.7768595041322314,0.48432855834332245
covtype_binary_20000,29,87,layer_0::c9: Horizontal_Distance_To_Hydrology IS MEDIUM,0.7459455256376077,16.465097302416215,0.4752650437511925,1537,0.5170367956161499,141706.37954994137,0.1518203231858311,0.7768595041322314,0.48432855834332245
covtype_binary_20000,29,88,"projection_layer::pursuit_5(Hillshade_9am, Wilderness_Area_1, Soil_Type_10, Soil_Type_32) IS MEDIUM",0.009800680602819578,0.001775130389542523,0.015076987079765417,50,0.5150029063224792,0.4654633479512995,0.19238968662464306,0.7768595041322314,0.48432855834332245
covtype_binary_20000,29,89,layer_0::c8: Horizontal_Distance_To_Fire_Points IS LOW,0.11622601996933546,16.580212001317495,0.4900776599930997,1395,0.5124881863594055,4742.908451627271,0.3270601526520143,0.7768595041322314,0.48432855834332245
covtype_binary_20000,29,90,"projection_layer::pursuit_0(Horizontal_Distance_To_Fire_Points, Hillshade_3pm, Soil_Type_29, Soil_Type_4) IS LOW",0.19696259691573648,0.1323486126293909,0.15546590698852386,697,0.5114030838012695,3.8234075706386648,0.26020449499123793,0.7768595041322314,0.48432855834332245
covtype_binary_20000,29,91,layer_0::c6: Vertical_Distance_To_Hydrology IS LOW,0.7768595041322314,17.092959744416145,0.4839443887801746,1562,0.5113797783851624,184308.31030477321,0.18158452719310297,0.7768595041322314,0.48432855834332245
covtype_binary_20000,29,92,layer_0::c3: Soil_Type_4 IS absent,0.1177582785307788,17.01936022684287,0.5005066116713817,1381,0.5056315660476685,264.79875164906855,0.1359396501005555,0.7768595041322314,0.48432855834332245
covtype_binary_20000,29,93,"projection_layer::pursuit_2(Hillshade_Noon, Wilderness_Area_4, Soil_Type_23, Soil_Type_11) IS HIGH",0.010959639450228709,0.007226032440360075,0.015143040384092333,69,0.5030414462089539,0.9680831091172877,0.09546802157041627,0.7768595041322314,0.48432855834332245
covtype_binary_20000,29,94,layer_0::c11: Elevation IS MEDIUM,0.7768595041322314,17.08433071599739,0.48354345567642093,1562,0.4971610903739929,10479.593783867182,0.30901297587579785,0.7768595041322314,0.48432855834332245
covtype_binary_20000,29,95,layer_0::c9: Soil_Type_18 IS absent,0.12124668764108193,17.90855720594396,0.5153360454879186,1438,0.4930233061313629,265.3546783468046,0.14378123002414456,0.7768595041322314,0.48432855834332245
covtype_binary_20000,29,96,layer_0::c1: Hillshade_Noon IS LOW,0.7741291287056102,17.06615494147609,0.48308902235367807,1560,0.48839429020881653,457424.45039828744,0.10530025388049795,0.7768595041322314,0.48432855834332245
covtype_binary_20000,29,97,"projection_layer::pursuit_7(Aspect, Soil_Type_39, Soil_Type_2, Soil_Type_5) IS MEDIUM",0.6118348735903595,1.0037323579617938,0.3786155998501732,1401,0.4745863378047943,12.991300483303348,0.2507672827416912,0.7768595041322314,0.48432855834332245
covtype_binary_20000,29,98,layer_0::c2: Vertical_Distance_To_Hydrology IS LOW,0.7768595041322314,17.092959744416145,0.4839443887801746,1562,0.4691489338874817,31031.620200727964,0.10607613476850869,0.7768595041322314,0.48432855834332245
covtype_binary_20000,29,99,layer_0::c0: Hillshade_Noon IS LOW,0.11947914016907701,17.805172341164813,0.512188834758312,1426,0.4632119834423065,113706.99602479927,0.15025142456684729,0.7768595041322314,0.48432855834332245
covtype_binary_20000,29,100,layer_0::c3: Hillshade_9am IS HIGH,0.1106507129234402,16.25467778309285,0.4821368097870596,1343,0.4551578760147095,181361.16769619923,0.12130770087118625,0.7768595041322314,0.48432855834332245
covtype_binary_20000,29,101,layer_0::c3: Elevation IS HIGH,0.10374271076664743,15.734317619514906,0.4772783759107571,1316,0.4478580057621002,45858.915099149424,0.12103579180319766,0.7768595041322314,0.48432855834332245
covtype_binary_20000,29,102,layer_0::c3: Horizontal_Distance_To_Roadways IS HIGH,0.7768595041322314,16.995536087871656,0.4839443886146984,1562,0.44304159283638,27143.540555710424,0.11660360564735796,0.7768595041322314,0.48432855834332245
covtype_binary_20000,29,103,layer_0::c7: Hillshade_Noon IS HIGH,0.11292507790272321,16.429721864372226,0.49007025527552606,1367,0.4406869411468506,28292.011796368562,0.16096494632203084,0.7768595041322314,0.48432855834332245
covtype_binary_20000,29,104,layer_0::c11: Horizontal_Distance_To_Hydrology IS LOW,0.7097100637109015,15.7549297090637,0.46402192201097614,1506,0.4403420388698578,111731.30321616285,0.2720742415748614,0.7768595041322314,0.48432855834332245
covtype_binary_20000,29,105,layer_0::c2: Slope IS MEDIUM,0.11799888715407325,17.55297517451726,0.5091228323604472,1416,0.4355117082595825,614067.6449980935,0.09830642436055909,0.7768595041322314,0.48432855834332245
covtype_binary_20000,29,106,layer_0::c2: Soil_Type_35 IS absent,0.11947914016907701,8.112457279958962,0.5123404283056143,1426,0.43473535776138306,182.36256567398323,0.09819778651317028,0.7768595041322314,0.48432855834332245
covtype_binary_20000,29,107,layer_0::c5: Horizontal_Distance_To_Roadways IS LOW,0.5924110412027558,13.778226542432742,0.4220476178258642,1366,0.42491471767425537,8510.428357486042,0.10713546548998878,0.7768595041322314,0.48432855834332245
covtype_binary_20000,29,108,layer_0::c1: Horizontal_Distance_To_Roadways IS HIGH,0.7768595041322314,17.092959744416145,0.4839443887801746,1562,0.4167437255382538,84190.04844686501,0.08739166741331185,0.7768595041322314,0.48432855834332245
covtype_binary_20000,29,109,layer_0::c3: Soil_Type_22 IS absent,0.10848741110897553,11.06793901200424,0.4680253013466282,1275,0.41618192195892334,218.4301740898036,0.11129608745722726,0.7768595041322314,0.48432855834332245
covtype_binary_20000,29,110,layer_0::c5: Soil_Type_29 IS absent,0.11992181592282669,6.953724120561638,0.4448156445201248,1292,0.4153824746608734,137.08695513062776,0.10433342435301711,0.7768595041322314,0.48432855834332245
covtype_binary_20000,29,111,layer_0::c5: Wilderness_Area_2 IS absent,0.11788928940122234,8.689765328449827,0.48171560412282377,1306,0.4108963906764984,185.99902858652422,0.10336412372272571,0.7768595041322314,0.48432855834332245
covtype_binary_20000,29,112,layer_0::c10: Hillshade_Noon IS HIGH,0.114282817015667,16.813485313007813,0.4946174941544659,1376,0.4088270664215088,75727.52656237011,0.23113963716402616,0.7768595041322314,0.48432855834332245
covtype_binary_20000,29,113,layer_0::c8: Horizontal_Distance_To_Hydrology IS LOW,0.7109833512995568,15.7884701320444,0.46447275201506744,1507,0.4085156321525574,135148.08502557504,0.25592610250490033,0.7768595041322314,0.48432855834332245
covtype_binary_20000,29,114,"projection_layer::pursuit_4(Horizontal_Distance_To_Hydrology, Soil_Type_22, Soil_Type_30, Soil_Type_35) IS LOW",0.1084909731505651,5.450249250220726,0.471310248195843,1284,0.4082094728946686,58.37932181609358,0.2221591725111163,0.7768595041322314,0.48432855834332245
covtype_binary_20000,29,115,layer_0::c9: Soil_Type_21 IS absent,0.1206656082614953,12.117504490179446,0.514301942797514,1431,0.4044484794139862,217.92767248968812,0.11797957051041279,0.7768595041322314,0.48432855834332245
covtype_binary_20000,29,116,layer_1::c5: ka_concept_1.c4 IS HIGH,0.7768595041322314,17.087522077582623,0.4839443837523897,1562,0.40405309200286865,16728.350532655604,0.5462486101349933,0.7768595041322314,0.48432855834332245
covtype_binary_20000,29,117,layer_0::c6: Wilderness_Area_2 IS absent,0.11788928940122234,16.58356025457813,0.48173031017003193,1306,0.40352824330329895,249.69595713834315,0.1431590830862897,0.7768595041322314,0.48432855834332245
covtype_binary_20000,29,118,layer_0::c7: Soil_Type_2 IS absent,0.11741957639962075,17.59114141967468,0.5067894030247705,1403,0.40150776505470276,275.31978404547453,0.14767557528899125,0.7768595041322314,0.48432855834332245
covtype_binary_20000,29,119,layer_0::c7: Horizontal_Distance_To_Hydrology IS LOW,0.6700383973111246,14.98382498190744,0.45317485152816006,1471,0.4012565612792969,22153.442995561032,0.14628970271652858,0.7768595041322314,0.48432855834332245
covtype_binary_20000,29,120,layer_0::c9: Wilderness_Area_2 IS absent,0.11788928940122234,11.168259661688783,0.4817199986136799,1306,0.39935818314552307,207.41097675283618,0.11647619559206517,0.7768595041322314,0.48432855834332245
covtype_binary_20000,29,121,layer_0::c9: Hillshade_Noon IS LOW,0.11947914016907701,17.808162378723782,0.5122343379402468,1426,0.398872971534729,170469.95954023206,0.11704035644887248,0.7768595041322314,0.48432855834332245
covtype_binary_20000,29,122,layer_0::c4: Wilderness_Area_2 IS absent,0.11788928940122234,3.496398874594582,0.4813839922176149,1306,0.39824625849723816,125.5447822075148,0.07080265200076095,0.7768595041322314,0.48432855834332245
covtype_binary_20000,29,123,layer_0::c9: Slope IS MEDIUM,0.11962679972971568,17.687192974918823,0.5121975966641938,1427,0.3904796242713928,2761627.7140202806,0.11379899581807656,0.7768595041322314,0.48432855834332245
covtype_binary_20000,29,124,layer_0::c3: Hillshade_9am IS MEDIUM,0.11682783708857614,17.26181929103048,0.5009210038009626,1396,0.3898685574531555,519243.1381293661,0.10284939665696163,0.7768595041322314,0.48432855834332245
covtype_binary_20000,29,125,layer_0::c1: Hillshade_Noon IS MEDIUM,0.7700706378728966,16.843421319831517,0.47993906218094873,1552,0.38874563574790955,72519.87816040832,0.08307407582094253,0.7768595041322314,0.48432855834332245
covtype_binary_20000,29,126,layer_0::c3: Horizontal_Distance_To_Roadways IS MEDIUM,0.12124668764108193,17.70043454840123,0.5157060525749355,1438,0.3885459005832672,185286.70605153008,0.10432604837700629,0.7768595041322314,0.48432855834332245
covtype_binary_20000,29,127,layer_0::c5: Wilderness_Area_4 IS absent,0.09810302744829358,8.14293349917461,0.4505386616148629,1221,0.38718441128730774,192.21587551749326,0.09695523739087912,0.7768595041322314,0.48432855834332245
covtype_binary_20000,29,128,"projection_layer::pursuit_6(Horizontal_Distance_To_Roadways, Soil_Type_38, Wilderness_Area_2, Soil_Type_18) IS HIGH",-0.0028889641038215563,0.0037187932170019145,0.022313864177791753,76,0.3841937780380249,0.6238568578792183,0.2086021696714616,0.7768595041322314,0.48432855834332245
covtype_binary_20000,29,129,layer_1::c5: ka_concept_1.c1 IS LOW,0.12124668764108193,17.78316969470829,0.516035226505762,1438,0.3833099901676178,22766.82940286514,0.5189246189015587,0.7768595041322314,0.48432855834332245
covtype_binary_20000,29,130,layer_0::c5: Wilderness_Area_3 IS absent,0.08963483452870713,9.957632527562142,0.29574861327693697,834,0.3817267119884491,212.04941586175119,0.09802172844436548,0.7768595041322314,0.48432855834332245
covtype_binary_20000,29,131,layer_0::c3: Hillshade_3pm IS MEDIUM,0.11992191993824841,17.79541169984581,0.5132879251559059,1429,0.3808347284793854,73824.6051662266,0.10078492048501983,0.7768595041322314,0.48432855834332245
covtype_binary_20000,29,132,layer_0::c7: Soil_Type_11 IS absent,0.12080569247303852,16.768323574552486,0.5106342303364197,1435,0.3709867298603058,251.65160028020364,0.1365900163100026,0.7768595041322314,0.48432855834332245
covtype_binary_20000,29,133,layer_0::c1: Hillshade_9am IS MEDIUM,0.751304695793294,16.58610578060986,0.47579838850582473,1538,0.36814746260643005,139782.5963238673,0.07738177048863087,0.7768595041322314,0.48432855834332245
covtype_binary_20000,29,134,layer_0::c4: Horizontal_Distance_To_Roadways IS LOW,0.11967793231651325,17.0067631353234,0.500435217940264,1403,0.3654461205005646,593198.5525631178,0.06512010948093146,0.7768595041322314,0.48432855834332245
covtype_binary_20000,29,135,layer_0::c11: Horizontal_Distance_To_Roadways IS MEDIUM,0.12124668764108193,17.804951466592918,0.5159374283042175,1438,0.3641764223575592,150326.35711307728,0.2264991771839679,0.7768595041322314,0.48432855834332245
covtype_binary_20000,29,136,layer_0::c5: Wilderness_Area_1 IS absent,0.08775854983790687,8.028509646446816,0.32065956081013347,957,0.36375537514686584,166.1317630771773,0.09017971259051592,0.7768595041322314,0.48432855834332245
covtype_binary_20000,29,137,layer_0::c6: Horizontal_Distance_To_Fire_Points IS MEDIUM,0.12036410363862582,17.540436750597177,0.5076859538406514,1432,0.3623661696910858,104449.26239465414,0.12809918777968068,0.7768595041322314,0.48432855834332245
covtype_binary_20000,29,138,layer_0::c9: Slope IS HIGH,0.7768595041322314,17.085124092810887,0.48391398825331666,1562,0.3618421256542206,331573.43638202245,0.10592627013575727,0.7768595041322314,0.48432855834332245
covtype_binary_20000,29,139,layer_0::c10: Horizontal_Distance_To_Hydrology IS LOW,0.6946677233103136,15.435146451182431,0.4596202522312562,1492,0.3604198694229126,51108.50030120686,0.20339206956445446,0.7768595041322314,0.48432855834332245
covtype_binary_20000,29,140,layer_0::c7: Wilderness_Area_4 IS absent,0.09810302744829358,15.65499416938532,0.4505491159489317,1221,0.3598214387893677,273.871108131395,0.1316742364581781,0.7768595041322314,0.48432855834332245
covtype_binary_20000,29,141,layer_0::c10: Elevation IS HIGH,0.1046717884662548,15.8762435433505,0.4796007363419755,1322,0.35522913932800293,37444.35996858499,0.20310207313418527,0.7768595041322314,0.48432855834332245
covtype_binary_20000,29,142,layer_1::c3: ka_concept_1.c4 IS HIGH,0.7768595041322314,16.94188424128308,0.4837954922746683,1562,0.35472360253334045,708.367192972597,0.4766518609895623,0.7768595041322314,0.48432855834332245
covtype_binary_20000,29,143,layer_0::c1: Wilderness_Area_2 IS absent,0.11788928940122234,4.166423807884365,0.48162819209071517,1306,0.35284727811813354,135.19324460147573,0.07561696290700001,0.7768595041322314,0.48432855834332245
covtype_binary_20000,29,144,layer_0::c3: Slope IS MEDIUM,0.770056783043796,16.905835606702563,0.48168175125447077,1555,0.3515227138996124,564904.8400829667,0.09447522291878932,0.7768595041322314,0.48432855834332245
covtype_binary_20000,29,145,layer_0::c1: Wilderness_Area_1 IS absent,0.08808783872153059,5.118274603727724,0.32059466943186976,956,0.35144874453544617,134.28403630417142,0.07422604625997792,0.7768595041322314,0.48432855834332245
covtype_binary_20000,29,146,layer_0::c4: Aspect IS MEDIUM,0.12124668764108193,17.982036528014365,0.5160556112198253,1438,0.3507334887981415,218992.48388718048,0.062185900047654286,0.7768595041322314,0.48432855834332245
covtype_binary_20000,29,147,layer_0::c8: Soil_Type_30 IS absent,0.11967151045134672,17.37283018935025,0.4984587983282855,1406,0.3452218770980835,372.48195496022527,0.2172154612003851,0.7768595041322314,0.48432855834332245
covtype_binary_20000,29,148,layer_0::c6: Soil_Type_2 IS absent,0.11741957639962075,13.904901945999871,0.506787384339946,1403,0.34463033080101013,240.3958069409282,0.12232506997213204,0.7768595041322314,0.48432855834332245
covtype_binary_20000,29,149,layer_0::c1: Soil_Type_40 IS absent,0.11532801342085852,4.195927273961231,0.5008075973881831,1389,0.3433367609977722,139.9632878503253,0.07338563988417066,0.7768595041322314,0.48432855834332245
covtype_binary_20000,29,150,layer_0::c9: Wilderness_Area_2 IS absent,0.11788928940122234,7.739665600650702,0.4817138832316439,1306,0.3429621160030365,173.29874704119493,0.10002780678923227,0.7768595041322314,0.48432855834332245
covtype_binary_20000,29,151,layer_1::c3: ka_concept_1.c2 IS HIGH,0.7768595041322314,17.080278730910873,0.48394428246390975,1562,0.34274160861968994,3005.4745159945664,0.46326524993241763,0.7768595041322314,0.48432855834332245
covtype_binary_20000,29,152,layer_0::c1: Wilderness_Area_3 IS absent,0.08979702033653525,5.500584020748625,0.2956325559186207,832,0.3412500321865082,160.29736604990103,0.0746513169297444,0.7768595041322314,0.48432855834332245
covtype_binary_20000,29,153,layer_1::c3: ka_concept_1.c1 IS LOW,0.12124668764108193,17.74302143772296,0.5160016567178003,1438,0.3406502604484558,22443.721101139865,0.4583763683356131,0.7768595041322314,0.48432855834332245
covtype_binary_20000,29,154,layer_0::c6: Wilderness_Area_4 IS absent,0.09810302744829358,13.532443148462153,0.450545364982567,1221,0.3403722047805786,247.9892231001104,0.12020290829296149,0.7768595041322314,0.48432855834332245
covtype_binary_20000,29,155,layer_0::c7: Horizontal_Distance_To_Fire_Points IS MEDIUM,0.12065856221700377,17.591463554883703,0.5089780213250251,1434,0.33992013335227966,223475.15850108908,0.12451692720758624,0.7768595041322314,0.48432855834332245
covtype_binary_20000,29,156,layer_0::c9: Soil_Type_2 IS absent,0.11741957639962075,8.473525711054448,0.5067854420421021,1403,0.33875772356987,189.19933685217916,0.098850937344876,0.7768595041322314,0.48432855834332245
covtype_binary_20000,29,157,layer_0::c9: Hillshade_3pm IS HIGH,0.11844923617456415,17.29873765696567,0.5087042305683613,1416,0.33665481209754944,127592.41055339426,0.09790388589375944,0.7768595041322314,0.48432855834332245
covtype_binary_20000,29,158,layer_0::c4: Wilderness_Area_4 IS absent,0.09810302744829358,2.6706124308875503,0.4495006733720319,1221,0.33652830123901367,122.40048850282551,0.05955733899345857,0.7768595041322314,0.48432855834332245
covtype_binary_20000,29,159,layer_0::c4: Soil_Type_40 IS absent,0.11532801342085852,2.5741746931008826,0.4981607373149324,1389,0.33557599782943726,118.58401283835383,0.059504107174330176,0.7768595041322314,0.48432855834332245
covtype_binary_20000,29,160,layer_0::c5: Wilderness_Area_3 IS present,0.05384188298685688,5.131653086330872,0.22079629737205878,607,0.33089369535446167,133.5840986624189,0.08096342713672978,0.7768595041322314,0.48432855834332245
covtype_binary_20000,29,161,layer_1::c0: ka_concept_1.c4 IS HIGH,0.12124668764108193,17.968278479123924,0.5160556102037497,1438,0.3306857943534851,42444.06078594297,0.47031468417642947,0.7768595041322314,0.48432855834332245
covtype_binary_20000,29,162,layer_0::c3: Horizontal_Distance_To_Roadways IS LOW,0.12121836231075422,16.593431767320777,0.49444696556543727,1389,0.33032724261283875,134151.69823648484,0.08905072182846281,0.7768595041322314,0.48432855834332245
covtype_binary_20000,29,163,layer_0::c5: Vertical_Distance_To_Hydrology IS LOW,0.7768595041322314,17.08297356866263,0.48394362988941886,1562,0.327435702085495,7895.730045103728,0.08244300351877852,0.7768595041322314,0.48432855834332245
covtype_binary_20000,29,164,layer_0::c5: Wilderness_Area_3 IS absent,0.08997510807209663,7.1034226586209135,0.2956737237580967,833,0.3268081545829773,179.8691128886694,0.0839194612039734,0.7768595041322314,0.48432855834332245
covtype_binary_20000,29,165,layer_0::c4: Hillshade_3pm IS LOW,0.7768595041322314,16.876661059258883,0.4833135173108063,1561,0.32359200716018677,188226.32093051757,0.05696478286482041,0.7768595041322314,0.48432855834332245
covtype_binary_20000,29,166,layer_0::c7: Wilderness_Area_2 IS absent,0.11788928940122234,11.71187472366717,0.48172096124069486,1306,0.3228099048137665,212.69199880729502,0.11867099395988226,0.7768595041322314,0.48432855834332245
covtype_binary_20000,29,167,layer_0::c2: Wilderness_Area_3 IS present,0.05384188298685688,3.8410784420728303,0.22074602395088233,607,0.3218137323856354,117.31502089309652,0.07071052432634618,0.7768595041322314,0.48432855834332245
covtype_binary_20000,29,168,layer_0::c6: Horizontal_Distance_To_Roadways IS LOW,0.6667442672564311,15.092734756291694,0.4526301709043857,1463,0.3190794587135315,171663.50787770693,0.11345870092334659,0.7768595041322314,0.48432855834332245
covtype_binary_20000,29,169,"projection_layer::pursuit_3(Slope, Soil_Type_12, Soil_Type_13, Soil_Type_1) IS HIGH",0.05452129953932949,1.62990219624289,0.04473914713685074,151,0.318722128868103,23.79560258019046,0.08442011181184793,0.7768595041322314,0.48432855834332245
covtype_binary_20000,29,170,layer_0::c7: Wilderness_Area_1 IS absent,0.08775854983790687,11.129878127757062,0.3207796067439364,957,0.3187194764614105,210.13638257548882,0.1154697612576092,0.7768595041322314,0.48432855834332245
covtype_binary_20000,29,171,layer_0::c0: Horizontal_Distance_To_Roadways IS HIGH,0.12124668764108193,17.982036528014365,0.5160556112198253,1438,0.31815746426582336,235506.1858190234,0.10037438389138939,0.7768595041322314,0.48432855834332245
covtype_binary_20000,29,172,layer_0::c4: Horizontal_Distance_To_Fire_Points IS HIGH,0.12124668764108193,17.508943885438335,0.5135340015944486,1438,0.31484681367874146,23160.012272017182,0.05489694849285133,0.7768595041322314,0.48432855834332245
covtype_binary_20000,29,173,layer_0::c7: Soil_Type_26 IS absent,0.12109975514074778,11.773731413610982,0.5148736483465125,1437,0.31253528594970703,216.79222811046384,0.11491219287144061,0.7768595041322314,0.48432855834332245
covtype_binary_20000,29,174,layer_0::c5: Wilderness_Area_3 IS present,0.05384188298685688,4.249277627432758,0.22076192734712724,607,0.30809831619262695,120.61246927901448,0.07538582239822184,0.7768595041322314,0.48432855834332245
covtype_binary_20000,29,175,layer_0::c5: Horizontal_Distance_To_Roadways IS HIGH,0.7768595041322314,17.092959744416145,0.4839443887801746,1562,0.3072030544281006,286238.6551648632,0.07561909595620818,0.7768595041322314,0.48432855834332245
covtype_binary_20000,29,176,layer_0::c0: Slope IS HIGH,0.12109975514074778,17.962730544016296,0.515757317911059,1437,0.3020874559879303,1021598.2361428213,0.09775862329972977,0.7768595041322314,0.48432855834332245
covtype_binary_20000,29,177,layer_0::c1: Horizontal_Distance_To_Roadways IS LOW,0.12091386426813167,16.706442986595828,0.49618681450932844,1390,0.2952668070793152,260047.10301424857,0.06342216990761955,0.7768595041322314,0.48432855834332245
covtype_binary_20000,29,178,layer_0::c6: Soil_Type_29 IS absent,0.11992181592282669,7.048310334048146,0.4448164225328062,1292,0.2870047986507416,142.37187866205204,0.10166509794910417,0.7768595041322314,0.48432855834332245
covtype_binary_20000,29,179,layer_0::c2: Wilderness_Area_3 IS present,0.05384188298685688,2.954614800610527,0.22071126706295718,607,0.2865358591079712,104.26560664068347,0.06295908580557626,0.7768595041322314,0.48432855834332245
covtype_binary_20000,29,180,layer_0::c0: Wilderness_Area_1 IS absent,0.08775854983790687,8.056728463835572,0.32066018969974264,957,0.28375184535980225,166.70773552766696,0.0901597979903181,0.7768595041322314,0.48432855834332245
covtype_binary_20000,29,181,layer_0::c1: Wilderness_Area_3 IS present,0.05384188298685688,2.606868922959485,0.22069680656489346,607,0.28337332606315613,99.63799275286328,0.05906828253475396,0.7768595041322314,0.48432855834332245
covtype_binary_20000,29,182,layer_0::c3: Vertical_Distance_To_Hydrology IS LOW,0.12124668764108193,17.982036528014365,0.5160556112198253,1438,0.2816772162914276,373299.9981991467,0.07582999966976543,0.7768595041322314,0.48432855834332245
covtype_binary_20000,29,183,"projection_layer::pursuit_6(Horizontal_Distance_To_Roadways, Soil_Type_38, Wilderness_Area_2, Soil_Type_18) IS MEDIUM",0.01372836214646378,0.004525917967787008,0.020968618648868072,74,0.2786591649055481,0.8280658007861348,0.14948949761994174,0.7768595041322314,0.48432855834332245
covtype_binary_20000,29,184,layer_0::c3: Soil_Type_13 IS absent,0.1212541229663121,4.432912973630401,0.5090286186287084,1435,0.27745959162712097,140.58351418892926,0.07477427741268017,0.7768595041322314,0.48432855834332245
covtype_binary_20000,29,185,layer_0::c0: Hillshade_Noon IS HIGH,0.756671078829405,16.725422593628164,0.476504948317042,1539,0.2743719518184662,387030.64078037086,0.08789324229878683,0.7768595041322314,0.48432855834332245
covtype_binary_20000,29,186,layer_0::c0: Wilderness_Area_3 IS absent,0.08963483452870713,8.246405094928036,0.29570307818435587,834,0.2742692232131958,191.93567174696727,0.09026549348615147,0.7768595041322314,0.48432855834332245
covtype_binary_20000,29,187,layer_0::c8: Slope IS MEDIUM,0.11844366254807293,17.586649807876686,0.5097594801126886,1419,0.27198290824890137,540356.5948002186,0.1716797706202077,0.7768595041322314,0.48432855834332245
covtype_binary_20000,29,188,layer_0::c0: Wilderness_Area_2 IS absent,0.11788928940122234,5.6375907370826095,0.48170654870278545,1306,0.26789674162864685,152.25805462182961,0.08637335252591098,0.7768595041322314,0.48432855834332245
covtype_binary_20000,29,189,layer_0::c11: Aspect IS MEDIUM,0.7768595041322314,17.092959744416145,0.4839443887801746,1562,0.2677960991859436,51147.98999796332,0.1663889907444827,0.7768595041322314,0.48432855834332245
covtype_binary_20000,29,190,layer_1::c5: ka_concept_1.c5 IS MEDIUM,0.12124668764108193,17.982036528014365,0.5160556112198253,1438,0.26597702503204346,18279.375916115714,0.36279343227048716,0.7768595041322314,0.48432855834332245
covtype_binary_20000,29,191,layer_0::c7: Wilderness_Area_1 IS present,0.054352381625108914,6.852143903534398,0.19599579222754218,485,0.2649458348751068,207.38603618006937,0.0991060614849448,0.7768595041322314,0.48432855834332245
covtype_binary_20000,29,192,layer_0::c11: Elevation IS HIGH,0.7768595041322314,16.982780262063542,0.48241294826250636,1562,0.26208969950675964,26027.816588132442,0.16406945680430618,0.7768595041322314,0.48432855834332245
covtype_binary_20000,29,193,layer_1::c0: ka_concept_1.c5 IS LOW,0.12124668764108193,17.97283518009523,0.5160556109793285,1438,0.26095008850097656,34085.93626131796,0.3811601427278559,0.7768595041322314,0.48432855834332245
covtype_binary_20000,29,194,layer_0::c2: Hillshade_9am IS LOW,0.11948540341280689,17.735697620627942,0.5110630299047504,1423,0.259024053812027,360216.6437668935,0.05825465132895969,0.7768595041322314,0.48432855834332245
covtype_binary_20000,29,195,layer_0::c11: Slope IS MEDIUM,0.7727695245821291,17.00175554833065,0.48276635098436144,1558,0.25707247853279114,1839717.9384565721,0.16003846605485642,0.7768595041322314,0.48432855834332245
covtype_binary_20000,29,196,layer_0::c6: Soil_Type_4 IS absent,0.1177582785307788,6.949581857575807,0.5004988525951021,1381,0.2563472390174866,172.59396515612804,0.09090473621557066,0.7768595041322314,0.48432855834332245
covtype_binary_20000,29,197,layer_0::c4: Slope IS HIGH,0.12109975514074778,17.96570565416134,0.5157594558418006,1437,0.2548745572566986,3407934.5832356373,0.04548143839787294,0.7768595041322314,0.48432855834332245
covtype_binary_20000,29,198,layer_0::c0: Soil_Type_39 IS absent,0.11125585948530659,5.403098663993245,0.4939392338559119,1365,0.25397342443466187,155.83157602792198,0.08172337965297205,0.7768595041322314,0.48432855834332245
covtype_binary_20000,29,199,layer_0::c0: Soil_Type_22 IS absent,0.108331939582336,5.364043558635021,0.4680102968441681,1274,0.25341182947158813,156.95921797720985,0.08123381239312766,0.7768595041322314,0.48432855834332245
covtype_binary_20000,29,200,layer_0::c6: Horizontal_Distance_To_Hydrology IS MEDIUM,0.12042609555435324,17.34677223696187,0.5039446873321148,1405,0.2528608739376068,231922.1561182648,0.0903151256039598,0.7768595041322314,0.48432855834332245
covtype_binary_20000,29,201,layer_0::c0: Soil_Type_13 IS absent,0.1212541229663121,5.2474975075749875,0.5090933034890943,1435,0.2473493218421936,151.17433235933277,0.07990547403278045,0.7768595041322314,0.48432855834332245
covtype_binary_20000,29,202,layer_0::c6: Hillshade_3pm IS HIGH,0.771417327261483,16.8652664045545,0.4813938275744193,1555,0.24671578407287598,162286.20711661142,0.08727349877669056,0.7768595041322314,0.48432855834332245
covtype_binary_20000,29,203,"projection_layer::pursuit_3(Slope, Soil_Type_12, Soil_Type_13, Soil_Type_1) IS LOW",0.03482295060742724,0.22475632479895824,0.25129960281646313,805,0.2465747892856598,23.789228291898326,0.06782337358372752,0.7768595041322314,0.48432855834332245
covtype_binary_20000,29,204,layer_0::c9: Horizontal_Distance_To_Fire_Points IS LOW,0.11652911264094379,16.46917829458468,0.4889704218082817,1394,0.24654342234134674,16576.27050589423,0.07264400996707666,0.7768595041322314,0.48432855834332245
covtype_binary_20000,29,205,layer_0::c7: Hillshade_Noon IS LOW,0.7727695245821291,16.05326031494173,0.4825299263037724,1558,0.24496909976005554,7396.772362427217,0.09060151890078898,0.7768595041322314,0.48432855834332245
covtype_binary_20000,29,206,layer_1::c0: ka_concept_1.c1 IS LOW,0.7768595041322314,17.092959800333194,0.4839443328639677,1562,0.24441415071487427,32012.2936319867,0.34809805111393505,0.7768595041322314,0.48432855834332245
covtype_binary_20000,29,207,layer_0::c1: Wilderness_Area_3 IS absent,0.08961884023181643,2.4944257239399943,0.295488114528622,831,0.24379171431064606,114.3684909100266,0.053331485460579336,0.7768595041322314,0.48432855834332245
covtype_binary_20000,29,208,layer_0::c7: Wilderness_Area_2 IS absent,0.11788928940122234,6.262657610577229,0.4817103241618325,1306,0.24337394535541534,160.8948884846286,0.08946885397303413,0.7768595041322314,0.48432855834332245
covtype_binary_20000,29,209,layer_1::c0: ka_concept_1.c2 IS HIGH,0.7768595041322314,17.092959744416145,0.4839443887801746,1562,0.23999027907848358,35309.87040969559,0.3433351722121394,0.7768595041322314,0.48432855834332245
covtype_binary_20000,29,210,layer_0::c3: Wilderness_Area_1 IS present,0.054304613912670496,3.4428001957343,0.19576476059147113,482,0.2395649403333664,135.072168402653,0.0655643377291608,0.7768595041322314,0.48432855834332245
covtype_binary_20000,29,211,layer_0::c9: Hillshade_9am IS LOW,0.7714136225801551,16.935953930627168,0.48208987111103285,1556,0.23940850794315338,100179.44930800902,0.06951652240700597,0.7768595041322314,0.48432855834332245
covtype_binary_20000,29,212,layer_0::c1: Wilderness_Area_1 IS present,0.054304613912670496,1.979101826097549,0.19568988673725266,482,0.2369225025177002,105.63802657331053,0.05166353492479175,0.7768595041322314,0.48432855834332245
covtype_binary_20000,29,213,"projection_layer::pursuit_2(Hillshade_Noon, Wilderness_Area_4, Soil_Type_23, Soil_Type_11) IS MEDIUM",0.0016501238977254529,0.0010209075134507417,0.011673889155064591,40,0.23503462970256805,1.3964635595420987,0.04812702211582413,0.7768595041322314,0.48432855834332245
covtype_binary_20000,29,214,layer_0::c1: Slope IS HIGH,0.7768595041322314,16.78886676900967,0.48364333445730956,1562,0.2330867052078247,87652.82675376975,0.0501371899290865,0.7768595041322314,0.48432855834332245
covtype_binary_20000,29,215,layer_0::c11: Wilderness_Area_2 IS absent,0.11788928940122234,16.673132200942085,0.48173073552728585,1306,0.2324964851140976,250.0797283983793,0.14485044064312813,0.7768595041322314,0.48432855834332245
covtype_binary_20000,29,216,layer_1::c5: projection_5 IS LOW,0.7768595041322314,17.092959744416145,0.4839443887801746,1562,0.22944645583629608,53198.83348686623,0.3122665245085955,0.7768595041322314,0.48432855834332245
covtype_binary_20000,29,217,"projection_layer::pursuit_0(Horizontal_Distance_To_Fire_Points, Hillshade_3pm, Soil_Type_29, Soil_Type_4) IS MEDIUM",-0.005482617265683998,0.023279492621125164,0.07532898531715493,237,0.2294350415468216,3.8972536270193814,0.11666638889753443,0.7768595041322314,0.48432855834332245
covtype_binary_20000,29,218,layer_1::c3: ka_concept_1.c5 IS MEDIUM,0.7768595041322314,17.092959744416145,0.4839443887801746,1562,0.2279687076807022,65818.68153251859,0.309064969956254,0.7768595041322314,0.48432855834332245
covtype_binary_20000,29,219,layer_0::c1: Soil_Type_29 IS absent,0.11992181592282669,0.8765139598225983,0.388716849649053,1292,0.22767116129398346,65.070215196567,0.04871674475626878,0.7768595041322314,0.48432855834332245
covtype_binary_20000,29,220,layer_0::c3: Wilderness_Area_1 IS absent,0.08808783872153059,3.175606386649697,0.3205374312450149,956,0.22665320336818695,110.19032120686597,0.060079016761378626,0.7768595041322314,0.48432855834332245
covtype_binary_20000,29,221,layer_0::c7: Hillshade_9am IS MEDIUM,0.11652911264094379,17.20543821200533,0.500098084615887,1394,0.22373053431510925,439302.5645489324,0.08066913375040792,0.7768595041322314,0.48432855834332245
covtype_binary_20000,29,222,layer_1::c3: ka_concept_1.c6 IS LOW,0.7768595041322314,17.092959744416145,0.4839443887801746,1562,0.2235497236251831,127819.56082864176,0.302446130524079,0.7768595041322314,0.48432855834332245
covtype_binary_20000,29,223,layer_0::c3: Aspect IS HIGH,0.12124668764108193,17.286757925243194,0.5160555854559318,1438,0.2234193980693817,46228.415610009135,0.06099213376554932,0.7768595041322314,0.48432855834332245
covtype_binary_20000,29,224,layer_0::c9: Soil_Type_26 IS absent,0.12109975514074778,2.8768429513618154,0.513018062678297,1437,0.22088265419006348,118.06147481759535,0.06443258269444702,0.7768595041322314,0.48432855834332245
covtype_binary_20000,29,225,layer_0::c2: Wilderness_Area_4 IS absent,0.09810302744829358,1.573953359367927,0.4388020244683339,1221,0.21963606774806976,101.10734869895532,0.04938968453512765,0.7768595041322314,0.48432855834332245
covtype_binary_20000,29,226,layer_0::c0: Slope IS MEDIUM,0.7727695245821291,17.01310586892417,0.4828731907625867,1558,0.21883752942085266,5477659.435080649,0.07050169898593384,0.7768595041322314,0.48432855834332245
covtype_binary_20000,29,227,layer_0::c9: Wilderness_Area_3 IS absent,0.08961884023181643,3.878417093472775,0.2955902758456733,831,0.21787817776203156,135.6721010943329,0.06486652319257186,0.7768595041322314,0.48432855834332245
covtype_binary_20000,29,228,layer_0::c11: Hillshade_9am IS HIGH,0.10773338008334965,15.60855525471454,0.4717691571538784,1312,0.21704407036304474,31352.215274055652,0.13399190212469445,0.7768595041322314,0.48432855834332245
covtype_binary_20000,29,229,layer_0::c7: Hillshade_3pm IS HIGH,0.11696790521624223,16.800967136274554,0.5025627146537072,1403,0.2165396362543106,31524.904093982557,0.07937351772240245,0.7768595041322314,0.48432855834332245
covtype_binary_20000,29,230,layer_0::c4: Wilderness_Area_1 IS present,0.054304613912670496,0.9672706678897526,0.19430374558197616,482,0.2159339189529419,79.49590643577449,0.039062852521915374,0.7768595041322314,0.48432855834332245
covtype_binary_20000,29,231,layer_0::c11: Wilderness_Area_2 IS absent,0.11788928940122234,14.868219636351737,0.4817265505248418,1306,0.21519532799720764,235.11165781786076,0.13407143315173925,0.7768595041322314,0.48432855834332245
covtype_binary_20000,29,232,layer_0::c4: Wilderness_Area_2 IS absent,0.08165402468017657,0.4914588323035638,0.3415664717717397,1063,0.2147027552127838,66.71828310234514,0.03817116127124882,0.7768595041322314,0.48432855834332245
covtype_binary_20000,29,233,layer_0::c5: Wilderness_Area_2 IS absent,0.11788928940122234,1.6598684161760198,0.467089922480685,1306,0.21440693736076355,96.49326670827804,0.05393570851692827,0.7768595041322314,0.48432855834332245
covtype_binary_20000,29,234,layer_0::c2: Horizontal_Distance_To_Roadways IS LOW,0.6787316797293909,15.285286690951716,0.4588342683937205,1476,0.21436750888824463,796657.6765675545,0.04853662717088675,0.7768595041322314,0.48432855834332245
covtype_binary_20000,29,235,layer_0::c6: Hillshade_Noon IS HIGH,0.7500318716707961,16.56899940711409,0.4743026760280606,1534,0.21362923085689545,149763.99396538496,0.07530243627538016,0.7768595041322314,0.48432855834332245
covtype_binary_20000,29,236,layer_0::c7: Wilderness_Area_3 IS absent,0.08979702033653525,6.341527611830652,0.29565415616281326,832,0.21220800280570984,170.87938487303654,0.07963277796495488,0.7768595041322314,0.48432855834332245
covtype_binary_20000,29,237,layer_0::c8: Hillshade_9am IS HIGH,0.6879419783590355,14.972657575180303,0.452159349831754,1473,0.21105818450450897,4809.714598896284,0.1321117434278719,0.7768595041322314,0.48432855834332245
covtype_binary_20000,29,238,layer_0::c2: Soil_Type_13 IS absent,0.1212541229663121,1.2461761328861845,0.46876573845293207,1435,0.21100236475467682,89.95677180039456,0.047759239133946724,0.7768595041322314,0.48432855834332245
covtype_binary_20000,29,239,layer_0::c5: Wilderness_Area_1 IS present,0.054304613912670496,2.227097844899423,0.19570683180882195,482,0.20953136682510376,112.4945741780989,0.05363297469936242,0.7768595041322314,0.48432855834332245
covtype_binary_20000,29,240,layer_0::c5: Hillshade_3pm IS LOW,0.7754943164189207,16.79681468247882,0.48283556776037584,1560,0.20923426747322083,124206.65704891713,0.05211721896850577,0.7768595041322314,0.48432855834332245
covtype_binary_20000,29,241,layer_0::c2: Wilderness_Area_1 IS present,0.054304613912670496,1.6808523376897848,0.19564841715032488,482,0.20895695686340332,99.2099940078524,0.04803068651776357,0.7768595041322314,0.48432855834332245
covtype_binary_20000,29,242,layer_0::c1: Soil_Type_29 IS present,0.007483322657751201,2.4166196548846357,0.07185023064538155,149,0.20869921147823334,193.22731307860522,0.044963362449398116,0.7768595041322314,0.48432855834332245
covtype_binary_20000,29,243,layer_0::c10: Hillshade_Noon IS LOW,0.7741291287056102,17.061057226543006,0.48303539399203616,1560,0.20798295736312866,175575.47257522223,0.11906539307198942,0.7768595041322314,0.48432855834332245
covtype_binary_20000,29,244,layer_1::c0: projection_5 IS LOW,0.7768595041322314,17.092959744416145,0.4839443887801746,1562,0.2079220414161682,1494.4549131398817,0.29769097254176935,0.7768595041322314,0.48432855834332245
covtype_binary_20000,29,245,layer_0::c10: Soil_Type_21 IS absent,0.1206656082614953,12.536928460785298,0.514301971823569,1431,0.20737724006175995,224.79754947970287,0.11802156807665021,0.7768595041322314,0.48432855834332245
covtype_binary_20000,29,246,layer_0::c4: Aspect IS HIGH,0.12124668764108193,17.982036528014365,0.5160556112198253,1438,0.2064540833234787,216485.03181289128,0.03725418773072791,0.7768595041322314,0.48432855834332245
covtype_binary_20000,29,247,layer_0::c11: Hillshade_Noon IS HIGH,0.11502813513857768,16.993722396964397,0.4981219488984264,1387,0.2055252343416214,392789.75850207056,0.12722484441325962,0.7768595041322314,0.48432855834332245
covtype_binary_20000,29,248,layer_0::c3: Hillshade_9am IS LOW,0.7714136225801551,16.981336948484355,0.4823021603934849,1556,0.20478253066539764,286437.1471461262,0.054836015796382954,0.7768595041322314,0.48432855834332245
covtype_binary_20000,29,249,layer_1::c0: ka_concept_1.c3 IS LOW,0.7768595041322314,17.09295992188021,0.48394421135673393,1562,0.2040039449930191,13838.53511259563,0.2907353757215024,0.7768595041322314,0.48432855834332245
covtype_binary_20000,29,250,layer_1::c5: ka_concept_1.c3 IS LOW,0.12124668764108193,17.976811666502545,0.5160556112193503,1438,0.20336687564849854,87938.95931528791,0.2754979975003322,0.7768595041322314,0.48432855834332245
covtype_binary_20000,29,251,layer_0::c7: Aspect IS LOW,0.12124668764108193,17.98014200142525,0.5160556112198253,1438,0.2030377984046936,400058.8973961217,0.07407467028454023,0.7768595041322314,0.48432855834332245
covtype_binary_20000,29,252,layer_0::c6: Aspect IS MEDIUM,0.7768595041322314,17.092959744416145,0.4839443887801746,1562,0.20299039781093597,477622.2485011279,0.07181866527178014,0.7768595041322314,0.48432855834332245
covtype_binary_20000,29,253,layer_0::c4: Soil_Type_29 IS absent,0.047080570452127324,0.26853390372597463,0.2512644255659908,820,0.2022935152053833,46.68132853145016,0.035910174494165406,0.7768595041322314,0.48432855834332245
covtype_binary_20000,29,254,layer_0::c10: Horizontal_Distance_To_Roadways IS LOW,0.6643275348227684,15.039665558007124,0.4507832541702513,1461,0.20182226598262787,139543.41766134146,0.11510507832872001,0.7768595041322314,0.48432855834332245
covtype_binary_20000,29,255,layer_1::c3: ka_concept_1.c5 IS LOW,0.7768595041322314,17.010366130238538,0.4839442549539038,1562,0.201634019613266,33821.77919790478,0.2782608041464603,0.7768595041322314,0.48432855834332245
covtype_binary_20000,29,256,layer_0::c9: Hillshade_Noon IS MEDIUM,0.11800416388887847,17.453250889797342,0.5077477041322571,1413,0.2008741796016693,592219.575161402,0.05842062737427644,0.7768595041322314,0.48432855834332245
covtype_binary_20000,29,257,layer_0::c8: Slope IS LOW,0.11562024587804776,17.120849592951565,0.5012722701195133,1397,0.20065803825855255,2107972.9522541356,0.1257168421750546,0.7768595041322314,0.48432855834332245
covtype_binary_20000,29,258,layer_0::c3: Soil_Type_35 IS absent,0.11947914016907701,1.6944341392843612,0.49484833392634225,1426,0.20011065900325775,98.42475462931225,0.053818235475227995,0.7768595041322314,0.48432855834332245
covtype_binary_20000,29,259,layer_0::c10: Horizontal_Distance_To_Hydrology IS MEDIUM,0.7433024571523656,16.42726032194138,0.4748321986189517,1535,0.19957171380519867,146433.1288650536,0.11433106928595638,0.7768595041322314,0.48432855834332245
covtype_binary_20000,29,260,layer_0::c6: Aspect IS HIGH,0.12124668764108193,17.861759618797635,0.5160556112197294,1438,0.1993502676486969,72966.2741997512,0.07178201839197815,0.7768595041322314,0.48432855834332245
covtype_binary_20000,29,261,layer_0::c0: Horizontal_Distance_To_Fire_Points IS HIGH,0.7580042852770125,16.602664102220658,0.47776489632148605,1540,0.1984986513853073,185636.86407916696,0.06276551560623829,0.7768595041322314,0.48432855834332245
covtype_binary_20000,29,262,layer_1::c0: projection_2 IS LOW,0.12124668764108193,17.982036528014365,0.5160556112198253,1438,0.1964210569858551,142104.8162003333,0.28475817848928275,0.7768595041322314,0.48432855834332245
covtype_binary_20000,29,263,layer_0::c0: Soil_Type_12 IS present,-7.624545590700915e-05,0.15229852372204877,0.008119518803817947,10,0.19636745750904083,125.56622406325732,0.061079739422687754,0.7768595041322314,0.48432855834332245
covtype_binary_20000,29,264,layer_1::c0: projection_0 IS MEDIUM,0.12124668764108193,17.982036528014365,0.5160556112198253,1438,0.1950661689043045,82629.1018583259,0.28052957687775293,0.7768595041322314,0.48432855834332245
covtype_binary_20000,29,265,layer_1::c0: projection_3 IS LOW,0.12124668764108193,17.93860951709016,0.5160556112195894,1438,0.19438397884368896,37827.73438271551,0.28005424060982964,0.7768595041322314,0.48432855834332245
covtype_binary_20000,29,266,layer_0::c2: Hillshade_9am IS MEDIUM,0.755296161814172,16.695706429911418,0.4773634786788914,1541,0.19363480806350708,851844.0684921057,0.04290268420399574,0.7768595041322314,0.48432855834332245
covtype_binary_20000,29,267,layer_0::c3: Wilderness_Area_4 IS absent,0.09810302744829358,1.6978727886220328,0.441593959683278,1221,0.19283398985862732,101.81348440852003,0.05162958218095143,0.7768595041322314,0.48432855834332245
covtype_binary_20000,29,268,layer_0::c10: Slope IS MEDIUM,0.7727695245821291,16.991186853777496,0.48270232158139426,1558,0.19194535911083221,2327533.4354531453,0.10913761312141487,0.7768595041322314,0.48432855834332245
covtype_binary_20000,29,269,layer_1::c3: ka_concept_1.c7 IS MEDIUM,0.7768595041322314,17.092959744416145,0.4839443887801746,1562,0.1911243051290512,50115.47512233025,0.25858950314484536,0.7768595041322314,0.48432855834332245
covtype_binary_20000,29,270,layer_0::c1: Slope IS LOW,0.11457482598173274,16.992232822782547,0.49923336936995233,1387,0.18947628140449524,3888061.190776003,0.04027283530080683,0.7768595041322314,0.48432855834332245
covtype_binary_20000,29,271,layer_0::c7: Wilderness_Area_3 IS absent,0.08961884023181643,4.846940279635497,0.29561574754373027,831,0.18735085427761078,152.06268401973466,0.07030491689750942,0.7768595041322314,0.48432855834332245
covtype_binary_20000,29,272,layer_0::c10: Soil_Type_28 IS absent,-0.0027683117345659314,0.0002717359017410659,0.01328563477690894,38,0.18477356433868408,0.752301935997366,0.10512236144161004,0.7768595041322314,0.48432855834332245
covtype_binary_20000,29,273,layer_1::c0: ka_concept_1.c9 IS MEDIUM,0.12124668764108193,17.87729716062731,0.5160556110094223,1438,0.18411824107170105,656.4073697043059,0.2646808058048288,0.7768595041322314,0.48432855834332245
covtype_binary_20000,29,274,layer_0::c7: Wilderness_Area_3 IS present,0.05384188298685688,3.2956521207268388,0.22072473422425423,607,0.18369650840759277,110.07788696600801,0.06568429729660663,0.7768595041322314,0.48432855834332245
covtype_binary_20000,29,275,layer_0::c1: Soil_Type_22 IS present,0.023100105635990742,1.7759364415578633,0.048848217551153504,167,0.18340741097927094,77.18757628951607,0.042864935662029896,0.7768595041322314,0.48432855834332245
covtype_binary_20000,29,276,layer_0::c5: Hillshade_Noon IS MEDIUM,0.7700798431152822,16.811063437124655,0.4795295310997076,1550,0.18330256640911102,86746.89758145051,0.04598047964119108,0.7768595041322314,0.48432855834332245
covtype_binary_20000,29,277,layer_1::c3: ka_concept_1.c9 IS MEDIUM,0.12124668764108193,17.982036528014365,0.5160556112198253,1438,0.18202684819698334,2756.0743282700205,0.24722894582214455,0.7768595041322314,0.48432855834332245
covtype_binary_20000,29,278,layer_0::c1: Hillshade_9am IS LOW,0.12007603602800854,17.76226832604534,0.5119320769309212,1427,0.18185357749462128,945874.4052208399,0.038799682165932665,0.7768595041322314,0.48432855834332245
covtype_binary_20000,29,279,layer_0::c0: Hillshade_9am IS HIGH,0.10819728907351622,15.848528322088198,0.47525172899253454,1318,0.1792740523815155,125750.26795907997,0.057273934048850644,0.7768595041322314,0.48432855834332245
covtype_binary_20000,29,280,layer_0::c0: Hillshade_Noon IS MEDIUM,0.11830642772925637,17.43284039596171,0.5073873593396491,1412,0.17900775372982025,492218.1231307934,0.05755083956815499,0.7768595041322314,0.48432855834332245
covtype_binary_20000,29,281,layer_1::c3: ka_concept_1.c4 IS MEDIUM,0.7768595041322314,17.092959744416145,0.4839443887801746,1562,0.1781027466058731,8840.392230557394,0.24319508675858378,0.7768595041322314,0.48432855834332245
covtype_binary_20000,29,282,layer_0::c6: Hillshade_3pm IS LOW,0.1209527567661699,17.759926951715563,0.5152480912877343,1436,0.17698253691196442,292183.7429102118,0.06217077948328392,0.7768595041322314,0.48432855834332245
covtype_binary_20000,29,283,layer_0::c5: Hillshade_Noon IS HIGH,0.7487470543330346,16.515222166160612,0.47376643446481526,1531,0.17655253410339355,202061.09013539978,0.04412806111951181,0.7768595041322314,0.48432855834332245
covtype_binary_20000,29,284,layer_0::c11: Hillshade_9am IS MEDIUM,0.11473107209229494,16.97918402535027,0.49655595396936286,1382,0.17460736632347107,87681.86746622433,0.10669654610143092,0.7768595041322314,0.48432855834332245
covtype_binary_20000,29,285,layer_0::c11: Horizontal_Distance_To_Hydrology IS MEDIUM,0.12042609555435324,17.351475499278177,0.5040187471802932,1405,0.17447733879089355,197323.49414306178,0.10944005449635798,0.7768595041322314,0.48432855834332245
covtype_binary_20000,29,286,layer_0::c10: Slope IS HIGH,0.7768595041322314,17.092988238406356,0.4839170786785417,1562,0.1735915094614029,1293741.1767613764,0.09914477743810071,0.7768595041322314,0.48432855834332245
covtype_binary_20000,29,287,layer_1::c3: ka_concept_1.c0 IS LOW,0.7768595041322314,16.390403573109005,0.48390086030743396,1562,0.17045976221561432,31994.285037052832,0.23365454318238577,0.7768595041322314,0.48432855834332245
covtype_binary_20000,29,288,layer_1::c5: ka_concept_1.c9 IS MEDIUM,0.7768595041322314,17.092959744416145,0.4839443887801746,1562,0.17023004591464996,49419.38815474313,0.23261661411759754,0.7768595041322314,0.48432855834332245
covtype_binary_20000,29,289,layer_0::c2: Soil_Type_22 IS absent,0.08708814432477052,0.5845201719701937,0.35958754311670754,1130,0.16948531568050385,73.32769343707196,0.03806679582736342,0.7768595041322314,0.48432855834332245
covtype_binary_20000,29,290,layer_0::c3: Slope IS LOW,0.11457482598173274,16.98876044217917,0.4991602208755117,1387,0.1667446345090866,3453342.0508310613,0.044481131393055665,0.7768595041322314,0.48432855834332245
covtype_binary_20000,29,291,layer_0::c6: Horizontal_Distance_To_Fire_Points IS HIGH,0.7540407121859226,16.475388754366055,0.4762075279123288,1535,0.166097030043602,114163.38102194906,0.05779071115088268,0.7768595041322314,0.48432855834332245
covtype_binary_20000,29,292,layer_0::c8: Wilderness_Area_1 IS absent,0.08775854983790687,10.499990095560387,0.3207147916447468,957,0.1656523048877716,186.68442893945758,0.10312676962194019,0.7768595041322314,0.48432855834332245
covtype_binary_20000,29,293,layer_0::c1: Wilderness_Area_3 IS present,0.05384188298685688,0.6237185930178969,0.21038016185145758,607,0.16541022062301636,57.77948869214924,0.03447924044215536,0.7768595041322314,0.48432855834332245
covtype_binary_20000,29,294,layer_0::c6: Hillshade_3pm IS MEDIUM,0.11977439297121628,17.664284150857956,0.5128403590924467,1428,0.16275231540203094,48243.242490078745,0.05681095527228801,0.7768595041322314,0.48432855834332245
covtype_binary_20000,29,295,layer_0::c3: Wilderness_Area_3 IS present,0.05384188298685688,1.098675401640119,0.21945033541342787,607,0.16255097091197968,69.09148767576153,0.042525701111449356,0.7768595041322314,0.48432855834332245
covtype_binary_20000,29,296,layer_1::c5: ka_concept_1.c7 IS LOW,0.12124668764108193,17.982036528014365,0.5160556112198253,1438,0.16223357617855072,18877.12680270728,0.2218641648905662,0.7768595041322314,0.48432855834332245
covtype_binary_20000,29,297,layer_0::c6: Wilderness_Area_4 IS absent,0.09810302744829358,2.2552797091453787,0.44792973732397134,1221,0.16045363247394562,113.39681797498974,0.05666442301696831,0.7768595041322314,0.48432855834332245
covtype_binary_20000,29,298,"projection_layer::pursuit_3(Slope, Soil_Type_12, Soil_Type_13, Soil_Type_1) IS MEDIUM",0.08712652180804936,0.4996676949672326,0.11141610249928219,366,0.1601114273071289,23.899794551791274,0.043238718460236365,0.7768595041322314,0.48432855834332245
covtype_binary_20000,29,299,layer_0::c2: Vertical_Distance_To_Hydrology IS MEDIUM,0.7768595041322314,17.092959744416145,0.4839443887801746,1562,0.15949086844921112,559102.0802698563,0.036123622354197624,0.7768595041322314,0.48432855834332245
covtype_binary_20000,29,300,layer_1::c5: ka_concept_1.c2 IS HIGH,0.12124668764108193,17.982036528014365,0.5160556112198253,1438,0.15925487875938416,60810.31978234216,0.21656902986964754,0.7768595041322314,0.48432855834332245
covtype_binary_20000,29,301,layer_1::c5: ka_concept_1.c5 IS LOW,0.12124668764108193,17.982036528014365,0.5160556112198253,1438,0.1588781327009201,240841.96706849808,0.22059369042360535,0.7768595041322314,0.48432855834332245
covtype_binary_20000,29,302,layer_0::c7: Horizontal_Distance_To_Fire_Points IS HIGH,0.12124668764108193,17.824180645745802,0.5147783898974181,1438,0.1586998850107193,126212.19115907568,0.05721706243281145,0.7768595041322314,0.48432855834332245
covtype_binary_20000,29,303,layer_0::c4: Wilderness_Area_3 IS present,0.047716011362487265,0.2801102090942148,0.17513139272089379,571,0.1583852916955948,45.15262925759225,0.027388957001481837,0.7768595041322314,0.48432855834332245
covtype_binary_20000,29,304,layer_0::c7: Vertical_Distance_To_Hydrology IS MEDIUM,0.7768595041322314,17.092959744416145,0.4839443887801746,1562,0.15731103718280792,134999.36439431738,0.05798234776756726,0.7768595041322314,0.48432855834332245
covtype_binary_20000,29,305,layer_0::c1: Aspect IS HIGH,0.12124668764108193,17.878456105810262,0.5160556112197792,1438,0.15679259598255157,157758.24599483635,0.03410451803394729,0.7768595041322314,0.48432855834332245
covtype_binary_20000,29,306,layer_0::c4: Slope IS LOW,0.7460284049365209,16.461169013815436,0.47419244078869616,1533,0.1561368852853775,918732.4589076183,0.027531391333599043,0.7768595041322314,0.48432855834332245
covtype_binary_20000,29,307,layer_0::c11: Hillshade_Noon IS MEDIUM,0.1180094477624456,17.37280929142063,0.5061300786423545,1410,0.1557932198047638,160783.74528571434,0.0967875354713115,0.7768595041322314,0.48432855834332245
covtype_binary_20000,29,308,layer_1::c5: ka_concept_1.c4 IS MEDIUM,0.7768595041322314,17.092959744416145,0.4839443887801746,1562,0.1557893007993698,215045.77574903792,0.21402405707041422,0.7768595041322314,0.48432855834332245
covtype_binary_20000,29,309,layer_0::c7: Horizontal_Distance_To_Hydrology IS HIGH,0.7714061980654283,16.926925405267994,0.48246527695059716,1558,0.15474270284175873,563402.3507298467,0.057495165626298236,0.7768595041322314,0.48432855834332245
covtype_binary_20000,29,310,layer_0::c11: Soil_Type_34 IS absent,0.12200415539933163,7.875231055211841,0.5144764414917533,1434,0.15415117144584656,180.65888526925391,0.09601471717826522,0.7768595041322314,0.48432855834332245
covtype_binary_20000,29,311,layer_0::c6: Soil_Type_35 IS absent,0.11947914016907701,1.83281694690759,0.4989195532719838,1426,0.15395064651966095,102.11417260486814,0.0546118212281799,0.7768595041322314,0.48432855834332245
covtype_binary_20000,29,312,layer_0::c11: Soil_Type_30 IS absent,0.11967151045134672,7.437895595053168,0.4983970661710039,1406,0.15355898439884186,169.4003704013012,0.09529257010460697,0.7768595041322314,0.48432855834332245
covtype_binary_20000,29,313,layer_0::c11: Soil_Type_21 IS absent,0.1206656082614953,7.875145645295405,0.5143015480168681,1431,0.15339335799217224,182.2244587192581,0.09558261779570087,0.7768595041322314,0.48432855834332245
covtype_binary_20000,29,314,layer_0::c0: Wilderness_Area_4 IS absent,0.09810302744829358,1.4707899496652908,0.43583915742330925,1221,0.1533014327287674,97.01654786334393,0.049201062739168265,0.7768595041322314,0.48432855834332245
covtype_binary_20000,29,315,layer_0::c2: Horizontal_Distance_To_Hydrology IS HIGH,0.1218572609738644,17.89601308279703,0.5143308075635454,1433,0.1532226949930191,480453.21171885903,0.034983491561240525,0.7768595041322314,0.48432855834332245
covtype_binary_20000,29,316,layer_0::c11: Hillshade_Noon IS LOW,0.11933141424459093,17.751194107616666,0.511711272872848,1425,0.15285524725914001,49498.400962138054,0.09580984707978966,0.7768595041322314,0.48432855834332245
covtype_binary_20000,29,317,layer_0::c10: Horizontal_Distance_To_Roadways IS MEDIUM,0.11992191993824841,17.406957638295925,0.5113228593736439,1429,0.15210485458374023,48071.52270161908,0.08640241046833648,0.7768595041322314,0.48432855834332245
covtype_binary_20000,29,318,layer_1::c0: projection_2 IS MEDIUM,0.12124668764108193,17.982036528014365,0.5160556112198253,1438,0.15185542404651642,122433.67904111656,0.21898257737855117,0.7768595041322314,0.48432855834332245
covtype_binary_20000,29,319,layer_0::c6: Wilderness_Area_3 IS absent,0.08961884023181643,2.6917629005767627,0.2955259476603312,831,0.15151318907737732,118.1836655046518,0.05486908768429385,0.7768595041322314,0.48432855834332245
covtype_binary_20000,29,320,layer_0::c2: Wilderness_Area_1 IS absent,0.08791478051414092,0.5556340064931132,0.271801471136969,955,0.1510801762342453,59.738203230526324,0.03363457707918769,0.7768595041322314,0.48432855834332245
covtype_binary_20000,29,321,layer_0::c5: Hillshade_3pm IS HIGH,0.7754943164189207,16.932118071156776,0.48228057709294353,1560,0.14964255690574646,808641.2912160241,0.03753471270392304,0.7768595041322314,0.48432855834332245
covtype_binary_20000,29,322,layer_0::c10: Hillshade_9am IS MEDIUM,0.75930379852791,16.74832408952656,0.47807617821339393,1544,0.1486649513244629,873186.4966212411,0.08297062444238448,0.7768595041322314,0.48432855834332245
covtype_binary_20000,29,323,layer_0::c7: Aspect IS HIGH,0.7768595041322314,17.07726347827285,0.4839443887801746,1562,0.1480531543493271,120537.26443642931,0.05524198553614163,0.7768595041322314,0.48432855834332245
covtype_binary_20000,29,324,layer_0::c1: Soil_Type_39 IS present,0.017104586363769547,0.5855535474224688,0.022545648684073633,76,0.1473095864057541,19.685382348689018,0.0339992868356979,0.7768595041322314,0.48432855834332245
covtype_binary_20000,29,325,layer_0::c2: Aspect IS HIGH,0.12124668764108193,17.982036528014365,0.5160556112198253,1438,0.14705196022987366,668304.6812397224,0.03371640820447647,0.7768595041322314,0.48432855834332245
covtype_binary_20000,29,326,layer_0::c8: Soil_Type_11 IS absent,0.12080569247303852,6.8447569297001145,0.5106269231313674,1435,0.14686104655265808,163.57968705924395,0.09291405806201268,0.7768595041322314,0.48432855834332245
covtype_binary_20000,29,327,layer_0::c4: Soil_Type_4 IS present,0.006930793827629955,0.5794608927813149,0.01636519699762325,61,0.14685365557670593,42.1997033226653,0.026407330320677526,0.7768595041322314,0.48432855834332245
covtype_binary_20000,29,328,layer_0::c4: Wilderness_Area_3 IS absent,0.047727386940412675,0.25711677781813236,0.1913962667509502,593,0.14399407804012299,55.70728247725583,0.026132122120070107,0.7768595041322314,0.48432855834332245
covtype_binary_20000,29,329,layer_1::c3: ka_concept_1.c3 IS LOW,0.7768595041322314,17.092959744416145,0.48394438878017293,1562,0.14365583658218384,116565.460980875,0.19342864206821833,0.7768595041322314,0.48432855834332245
covtype_binary_20000,29,330,layer_0::c7: Soil_Type_18 IS absent,0.12124668764108193,1.6232882860640094,0.4945489631564057,1438,0.14331872761249542,97.51541751998298,0.052681824786007685,0.7768595041322314,0.48432855834332245
covtype_binary_20000,29,331,layer_0::c9: Wilderness_Area_3 IS absent,0.08961884023181643,1.3730367042412026,0.29255478008958724,831,0.14301247894763947,91.71988952797346,0.04257756279869166,0.7768595041322314,0.48432855834332245
covtype_binary_20000,29,332,layer_0::c4: Vertical_Distance_To_Hydrology IS LOW,0.12124668764108193,17.982036528014365,0.5160556112198253,1438,0.14232361316680908,1515058.9645692653,0.025325905778357992,0.7768595041322314,0.48432855834332245
covtype_binary_20000,29,333,layer_1::c5: projection_6 IS MEDIUM,0.12124668764108193,17.982036528014365,0.5160556112198253,1438,0.1420852094888687,41302.28554329293,0.19443850536147753,0.7768595041322314,0.48432855834332245
covtype_binary_20000,29,334,layer_0::c1: Soil_Type_38 IS present,0.016123307813212917,0.8025037830030616,0.021656017558651864,72,0.14047157764434814,33.24010243216253,0.027760891060286667,0.7768595041322314,0.48432855834332245
covtype_binary_20000,29,335,layer_0::c8: Soil_Type_18 IS absent,0.12124668764108193,6.470670944024206,0.5153332206489428,1438,0.14044733345508575,164.75122896225594,0.08871265981333758,0.7768595041322314,0.48432855834332245
covtype_binary_20000,29,336,layer_0::c7: Hillshade_3pm IS LOW,0.12036410363862582,17.60317702495378,0.513998218345478,1432,0.13931170105934143,177933.56362518322,0.05071031131426753,0.7768595041322314,0.48432855834332245
covtype_binary_20000,29,337,layer_0::c9: Horizontal_Distance_To_Fire_Points IS HIGH,0.12124668764108193,17.82737927845088,0.5148234817838931,1438,0.13900510966777802,198486.54125627322,0.039760931186761876,0.7768595041322314,0.48432855834332245
covtype_binary_20000,29,338,layer_1::c5: ka_concept_1.c6 IS LOW,0.12124668764108193,17.982036528014365,0.5160556112198253,1438,0.1381434053182602,71697.26456985777,0.18803762100140253,0.7768595041322314,0.48432855834332245
covtype_binary_20000,29,339,layer_0::c7: Hillshade_9am IS LOW,0.11963953112278469,17.637448519402117,0.5101701761229803,1421,0.13789594173431396,169135.42053912985,0.05046881084735625,0.7768595041322314,0.48432855834332245
covtype_binary_20000,29,340,layer_0::c6: Wilderness_Area_1 IS absent,0.08808783872153059,1.7574346165806438,0.3192880812625139,956,0.13774636387825012,86.67983458364142,0.04816005912023229,0.7768595041322314,0.48432855834332245
covtype_binary_20000,29,341,layer_0::c8: Hillshade_3pm IS MEDIUM,0.11977439297121628,17.691503283192066,0.5129585757442017,1428,0.136977881193161,38398.55605237227,0.08513780298723403,0.7768595041322314,0.48432855834332245
covtype_binary_20000,29,342,layer_1::c0: ka_concept_1.c5 IS MEDIUM,0.12124668764108193,17.982036528014365,0.5160556112198253,1438,0.13689813017845154,51723.92461638414,0.19644178988412023,0.7768595041322314,0.48432855834332245
covtype_binary_20000,29,343,layer_1::c3: ka_concept_1.c8 IS LOW,0.12124668764108193,17.982036528014365,0.5160556112198253,1438,0.1367642879486084,73063.9970666275,0.18517497077980077,0.7768595041322314,0.48432855834332245
covtype_binary_20000,29,344,layer_0::c3: Wilderness_Area_2 IS absent,0.07188437975412187,0.4245094470027352,0.3230663970231866,995,0.13578441739082336,64.42678147873767,0.03652153797731353,0.7768595041322314,0.48432855834332245
covtype_binary_20000,29,345,layer_0::c8: Vertical_Distance_To_Hydrology IS MEDIUM,0.12124668764108193,17.982036528014365,0.5160556112198253,1438,0.13570061326026917,107861.77839398489,0.08594738310497875,0.7768595041322314,0.48432855834332245
covtype_binary_20000,29,346,layer_0::c10: Horizontal_Distance_To_Roadways IS HIGH,0.12124668764108193,17.982036528014365,0.5160556112198253,1438,0.13495150208473206,364627.81601475296,0.07514110487768388,0.7768595041322314,0.48432855834332245
covtype_binary_20000,29,347,layer_0::c0: Soil_Type_40 IS absent,0.11532801342085852,0.923686493330731,0.4328188028820646,1389,0.13443180918693542,84.24523944894509,0.04322875438589502,0.7768595041322314,0.48432855834332245
covtype_binary_20000,29,348,layer_1::c0: ka_concept_1.c7 IS LOW,0.12124668764108193,17.982036528014365,0.5160556112198253,1438,0.13226719200611115,29262.98139775399,0.190291608360596,0.7768595041322314,0.48432855834332245
covtype_binary_20000,29,349,layer_0::c9: Wilderness_Area_1 IS absent,0.08808783872153059,0.8746054232486901,0.30141422326697187,956,0.13224153220653534,68.9464470511532,0.03801056493129181,0.7768595041322314,0.48432855834332245
covtype_binary_20000,29,350,layer_0::c8: Hillshade_9am IS MEDIUM,0.11262426364898537,16.448410556892068,0.4887004071171895,1362,0.13115298748016357,16225.160296749407,0.08125959090619186,0.7768595041322314,0.48432855834332245
covtype_binary_20000,29,351,layer_0::c3: Wilderness_Area_3 IS present,0.05384188298685688,0.5958592153063845,0.20903219822876645,607,0.1311519742012024,56.39302909991693,0.03431127061423649,0.7768595041322314,0.48432855834332245
covtype_binary_20000,29,352,layer_0::c7: Soil_Type_35 IS absent,0.11947914016907701,1.2261566768412355,0.47019237287283266,1426,0.13096392154693604,89.8541952122655,0.04814038435380098,0.7768595041322314,0.48432855834332245
covtype_binary_20000,29,353,layer_0::c5: Aspect IS HIGH,0.7768595041322314,17.092959744416145,0.4839443887801746,1562,0.12894034385681152,359431.07563740114,0.03292154541535516,0.7768595041322314,0.48432855834332245
covtype_binary_20000,29,354,layer_1::c3: projection_2 IS LOW,0.12124668764108193,17.982036528014365,0.5160556112198253,1438,0.12893041968345642,27309.885309252855,0.17659637124440633,0.7768595041322314,0.48432855834332245
covtype_binary_20000,29,355,layer_1::c5: projection_3 IS MEDIUM,0.12124668764108193,17.982036528014365,0.5160556112198253,1438,0.12852200865745544,59429.61777499508,0.17596671179061135,0.7768595041322314,0.48432855834332245
covtype_binary_20000,29,356,layer_0::c11: Slope IS HIGH,0.7768595041322314,17.092986595717697,0.483918590503349,1562,0.12777601182460785,2248137.261947416,0.07990293402968979,0.7768595041322314,0.48432855834332245
covtype_binary_20000,29,357,layer_0::c2: Soil_Type_22 IS present,0.023100105635990742,1.2994975761076555,0.04848077790230377,167,0.12701834738254547,56.8763392828987,0.03129218824311829,0.7768595041322314,0.48432855834332245
covtype_binary_20000,29,358,layer_0::c5: Horizontal_Distance_To_Fire_Points IS HIGH,0.7606651721484257,16.650534221207316,0.4783923373087299,1543,0.12664440274238586,477658.4355840379,0.0312445807394443,0.7768595041322314,0.48432855834332245
covtype_binary_20000,29,359,layer_1::c3: projection_1 IS MEDIUM,0.12124668764108193,17.982036528014365,0.5160556112198253,1438,0.1263822764158249,67410.51811618228,0.17170659373203914,0.7768595041322314,0.48432855834332245
covtype_binary_20000,29,360,layer_0::c11: Soil_Type_18 IS absent,0.12124668764108193,4.5850026362481495,0.5152681341913476,1438,0.12530244886875153,140.21001996588848,0.07805902183732057,0.7768595041322314,0.48432855834332245
covtype_binary_20000,29,361,layer_0::c7: Hillshade_3pm IS MEDIUM,0.12006938067544126,17.848894520727953,0.5136358044559045,1430,0.12526489794254303,335533.9066371761,0.04530927025088465,0.7768595041322314,0.48432855834332245
covtype_binary_20000,29,362,layer_1::c3: projection_6 IS MEDIUM,0.12124668764108193,17.982036528014365,0.5160556112198253,1438,0.12515832483768463,73092.85447959657,0.17023641414692003,0.7768595041322314,0.48432855834332245
covtype_binary_20000,29,363,layer_1::c0: ka_concept_1.c6 IS MEDIUM,0.12124668764108193,17.982036528014365,0.5160556112198253,1438,0.12337758392095566,16918.660735607984,0.17724216142886629,0.7768595041322314,0.48432855834332245
covtype_binary_20000,29,364,layer_1::c5: ka_concept_1.c9 IS LOW,0.12124668764108193,17.927094019730628,0.5158020364773812,1438,0.123096764087677,36040.21202996529,0.16761699782545716,0.7768595041322314,0.48432855834332245
covtype_binary_20000,29,365,layer_1::c3: ka_concept_1.c11 IS MEDIUM,0.7768595041322314,17.092959744416145,0.4839443887801746,1562,0.12251663208007812,64372.656186917666,0.16529582604703805,0.7768595041322314,0.48432855834332245
covtype_binary_20000,29,366,layer_1::c3: projection_5 IS LOW,0.12124668764108193,17.982036528014365,0.5160556112198253,1438,0.12183953076601028,97454.29524951996,0.16481304254382848,0.7768595041322314,0.48432855834332245
covtype_binary_20000,29,367,layer_1::c0: ka_concept_1.c1 IS MEDIUM,0.12124668764108193,17.982036528014365,0.5160556112198253,1438,0.12168756127357483,66733.75205711447,0.17704846246913075,0.7768595041322314,0.48432855834332245
covtype_binary_20000,29,368,layer_1::c3: projection_2 IS MEDIUM,0.7768595041322314,17.092959744416145,0.4839443887801746,1562,0.12100472301244736,16206.945706781065,0.16486168455084166,0.7768595041322314,0.48432855834332245
covtype_binary_20000,29,369,layer_1::c5: projection_7 IS LOW,0.12124668764108193,17.982036528014365,0.5160556112198253,1438,0.11750880628824234,129080.05545370471,0.16022327205290396,0.7768595041322314,0.48432855834332245
covtype_binary_20000,29,370,layer_1::c5: ka_concept_1.c4 IS LOW,0.7768595041322314,16.928338012583513,0.4839443259859105,1562,0.11693970859050751,54363.1352647502,0.1619592578909554,0.7768595041322314,0.48432855834332245
covtype_binary_20000,29,371,layer_0::c11: Wilderness_Area_4 IS absent,0.09810302744829358,4.077681197515612,0.4504891417227778,1221,0.11566371470689774,142.31759113278667,0.07173258573730466,0.7768595041322314,0.48432855834332245
covtype_binary_20000,29,372,layer_1::c0: ka_concept_1.c11 IS MEDIUM,0.7768595041322314,17.092959744416145,0.4839443887801746,1562,0.11499153822660446,20021.172811992168,0.16420807295478881,0.7768595041322314,0.48432855834332245
covtype_binary_20000,29,373,layer_1::c0: projection_7 IS LOW,0.12124668764108193,17.982036528014365,0.5160556112198253,1438,0.1137254536151886,34170.70674587553,0.1631300393442313,0.7768595041322314,0.48432855834332245
covtype_binary_20000,29,374,layer_0::c4: Soil_Type_29 IS present,0.007386151877422198,0.513253581821502,0.07138633004523048,146,0.11351673305034637,86.0310160225763,0.02028911636246994,0.7768595041322314,0.48432855834332245
covtype_binary_20000,29,375,layer_0::c6: Wilderness_Area_3 IS present,0.05384188298685688,0.8582019453941429,0.21706413435130475,607,0.1111297681927681,64.25091443324618,0.03834761027280335,0.7768595041322314,0.48432855834332245
covtype_binary_20000,29,376,layer_0::c2: Soil_Type_38 IS present,0.016924124487643355,0.5262705163251654,0.02142933631649591,70,0.11100292950868607,25.86570306417707,0.023124034436623333,0.7768595041322314,0.48432855834332245
covtype_binary_20000,29,377,layer_0::c2: Wilderness_Area_2 IS absent,0.012170159178618745,0.10242762608283984,0.17529524013652503,532,0.11059041321277618,45.07152271129769,0.024982397023316782,0.7768595041322314,0.48432855834332245
covtype_binary_20000,29,378,layer_0::c6: Wilderness_Area_1 IS present,0.054304613912670496,1.069134180688565,0.1948526068465081,482,0.11047525703907013,83.82918697564355,0.039880020494847485,0.7768595041322314,0.48432855834332245
covtype_binary_20000,29,379,layer_0::c11: Soil_Type_28 IS absent,0.00023179127747341433,0.0005036070281158045,0.01019855160713362,30,0.10937772691249847,0.8875062368033468,0.06813279512350089,0.7768595041322314,0.48432855834332245
covtype_binary_20000,29,380,layer_1::c3: ka_concept_1.c0 IS HIGH,0.7768595041322314,16.981738285118812,0.48388882934141036,1562,0.10877923667430878,17567.450320369666,0.14653930042345018,0.7768595041322314,0.48432855834332245
covtype_binary_20000,29,381,layer_0::c8: Hillshade_3pm IS HIGH,0.11859178759679834,17.496093880878522,0.5098063703050988,1420,0.10774080455303192,362757.710147423,0.06786294752234986,0.7768595041322314,0.48432855834332245
covtype_binary_20000,29,382,layer_0::c8: Hillshade_Noon IS LOW,0.11947914016907701,17.811280541444134,0.5123058977518792,1426,0.1075073629617691,349019.4238471181,0.06832453462367635,0.7768595041322314,0.48432855834332245
covtype_binary_20000,29,383,"projection_layer::pursuit_4(Horizontal_Distance_To_Hydrology, Soil_Type_22, Soil_Type_30, Soil_Type_35) IS HIGH",0.002343159902745029,0.44253135087515105,0.016124370927786246,27,0.1066271960735321,59.36892777508183,0.06370441682942889,0.7768595041322314,0.48432855834332245
covtype_binary_20000,29,384,layer_0::c0: Horizontal_Distance_To_Hydrology IS HIGH,0.12171030063211918,17.855762905886507,0.51364991527,1432,0.10658448934555054,220387.69604679695,0.03473199905621589,0.7768595041322314,0.48432855834332245
covtype_binary_20000,29,385,layer_0::c9: Soil_Type_11 IS absent,0.03786416492974565,0.23862600327915562,0.26258960078679083,837,0.10572193562984467,56.22776511991515,0.030881793876378426,0.7768595041322314,0.48432855834332245
covtype_binary_20000,29,386,layer_1::c3: ka_concept_1.c9 IS LOW,0.7768595041322314,17.08275739703351,0.48394244562006633,1562,0.10568655282258987,25207.351812883124,0.14303767433538936,0.7768595041322314,0.48432855834332245
covtype_binary_20000,29,387,layer_0::c7: Wilderness_Area_4 IS absent,0.09537451950229525,0.6946658346009734,0.3744865735700406,1204,0.10535063594579697,78.16321652579745,0.03855235360884853,0.7768595041322314,0.48432855834332245
covtype_binary_20000,29,388,layer_0::c6: Soil_Type_29 IS present,0.007483322657751201,2.0566964846675653,0.07168824264079164,149,0.1053454577922821,162.69746752743595,0.03757217589204447,0.7768595041322314,0.48432855834332245
covtype_binary_20000,29,389,layer_0::c3: Soil_Type_22 IS present,0.02388144770589906,1.2109313404093336,0.04845391679839603,165,0.10388687998056412,54.73834498508222,0.03047281914206178,0.7768595041322314,0.48432855834332245
covtype_binary_20000,29,390,layer_0::c2: Wilderness_Area_3 IS absent,0.026216830610380493,0.17652481922888918,0.1629234579976135,476,0.1036558449268341,49.94127946685603,0.023902468992296994,0.7768595041322314,0.48432855834332245
covtype_binary_20000,29,391,layer_0::c3: Aspect IS LOW,0.7768595041322314,16.54968499232167,0.4839443131562021,1562,0.10339079797267914,324001.8139658095,0.0275978992214732,0.7768595041322314,0.48432855834332245
covtype_binary_20000,29,392,layer_0::c5: Soil_Type_29 IS present,0.007386151877422198,0.9187960109001799,0.07148562965240281,146,0.10241314768791199,111.70381103064938,0.025899937800155384,0.7768595041322314,0.48432855834332245
covtype_binary_20000,29,393,layer_0::c0: Soil_Type_22 IS present,0.023100105635990742,1.6981648462502852,0.048602412315661904,167,0.10017038881778717,64.8998835795428,0.03522123106336949,0.7768595041322314,0.48432855834332245
covtype_binary_20000,29,394,layer_1::c0: projection_2 IS HIGH,0.12124668764108193,17.982036528014365,0.5160556112198253,1438,0.0998692736029625,31981.602201412516,0.1346974971064677,0.7768595041322314,0.48432855834332245
covtype_binary_20000,29,395,layer_1::c0: ka_concept_1.c4 IS LOW,0.12124668764108193,17.978330869697956,0.5160556112198239,1438,0.09910494834184647,145256.89519433037,0.1443976773206038,0.7768595041322314,0.48432855834332245
covtype_binary_20000,29,396,layer_0::c4: Soil_Type_2 IS absent,-0.008876186607954417,0.0260417548634424,0.09698446858322411,312,0.09907049685716629,33.52996744945193,0.017622158449673405,0.7768595041322314,0.48432855834332245
covtype_binary_20000,29,397,layer_0::c8: Wilderness_Area_3 IS present,0.05384188298685688,2.713688566881423,0.22070141279049307,607,0.09872797876596451,100.45908005463025,0.060661770237905935,0.7768595041322314,0.48432855834332245
covtype_binary_20000,29,398,layer_0::c3: Vertical_Distance_To_Hydrology IS MEDIUM,0.12124668764108193,17.982036528014365,0.5160556112198253,1438,0.09861061722040176,86783.31306924399,0.02659264690914036,0.7768595041322314,0.48432855834332245
covtype_binary_20000,29,399,layer_0::c1: Wilderness_Area_4 IS present,0.0384264381235947,0.17375853348968107,0.061316128881118,217,0.09851249307394028,18.047823406694988,0.022363019588535583,0.7768595041322314,0.48432855834332245
covtype_binary_20000,29,400,layer_1::c3: projection_4 IS MEDIUM,0.12124668764108193,17.982036528014365,0.5160556112198253,1438,0.09843740612268448,27681.838204274223,0.13325952166939775,0.7768595041322314,0.48432855834332245
covtype_binary_20000,29,401,layer_0::c5: Soil_Type_4 IS present,0.006930793827629955,0.5794618939722428,0.016320790690148294,61,0.09790258854627609,42.262523688346846,0.024909997850457635,0.7768595041322314,0.48432855834332245
covtype_binary_20000,29,402,layer_0::c10: Soil_Type_11 IS absent,0.12080569247303852,1.875255415910233,0.4982153032649178,1435,0.09754347801208496,100.45466552833705,0.05558946036978326,0.7768595041322314,0.48432855834332245
covtype_binary_20000,29,403,layer_1::c3: ka_concept_1.c7 IS LOW,0.7768595041322314,17.092959744416145,0.4839443887801746,1562,0.09729938954114914,67322.13853147272,0.1322561372089355,0.7768595041322314,0.48432855834332245
covtype_binary_20000,29,404,layer_0::c3: Soil_Type_4 IS present,0.006930793827629955,0.5794608983456287,0.01636494872658398,61,0.09684983640909195,42.282404727928224,0.026347531441727672,0.7768595041322314,0.48432855834332245
covtype_binary_20000,29,405,layer_0::c9: Hillshade_3pm IS LOW,0.12080569247303852,17.695633498027767,0.5148366512029545,1435,0.09663422405719757,495086.87208503234,0.027907214521465336,0.7768595041322314,0.48432855834332245
covtype_binary_20000,29,406,layer_1::c0: projection_3 IS MEDIUM,0.7768595041322314,17.092959744416145,0.4839443887801746,1562,0.09467881172895432,72211.78086282556,0.13637253679956,0.7768595041322314,0.48432855834332245
covtype_binary_20000,29,407,layer_0::c5: Wilderness_Area_1 IS present,0.039188071392225576,0.2120663875902179,0.1425779992368002,402,0.09419378638267517,49.73418958357422,0.024110437221727354,0.7768595041322314,0.48432855834332245
covtype_binary_20000,29,408,layer_1::c4: ka_concept_1.c7 IS MEDIUM,0.12124668764108193,17.982036528014365,0.5160556112198253,1438,0.09415294229984283,20224.395420245586,0.26290566741364696,0.7768595041322314,0.48432855834332245
covtype_binary_20000,29,409,layer_0::c9: Wilderness_Area_1 IS absent,0.050941462620789135,0.2505691230922953,0.20520131856987955,733,0.09365154802799225,48.63368936951542,0.026918534288201953,0.7768595041322314,0.48432855834332245
covtype_binary_20000,29,410,layer_0::c3: Slope IS HIGH,0.7768595041322314,17.061601833477642,0.48390858771375544,1562,0.09356764703989029,680077.0809408966,0.02526008434663487,0.7768595041322314,0.48432855834332245
covtype_binary_20000,29,411,layer_0::c4: Soil_Type_2 IS present,0.006624517187061696,0.29110602226649807,0.009724520019715098,39,0.09356120973825455,21.818381228367798,0.015762185794243124,0.7768595041322314,0.48432855834332245
covtype_binary_20000,29,412,layer_1::c3: ka_concept_1.c0 IS MEDIUM,0.12124668764108193,17.982036528014365,0.5160556112198253,1438,0.09338615089654922,112663.73860203465,0.12587747396404544,0.7768595041322314,0.48432855834332245
covtype_binary_20000,29,413,layer_0::c6: Wilderness_Area_4 IS present,0.0384264381235947,0.4587769917097262,0.06562857510179859,217,0.09322936832904816,20.767193474012856,0.03503518594946702,0.7768595041322314,0.48432855834332245
covtype_binary_20000,29,414,layer_1::c0: ka_concept_1.c3 IS MEDIUM,0.12124668764108193,17.982036528014365,0.5160556112198253,1438,0.09263097494840622,112540.44594368308,0.13470746160360675,0.7768595041322314,0.48432855834332245
covtype_binary_20000,29,415,layer_1::c5: projection_6 IS LOW,0.7768595041322314,17.092959744416145,0.4839443887801746,1562,0.09252258390188217,38687.7106978878,0.12588784007541837,0.7768595041322314,0.48432855834332245
covtype_binary_20000,29,416,layer_1::c3: projection_7 IS MEDIUM,0.7768595041322314,17.092959744416145,0.4839443887801746,1562,0.09157870709896088,26197.860622162872,0.12471638798962037,0.7768595041322314,0.48432855834332245
covtype_binary_20000,29,417,layer_0::c1: Wilderness_Area_1 IS present,0.013885300793839872,0.10412933005403324,0.10787895528887707,270,0.09051276743412018,41.08173622726565,0.019737294790586474,0.7768595041322314,0.48432855834332245
covtype_binary_20000,29,418,layer_0::c4: Soil_Type_13 IS present,-0.00018535074903514026,0.19876505912756937,0.007489690706294316,7,0.0904708281159401,59.77911009352829,0.014878436401549455,0.7768595041322314,0.48432855834332245
covtype_binary_20000,29,419,layer_0::c2: Wilderness_Area_3 IS absent,0.015038652443538303,0.10775763538237737,0.1303957167539797,380,0.09036219120025635,44.32661091817454,0.020837021236347255,0.7768595041322314,0.48432855834332245
covtype_binary_20000,29,420,layer_1::c3: projection_2 IS HIGH,0.7768595041322314,17.092959744416145,0.4839443887801746,1562,0.09035353362560272,83086.07055328388,0.1151359707849721,0.7768595041322314,0.48432855834332245
covtype_binary_20000,29,421,layer_0::c6: Wilderness_Area_4 IS present,0.0384264381235947,0.5767393219594933,0.06570220234389759,217,0.08992171287536621,25.439912765863482,0.033792181270143676,0.7768595041322314,0.48432855834332245
covtype_binary_20000,29,422,layer_0::c8: Horizontal_Distance_To_Hydrology IS HIGH,0.12200415539933163,17.901049535824527,0.5144098537144665,1434,0.08912041038274765,336974.2547218684,0.05690004325649666,0.7768595041322314,0.48432855834332245
covtype_binary_20000,29,423,layer_0::c9: Hillshade_9am IS MEDIUM,0.11667850865711826,17.219333979704373,0.5002904858986663,1395,0.0890876054763794,1526729.4135863625,0.025484508072521804,0.7768595041322314,0.48432855834332245
covtype_binary_20000,29,424,layer_0::c10: Hillshade_9am IS LOW,0.7714136225801551,16.976306977173945,0.48222503851392595,1556,0.08822507411241531,227140.18590680356,0.04998012212945211,0.7768595041322314,0.48432855834332245
covtype_binary_20000,29,425,layer_1::c5: ka_concept_1.c6 IS MEDIUM,0.12124668764108193,17.982036528014365,0.5160556112198253,1438,0.0881505161523819,67386.56192192517,0.12037450903002173,0.7768595041322314,0.48432855834332245
covtype_binary_20000,29,426,layer_0::c1: Horizontal_Distance_To_Hydrology IS MEDIUM,0.11998125701228557,17.28239987120297,0.5025808408318081,1402,0.08804003894329071,684401.1939849496,0.018995316301045218,0.7768595041322314,0.48432855834332245
covtype_binary_20000,29,427,layer_0::c6: Vertical_Distance_To_Hydrology IS MEDIUM,0.12124668764108193,17.982036528014365,0.5160556112198253,1438,0.08777215331792831,539086.6320892536,0.0312205558528658,0.7768595041322314,0.48432855834332245
covtype_binary_20000,29,428,layer_1::c0: projection_0 IS LOW,0.12124668764108193,17.982036528014365,0.5160556112198253,1438,0.087278351187706,76076.85293078916,0.1251561003997922,0.7768595041322314,0.48432855834332245
covtype_binary_20000,29,429,layer_0::c8: Wilderness_Area_2 IS absent,0.11788928940122234,1.7489210399108228,0.469516737516536,1306,0.08670272678136826,98.35204954372557,0.05477026264765451,0.7768595041322314,0.48432855834332245
covtype_binary_20000,29,430,layer_1::c0: ka_concept_1.c6 IS LOW,0.12124668764108193,17.982036528014365,0.5160556112198253,1438,0.0866178348660469,213008.63905188104,0.12403464718845983,0.7768595041322314,0.48432855834332245
covtype_binary_20000,29,431,"projection_layer::pursuit_4(Horizontal_Distance_To_Hydrology, Soil_Type_22, Soil_Type_30, Soil_Type_35) IS MEDIUM",0.41574839302112027,0.5113621234616799,0.24595713949608738,1153,0.08644130080938339,58.70389318440539,0.0491839089555045,0.7768595041322314,0.48432855834332245
covtype_binary_20000,29,432,layer_0::c9: Wilderness_Area_1 IS present,0.04963903848118223,0.26393559247427734,0.1537179555654762,454,0.08566007763147354,53.41439282606905,0.02542133909805443,0.7768595041322314,0.48432855834332245
covtype_binary_20000,29,433,layer_1::c4: ka_concept_1.c9 IS LOW,0.12124668764108193,17.9410780313913,0.5159432807180259,1438,0.08540885150432587,31104.2624347468,0.23856385578212697,0.7768595041322314,0.48432855834332245
covtype_binary_20000,29,434,layer_0::c0: Wilderness_Area_4 IS present,0.0384264381235947,0.3632508307402542,0.0654239021398442,217,0.08434442430734634,21.539456709941987,0.028805496388861988,0.7768595041322314,0.48432855834332245
covtype_binary_20000,29,435,layer_0::c8: Hillshade_Noon IS HIGH,0.11322727836982804,16.649899325063192,0.4922890394653614,1369,0.08370879292488098,172709.5995319143,0.052539568122348376,0.7768595041322314,0.48432855834332245
covtype_binary_20000,29,436,layer_1::c0: projection_4 IS MEDIUM,0.12124668764108193,17.982036528014365,0.5160556112198253,1438,0.0835728645324707,167836.05406729205,0.11974714647481839,0.7768595041322314,0.48432855834332245
covtype_binary_20000,29,437,layer_1::c4: ka_concept_1.c2 IS HIGH,0.7768595041322314,17.092959744416145,0.4839443887801746,1562,0.08317089080810547,82151.39100480879,0.23200923404023827,0.7768595041322314,0.48432855834332245
covtype_binary_20000,29,438,layer_1::c2: projection_3 IS MEDIUM,0.7768595041322314,17.092959744416145,0.4839443887801746,1562,0.0828433632850647,55834.06097902005,0.30203567334637044,0.7768595041322314,0.48432855834332245
covtype_binary_20000,29,439,layer_0::c2: Horizontal_Distance_To_Hydrology IS MEDIUM,0.7499234771962044,16.568002929423354,0.47663362539929094,1540,0.08215116709470749,2681451.360341758,0.018683757249206755,0.7768595041322314,0.48432855834332245
covtype_binary_20000,29,440,layer_0::c5: Wilderness_Area_1 IS absent,0.01590903175891334,0.08297106222317607,0.12671703217200975,468,0.08166729658842087,37.057354883252174,0.02024639174030199,0.7768595041322314,0.48432855834332245
covtype_binary_20000,29,441,layer_1::c2: ka_concept_1.c5 IS LOW,0.7768595041322314,17.044007024644163,0.48394437902716503,1562,0.08099284023046494,40311.79337249987,0.2994491223123623,0.7768595041322314,0.48432855834332245
covtype_binary_20000,29,442,layer_1::c4: projection_3 IS MEDIUM,0.12124668764108193,17.982036528014365,0.5160556112198253,1438,0.08085360378026962,442229.593408703,0.22708202781279882,0.7768595041322314,0.48432855834332245
covtype_binary_20000,29,443,layer_1::c2: ka_concept_1.c1 IS LOW,0.7768595041322314,17.092959744416145,0.48394438878017143,1562,0.08054240792989731,128502.69780884874,0.29035297074718497,0.7768595041322314,0.48432855834332245
covtype_binary_20000,29,444,layer_0::c9: Soil_Type_30 IS present,0.003256106549741955,0.6091904568304399,0.018444162892108557,36,0.0797562301158905,112.70722249818209,0.02487537244682244,0.7768595041322314,0.48432855834332245
covtype_binary_20000,29,445,layer_0::c0: Soil_Type_39 IS present,0.0170144428023411,0.3749326789202895,0.022404526064253007,73,0.07970064133405685,16.329228323083953,0.027674545427917717,0.7768595041322314,0.48432855834332245
covtype_binary_20000,29,446,"projection_layer::pursuit_6(Horizontal_Distance_To_Roadways, Soil_Type_38, Wilderness_Area_2, Soil_Type_18) IS LOW",0.0039804126158653474,0.0010323718968627826,0.008191350423253729,31,0.079490527510643,1.1640977032798219,0.04239135431557779,0.7768595041322314,0.48432855834332245
covtype_binary_20000,29,447,layer_0::c1: Wilderness_Area_4 IS absent,-0.006086232301877104,0.029632570712723183,0.09891953861042035,329,0.07927754521369934,34.60140867757468,0.016912141143610823,0.7768595041322314,0.48432855834332245
covtype_binary_20000,29,448,layer_1::c3: ka_concept_1.c4 IS LOW,0.7768595041322314,17.092959744416145,0.4839443887801746,1562,0.07878805696964264,325417.6276494874,0.10845844962411502,0.7768595041322314,0.48432855834332245
covtype_binary_20000,29,449,layer_0::c1: Aspect IS LOW,0.7768595041322314,16.85579347141373,0.4839443886851733,1562,0.07758234441280365,838041.963393367,0.016500247294488873,0.7768595041322314,0.48432855834332245
covtype_binary_20000,29,450,layer_0::c0: Hillshade_9am IS MEDIUM,0.7539638812366085,16.63205435411664,0.4765139659965827,1540,0.07706619054079056,763711.0709914882,0.024370284566901376,0.7768595041322314,0.48432855834332245
covtype_binary_20000,29,451,layer_0::c11: Wilderness_Area_3 IS present,0.05384188298685688,1.4020436587354532,0.22035614869118286,607,0.07701833546161652,75.68254175495167,0.046672430594433836,0.7768595041322314,0.48432855834332245
covtype_binary_20000,29,452,layer_0::c11: Horizontal_Distance_To_Roadways IS LOW,0.12121836231075422,16.687748792320992,0.49589106167790137,1389,0.07647226750850677,326251.06749126484,0.04775308183046126,0.7768595041322314,0.48432855834332245
covtype_binary_20000,29,453,layer_0::c10: Wilderness_Area_3 IS absent,0.08961884023181643,1.5428881747334362,0.2938526903863416,831,0.07637255638837814,95.56270123966624,0.04436096752150282,0.7768595041322314,0.48432855834332245
covtype_binary_20000,29,454,layer_0::c0: Soil_Type_38 IS present,0.01652358681956989,0.5518760613242998,0.02144755705700761,71,0.07595961540937424,27.639239167114283,0.022584353369951713,0.7768595041322314,0.48432855834332245
covtype_binary_20000,29,455,layer_0::c11: Hillshade_9am IS LOW,0.7714136225801551,16.97788567232297,0.4822531792968015,1556,0.07540411502122879,272039.5645832406,0.04677052931374747,0.7768595041322314,0.48432855834332245
covtype_binary_20000,29,456,layer_1::c5: projection_3 IS LOW,0.7768595041322314,16.131067095853933,0.48394437102908044,1562,0.07485666126012802,72493.87400580321,0.10251585290350097,0.7768595041322314,0.48432855834332245
covtype_binary_20000,29,457,layer_0::c1: Wilderness_Area_1 IS absent,-0.001960465610582496,0.028135516678583605,0.07685007427730847,280,0.07480574399232864,28.176122006148603,0.01579898807490963,0.7768595041322314,0.48432855834332245
covtype_binary_20000,29,458,layer_0::c7: Wilderness_Area_3 IS present,0.047107208000864875,0.2713004277376807,0.17338581020483645,568,0.07452380657196045,45.58822546069723,0.02664744752465155,0.7768595041322314,0.48432855834332245
covtype_binary_20000,29,459,layer_0::c3: Wilderness_Area_3 IS absent,0.01419754889077085,0.10017747551146683,0.12608201263599114,371,0.07449343800544739,43.49195129531563,0.020452641078448852,0.7768595041322314,0.48432855834332245
covtype_binary_20000,29,460,layer_1::c2: ka_concept_1.c4 IS HIGH,0.7768595041322314,17.091800652620606,0.4839443887670779,1562,0.0742098018527031,61420.24692016596,0.26715340282867933,0.7768595041322314,0.48432855834332245
covtype_binary_20000,29,461,layer_0::c5: Hillshade_Noon IS LOW,0.11947914016907701,17.80055024693368,0.5121467693328847,1426,0.07392895221710205,754659.6336762259,0.018710200259929248,0.7768595041322314,0.48432855834332245
covtype_binary_20000,29,462,layer_1::c0: ka_concept_1.c8 IS LOW,0.7768595041322314,17.092959744416145,0.4839443887801746,1562,0.07355806976556778,219496.56644140824,0.1054148341054873,0.7768595041322314,0.48432855834332245
covtype_binary_20000,29,463,layer_1::c5: projection_0 IS LOW,0.7768595041322314,17.092959744416145,0.4839443887801746,1562,0.073458231985569,20142.599425758468,0.10013015263527632,0.7768595041322314,0.48432855834332245
covtype_binary_20000,29,464,layer_1::c5: ka_concept_1.c5 IS HIGH,0.7768595041322314,16.67947381814243,0.48336761817374874,1562,0.0730464905500412,22676.38224475422,0.09789331837915233,0.7768595041322314,0.48432855834332245
covtype_binary_20000,29,465,layer_1::c3: ka_concept_1.c6 IS MEDIUM,0.7768595041322314,17.092959744416145,0.4839443887801746,1562,0.07269369810819626,102866.07324180874,0.09866558959924926,0.7768595041322314,0.48432855834332245
covtype_binary_20000,29,466,layer_1::c5: projection_2 IS HIGH,0.7768595041322314,17.092959744416145,0.4839443887801746,1562,0.07259408384561539,284735.25157915696,0.09306958767088751,0.7768595041322314,0.48432855834332245
covtype_binary_20000,29,467,layer_1::c3: ka_concept_1.c10 IS LOW,0.7768595041322314,17.092959744416145,0.4839443887801746,1562,0.07210711389780045,246384.99824900107,0.09749618763895705,0.7768595041322314,0.48432855834332245
covtype_binary_20000,29,468,layer_0::c10: Hillshade_Noon IS MEDIUM,0.11607252991242134,17.105268568061067,0.5011790233004978,1397,0.07174069434404373,66325.88938328755,0.04070656145693759,0.7768595041322314,0.48432855834332245
covtype_binary_20000,29,469,layer_0::c9: Wilderness_Area_4 IS absent,0.0026474697482772314,0.06295867463613913,0.14046853884699306,465,0.07095649093389511,41.261468529331864,0.02060073363873486,0.7768595041322314,0.48432855834332245
covtype_binary_20000,29,470,layer_1::c4: ka_concept_1.c6 IS LOW,0.12124668764108193,17.982036528014365,0.5160556112198253,1438,0.07055377960205078,65562.94239765794,0.1969995081362625,0.7768595041322314,0.48432855834332245
covtype_binary_20000,29,471,layer_0::c8: Wilderness_Area_3 IS absent,0.08961884023181643,1.6422321048855548,0.294332979775277,831,0.07035192847251892,97.74233657154764,0.04536493625217326,0.7768595041322314,0.48432855834332245
covtype_binary_20000,29,472,layer_0::c11: Aspect IS LOW,0.11918362191150766,14.990608920247038,0.5073417848882895,1424,0.07027415931224823,40192.203548237776,0.04345043425278345,0.7768595041322314,0.48432855834332245
covtype_binary_20000,29,473,layer_1::c3: projection_5 IS MEDIUM,0.12124668764108193,17.982036528014365,0.5160556112198253,1438,0.07021637260913849,34417.839914318,0.09590091100148856,0.7768595041322314,0.48432855834332245
covtype_binary_20000,29,474,layer_0::c1: Soil_Type_13 IS present,-0.00018535074903514026,0.16733775324504752,0.0074078129770623405,7,0.07017921656370163,54.19333093820023,0.013912077228310712,0.7768595041322314,0.48432855834332245
covtype_binary_20000,29,475,layer_0::c5: Wilderness_Area_2 IS present,0.009380858134129477,0.9892622266220615,0.03482494926545718,136,0.07009857147932053,85.45680460830772,0.01757068417398841,0.7768595041322314,0.48432855834332245
covtype_binary_20000,29,476,layer_0::c0: Wilderness_Area_3 IS present,0.024618972186582377,0.11828606667321373,0.12784805880049538,434,0.06955847889184952,35.70921073440513,0.02181349900390872,0.7768595041322314,0.48432855834332245
covtype_binary_20000,29,477,layer_1::c3: ka_concept_1.c3 IS MEDIUM,0.12124668764108193,17.982036528014365,0.5160556112198253,1438,0.06921450048685074,224445.71862121247,0.09509785306515793,0.7768595041322314,0.48432855834332245
covtype_binary_20000,29,478,layer_1::c4: ka_concept_1.c6 IS MEDIUM,0.12124668764108193,17.982036528014365,0.5160556112198253,1438,0.06907203793525696,26648.004311784272,0.19348276964512964,0.7768595041322314,0.48432855834332245
covtype_binary_20000,29,479,layer_1::c4: ka_concept_1.c4 IS HIGH,0.12124668764108193,17.81307592456759,0.5159196310280099,1438,0.06896090507507324,26387.93483487689,0.19124287723111533,0.7768595041322314,0.48432855834332245
covtype_binary_20000,29,480,layer_0::c7: Soil_Type_4 IS present,0.006930793827629955,0.5794614236397396,0.016341585547486055,61,0.06881077587604523,42.2743493373564,0.025585634641162567,0.7768595041322314,0.48432855834332245
covtype_binary_20000,29,481,layer_1::c4: ka_concept_1.c1 IS LOW,0.12124668764108193,17.938866469972254,0.5160556111932822,1438,0.0687440037727356,174468.6535566618,0.19090588163900976,0.7768595041322314,0.48432855834332245
covtype_binary_20000,29,482,layer_0::c3: Wilderness_Area_4 IS present,0.03819859700480155,0.07254066327436781,0.046106969081630526,216,0.06846293061971664,13.771489734775969,0.01950568580355563,0.7768595041322314,0.48432855834332245
covtype_binary_20000,29,483,layer_0::c6: Horizontal_Distance_To_Hydrology IS HIGH,0.1218572609738644,17.8959117155088,0.5143289649568685,1433,0.06807821989059448,686598.0978251196,0.024410492067801347,0.7768595041322314,0.48432855834332245
covtype_binary_20000,29,484,layer_0::c4: Wilderness_Area_4 IS present,0.004221067650146626,0.011610108330841862,0.01684973591340105,45,0.06759669631719589,9.872142496171364,0.012730043916248785,0.7768595041322314,0.48432855834332245
covtype_binary_20000,29,485,layer_0::c5: Hillshade_3pm IS MEDIUM,0.7768595041322314,17.085517772400085,0.4838044703772246,1562,0.06685445457696915,1540571.1764860523,0.016547323746216543,0.7768595041322314,0.48432855834332245
covtype_binary_20000,29,486,layer_0::c3: Wilderness_Area_4 IS absent,-0.005723434256394211,0.0353338426832307,0.10740152720049449,351,0.06672423332929611,35.71646554550841,0.01786481939783509,0.7768595041322314,0.48432855834332245
covtype_binary_20000,29,487,layer_0::c10: Wilderness_Area_2 IS absent,0.07836085781177848,0.4644703695138531,0.3343994974040328,1038,0.06649968773126602,65.27253044149575,0.03783998770330209,0.7768595041322314,0.48432855834332245
covtype_binary_20000,29,488,layer_1::c5: projection_1 IS LOW,0.7768595041322314,17.092959744416145,0.4839443887801746,1562,0.064849853515625,159349.087372419,0.0885704559062918,0.7768595041322314,0.48432855834332245
covtype_binary_20000,29,489,layer_1::c5: ka_concept_1.c11 IS MEDIUM,0.7768595041322314,17.092959744416145,0.4839443887801746,1562,0.06470192968845367,57236.46690029488,0.08782634339419504,0.7768595041322314,0.48432855834332245
covtype_binary_20000,29,490,layer_1::c5: ka_concept_1.c1 IS MEDIUM,0.12124668764108193,17.982036528014365,0.5160556112198253,1438,0.06442546099424362,47086.49685764125,0.08910097834297145,0.7768595041322314,0.48432855834332245
covtype_binary_20000,29,491,layer_0::c4: Wilderness_Area_1 IS absent,-0.005749191519942576,0.0063309867141459475,0.0390091054736686,149,0.06374403089284897,20.106258373572814,0.011168610892342485,0.7768595041322314,0.48432855834332245
covtype_binary_20000,29,492,layer_0::c8: Hillshade_Noon IS MEDIUM,0.7714136225801551,16.96402163509059,0.48160612341808284,1556,0.06357841193675995,756707.6745900114,0.040048768210617945,0.7768595041322314,0.48432855834332245
covtype_binary_20000,29,493,layer_1::c0: ka_concept_1.c8 IS MEDIUM,0.7768595041322314,17.092959744416145,0.4839443887801746,1562,0.06356451660394669,141133.01776137695,0.09147102249367163,0.7768595041322314,0.48432855834332245
covtype_binary_20000,29,494,layer_1::c4: ka_concept_1.c4 IS MEDIUM,0.12124668764108193,17.982036528014365,0.5160556112198253,1438,0.06352803111076355,4650.802552633206,0.1790278832744807,0.7768595041322314,0.48432855834332245
covtype_binary_20000,29,495,layer_1::c2: projection_1 IS MEDIUM,0.7768595041322314,17.092959744416145,0.4839443887801746,1562,0.06326237320899963,96403.93859071087,0.230268476481239,0.7768595041322314,0.48432855834332245
covtype_binary_20000,29,496,layer_1::c3: ka_concept_1.c5 IS HIGH,0.7768595041322314,16.834445646482884,0.4839307355629744,1562,0.06323754042387009,80803.68246706812,0.0842340948543618,0.7768595041322314,0.48432855834332245
covtype_binary_20000,29,497,layer_1::c3: ka_concept_1.c2 IS MEDIUM,0.7768595041322314,17.092959744416145,0.4839443887801746,1562,0.0631406381726265,20250.858108838424,0.08651427757833154,0.7768595041322314,0.48432855834332245
covtype_binary_20000,29,498,layer_0::c3: Wilderness_Area_4 IS present,0.022998804478906454,0.05020925246767649,0.03856859941624766,148,0.06296881288290024,12.808956632300124,0.017940362788962376,0.7768595041322314,0.48432855834332245
covtype_binary_20000,29,499,layer_1::c4: ka_concept_1.c7 IS LOW,0.12124668764108193,17.982036528014365,0.5160556112198253,1438,0.06268569082021713,11707.830791989943,0.17585112887636448,0.7768595041322314,0.48432855834332245
covtype_binary_20000,29,500,layer_1::c0: projection_3 IS HIGH,0.12124668764108193,17.982036528014365,0.5160556112198253,1438,0.0625840276479721,4400.8621840232145,0.08866377753267686,0.7768595041322314,0.48432855834332245
covtype_binary_20000,29,501,layer_1::c5: projection_0 IS MEDIUM,0.7768595041322314,17.092959744416145,0.4839443887801746,1562,0.06178170442581177,65727.138197434,0.08445697893202304,0.7768595041322314,0.48432855834332245
covtype_binary_20000,29,502,layer_0::c5: Soil_Type_2 IS present,0.007176394037491041,0.24528504348775293,0.00965845190082957,36,0.06156514585018158,20.000887595437234,0.014675582038267748,0.7768595041322314,0.48432855834332245
covtype_binary_20000,29,503,layer_1::c4: projection_7 IS MEDIUM,0.12124668764108193,17.982036528014365,0.5160556112198253,1438,0.06152508407831192,132949.53201291928,0.1729227980400125,0.7768595041322314,0.48432855834332245
covtype_binary_20000,29,504,"projection_layer::pursuit_1(Elevation, Vertical_Distance_To_Hydrology, Soil_Type_40, Soil_Type_6) IS LOW",0.11977439297121628,15.025534632764382,0.51234929677252,1428,0.06129024177789688,969.2825396118615,0.03758541706240309,0.7768595041322314,0.48432855834332245
covtype_binary_20000,29,505,layer_1::c0: ka_concept_1.c7 IS MEDIUM,0.12124668764108193,17.982036528014365,0.5160556112198253,1438,0.06125219911336899,181261.97547780027,0.0877159241566745,0.7768595041322314,0.48432855834332245
covtype_binary_20000,29,506,layer_1::c2: projection_3 IS LOW,0.7768595041322314,17.092959744416145,0.4839443887801746,1562,0.061217330396175385,158370.30778966015,0.22324538592566387,0.7768595041322314,0.48432855834332245
covtype_binary_20000,29,507,layer_1::c5: ka_concept_1.c7 IS MEDIUM,0.7768595041322314,17.092959744416145,0.4839443887801746,1562,0.06102099269628525,49244.28019516886,0.08306441026212026,0.7768595041322314,0.48432855834332245
covtype_binary_20000,29,508,"projection_layer::pursuit_0(Horizontal_Distance_To_Fire_Points, Hillshade_3pm, Soil_Type_29, Soil_Type_4) IS HIGH",0.007732896143064161,0.002642789476660523,0.0198384431931665,71,0.060704849660396576,3.573243821952019,0.03161194090114843,0.7768595041322314,0.48432855834332245
covtype_binary_20000,29,509,layer_0::c2: Wilderness_Area_4 IS present,0.004941031146142749,0.01911487593524608,0.022507840326278658,66,0.05951694771647453,10.83378783690705,0.01424176953354375,0.7768595041322314,0.48432855834332245
covtype_binary_20000,29,510,layer_1::c3: projection_7 IS LOW,0.7768595041322314,17.092959744416145,0.4839443887801746,1562,0.05939507111907005,153235.0523878259,0.08049425180753073,0.7768595041322314,0.48432855834332245
covtype_binary_20000,29,511,layer_1::c0: ka_concept_1.c0 IS LOW,0.12124668764108193,17.971251206722336,0.5160556112190824,1438,0.05928035080432892,261029.88379292458,0.08600525003019963,0.7768595041322314,0.48432855834332245
covtype_binary_20000,29,512,layer_1::c4: ka_concept_1.c0 IS MEDIUM,0.12124668764108193,17.982036528014365,0.5160556112198253,1438,0.05909275263547897,60955.533444376735,0.16438826263323425,0.7768595041322314,0.48432855834332245
covtype_binary_20000,29,513,layer_1::c2: projection_4 IS MEDIUM,0.7768595041322314,17.092959744416145,0.4839443887801746,1562,0.05905884876847267,43622.0234634261,0.21419595923771462,0.7768595041322314,0.48432855834332245
covtype_binary_20000,29,514,layer_0::c5: Soil_Type_13 IS present,-0.00018535074903514026,0.16902166202126034,0.007412181440549465,7,0.05891956016421318,55.51798185163352,0.01371033253489683,0.7768595041322314,0.48432855834332245
covtype_binary_20000,29,515,layer_0::c11: Soil_Type_26 IS absent,0.07782104259376987,0.47272678050732364,0.3507963809291105,1135,0.058831095695495605,68.5718649518185,0.03665891703714768,0.7768595041322314,0.48432855834332245
covtype_binary_20000,29,516,layer_0::c6: Wilderness_Area_3 IS present,0.01939025984400644,0.08854748774000254,0.1134063123878859,389,0.05862192437052727,33.188884115569635,0.020228696129994055,0.7768595041322314,0.48432855834332245
covtype_binary_20000,29,517,layer_0::c6: Wilderness_Area_1 IS present,0.01859131411419168,0.13615241437286674,0.12040747833412035,301,0.0583021305501461,44.56683384754547,0.021046252271971752,0.7768595041322314,0.48432855834332245
covtype_binary_20000,29,518,layer_1::c5: ka_concept_1.c0 IS HIGH,0.7768595041322314,17.06648355203391,0.48394197934292454,1562,0.05760762467980385,75083.02479576335,0.07807801189751748,0.7768595041322314,0.48432855834332245
covtype_binary_20000,29,519,layer_0::c4: Soil_Type_40 IS present,0.010431397430865075,0.12548937715894215,0.015315882762272887,49,0.05755480378866196,15.178393993424834,0.011995156758067121,0.7768595041322314,0.48432855834332245
covtype_binary_20000,29,520,layer_0::c9: Wilderness_Area_4 IS present,0.01677053050655608,0.043008936743459736,0.03555491320457446,122,0.057536523789167404,12.120093234249907,0.01777562543961661,0.7768595041322314,0.48432855834332245
covtype_binary_20000,29,521,layer_0::c3: Wilderness_Area_3 IS absent,0.002566761204802148,0.034130331470721975,0.07574499914951613,227,0.05748571828007698,32.51889201555923,0.015783064589284475,0.7768595041322314,0.48432855834332245
covtype_binary_20000,29,522,layer_0::c11: Aspect IS HIGH,0.7768595041322314,17.092959744416145,0.4839443887801746,1562,0.057255152612924576,705521.0025062467,0.036205276991793656,0.7768595041322314,0.48432855834332245
covtype_binary_20000,29,523,layer_0::c11: Wilderness_Area_3 IS absent,0.08961884023181643,0.8605011050041932,0.27926978232349947,831,0.05720559507608414,79.09219706076601,0.03638096421293616,0.7768595041322314,0.48432855834332245
covtype_binary_20000,29,524,layer_0::c3: Soil_Type_29 IS present,0.007386151877422198,0.25154019428854657,0.07022525888331954,146,0.0567987784743309,65.22512383336289,0.015358315515559297,0.7768595041322314,0.48432855834332245
covtype_binary_20000,29,525,layer_0::c1: Wilderness_Area_2 IS present,0.009675468655512942,0.42937982126219154,0.03457712459198983,132,0.05648159608244896,58.57253404907533,0.012060948794939274,0.7768595041322314,0.48432855834332245
covtype_binary_20000,29,526,layer_1::c4: ka_concept_1.c10 IS LOW,0.7768595041322314,17.092959744416145,0.4839443887801746,1562,0.056166309863328934,7136.32114331871,0.15673154767882078,0.7768595041322314,0.48432855834332245
covtype_binary_20000,29,527,layer_0::c4: Vertical_Distance_To_Hydrology IS HIGH,0.12124668764108193,17.934435359288845,0.5160444056906455,1438,0.055752791464328766,168088.63703171193,0.009302463718892493,0.7768595041322314,0.48432855834332245
covtype_binary_20000,29,528,layer_0::c6: Soil_Type_4 IS present,0.006930793827629955,0.4829355464032634,0.016057874708794103,61,0.05574461817741394,34.39203739694494,0.020002761015833433,0.7768595041322314,0.48432855834332245
covtype_binary_20000,29,529,layer_1::c4: projection_3 IS LOW,0.7768595041322314,16.85979924436187,0.4839443887801719,1562,0.05574110895395279,91898.28747110379,0.1565909132549423,0.7768595041322314,0.48432855834332245
covtype_binary_20000,29,530,layer_1::c0: ka_concept_1.c0 IS MEDIUM,0.7768595041322314,17.092959744416145,0.4839443887801746,1562,0.05461639538407326,84187.38243319507,0.07792024861074363,0.7768595041322314,0.48432855834332245
covtype_binary_20000,29,531,layer_1::c0: ka_concept_1.c9 IS LOW,0.7768595041322314,17.084500516713366,0.48394435400066976,1562,0.05429019033908844,112864.79022910843,0.07777031576745745,0.7768595041322314,0.48432855834332245
covtype_binary_20000,29,532,layer_0::c9: Soil_Type_2 IS present,0.007427760174034126,0.27227220834850974,0.009697364149658463,37,0.054227203130722046,21.565179439945496,0.014986999418004417,0.7768595041322314,0.48432855834332245
covtype_binary_20000,29,533,layer_0::c10: Soil_Type_18 IS absent,0.03588782317613892,0.23206504072289014,0.26143053861521504,824,0.05420182645320892,56.108689645454774,0.030839364642142753,0.7768595041322314,0.48432855834332245
covtype_binary_20000,29,534,layer_0::c8: Wilderness_Area_4 IS present,0.0384264381235947,0.6206793777135761,0.06571702191668304,217,0.053428083658218384,25.421875826352334,0.03575100682945291,0.7768595041322314,0.48432855834332245
covtype_binary_20000,29,535,layer_0::c4: Wilderness_Area_1 IS absent,-0.007716659029017858,0.002622936159378364,0.026811895406796387,113,0.05321555584669113,16.552196274123673,0.00932391439066464,0.7768595041322314,0.48432855834332245
covtype_binary_20000,29,536,layer_0::c0: Wilderness_Area_1 IS present,0.009374841555544244,0.06535580815631714,0.08830365181980841,235,0.053149983286857605,36.24802967297819,0.017436561997820944,0.7768595041322314,0.48432855834332245
covtype_binary_20000,29,537,layer_0::c2: Soil_Type_13 IS present,0.00010917388124065397,0.10680751735770322,0.007250750195265248,3,0.05281326174736023,44.76891971094301,0.011035972111216931,0.7768595041322314,0.48432855834332245
covtype_binary_20000,29,538,layer_1::c4: ka_concept_1.c9 IS MEDIUM,0.12124668764108193,17.982036528014365,0.5160556112198253,1438,0.05255211517214775,75291.58245594894,0.14730756249651314,0.7768595041322314,0.48432855834332245
covtype_binary_20000,29,539,layer_1::c4: projection_6 IS MEDIUM,0.12124668764108193,17.982036528014365,0.5160556112198253,1438,0.05169612541794777,58770.493917246604,0.14511816982924938,0.7768595041322314,0.48432855834332245
covtype_binary_20000,29,540,layer_1::c5: ka_concept_1.c10 IS LOW,0.12124668764108193,17.982036528014365,0.5160556112198253,1438,0.05167749151587486,89916.95228117784,0.0702994038509205,0.7768595041322314,0.48432855834332245
covtype_binary_20000,29,541,layer_0::c2: Soil_Type_29 IS present,0.007386151877422198,0.11393816922663047,0.0631839231954327,146,0.051668234169483185,50.37855225039493,0.011733990796520629,0.7768595041322314,0.48432855834332245
covtype_binary_20000,29,542,layer_1::c2: projection_2 IS LOW,0.12124668764108193,17.982036528014365,0.5160556112198253,1438,0.05138413608074188,36509.2236530089,0.18855742589213575,0.7768595041322314,0.48432855834332245
covtype_binary_20000,29,543,layer_0::c0: Slope IS LOW,0.7633093686308764,16.787844505903223,0.4793286956037235,1549,0.05054774880409241,44302883.39812026,0.016163635519374022,0.7768595041322314,0.48432855834332245
covtype_binary_20000,29,544,layer_0::c2: Wilderness_Area_4 IS present,0.0034041265578607094,0.009129691618617153,0.014667707129508031,34,0.050178781151771545,9.477356450697698,0.012007245553675602,0.7768595041322314,0.48432855834332245
covtype_binary_20000,29,545,layer_0::c9: Wilderness_Area_2 IS present,0.009918402168963447,0.6548846134822003,0.03467700631104251,133,0.05004807561635971,70.58845943744382,0.014544673661348498,0.7768595041322314,0.48432855834332245
covtype_binary_20000,29,546,layer_0::c4: Wilderness_Area_4 IS present,-0.0008449813558952801,0.0018326663918210029,0.006108140488058521,7,0.04958450794219971,6.272606515186908,0.00933792546756437,0.7768595041322314,0.48432855834332245
covtype_binary_20000,29,547,layer_1::c0: ka_concept_1.c0 IS HIGH,0.12124668764108193,16.679434204585963,0.5158906923177438,1438,0.04947194084525108,119408.16591436302,0.07053892242203316,0.7768595041322314,0.48432855834332245
covtype_binary_20000,29,548,layer_1::c4: ka_concept_1.c3 IS MEDIUM,0.12124668764108193,17.982036528014365,0.5160556112198253,1438,0.049426786601543427,135233.54311912155,0.14015451047010719,0.7768595041322314,0.48432855834332245
covtype_binary_20000,29,549,layer_1::c2: ka_concept_1.c6 IS MEDIUM,0.7768595041322314,17.092959744416145,0.4839443887801746,1562,0.04918099567294121,23775.35847172598,0.17883581459646425,0.7768595041322314,0.48432855834332245
covtype_binary_20000,29,550,layer_0::c7: Wilderness_Area_4 IS present,0.0384264381235947,0.07706776079833544,0.04735990981279588,217,0.04916582256555557,14.403305585394719,0.0191455431345615,0.7768595041322314,0.48432855834332245
covtype_binary_20000,29,551,layer_0::c7: Wilderness_Area_4 IS present,0.03819859700480155,0.07235590151700622,0.046054083750971794,216,0.048613615334033966,14.174308528053643,0.018930509575714193,0.7768595041322314,0.48432855834332245
covtype_binary_20000,29,552,layer_0::c1: Soil_Type_40 IS present,0.010431397430865075,0.11925462955445076,0.015307424378739592,49,0.04838686063885689,14.428032542859,0.012155884163369289,0.7768595041322314,0.48432855834332245
covtype_binary_20000,29,553,layer_0::c5: Wilderness_Area_2 IS present,0.009675468655512942,0.42400072903377817,0.034574727307455665,132,0.04809623584151268,57.96463434584439,0.012055649413864255,0.7768595041322314,0.48432855834332245
covtype_binary_20000,29,554,layer_1::c4: ka_concept_1.c8 IS LOW,0.7768595041322314,17.092959744416145,0.4839443887801746,1562,0.047319673001766205,94630.77757458345,0.1322276541457977,0.7768595041322314,0.48432855834332245
covtype_binary_20000,29,555,layer_0::c8: Wilderness_Area_4 IS present,0.0384264381235947,0.4895564898549205,0.06565641960772052,217,0.04709582403302193,24.18168330914068,0.0315138246836456,0.7768595041322314,0.48432855834332245
covtype_binary_20000,29,556,layer_1::c0: projection_6 IS MEDIUM,0.7768595041322314,17.092959744416145,0.4839443887801746,1562,0.046636175364255905,335628.3973388094,0.06713939761494597,0.7768595041322314,0.48432855834332245
covtype_binary_20000,29,557,layer_1::c3: ka_concept_1.c11 IS LOW,0.7768595041322314,16.81823978260158,0.4839374937680024,1562,0.04641256853938103,43363.33416155195,0.06364661769788169,0.7768595041322314,0.48432855834332245
covtype_binary_20000,29,558,layer_0::c0: Wilderness_Area_4 IS present,0.010738233679873366,0.029738666822837878,0.029007596098618506,92,0.04599761590361595,11.776674126699618,0.01570920938156511,0.7768595041322314,0.48432855834332245
covtype_binary_20000,29,559,layer_1::c2: ka_concept_1.c7 IS MEDIUM,0.12124668764108193,17.982036528014365,0.5160556112198253,1438,0.045136693865060806,45381.444323406926,0.16361115681100638,0.7768595041322314,0.48432855834332245
covtype_binary_20000,29,560,layer_0::c2: Wilderness_Area_1 IS present,-0.0015258287722395014,0.008829272691928569,0.034599728520732835,84,0.04496614634990692,21.591081753586366,0.010335883621049789,0.7768595041322314,0.48432855834332245
covtype_binary_20000,29,561,layer_0::c8: Hillshade_3pm IS LOW,0.7768595041322314,16.940111760573444,0.4836291047562698,1562,0.04440481960773468,641334.6172248132,0.027774933861425516,0.7768595041322314,0.48432855834332245
covtype_binary_20000,29,562,layer_1::c0: projection_4 IS HIGH,0.7768595041322314,17.092959744416145,0.4839443887801746,1562,0.04429323971271515,38984.406503608814,0.06561451954642931,0.7768595041322314,0.48432855834332245
covtype_binary_20000,29,563,layer_0::c8: Soil_Type_4 IS absent,0.027327293493364713,0.17251985706488826,0.2272948380497974,716,0.044256262481212616,53.14587317142549,0.027944711718946944,0.7768595041322314,0.48432855834332245
covtype_binary_20000,29,564,layer_1::c5: ka_concept_1.c2 IS LOW,0.7768595041322314,12.353560867860606,0.483441433425583,1562,0.04406416416168213,35978.091957221106,0.06314381881420801,0.7768595041322314,0.48432855834332245
covtype_binary_20000,29,565,layer_1::c0: projection_6 IS HIGH,0.7768595041322314,17.092959744416145,0.4839443887801746,1562,0.04332315921783447,365863.3475050154,0.06268643777724356,0.7768595041322314,0.48432855834332245
covtype_binary_20000,29,566,layer_0::c9: Hillshade_9am IS HIGH,0.11095561397204834,16.30716716728386,0.4830911559278333,1345,0.04299413040280342,2100939.824271208,0.012425417426812987,0.7768595041322314,0.48432855834332245
covtype_binary_20000,29,567,layer_0::c3: Soil_Type_13 IS present,0.00010917388124065397,0.09862470434978743,0.007229516302283726,3,0.04285120591521263,43.046653356614115,0.010661371727514052,0.7768595041322314,0.48432855834332245
covtype_binary_20000,29,568,layer_1::c1: projection_3 IS MEDIUM,0.7768595041322314,17.092959744416145,0.4839443887801746,1562,0.042716048657894135,137367.6109345431,0.26721285930400096,0.7768595041322314,0.48432855834332245
covtype_binary_20000,29,569,layer_1::c3: projection_3 IS MEDIUM,0.7768595041322314,17.092959744416145,0.4839443887801746,1562,0.04255492612719536,820051.14113152,0.05791114623999844,0.7768595041322314,0.48432855834332245
covtype_binary_20000,29,570,layer_0::c2: Soil_Type_40 IS present,0.010431397430865075,0.10557937650445148,0.015284685763746999,49,0.04252204671502113,14.273385423473883,0.011260493259525295,0.7768595041322314,0.48432855834332245
covtype_binary_20000,29,571,layer_0::c8: Horizontal_Distance_To_Fire_Points IS MEDIUM,0.11962679972971568,17.42735851021023,0.5048742997166299,1427,0.04229554906487465,125167.81627633153,0.026623211288753983,0.7768595041322314,0.48432855834332245
covtype_binary_20000,29,572,layer_0::c9: Wilderness_Area_3 IS present,-0.006049701020140574,0.010142855789308791,0.043318492443756164,158,0.042207617312669754,19.64961292482758,0.01197369775894208,0.7768595041322314,0.48432855834332245
covtype_binary_20000,29,573,layer_1::c3: projection_6 IS HIGH,0.12124668764108193,17.982036528014365,0.5160556112198253,1438,0.04204074665904045,21298.895698203745,0.05747275661987563,0.7768595041322314,0.48432855834332245
covtype_binary_20000,29,574,layer_1::c0: ka_concept_1.c4 IS MEDIUM,0.12124668764108193,17.982036528014365,0.5160556112198253,1438,0.04195008426904678,265306.26980141294,0.06062878486855577,0.7768595041322314,0.48432855834332245
covtype_binary_20000,29,575,layer_0::c10: Wilderness_Area_1 IS absent,0.02990490834042625,0.15070828206161901,0.1655832058456434,587,0.04189843684434891,42.972991512041744,0.02349584830762069,0.7768595041322314,0.48432855834332245
covtype_binary_20000,29,576,layer_1::c5: ka_concept_1.c3 IS HIGH,0.12124668764108193,17.979286495430177,0.5160556112198238,1438,0.04170149937272072,148957.03607843895,0.05850226948859442,0.7768595041322314,0.48432855834332245
covtype_binary_20000,29,577,layer_0::c1: Horizontal_Distance_To_Hydrology IS HIGH,0.7565755284730021,14.9479103700756,0.47859612968629556,1546,0.041362009942531586,32998.51409438028,0.008958957977141038,0.7768595041322314,0.48432855834332245
covtype_binary_20000,29,578,layer_1::c4: ka_concept_1.c2 IS MEDIUM,0.12124668764108193,17.982036528014365,0.5160556112198253,1438,0.04128929227590561,191911.5151173313,0.11675818237196654,0.7768595041322314,0.48432855834332245
covtype_binary_20000,29,579,layer_0::c0: Wilderness_Area_2 IS absent,-0.007441908740610126,0.007728600978947564,0.052946517571418765,160,0.0410214439034462,24.248491584294072,0.013225841681612489,0.7768595041322314,0.48432855834332245
covtype_binary_20000,29,580,layer_1::c3: ka_concept_1.c1 IS HIGH,0.12080569247303852,13.480339516223642,0.4978842540758619,1435,0.04084726423025131,10283.062925029677,0.05853066166758799,0.7768595041322314,0.48432855834332245
covtype_binary_20000,29,581,layer_0::c5: Vertical_Distance_To_Hydrology IS HIGH,0.12124668764108193,17.923194882358537,0.5160255521448252,1438,0.040077775716781616,131486.36883683194,0.009461820400261787,0.7768595041322314,0.48432855834332245
covtype_binary_20000,29,582,layer_1::c0: projection_7 IS MEDIUM,0.7768595041322314,17.092959744416145,0.4839443887801746,1562,0.03993472829461098,224477.0490975274,0.05756275042022268,0.7768595041322314,0.48432855834332245
covtype_binary_20000,29,583,layer_1::c1: projection_3 IS LOW,0.12124668764108193,17.982036528014365,0.5160556112198253,1438,0.0398959182202816,203559.3755667053,0.24963320441183168,0.7768595041322314,0.48432855834332245
covtype_binary_20000,29,584,layer_1::c5: projection_1 IS MEDIUM,0.7768595041322314,17.092959744416145,0.4839443887801746,1562,0.0398373007774353,303310.1063992243,0.05445421084885796,0.7768595041322314,0.48432855834332245
covtype_binary_20000,29,585,layer_1::c3: projection_0 IS MEDIUM,0.7768595041322314,17.092959744416145,0.4839443887801746,1562,0.03978811204433441,597553.0528361892,0.05406152535974979,0.7768595041322314,0.48432855834332245
covtype_binary_20000,29,586,layer_0::c7: Soil_Type_2 IS present,0.007176394037491041,0.22844154609014045,0.009634165343260172,36,0.03960694000124931,19.931904226337792,0.013797230011987268,0.7768595041322314,0.48432855834332245
covtype_binary_20000,29,587,layer_0::c9: Soil_Type_11 IS present,0.0004742798578249996,0.14621420932709606,0.006072492618622204,7,0.039470188319683075,75.79989330531316,0.01061459335315764,0.7768595041322314,0.48432855834332245
covtype_binary_20000,29,588,layer_0::c2: Wilderness_Area_4 IS absent,-0.0044909781828811335,0.0019349888675025961,0.028335874359218544,85,0.03944162651896477,18.368700064983216,0.008869260261637124,0.7768595041322314,0.48432855834332245
covtype_binary_20000,29,589,layer_0::c0: Wilderness_Area_2 IS present,0.009675468655512942,0.47549953294167346,0.03459760646044861,132,0.03942052274942398,60.954359683571965,0.012664169334331139,0.7768595041322314,0.48432855834332245
covtype_binary_20000,29,590,layer_1::c0: ka_concept_1.c11 IS HIGH,0.11755351044137963,16.184469343300908,0.5077159483776338,1413,0.03867194056510925,13489.775467524652,0.055731422340708374,0.7768595041322314,0.48432855834332245
covtype_binary_20000,29,591,layer_0::c7: Hillshade_Noon IS MEDIUM,0.7714136225801551,16.967641680977525,0.4816613227184348,1556,0.03860236704349518,2272267.8197979974,0.014150740427389943,0.7768595041322314,0.48432855834332245
covtype_binary_20000,29,592,layer_1::c5: projection_1 IS HIGH,0.12124668764108193,17.982036528014365,0.5160556112198253,1438,0.03856742009520531,149938.52141054987,0.05278198008984327,0.7768595041322314,0.48432855834332245
covtype_binary_20000,29,593,layer_1::c4: projection_7 IS LOW,0.12124668764108193,17.982036528014365,0.5160556112198253,1438,0.03816993907094002,141820.34895971706,0.10675959590201577,0.7768595041322314,0.48432855834332245
covtype_binary_20000,29,594,layer_1::c2: projection_5 IS LOW,0.7768595041322314,17.092959744416145,0.4839443887801746,1562,0.03797828033566475,177050.07420744898,0.13763435197869936,0.7768595041322314,0.48432855834332245
covtype_binary_20000,29,595,layer_1::c2: ka_concept_1.c0 IS MEDIUM,0.12124668764108193,17.982036528014365,0.5160556112198253,1438,0.0378662571310997,7930.849743736006,0.13674331405883033,0.7768595041322314,0.48432855834332245
covtype_binary_20000,29,596,layer_0::c2: Wilderness_Area_1 IS absent,-0.005693414405292696,0.0016881309750296225,0.02249335361389613,93,0.037865396589040756,15.361986129952868,0.008429873075914428,0.7768595041322314,0.48432855834332245
covtype_binary_20000,29,597,layer_0::c2: Vertical_Distance_To_Hydrology IS HIGH,0.7768595041322314,17.077726581493014,0.48394438847583526,1562,0.037686821073293686,538004.6287298435,0.007989869982592306,0.7768595041322314,0.48432855834332245
covtype_binary_20000,29,598,layer_0::c8: Soil_Type_30 IS present,0.003256106549741955,0.6091900091872188,0.018468425433674714,36,0.03742660954594612,114.38430255946878,0.02528266600180359,0.7768595041322314,0.48432855834332245
covtype_binary_20000,29,599,layer_1::c1: ka_concept_1.c0 IS MEDIUM,0.7768595041322314,17.092959744416145,0.4839443887801746,1562,0.03690362349152565,90839.204471565,0.22865912368086477,0.7768595041322314,0.48432855834332245
covtype_binary_20000,29,600,layer_1::c5: ka_concept_1.c11 IS HIGH,0.7768595041322314,17.09295974441619,0.4839443887801263,1562,0.036653850227594376,198444.8018156511,0.050211435017847784,0.7768595041322314,0.48432855834332245
covtype_binary_20000,29,601,layer_1::c5: projection_7 IS MEDIUM,0.12124668764108193,17.982036528014365,0.5160556112198253,1438,0.03652327135205269,370198.9922101245,0.050042546479652325,0.7768595041322314,0.48432855834332245
covtype_binary_20000,29,602,layer_0::c8: Hillshade_9am IS LOW,0.7714136225801551,16.976928510649852,0.4822366667219738,1556,0.036281976848840714,521204.74800431,0.022817959535197056,0.7768595041322314,0.48432855834332245
covtype_binary_20000,29,603,layer_0::c10: Soil_Type_30 IS present,0.003256106549741955,0.6091938047840776,0.018268673546650804,36,0.03608494624495506,98.59576174506219,0.02195774872787297,0.7768595041322314,0.48432855834332245
covtype_binary_20000,29,604,layer_0::c1: Wilderness_Area_2 IS absent,-0.002327487737687317,0.0005955528973144442,0.017922507955581615,50,0.03608444333076477,13.883638303271056,0.007733079657592233,0.7768595041322314,0.48432855834332245
covtype_binary_20000,29,605,layer_0::c3: Soil_Type_40 IS absent,-0.005944474051920001,0.0021232410450938155,0.030727523057687202,92,0.03605147823691368,18.799218311828042,0.00967120278152,0.7768595041322314,0.48432855834332245
covtype_binary_20000,29,606,layer_0::c4: Wilderness_Area_2 IS present,0.009675468655512942,0.07451036973196101,0.031396918078171215,132,0.03598974645137787,31.04517939129073,0.006375562986355362,0.7768595041322314,0.48432855834332245
covtype_binary_20000,29,607,layer_0::c4: Wilderness_Area_2 IS present,0.009675468655512942,0.07365360126976628,0.03132181778287414,132,0.03592865914106369,30.888099911857353,0.006364741176476551,0.7768595041322314,0.48432855834332245
covtype_binary_20000,29,608,layer_1::c3: ka_concept_1.c10 IS MEDIUM,0.7768595041322314,17.092959744416145,0.4839443887801746,1562,0.03544184938073158,403090.4385741904,0.04888466373241196,0.7768595041322314,0.48432855834332245
covtype_binary_20000,29,609,layer_1::c0: projection_4 IS LOW,0.7768595041322314,17.092959744416145,0.4839443887801746,1562,0.03543385490775108,773890.5777486938,0.05066896361465721,0.7768595041322314,0.48432855834332245
covtype_binary_20000,29,610,layer_0::c4: Wilderness_Area_1 IS present,6.501052357843484e-05,0.0013313120315600613,0.013480586306138262,26,0.03543011099100113,13.147465965142231,0.006409373949737187,0.7768595041322314,0.48432855834332245
covtype_binary_20000,29,611,layer_1::c3: projection_1 IS HIGH,0.12124668764108193,17.982036528014365,0.5160556112198253,1438,0.03516807407140732,184612.58094627433,0.04783800265689691,0.7768595041322314,0.48432855834332245
covtype_binary_20000,29,612,layer_1::c0: ka_concept_1.c3 IS HIGH,0.12124668764108193,17.982036528014365,0.5160556112198253,1438,0.034989289939403534,228821.2671965512,0.05163893031861517,0.7768595041322314,0.48432855834332245
covtype_binary_20000,29,613,layer_0::c0: Wilderness_Area_1 IS absent,-0.005502700592178056,0.006448345074206829,0.039325701148025624,150,0.03493830934166908,20.392538715887326,0.01110135850563097,0.7768595041322314,0.48432855834332245
covtype_binary_20000,29,614,layer_0::c10: Soil_Type_26 IS absent,-0.003685470962992765,0.04317351247853474,0.120446645082175,388,0.034809187054634094,37.321996895113216,0.019810462332378053,0.7768595041322314,0.48432855834332245
covtype_binary_20000,29,615,layer_0::c0: Wilderness_Area_1 IS present,-0.0016639858006545216,0.012280482520142244,0.04060342342210796,104,0.03461313992738724,23.290665167750717,0.011355301718089095,0.7768595041322314,0.48432855834332245
covtype_binary_20000,29,616,layer_0::c10: Wilderness_Area_4 IS present,0.0384264381235947,0.11188792098943079,0.054701893550081954,217,0.0343627892434597,15.72847331569119,0.02071220722243743,0.7768595041322314,0.48432855834332245
covtype_binary_20000,29,617,layer_0::c10: Wilderness_Area_4 IS absent,0.00040256009048011965,0.05284243260982413,0.12953649227862762,424,0.03417803347110748,40.23093330721349,0.019359510673899724,0.7768595041322314,0.48432855834332245
covtype_binary_20000,29,618,layer_0::c3: Soil_Type_40 IS present,0.010431397430865075,0.09452247980190376,0.015257929380587667,49,0.03413394093513489,13.83168771927194,0.010762473684672537,0.7768595041322314,0.48432855834332245
covtype_binary_20000,29,619,layer_1::c4: projection_0 IS MEDIUM,0.7768595041322314,17.092959744416145,0.4839443887801746,1562,0.034090057015419006,315025.42832224513,0.0955946818490823,0.7768595041322314,0.48432855834332245
covtype_binary_20000,29,620,layer_1::c3: projection_4 IS HIGH,0.7768595041322314,17.092959744416145,0.4839443887801746,1562,0.03404267132282257,199184.3798766102,0.047645767854526636,0.7768595041322314,0.48432855834332245
covtype_binary_20000,29,621,layer_1::c5: ka_concept_1.c0 IS MEDIUM,0.12124668764108193,17.982036528014365,0.5160556112198253,1438,0.03399744629859924,44343.96619391535,0.046105487449715536,0.7768595041322314,0.48432855834332245
covtype_binary_20000,29,622,layer_1::c5: ka_concept_1.c10 IS MEDIUM,0.12124668764108193,17.982036528014365,0.5160556112198253,1438,0.0337008573114872,297556.854066054,0.046766834180957326,0.7768595041322314,0.48432855834332245
covtype_binary_20000,29,623,layer_0::c11: Wilderness_Area_4 IS present,0.0384264381235947,0.11191516539190405,0.0547063176766771,217,0.03368311747908592,14.6568088840786,0.022229124755682277,0.7768595041322314,0.48432855834332245
covtype_binary_20000,29,624,layer_1::c5: projection_2 IS MEDIUM,0.12124668764108193,17.982036528014365,0.5160556112198253,1438,0.03364410996437073,53587.762324310854,0.046117654781788586,0.7768595041322314,0.48432855834332245
covtype_binary_20000,29,625,layer_0::c11: Horizontal_Distance_To_Hydrology IS HIGH,0.7714061980654283,16.924263180896883,0.48243384906254005,1558,0.033639661967754364,1422825.1439834433,0.021182561179266774,0.7768595041322314,0.48432855834332245
covtype_binary_20000,29,626,layer_1::c3: ka_concept_1.c2 IS LOW,0.12124668764108193,16.447833968323227,0.5159837881927533,1438,0.03341146931052208,41306.22348803986,0.04758829713584176,0.7768595041322314,0.48432855834332245
covtype_binary_20000,29,627,layer_1::c1: projection_7 IS MEDIUM,0.7768595041322314,17.092959744416145,0.4839443887801746,1562,0.03322100266814232,89086.93162549358,0.20796762052675088,0.7768595041322314,0.48432855834332245
covtype_binary_20000,29,628,layer_1::c5: projection_4 IS MEDIUM,0.7768595041322314,17.092959744416145,0.4839443887801746,1562,0.03296786919236183,390947.22644828487,0.04490241319996615,0.7768595041322314,0.48432855834332245
covtype_binary_20000,29,629,layer_0::c6: Aspect IS LOW,0.7768595041322314,16.7870466423066,0.4839443881596274,1562,0.03284652158617973,1076043.8674753527,0.011564568265247847,0.7768595041322314,0.48432855834332245
covtype_binary_20000,29,630,layer_0::c10: Wilderness_Area_2 IS present,0.009380858134129477,1.070237621120207,0.034860760324982774,136,0.03238535672426224,88.03365349017986,0.018362086502498036,0.7768595041322314,0.48432855834332245
covtype_binary_20000,29,631,layer_0::c10: Wilderness_Area_1 IS present,0.010304728422740994,0.08110504749231229,0.09701525575328689,252,0.03228781744837761,37.926864054299585,0.018694570230572936,0.7768595041322314,0.48432855834332245
covtype_binary_20000,29,632,layer_1::c1: projection_0 IS MEDIUM,0.12124668764108193,17.982036528014365,0.5160556112198253,1438,0.031925324350595474,102560.05920419814,0.19939958152671655,0.7768595041322314,0.48432855834332245
covtype_binary_20000,29,633,layer_1::c4: ka_concept_1.c9 IS HIGH,0.12124668764108193,17.234022873948796,0.5158939900855247,1438,0.03189077973365784,13081.740873959081,0.09171041932758332,0.7768595041322314,0.48432855834332245
covtype_binary_20000,29,634,layer_1::c2: projection_5 IS MEDIUM,0.7768595041322314,17.092959744416145,0.4839443887801746,1562,0.03186606243252754,262821.4649368355,0.11660063089740773,0.7768595041322314,0.48432855834332245
covtype_binary_20000,29,635,layer_1::c0: ka_concept_1.c2 IS LOW,0.12124668764108193,17.538391480406577,0.5160554778116166,1438,0.03170638158917427,102975.91944588783,0.04779836866162077,0.7768595041322314,0.48432855834332245
covtype_binary_20000,29,636,layer_1::c1: projection_1 IS MEDIUM,0.12124668764108193,17.982036528014365,0.5160556112198253,1438,0.031697019934654236,44071.949499539274,0.19795808879534404,0.7768595041322314,0.48432855834332245
covtype_binary_20000,29,637,layer_1::c3: projection_5 IS HIGH,0.12124668764108193,17.982036528014365,0.5160556112198253,1438,0.03164944797754288,526767.1787979823,0.043035460123054994,0.7768595041322314,0.48432855834332245
covtype_binary_20000,29,638,layer_1::c0: ka_concept_1.c11 IS LOW,0.12124668764108193,17.982036528014365,0.5160556112198253,1438,0.03146778792142868,273313.8718327338,0.04567385540512138,0.7768595041322314,0.48432855834332245
covtype_binary_20000,29,639,layer_1::c5: projection_4 IS LOW,0.7768595041322314,17.092959744416145,0.4839443887801746,1562,0.03146205097436905,709619.8730037783,0.04276511263226469,0.7768595041322314,0.48432855834332245
covtype_binary_20000,29,640,layer_0::c8: Vertical_Distance_To_Hydrology IS LOW,0.7768595041322314,17.092959744416145,0.4839443887801746,1562,0.031270403414964676,1220614.0991756844,0.019771325739192738,0.7768595041322314,0.48432855834332245
covtype_binary_20000,29,641,layer_1::c5: projection_5 IS HIGH,0.7768595041322314,17.092959744416145,0.4839443887801746,1562,0.031012985855340958,294016.22402636503,0.042427220169183176,0.7768595041322314,0.48432855834332245
covtype_binary_20000,29,642,layer_0::c0: Soil_Type_40 IS present,0.010431397430865075,0.12720909939447145,0.015318088442857345,49,0.03099939040839672,15.696885257493705,0.011716342866280077,0.7768595041322314,0.48432855834332245
covtype_binary_20000,29,643,layer_0::c8: Slope IS HIGH,0.11992191993824841,16.713594219251405,0.5115995940972902,1429,0.030900700017809868,58392.3489775889,0.01959252152840087,0.7768595041322314,0.48432855834332245
covtype_binary_20000,29,644,layer_0::c7: Vertical_Distance_To_Hydrology IS LOW,0.7768595041322314,17.092959744416145,0.4839443887801746,1562,0.03087553381919861,451943.71983662277,0.011360633280443531,0.7768595041322314,0.48432855834332245
covtype_binary_20000,29,645,layer_1::c0: projection_1 IS MEDIUM,0.7768595041322314,17.092959744416145,0.4839443887801746,1562,0.030806049704551697,46241.68840579964,0.044299481485039,0.7768595041322314,0.48432855834332245
covtype_binary_20000,29,646,layer_0::c10: Wilderness_Area_3 IS absent,0.007721107254416881,0.06210314484039425,0.10080433457328536,306,0.03080480918288231,38.89856575623071,0.017892962056062667,0.7768595041322314,0.48432855834332245
covtype_binary_20000,29,647,layer_1::c3: ka_concept_1.c1 IS MEDIUM,0.7768595041322314,17.092959744416145,0.4839443887801746,1562,0.03065056912600994,433106.6682100062,0.04213303771948752,0.7768595041322314,0.48432855834332245
covtype_binary_20000,29,648,layer_0::c0: Soil_Type_13 IS present,0.00010917388124065397,0.0691549597954324,0.007153018649238367,3,0.0306391678750515,36.37763158504822,0.009137770710429323,0.7768595041322314,0.48432855834332245
covtype_binary_20000,29,649,layer_1::c5: projection_4 IS HIGH,0.12124668764108193,17.982036528014365,0.5160556112198253,1438,0.030551599338650703,213191.75119107577,0.04302049448527396,0.7768595041322314,0.48432855834332245
covtype_binary_20000,29,650,layer_0::c6: Hillshade_Noon IS LOW,0.7741291287056102,17.059034767916142,0.4830007191039261,1560,0.030434004962444305,920898.7046226605,0.010862517799543793,0.7768595041322314,0.48432855834332245
covtype_binary_20000,29,651,layer_1::c2: ka_concept_1.c7 IS LOW,0.7768595041322314,17.092959744416145,0.4839443887801746,1562,0.030195623636245728,96812.0883609683,0.1099608123046346,0.7768595041322314,0.48432855834332245
covtype_binary_20000,29,652,layer_1::c5: projection_3 IS HIGH,0.12124668764108193,17.982036528014365,0.5160556112198253,1438,0.0301764365285635,27656.793202756257,0.04063774307196339,0.7768595041322314,0.48432855834332245
covtype_binary_20000,29,653,layer_1::c4: ka_concept_1.c5 IS MEDIUM,0.7768595041322314,17.092959744416145,0.4839443887801746,1562,0.030051572248339653,66616.05383076104,0.08408388847919802,0.7768595041322314,0.48432855834332245
covtype_binary_20000,29,654,layer_0::c11: Soil_Type_30 IS present,0.003256106549741955,0.5549053584919802,0.018171599592962457,36,0.029862234368920326,91.05817391943128,0.019895553782898787,0.7768595041322314,0.48432855834332245
covtype_binary_20000,29,655,layer_0::c1: Wilderness_Area_2 IS present,0.009675468655512942,0.07297190007104581,0.031260761895294115,132,0.029853209853172302,30.67235707954933,0.006374784135307588,0.7768595041322314,0.48432855834332245
covtype_binary_20000,29,656,layer_0::c10: Slope IS LOW,0.11562024587804776,17.113647328596088,0.5011903998570967,1397,0.02984771691262722,15375618.572470635,0.01684486095165384,0.7768595041322314,0.48432855834332245
covtype_binary_20000,29,657,layer_0::c8: Soil_Type_4 IS present,0.007728505429248189,0.3942254912614527,0.01597269754735237,59,0.029759906232357025,29.96401033949951,0.01901452832742507,0.7768595041322314,0.48432855834332245
covtype_binary_20000,29,658,layer_0::c10: Soil_Type_30 IS absent,-0.007774494657847297,0.021522010350580767,0.08544069920797807,281,0.02975953184068203,30.6684251914412,0.016867000836928697,0.7768595041322314,0.48432855834332245
covtype_binary_20000,29,659,layer_1::c5: projection_5 IS MEDIUM,0.12124668764108193,17.982036528014365,0.5160556112198253,1438,0.02969854697585106,929526.4826458956,0.04080940522191425,0.7768595041322314,0.48432855834332245
covtype_binary_20000,29,660,layer_1::c2: projection_6 IS MEDIUM,0.12124668764108193,17.982036528014365,0.5160556112198253,1438,0.02966689132153988,380455.3391389083,0.10810677632937829,0.7768595041322314,0.48432855834332245
covtype_binary_20000,29,661,layer_0::c5: Vertical_Distance_To_Hydrology IS MEDIUM,0.7768595041322314,17.092959744416145,0.4839443887801746,1562,0.02960413135588169,717267.1551449293,0.007466699101166645,0.7768595041322314,0.48432855834332245
covtype_binary_20000,29,662,"projection_layer::pursuit_5(Hillshade_9am, Wilderness_Area_1, Soil_Type_10, Soil_Type_32) IS HIGH",0.006137578998541504,0.0015276296191394922,0.010035280650012336,33,0.029596343636512756,5.541747793365175,0.011101395154378678,0.7768595041322314,0.48432855834332245
covtype_binary_20000,29,663,layer_1::c2: projection_2 IS MEDIUM,0.7768595041322314,17.092959744416145,0.4839443887801746,1562,0.029515031725168228,210175.66034188113,0.10773304786284765,0.7768595041322314,0.48432855834332245
covtype_binary_20000,29,664,layer_1::c5: projection_0 IS HIGH,0.12124668764108193,17.982036528014365,0.5160556112198253,1438,0.029363352805376053,650869.9566241553,0.04031057412860294,0.7768595041322314,0.48432855834332245
covtype_binary_20000,29,665,layer_0::c6: Hillshade_Noon IS MEDIUM,0.7714247215235357,16.873079212417377,0.48029983567642764,1553,0.029305841773748398,840572.726000944,0.010367324536989138,0.7768595041322314,0.48432855834332245
covtype_binary_20000,29,666,layer_0::c6: Soil_Type_2 IS present,0.006924863609355514,0.09604986978464891,0.009440797909908517,35,0.029271291568875313,13.153640923148487,0.009840332218038384,0.7768595041322314,0.48432855834332245
covtype_binary_20000,29,667,layer_0::c10: Wilderness_Area_4 IS present,0.012886332621531937,0.03588547367125361,0.03221981444144137,106,0.029238687828183174,11.341996859033316,0.017623651594869442,0.7768595041322314,0.48432855834332245
covtype_binary_20000,29,668,layer_1::c1: ka_concept_1.c8 IS LOW,0.12124668764108193,17.982036528014365,0.5160556112198253,1438,0.02893390879034996,98532.11388090964,0.18008215120139842,0.7768595041322314,0.48432855834332245
covtype_binary_20000,29,669,layer_0::c3: Wilderness_Area_2 IS present,0.009675468655512942,0.13711226202330484,0.033948911460613754,132,0.02886977419257164,37.56750422947516,0.007737211119109512,0.7768595041322314,0.48432855834332245
covtype_binary_20000,29,670,layer_0::c8: Wilderness_Area_1 IS present,0.01007073734346453,0.08035329112304301,0.09662646820131272,251,0.028788993135094643,38.12570083873527,0.01850477728663918,0.7768595041322314,0.48432855834332245
covtype_binary_20000,29,671,layer_0::c3: Wilderness_Area_2 IS present,0.009675468655512942,0.13311748688908764,0.033885917806204445,132,0.028702661395072937,37.03720590076409,0.0076924235765157695,0.7768595041322314,0.48432855834332245
covtype_binary_20000,29,672,layer_0::c5: Wilderness_Area_4 IS present,-0.0006982516433461372,0.0008028833061398122,0.004086751293449652,5,0.028697842732071877,5.5004875016359165,0.007647040812581812,0.7768595041322314,0.48432855834332245
covtype_binary_20000,29,673,layer_0::c9: Slope IS LOW,0.11442468209641188,16.920102010275457,0.49804657168102917,1386,0.028415873646736145,14109613.243344976,0.008219786692586998,0.7768595041322314,0.48432855834332245
covtype_binary_20000,29,674,layer_0::c7: Soil_Type_11 IS present,0.0004742798578249996,0.1375730089700995,0.005957681959751402,7,0.028404787182807922,68.55618525457066,0.009628282845818225,0.7768595041322314,0.48432855834332245
covtype_binary_20000,29,675,layer_1::c0: ka_concept_1.c9 IS HIGH,0.7768595041322314,17.092959744416145,0.4839443887801746,1562,0.028310541063547134,648443.8421022354,0.04175346148425282,0.7768595041322314,0.48432855834332245
covtype_binary_20000,29,676,layer_1::c4: ka_concept_1.c5 IS LOW,0.7768595041322314,16.966464284162058,0.4839434435874845,1562,0.028303854167461395,92303.48484143171,0.08061295407876605,0.7768595041322314,0.48432855834332245
covtype_binary_20000,29,677,layer_0::c10: Horizontal_Distance_To_Fire_Points IS HIGH,0.12124668764108193,17.812169388499367,0.5146417613781527,1438,0.02826567366719246,351874.22071577853,0.01577400362137035,0.7768595041322314,0.48432855834332245
covtype_binary_20000,29,678,layer_1::c4: ka_concept_1.c3 IS LOW,0.12124668764108193,17.93706774278583,0.5160523485876526,1438,0.028054138645529747,106806.19028338413,0.07795885280880611,0.7768595041322314,0.48432855834332245
covtype_binary_20000,29,679,layer_1::c2: ka_concept_1.c7 IS HIGH,0.11948540341280689,16.69783842468236,0.5109452161904472,1423,0.028020992875099182,13321.28926736783,0.10268810038931649,0.7768595041322314,0.48432855834332245
covtype_binary_20000,29,680,layer_1::c4: projection_1 IS MEDIUM,0.12124668764108193,17.982036528014365,0.5160556112198253,1438,0.027676308527588844,287604.39346646186,0.07760327080637217,0.7768595041322314,0.48432855834332245
covtype_binary_20000,29,681,layer_0::c8: Soil_Type_26 IS absent,-0.008490240689143613,0.025958203101667632,0.09466076567730879,306,0.027449116110801697,33.196220153894274,0.017342418756426697,0.7768595041322314,0.48432855834332245
covtype_binary_20000,29,682,layer_1::c5: projection_2 IS LOW,0.7768595041322314,17.092959744416145,0.4839443887801746,1562,0.02729562297463417,2288297.800346067,0.03761492134308598,0.7768595041322314,0.48432855834332245
covtype_binary_20000,29,683,layer_1::c4: ka_concept_1.c1 IS MEDIUM,0.12124668764108193,17.982036528014365,0.5160556112198253,1438,0.026998963207006454,279603.53185110755,0.07659534391062334,0.7768595041322314,0.48432855834332245
covtype_binary_20000,29,684,layer_0::c10: Horizontal_Distance_To_Fire_Points IS LOW,0.5949303222030494,14.827204575187281,0.4341990012284508,1387,0.026950515806674957,657297.4318267121,0.015492811302491189,0.7768595041322314,0.48432855834332245
covtype_binary_20000,29,685,layer_0::c3: Hillshade_3pm IS LOW,0.7754943164189207,16.784084501177833,0.4827423801550749,1560,0.026586662977933884,846846.9670324961,0.007080661363500752,0.7768595041322314,0.48432855834332245
covtype_binary_20000,29,686,layer_0::c8: Wilderness_Area_1 IS absent,0.0006147530824412994,0.03547646280597527,0.08558052170231152,309,0.02640698291361332,30.235458848903704,0.016439654266253,0.7768595041322314,0.48432855834332245
covtype_binary_20000,29,687,layer_0::c8: Horizontal_Distance_To_Fire_Points IS HIGH,0.12124668764108193,17.83645322433988,0.5150000598587502,1438,0.0263826921582222,687556.6086624186,0.016344901950979332,0.7768595041322314,0.48432855834332245
covtype_binary_20000,29,688,layer_1::c1: ka_concept_1.c7 IS MEDIUM,0.7768595041322314,17.092959744416145,0.4839443887801746,1562,0.026311706751585007,70836.3048141414,0.16364321007175991,0.7768595041322314,0.48432855834332245
covtype_binary_20000,29,689,layer_0::c0: Soil_Type_38 IS absent,-0.004006688498667144,0.0009243332214203259,0.023251185580917686,69,0.026296529918909073,16.109832987221637,0.008493509222979204,0.7768595041322314,0.48432855834332245
covtype_binary_20000,29,690,layer_0::c6: Soil_Type_26 IS absent,-0.005525581049382278,0.001848210897233693,0.027836141218072943,86,0.02626986615359783,17.830251532126567,0.009321207124397934,0.7768595041322314,0.48432855834332245
covtype_binary_20000,29,691,layer_1::c1: ka_concept_1.c4 IS HIGH,0.12007603602800854,17.02595013045354,0.511998641665335,1427,0.025974899530410767,5456.050448356658,0.16044237474917705,0.7768595041322314,0.48432855834332245
covtype_binary_20000,29,692,layer_1::c3: projection_3 IS HIGH,0.12124668764108193,17.982036528014365,0.5160556112198253,1438,0.02576487697660923,72826.79756138164,0.03448648833173017,0.7768595041322314,0.48432855834332245
covtype_binary_20000,29,693,layer_1::c2: projection_3 IS HIGH,0.7768595041322314,17.092959744416145,0.4839443887801746,1562,0.025463487952947617,25785.677046031084,0.09131181956455112,0.7768595041322314,0.48432855834332245
covtype_binary_20000,29,694,layer_1::c4: ka_concept_1.c4 IS LOW,0.7768595041322314,17.091709673486072,0.4839443887801746,1562,0.02502814680337906,400169.1011384669,0.07110542968555092,0.7768595041322314,0.48432855834332245
covtype_binary_20000,29,695,"projection_layer::pursuit_7(Aspect, Soil_Type_39, Soil_Type_2, Soil_Type_5) IS LOW",0.00575889643472971,0.004078033026430117,0.02088052709382222,63,0.025004373863339424,9.373137352892172,0.013340771826609853,0.7768595041322314,0.48432855834332245
covtype_binary_20000,29,696,layer_0::c5: Soil_Type_11 IS present,0.0007696758627465661,0.044725030365128315,0.005620877854008824,3,0.024915216490626335,40.8843434902692,0.005779119525328497,0.7768595041322314,0.48432855834332245
covtype_binary_20000,29,697,layer_1::c1: projection_2 IS MEDIUM,0.7768595041322314,17.092959744416145,0.4839443887801746,1562,0.024821560829877853,295566.3874516059,0.15545349226643643,0.7768595041322314,0.48432855834332245
covtype_binary_20000,29,698,layer_0::c6: Wilderness_Area_3 IS absent,0.0015604417332659715,0.0037982859288585025,0.02590013274308282,68,0.02469394914805889,19.032893496310407,0.00894268216648095,0.7768595041322314,0.48432855834332245
covtype_binary_20000,29,699,layer_0::c11: Wilderness_Area_4 IS present,0.023947952353824076,0.051814666819034016,0.03919685224146376,152,0.024285446852445602,14.528261619135264,0.01602714456124886,0.7768595041322314,0.48432855834332245
covtype_binary_20000,29,700,layer_0::c10: Horizontal_Distance_To_Hydrology IS HIGH,0.761934130997903,16.588146481969787,0.48035367278377933,1551,0.023903993889689445,99430.48423689943,0.013747549585005769,0.7768595041322314,0.48432855834332245
covtype_binary_20000,29,701,layer_0::c6: Soil_Type_11 IS absent,-0.003612529492081573,0.0011272893030898068,0.022029827869733717,68,0.023795288056135178,15.54832791045476,0.008454710749692349,0.7768595041322314,0.48432855834332245
covtype_binary_20000,29,702,layer_1::c1: ka_concept_1.c5 IS LOW,0.7768595041322314,17.092641922897236,0.4839443887801746,1562,0.023756621405482292,246818.57609193283,0.15070472943133792,0.7768595041322314,0.48432855834332245
covtype_binary_20000,29,703,layer_0::c7: Vertical_Distance_To_Hydrology IS HIGH,0.7768595041322314,17.064761544272812,0.48394430759517554,1562,0.023274516686797142,303867.5600098199,0.008029935464445468,0.7768595041322314,0.48432855834332245
covtype_binary_20000,29,704,layer_0::c10: Wilderness_Area_3 IS present,-0.005776348459898495,0.014381983357828643,0.05064495370732355,177,0.023245545104146004,21.503709211305704,0.012865716643950236,0.7768595041322314,0.48432855834332245
covtype_binary_20000,29,705,layer_1::c1: ka_concept_1.c0 IS LOW,0.12124668764108193,17.885729682220877,0.5160434149313365,1438,0.023119740188121796,28281.4677883654,0.14567642922046556,0.7768595041322314,0.48432855834332245
covtype_binary_20000,29,706,layer_0::c10: Wilderness_Area_1 IS absent,-0.00588413336000948,0.011998551869821128,0.05193091835338977,197,0.023107726126909256,23.09558807425242,0.012958375745251943,0.7768595041322314,0.48432855834332245
covtype_binary_20000,29,707,layer_1::c1: ka_concept_1.c7 IS LOW,0.12124668764108193,17.982036528014365,0.5160556112198253,1438,0.023072265088558197,53647.16343771114,0.14416172601127375,0.7768595041322314,0.48432855834332245
covtype_binary_20000,29,708,layer_0::c11: Wilderness_Area_3 IS absent,0.0020456083505936418,0.026734991322085788,0.06732339166179223,199,0.023047035560011864,30.94352022650537,0.01465719196457447,0.7768595041322314,0.48432855834332245
covtype_binary_20000,29,709,layer_0::c11: Wilderness_Area_3 IS present,-0.00588413336000948,0.018682388597402233,0.0569708360576505,197,0.02297808602452278,22.473868488209973,0.013924515968055782,0.7768595041322314,0.48432855834332245
covtype_binary_20000,29,710,layer_1::c4: ka_concept_1.c1 IS HIGH,0.12124668764108193,17.876882016409862,0.516055611215323,1438,0.022944504395127296,308939.45386014425,0.06785317641018386,0.7768595041322314,0.48432855834332245
covtype_binary_20000,29,711,layer_1::c3: projection_1 IS LOW,0.12124668764108193,17.982036528014365,0.5160556112198253,1438,0.022821709513664246,755120.3320370291,0.030980423239370187,0.7768595041322314,0.48432855834332245
covtype_binary_20000,29,712,layer_1::c2: projection_2 IS HIGH,0.12124668764108193,17.982036528014365,0.5160556112198253,1438,0.02278365008533001,185616.48112514772,0.07778168488945812,0.7768595041322314,0.48432855834332245
covtype_binary_20000,29,713,layer_1::c4: projection_2 IS LOW,0.7768595041322314,16.030904602900605,0.47299030490467414,1562,0.022773854434490204,1738.9722484887989,0.0643774808999151,0.7768595041322314,0.48432855834332245
covtype_binary_20000,29,714,layer_0::c10: Hillshade_9am IS HIGH,0.7239494512221785,16.191566978172684,0.46809538003972084,1513,0.022753020748496056,1699251.347881918,0.012829144347514435,0.7768595041322314,0.48432855834332245
covtype_binary_20000,29,715,layer_1::c0: projection_1 IS HIGH,0.7768595041322314,17.092959744416145,0.4839443887801746,1562,0.022387130185961723,506979.0851916623,0.03223181244234244,0.7768595041322314,0.48432855834332245
covtype_binary_20000,29,716,layer_0::c11: Horizontal_Distance_To_Roadways IS HIGH,0.12124668764108193,17.982036528014365,0.5160556112198253,1438,0.022267842665314674,702065.5704594527,0.013575318637978246,0.7768595041322314,0.48432855834332245
covtype_binary_20000,29,717,layer_1::c2: ka_concept_1.c2 IS HIGH,0.12124668764108193,17.982036528014365,0.5160556112198253,1438,0.02157963626086712,159473.3260893656,0.07814392326185286,0.7768595041322314,0.48432855834332245
covtype_binary_20000,29,718,layer_1::c2: ka_concept_1.c3 IS MEDIUM,0.7768595041322314,17.092959744416145,0.4839443887801746,1562,0.021491901949048042,45526.47746027418,0.07911097278135518,0.7768595041322314,0.48432855834332245
covtype_binary_20000,29,719,layer_1::c2: ka_concept_1.c11 IS LOW,0.7768595041322314,17.092959744416145,0.4839443887801746,1562,0.021373435854911804,336776.1363465133,0.07852397011014788,0.7768595041322314,0.48432855834332245
covtype_binary_20000,29,720,layer_0::c11: Wilderness_Area_2 IS present,0.009675468655512942,0.5322460031422428,0.034622737017346895,132,0.02130308747291565,64.46418060156066,0.01322476450905621,0.7768595041322314,0.48432855834332245
covtype_binary_20000,29,721,layer_1::c0: ka_concept_1.c1 IS HIGH,0.7768595041322314,13.800057059231005,0.4837942942513282,1562,0.021206902340054512,176256.06357736053,0.03216321841256953,0.7768595041322314,0.48432855834332245
covtype_binary_20000,29,722,layer_1::c3: projection_0 IS HIGH,0.12124668764108193,17.982036528014365,0.5160556112198253,1438,0.021104872226715088,27885.253020323395,0.028797539914337297,0.7768595041322314,0.48432855834332245
covtype_binary_20000,29,723,layer_0::c3: Wilderness_Area_2 IS absent,-0.0036123176239940546,5.759546177391828e-05,0.009350555561272776,27,0.020979072898626328,9.903775833347652,0.005642679853326361,0.7768595041322314,0.48432855834332245
covtype_binary_20000,29,724,layer_1::c2: ka_concept_1.c0 IS HIGH,0.10805950413223142,13.569639678179222,0.4858850682203375,1350,0.02094782330095768,18785.506968683527,0.07560232557385341,0.7768595041322314,0.48432855834332245
covtype_binary_20000,29,725,layer_1::c1: projection_4 IS MEDIUM,0.12124668764108193,17.982036528014365,0.5160556112198253,1438,0.020780904218554497,75019.81465440005,0.12931726263960203,0.7768595041322314,0.48432855834332245
covtype_binary_20000,29,726,layer_0::c2: Slope IS LOW,0.7566302391288598,16.685247303755887,0.47783046859171463,1542,0.020695818588137627,37774318.29061668,0.004636861472417874,0.7768595041322314,0.48432855834332245
covtype_binary_20000,29,727,layer_0::c2: Aspect IS LOW,0.12124668764108193,16.15835569692727,0.5155028817100267,1438,0.020600177347660065,866744.9760455139,0.004618304974413907,0.7768595041322314,0.48432855834332245
covtype_binary_20000,29,728,layer_0::c11: Wilderness_Area_1 IS absent,-0.0055594484862224736,0.010128954852375416,0.04809824910335366,183,0.02041873149573803,22.10020537408957,0.012537011786064341,0.7768595041322314,0.48432855834332245
covtype_binary_20000,29,729,layer_1::c2: projection_0 IS MEDIUM,0.12124668764108193,17.982036528014365,0.5160556112198253,1438,0.02039187401533127,327579.01283285406,0.07423013151685397,0.7768595041322314,0.48432855834332245
covtype_binary_20000,29,730,layer_1::c0: projection_1 IS LOW,0.7768595041322314,17.092959744416145,0.4839443887801746,1562,0.02037557028234005,1028834.3923446081,0.029275932429979244,0.7768595041322314,0.48432855834332245
covtype_binary_20000,29,731,layer_1::c1: ka_concept_1.c5 IS MEDIUM,0.12124668764108193,17.982036528014365,0.5160556112198253,1438,0.020125366747379303,57657.69430474304,0.1254216079763137,0.7768595041322314,0.48432855834332245
covtype_binary_20000,29,732,layer_1::c2: projection_0 IS LOW,0.12124668764108193,17.982036528014365,0.5160556112198253,1438,0.020001176744699478,83424.1977581046,0.07259846653665106,0.7768595041322314,0.48432855834332245
covtype_binary_20000,29,733,layer_1::c5: ka_concept_1.c0 IS LOW,0.7768595041322314,16.79522785773715,0.4839443511178498,1562,0.019822031259536743,560123.4539970185,0.02733639468009763,0.7768595041322314,0.48432855834332245
covtype_binary_20000,29,734,layer_0::c8: Wilderness_Area_2 IS present,0.009675468655512942,0.4522524562177861,0.03458729448399145,132,0.019777735695242882,59.35650260096736,0.012448888336115488,0.7768595041322314,0.48432855834332245
covtype_binary_20000,29,735,layer_1::c4: ka_concept_1.c3 IS HIGH,0.7768595041322314,17.092959744416145,0.4839443887801746,1562,0.019209014251828194,248781.85155305458,0.055278522862300936,0.7768595041322314,0.48432855834332245
covtype_binary_20000,29,736,layer_0::c3: Vertical_Distance_To_Hydrology IS HIGH,0.12124668764108193,17.936553123773894,0.5160469588453804,1438,0.019009025767445564,343632.052764816,0.004798356959939156,0.7768595041322314,0.48432855834332245
covtype_binary_20000,29,737,layer_1::c1: projection_5 IS LOW,0.7768595041322314,17.092959744416145,0.4839443887801746,1562,0.01866978034377098,207546.4848177312,0.11609044967591763,0.7768595041322314,0.48432855834332245
covtype_binary_20000,29,738,layer_1::c5: projection_6 IS HIGH,0.7768595041322314,17.092959744416145,0.4839443887801746,1562,0.018573759123682976,836637.3951596838,0.025546543745634455,0.7768595041322314,0.48432855834332245
covtype_binary_20000,29,739,layer_1::c3: projection_3 IS LOW,0.7768595041322314,15.801213816751263,0.48392175523251874,1562,0.018528958782553673,169767.27214797275,0.02522150096975262,0.7768595041322314,0.48432855834332245
covtype_binary_20000,29,740,layer_0::c8: Soil_Type_2 IS present,0.006924863609355514,0.13603679076755282,0.00950085832361863,35,0.018006475642323494,16.087842596971313,0.010778631982917432,0.7768595041322314,0.48432855834332245
covtype_binary_20000,29,741,layer_0::c6: Wilderness_Area_2 IS present,0.009675468655512942,0.07258501408014384,0.031225588631404243,132,0.01800040528178215,30.633503798148013,0.006363106462359307,0.7768595041322314,0.48432855834332245
covtype_binary_20000,29,742,layer_1::c0: projection_5 IS HIGH,0.7768595041322314,17.092959744416145,0.4839443887801746,1562,0.0178628321737051,192290.4333821289,0.02570824354237993,0.7768595041322314,0.48432855834332245
covtype_binary_20000,29,743,layer_1::c4: ka_concept_1.c11 IS MEDIUM,0.12124668764108193,17.982036528014365,0.5160556112198253,1438,0.017378641292452812,599706.4683287744,0.048389785217586904,0.7768595041322314,0.48432855834332245
covtype_binary_20000,29,744,layer_1::c5: ka_concept_1.c9 IS HIGH,0.12124668764108193,17.974684415636567,0.516055611219647,1438,0.017345858737826347,693784.5668515266,0.024317506638082097,0.7768595041322314,0.48432855834332245
covtype_binary_20000,29,745,layer_1::c3: ka_concept_1.c3 IS HIGH,0.7768595041322314,17.092959744416145,0.4839443887801746,1562,0.01732141710817814,843307.1478629722,0.024152589632860325,0.7768595041322314,0.48432855834332245
covtype_binary_20000,29,746,layer_1::c3: ka_concept_1.c8 IS MEDIUM,0.12124668764108193,17.982036528014365,0.5160556112198253,1438,0.017248427495360374,387694.44033364527,0.023450740475712033,0.7768595041322314,0.48432855834332245
covtype_binary_20000,29,747,layer_0::c8: Wilderness_Area_2 IS present,0.009675468655512942,0.33437171344192984,0.03453358120525505,132,0.017112616449594498,53.058730932420076,0.010771356696324801,0.7768595041322314,0.48432855834332245
covtype_binary_20000,29,748,layer_1::c3: ka_concept_1.c11 IS HIGH,0.7768595041322314,17.09107125834194,0.48394438152899527,1562,0.01699455827474594,167877.97401465537,0.02313940699908077,0.7768595041322314,0.48432855834332245
covtype_binary_20000,29,749,layer_1::c2: ka_concept_1.c9 IS HIGH,0.7553251838092165,11.329218013266626,0.4683072629787415,1539,0.01669607125222683,8013.029572376967,0.062328254829978204,0.7768595041322314,0.48432855834332245
covtype_binary_20000,29,750,layer_0::c8: Horizontal_Distance_To_Hydrology IS MEDIUM,0.7446231038635946,16.442652731164156,0.4750177971885757,1536,0.016556084156036377,1767189.1070563595,0.010529396949382682,0.7768595041322314,0.48432855834332245
covtype_binary_20000,29,751,layer_1::c1: ka_concept_1.c3 IS LOW,0.7768595041322314,17.09295976834846,0.48394436484869213,1562,0.016463233157992363,58716.07103429464,0.10189822412228872,0.7768595041322314,0.48432855834332245
covtype_binary_20000,29,752,layer_1::c2: ka_concept_1.c4 IS MEDIUM,0.12124668764108193,17.982036528014365,0.5160556112198253,1438,0.016313577070832253,468045.3328443234,0.05967901118146256,0.7768595041322314,0.48432855834332245
covtype_binary_20000,29,753,layer_1::c0: ka_concept_1.c5 IS HIGH,0.12124668764108193,17.4204243974571,0.5158286607935891,1438,0.016273071989417076,479940.7789032057,0.02294268814490715,0.7768595041322314,0.48432855834332245
covtype_binary_20000,29,754,layer_1::c0: ka_concept_1.c2 IS MEDIUM,0.7768595041322314,17.092959744416145,0.4839443887801746,1562,0.016079604625701904,283677.7378494601,0.023319326335719478,0.7768595041322314,0.48432855834332245
covtype_binary_20000,29,755,layer_1::c1: ka_concept_1.c4 IS LOW,0.12124668764108193,17.982036528014365,0.5160556112198253,1438,0.015994612127542496,350924.1807835195,0.10121170923855971,0.7768595041322314,0.48432855834332245
covtype_binary_20000,29,756,layer_1::c0: ka_concept_1.c10 IS MEDIUM,0.7768595041322314,17.092959744416145,0.4839443887801746,1562,0.01575051061809063,140759.88698882525,0.022993904933333396,0.7768595041322314,0.48432855834332245
covtype_binary_20000,29,757,layer_0::c8: Wilderness_Area_1 IS present,-0.000739465935357897,0.007882075185028481,0.032735487651119353,82,0.015703843906521797,20.855289592285942,0.010093999710971958,0.7768595041322314,0.48432855834332245
covtype_binary_20000,29,758,layer_0::c7: Hillshade_9am IS HIGH,0.706225102562578,15.747741593643942,0.4619472576666975,1496,0.015566670335829258,643083.2733216784,0.005670491634716043,0.7768595041322314,0.48432855834332245
covtype_binary_20000,29,759,layer_1::c0: ka_concept_1.c7 IS HIGH,0.11592306441271094,14.992232404388238,0.4989549247982904,1396,0.01517537422478199,18105.246802590384,0.02197099103206286,0.7768595041322314,0.48432855834332245
covtype_binary_20000,29,760,layer_1::c4: projection_3 IS HIGH,0.12124668764108193,17.982036528014365,0.5160556112198253,1438,0.015091219916939735,68516.49898764017,0.04168849495612085,0.7768595041322314,0.48432855834332245
covtype_binary_20000,29,761,layer_0::c0: Hillshade_9am IS LOW,0.7714136225801551,16.94865815588032,0.48211522816605945,1556,0.01490453165024519,1584404.071677135,0.004784147969151718,0.7768595041322314,0.48432855834332245
covtype_binary_20000,29,762,layer_1::c5: projection_7 IS HIGH,0.12124668764108193,17.982036528014365,0.5160556112198253,1438,0.014790461398661137,827011.9452503765,0.020359077357842276,0.7768595041322314,0.48432855834332245
covtype_binary_20000,29,763,layer_1::c1: projection_3 IS HIGH,0.7768595041322314,17.092959744416145,0.4839443887801746,1562,0.0145431412383914,50697.54788799595,0.08948146400476495,0.7768595041322314,0.48432855834332245
covtype_binary_20000,29,764,layer_1::c0: projection_6 IS LOW,0.12124668764108193,17.982036528014365,0.5160556112198253,1438,0.014091690070927143,486220.2919707615,0.02017066250167166,0.7768595041322314,0.48432855834332245
covtype_binary_20000,29,765,layer_0::c0: Wilderness_Area_2 IS present,0.004683371394516023,0.019913606639629267,0.019861539778582803,109,0.013971347361803055,21.837866877409397,0.004488411183657566,0.7768595041322314,0.48432855834332245
covtype_binary_20000,29,766,layer_1::c2: projection_4 IS LOW,0.12124668764108193,17.982036528014365,0.5160556112198253,1438,0.013959518633782864,272496.32624024374,0.050526648435625245,0.7768595041322314,0.48432855834332245
covtype_binary_20000,29,767,layer_0::c0: Horizontal_Distance_To_Roadways IS LOW,0.6339127956682815,14.769239650833661,0.44365706036670344,1430,0.0139336958527565,1672306.4721811784,0.004502696374913834,0.7768595041322314,0.48432855834332245
covtype_binary_20000,29,768,layer_1::c1: ka_concept_1.c6 IS MEDIUM,0.7768595041322314,17.092959744416145,0.4839443887801746,1562,0.013896648772060871,21514.517657046512,0.08670278651748474,0.7768595041322314,0.48432855834332245
covtype_binary_20000,29,769,layer_0::c0: Horizontal_Distance_To_Hydrology IS MEDIUM,0.12042609555435324,17.38079111228307,0.5044157014297415,1405,0.013776197098195553,5785450.37420719,0.004471730031365673,0.7768595041322314,0.48432855834332245
covtype_binary_20000,29,770,layer_1::c5: ka_concept_1.c7 IS HIGH,0.12124668764108193,17.661939940496534,0.515733665402855,1438,0.01369163766503334,352047.0748861366,0.018842762201889247,0.7768595041322314,0.48432855834332245
covtype_binary_20000,29,771,layer_0::c4: Soil_Type_35 IS present,0.003324283592402555,0.07234799735921449,0.0040496605665453905,13,0.013378841802477837,36.653836961653724,0.0023307276216655735,0.7768595041322314,0.48432855834332245
covtype_binary_20000,29,772,layer_1::c1: projection_6 IS LOW,0.12124668764108193,17.982036528014365,0.5160556112198253,1438,0.013368134386837482,22248.98228947497,0.08310365667877098,0.7768595041322314,0.48432855834332245
covtype_binary_20000,29,773,layer_1::c4: projection_0 IS LOW,0.12124668764108193,17.982036528014365,0.5160556112198253,1438,0.013218194246292114,120726.68113225298,0.03695956929711004,0.7768595041322314,0.48432855834332245
covtype_binary_20000,29,774,layer_1::c1: projection_6 IS MEDIUM,0.7768595041322314,17.092959744416145,0.4839443887801746,1562,0.013194268569350243,577016.235820261,0.0824958324233691,0.7768595041322314,0.48432855834332245
covtype_binary_20000,29,775,layer_1::c5: ka_concept_1.c1 IS HIGH,0.6150312150649059,5.885067558767625,0.4140163551859003,1406,0.0131203169003129,37533.10506510468,0.01891496435851271,0.7768595041322314,0.48432855834332245
covtype_binary_20000,29,776,layer_1::c4: projection_5 IS MEDIUM,0.7768595041322314,17.092959744416145,0.4839443887801746,1562,0.012953974306583405,531649.9819979685,0.03651391637154544,0.7768595041322314,0.48432855834332245
covtype_binary_20000,29,777,layer_1::c4: ka_concept_1.c2 IS LOW,0.7768595041322314,16.502846703114702,0.4839443801914495,1562,0.012860285118222237,208045.32307203527,0.037803000195495165,0.7768595041322314,0.48432855834332245
covtype_binary_20000,29,778,layer_1::c4: projection_6 IS HIGH,0.7768595041322314,17.092959744416145,0.4839443887801746,1562,0.012797340750694275,529254.332565672,0.03610624719954406,0.7768595041322314,0.48432855834332245
covtype_binary_20000,29,779,layer_0::c6: Soil_Type_11 IS present,0.0007696758627465661,0.019905044918407944,0.005509390044310512,3,0.01269329059869051,29.62088125955961,0.004152204592044048,0.7768595041322314,0.48432855834332245
covtype_binary_20000,29,780,layer_1::c2: ka_concept_1.c3 IS HIGH,0.12124668764108193,17.964051197337092,0.5160556112189273,1438,0.012644588015973568,138607.76135660723,0.04723601145367623,0.7768595041322314,0.48432855834332245
covtype_binary_20000,29,781,layer_1::c2: ka_concept_1.c4 IS LOW,0.12124668764108193,17.96828969407717,0.51605561121931,1438,0.012617220170795918,345154.9201673471,0.04653234275391272,0.7768595041322314,0.48432855834332245
covtype_binary_20000,29,782,layer_1::c3: projection_6 IS LOW,0.7768595041322314,17.092959744416145,0.4839443887801746,1562,0.012614339590072632,984310.1009706012,0.017059246023651213,0.7768595041322314,0.48432855834332245
covtype_binary_20000,29,783,layer_0::c11: Wilderness_Area_4 IS absent,-0.00321811553141671,0.0010387047663074078,0.021767272482420025,67,0.012526181526482105,16.076982678362555,0.007768516488527288,0.7768595041322314,0.48432855834332245
covtype_binary_20000,29,784,layer_1::c2: projection_0 IS HIGH,0.7768595041322314,17.092959744416145,0.4839443887801746,1562,0.012475385330617428,182823.89649202998,0.04560524790547788,0.7768595041322314,0.48432855834332245
covtype_binary_20000,29,785,layer_1::c1: projection_4 IS LOW,0.12124668764108193,17.982036528014365,0.5160556112198253,1438,0.012444968335330486,541617.239356286,0.07728756242063052,0.7768595041322314,0.48432855834332245
covtype_binary_20000,29,786,layer_1::c2: projection_6 IS HIGH,0.12124668764108193,17.982036528014365,0.5160556112198253,1438,0.01217406801879406,568271.7362712654,0.044587748968818536,0.7768595041322314,0.48432855834332245
covtype_binary_20000,29,787,layer_1::c1: ka_concept_1.c11 IS MEDIUM,0.7768595041322314,17.092959744416145,0.4839443887801746,1562,0.012170238420367241,133342.79261908535,0.07547791822378834,0.7768595041322314,0.48432855834332245
covtype_binary_20000,29,788,layer_0::c9: Horizontal_Distance_To_Hydrology IS HIGH,0.12141618202224258,17.817405394381176,0.5130191068962022,1430,0.012074626982212067,1067060.4682783445,0.0035593581678758637,0.7768595041322314,0.48432855834332245
covtype_binary_20000,29,789,layer_1::c2: ka_concept_1.c10 IS MEDIUM,0.12124668764108193,17.982036528014365,0.5160556112198253,1438,0.012035571038722992,20291.45256491934,0.044474510563227036,0.7768595041322314,0.48432855834332245
covtype_binary_20000,29,790,layer_1::c3: ka_concept_1.c6 IS HIGH,0.7768595041322314,17.092959744416145,0.4839443887801742,1562,0.011987515725195408,704166.5088814388,0.01678887251064225,0.7768595041322314,0.48432855834332245
covtype_binary_20000,29,791,layer_1::c1: ka_concept_1.c6 IS LOW,0.12124668764108193,17.982036528014365,0.5160556112198253,1438,0.011971923522651196,215452.3615620582,0.07445464261776458,0.7768595041322314,0.48432855834332245
covtype_binary_20000,29,792,layer_0::c10: Soil_Type_11 IS present,0.0007696758627465661,0.053725944893742716,0.005653554353400488,3,0.011931040324270725,44.301187543722335,0.006259926546264372,0.7768595041322314,0.48432855834332245
covtype_binary_20000,29,793,layer_0::c2: Soil_Type_35 IS present,0.003578819696561708,0.09411315341727977,0.00413679807736027,14,0.011880968697369099,40.956741727166445,0.0026299276497447864,0.7768595041322314,0.48432855834332245
covtype_binary_20000,29,794,layer_1::c0: projection_5 IS MEDIUM,0.12124668764108193,17.982036528014365,0.5160556112198253,1438,0.011851704679429531,971716.1014119358,0.017132747466443107,0.7768595041322314,0.48432855834332245
covtype_binary_20000,29,795,layer_1::c4: ka_concept_1.c0 IS LOW,0.7768595041322314,16.620704059293466,0.48394316018723516,1562,0.011687698774039745,344030.66897180246,0.033063778160587996,0.7768595041322314,0.48432855834332245
covtype_binary_20000,29,796,layer_1::c1: ka_concept_1.c2 IS HIGH,0.12124668764108193,17.973523982795772,0.5160556112197257,1438,0.011576579883694649,96534.62737375556,0.07192785802741612,0.7768595041322314,0.48432855834332245
covtype_binary_20000,29,797,layer_1::c2: projection_7 IS LOW,0.7768595041322314,17.092959744416145,0.4839443887801746,1562,0.011402467265725136,47132.87354715166,0.0414001064610978,0.7768595041322314,0.48432855834332245
covtype_binary_20000,29,798,layer_1::c4: ka_concept_1.c7 IS HIGH,0.7768595041322314,17.021792925992514,0.4839440969671382,1562,0.011388041079044342,217801.5090009694,0.03214907637904192,0.7768595041322314,0.48432855834332245
covtype_binary_20000,29,799,layer_1::c5: ka_concept_1.c6 IS HIGH,0.12124668764108193,17.58405141557304,0.5160428909891642,1438,0.01138562522828579,238801.24654366617,0.016043160687297737,0.7768595041322314,0.48432855834332245
covtype_binary_20000,29,800,layer_0::c6: Wilderness_Area_1 IS absent,-0.0019771702023069215,-8.848272435846294e-05,0.004738787418788271,18,0.011178490705788136,6.995716789587391,0.003908319349510805,0.7768595041322314,0.48432855834332245
covtype_binary_20000,29,801,layer_0::c8: Wilderness_Area_2 IS absent,-0.0018957907520957828,0.0003207603039788731,0.01444060332432178,44,0.01105109415948391,12.379621265068124,0.006980994198926586,0.7768595041322314,0.48432855834332245
covtype_binary_20000,29,802,layer_1::c1: ka_concept_1.c4 IS MEDIUM,0.12124668764108193,17.982036528014365,0.5160556112198253,1438,0.011009852401912212,48110.25876609612,0.06910662108023341,0.7768595041322314,0.48432855834332245
covtype_binary_20000,29,803,layer_1::c2: ka_concept_1.c6 IS LOW,0.7768595041322314,17.092959744416145,0.4839443887801746,1562,0.010746065527200699,775379.9452872381,0.038950363363604995,0.7768595041322314,0.48432855834332245
covtype_binary_20000,29,804,layer_1::c4: projection_2 IS HIGH,0.7768595041322314,17.092959744416145,0.4839443887801746,1562,0.010488657280802727,31202.716609558076,0.027583970038530727,0.7768595041322314,0.48432855834332245
covtype_binary_20000,29,805,layer_0::c3: Soil_Type_35 IS present,0.0027720329056611925,0.10532405514085563,0.0041816803115347,16,0.010418586432933807,43.407052473219665,0.002745890061778482,0.7768595041322314,0.48432855834332245
covtype_binary_20000,29,806,layer_1::c1: projection_2 IS HIGH,0.12124668764108193,17.982036528014365,0.5160556112198253,1438,0.010338479653000832,300252.82218510803,0.06055869194772095,0.7768595041322314,0.48432855834332245
covtype_binary_20000,29,807,layer_0::c7: Horizontal_Distance_To_Hydrology IS MEDIUM,0.12042609555435324,17.378648329154434,0.504390510509723,1405,0.010197620838880539,6769610.43673244,0.0037742481272585535,0.7768595041322314,0.48432855834332245
covtype_binary_20000,29,808,layer_1::c2: projection_7 IS MEDIUM,0.7768595041322314,17.092959744416145,0.4839443887801746,1562,0.010195423848927021,183404.06462674693,0.037198244841148455,0.7768595041322314,0.48432855834332245
covtype_binary_20000,29,809,layer_0::c8: Soil_Type_2 IS absent,-0.0025138640139826807,0.0001080988859860077,0.013537885716774646,39,0.010124866850674152,12.5816564234253,0.0063990922001112265,0.7768595041322314,0.48432855834332245
covtype_binary_20000,29,810,layer_1::c2: ka_concept_1.c11 IS HIGH,0.12124668764108193,17.46180458595421,0.5160113154369022,1438,0.010093476623296738,85910.44718598058,0.03681894057142684,0.7768595041322314,0.48432855834332245
covtype_binary_20000,29,811,layer_1::c1: ka_concept_1.c9 IS LOW,0.7768595041322314,17.0843862391809,0.48394434105072803,1562,0.009992728941142559,134339.77407014984,0.06216826519076979,0.7768595041322314,0.48432855834332245
covtype_binary_20000,29,812,layer_0::c8: Wilderness_Area_4 IS absent,-0.0018611224996224474,0.00030345055223185424,0.013600775231966214,39,0.00992149580270052,12.478172971756123,0.006238858497004647,0.7768595041322314,0.48432855834332245
covtype_binary_20000,29,813,layer_1::c2: ka_concept_1.c9 IS MEDIUM,0.7768595041322314,17.092959744416145,0.4839443887801746,1562,0.009765377268195152,159227.75417798068,0.03553375210178395,0.7768595041322314,0.48432855834332245
covtype_binary_20000,29,814,layer_1::c1: ka_concept_1.c11 IS HIGH,0.12124668764108193,17.79857569588207,0.5160555303151801,1438,0.00975086446851492,103629.58034809279,0.06102945170153786,0.7768595041322314,0.48432855834332245
covtype_binary_20000,29,815,layer_1::c1: ka_concept_1.c0 IS HIGH,0.7768595041322314,16.906679125395037,0.48371972620320647,1562,0.009472071193158627,25290.742923040798,0.05865526890975161,0.7768595041322314,0.48432855834332245
covtype_binary_20000,29,816,layer_1::c5: ka_concept_1.c8 IS HIGH,0.7768595041322314,16.98735334769427,0.4839442940153604,1562,0.009325225837528706,346218.17902194295,0.012945891109842098,0.7768595041322314,0.48432855834332245
covtype_binary_20000,29,817,layer_1::c4: projection_5 IS LOW,0.12124668764108193,17.982036528014365,0.5160556112198253,1438,0.009223105385899544,1920778.1336886063,0.02574847778553764,0.7768595041322314,0.48432855834332245
covtype_binary_20000,29,818,layer_0::c11: Wilderness_Area_2 IS present,0.009675468655512942,0.05033442146528444,0.028399762262090792,132,0.009204835630953312,27.75321711214383,0.005714278479959224,0.7768595041322314,0.48432855834332245
covtype_binary_20000,29,819,layer_1::c4: projection_2 IS MEDIUM,0.12124668764108193,17.982036528014365,0.5160556112198253,1438,0.009126742370426655,1635951.5696976192,0.02566281612465779,0.7768595041322314,0.48432855834332245
covtype_binary_20000,29,820,layer_1::c2: projection_6 IS LOW,0.7768595041322314,17.092959744416145,0.4839443887801746,1562,0.009120515547692776,292480.22953993565,0.03304477758270999,0.7768595041322314,0.48432855834332245
covtype_binary_20000,29,821,layer_1::c1: ka_concept_1.c7 IS HIGH,0.09386374341626336,10.53284648046176,0.447698778239238,1221,0.009091394953429699,1116.16517450647,0.057165358896674054,0.7768595041322314,0.48432855834332245
covtype_binary_20000,29,822,layer_1::c2: ka_concept_1.c5 IS MEDIUM,0.12124668764108193,17.982036528014365,0.5160556112198253,1438,0.009001330472528934,58716.35292821243,0.032694102852838115,0.7768595041322314,0.48432855834332245
covtype_binary_20000,29,823,layer_1::c2: projection_1 IS HIGH,0.7768595041322314,17.092959744416145,0.4839443887801746,1562,0.008970029652118683,84415.74608332668,0.032689361859112975,0.7768595041322314,0.48432855834332245
covtype_binary_20000,29,824,layer_0::c2: Wilderness_Area_2 IS present,0.0005048243292756771,0.0006824685793482277,0.0036382369255383456,20,0.008757863193750381,9.580366071228582,0.0019713183463021173,0.7768595041322314,0.48432855834332245
covtype_binary_20000,29,825,layer_1::c2: projection_4 IS HIGH,0.12124668764108193,17.982036528014365,0.5160556112198253,1438,0.008747167885303497,461381.5313554958,0.032798680376882355,0.7768595041322314,0.48432855834332245
covtype_binary_20000,29,826,layer_1::c4: ka_concept_1.c0 IS HIGH,0.05229500021907818,7.220002235851747,0.3591147114692338,936,0.008740831166505814,3166.6461263379897,0.024301430423266233,0.7768595041322314,0.48432855834332245
covtype_binary_20000,29,827,layer_0::c10: Wilderness_Area_3 IS present,-0.0017914454420974169,-9.235196469226103e-07,0.007136328493443524,29,0.00871659629046917,7.882652296763126,0.004824376582804803,0.7768595041322314,0.48432855834332245
covtype_binary_20000,29,828,layer_1::c2: ka_concept_1.c2 IS LOW,0.12124668764108193,17.98180547895418,0.5160556112198252,1438,0.008657057769596577,523774.0127865531,0.033034146426807035,0.7768595041322314,0.48432855834332245
covtype_binary_20000,29,829,layer_1::c0: projection_7 IS HIGH,0.12124668764108193,17.982036528014365,0.5160556112198253,1438,0.008624967187643051,1323086.1997412373,0.012489784099006404,0.7768595041322314,0.48432855834332245
covtype_binary_20000,29,830,layer_0::c9: Wilderness_Area_1 IS present,-0.0002946721635758154,4.364487319963306e-05,0.0021618629885753423,4,0.008541310206055641,5.253243366729279,0.00253480458365118,0.7768595041322314,0.48432855834332245
covtype_binary_20000,29,831,layer_1::c1: ka_concept_1.c3 IS MEDIUM,0.7768595041322314,17.092959744416145,0.4839443887801746,1562,0.008526242338120937,139872.56761035547,0.053849950933518506,0.7768595041322314,0.48432855834332245
covtype_binary_20000,29,832,layer_1::c2: ka_concept_1.c5 IS HIGH,0.7768595041322314,16.887275699145345,0.4839427199539159,1562,0.008355130441486835,338504.12284791644,0.029816343719515317,0.7768595041322314,0.48432855834332245
covtype_binary_20000,29,833,layer_1::c2: ka_concept_1.c1 IS MEDIUM,0.7768595041322314,17.092959744416145,0.4839443887801746,1562,0.008309041149914265,108466.426514379,0.030600133407395334,0.7768595041322314,0.48432855834332245
covtype_binary_20000,29,834,layer_1::c5: ka_concept_1.c8 IS LOW,0.7768595041322314,17.092959744416145,0.4839443887801746,1562,0.008295409381389618,973577.4854456949,0.011300251664021441,0.7768595041322314,0.48432855834332245
covtype_binary_20000,29,835,layer_1::c1: ka_concept_1.c1 IS MEDIUM,0.7768595041322314,17.092959744416145,0.4839443887801746,1562,0.00825806800276041,303933.22736544104,0.052181512483706075,0.7768595041322314,0.48432855834332245
covtype_binary_20000,29,836,layer_0::c8: Soil_Type_11 IS present,0.0007696758627465661,0.02840340038640421,0.005558765567956975,3,0.008197297342121601,33.89379685978474,0.004774657520686257,0.7768595041322314,0.48432855834332245
covtype_binary_20000,29,837,layer_0::c8: Wilderness_Area_4 IS absent,-0.0029570096292365067,9.282460152065797e-05,0.009537479889672129,27,0.008155548013746738,10.632850156408693,0.005128390855754295,0.7768595041322314,0.48432855834332245
covtype_binary_20000,29,838,layer_1::c1: projection_1 IS HIGH,0.7768595041322314,17.092959744416145,0.4839443887801746,1562,0.00811921339482069,312115.35602766747,0.05076826768989364,0.7768595041322314,0.48432855834332245
covtype_binary_20000,29,839,layer_1::c3: projection_7 IS HIGH,0.7768595041322314,17.092959744416145,0.4839443887801746,1562,0.007900388911366463,1525658.6787883637,0.010808965797924126,0.7768595041322314,0.48432855834332245
covtype_binary_20000,29,840,layer_1::c2: projection_5 IS HIGH,0.7768595041322314,17.06164167430249,0.4839443887801746,1562,0.007574749179184437,88266.14959779422,0.02759413111404865,0.7768595041322314,0.48432855834332245
covtype_binary_20000,29,841,layer_1::c4: ka_concept_1.c8 IS HIGH,0.12124668764108193,17.81503330034684,0.5160556050696773,1438,0.00749797560274601,513802.05586884654,0.021352410541164622,0.7768595041322314,0.48432855834332245
covtype_binary_20000,29,842,layer_1::c1: ka_concept_1.c5 IS HIGH,0.1209527567661699,17.20825285691665,0.5149080281884385,1436,0.007383787073194981,160900.43104621637,0.04521120755215149,0.7768595041322314,0.48432855834332245
covtype_binary_20000,29,843,layer_1::c0: ka_concept_1.c8 IS HIGH,0.12124668764108193,16.839792533179242,0.5159837267889897,1438,0.00737769203260541,430471.06584324554,0.010774922774497403,0.7768595041322314,0.48432855834332245
covtype_binary_20000,29,844,layer_1::c4: projection_4 IS MEDIUM,0.7768595041322314,17.092959744416145,0.4839443887801746,1562,0.007338433992117643,328375.1522015179,0.020502769422717393,0.7768595041322314,0.48432855834332245
covtype_binary_20000,29,845,layer_0::c9: Soil_Type_21 IS present,0.0008384237633248803,0.05254864941964277,0.002205977003707236,11,0.007168884854763746,37.26317723298416,0.0018381982627518785,0.7768595041322314,0.48432855834332245
covtype_binary_20000,29,846,layer_1::c1: ka_concept_1.c10 IS LOW,0.12124668764108193,17.982036528014365,0.5160556112198253,1438,0.006868044380098581,355101.3988152187,0.0426870884160356,0.7768595041322314,0.48432855834332245
covtype_binary_20000,29,847,layer_0::c6: Vertical_Distance_To_Hydrology IS HIGH,0.7768595041322314,17.01720443574835,0.48393694079456645,1562,0.0067148031666874886,492312.1300379246,0.002235691330464912,0.7768595041322314,0.48432855834332245
covtype_binary_20000,29,848,layer_1::c4: projection_4 IS LOW,0.12124668764108193,17.982036528014365,0.5160556112198253,1438,0.00665301363915205,1306643.2297813653,0.0185503171756233,0.7768595041322314,0.48432855834332245
covtype_binary_20000,29,849,layer_1::c2: ka_concept_1.c0 IS LOW,0.12124668764108193,17.921488386380922,0.5160552390856352,1438,0.0065726242028176785,314570.44357955625,0.02413678160394981,0.7768595041322314,0.48432855834332245
covtype_binary_20000,29,850,layer_1::c4: ka_concept_1.c11 IS HIGH,0.12124668764108193,17.530875365792742,0.5160380747766296,1438,0.006557798478752375,195875.13476972657,0.018427712924001145,0.7768595041322314,0.48432855834332245
covtype_binary_20000,29,851,layer_0::c9: Soil_Type_18 IS present,0.0002567281903939067,-0.0008632596783184066,0.0011061373852450775,1,0.00634796405211091,36.977689553470555,0.0017968969677264492,0.7768595041322314,0.48432855834332245
covtype_binary_20000,29,852,layer_1::c5: ka_concept_1.c8 IS MEDIUM,0.12124668764108193,17.982036528014365,0.5160556112198253,1438,0.006309919524937868,466628.06864566955,0.008631207174252874,0.7768595041322314,0.48432855834332245
covtype_binary_20000,29,853,layer_1::c4: ka_concept_1.c8 IS MEDIUM,0.12124668764108193,17.982036528014365,0.5160556112198253,1438,0.006221666466444731,218835.24108260416,0.017457608732356068,0.7768595041322314,0.48432855834332245
covtype_binary_20000,29,854,layer_1::c4: ka_concept_1.c11 IS LOW,0.7768595041322314,16.814562295832836,0.48393693101249513,1562,0.006220356095582247,155089.22463035045,0.01760459190364175,0.7768595041322314,0.48432855834332245
covtype_binary_20000,29,855,layer_1::c3: ka_concept_1.c9 IS HIGH,0.12124668764108193,17.949945508041687,0.5160556102642724,1438,0.006177595816552639,1114241.0480899513,0.008607994653515258,0.7768595041322314,0.48432855834332245
covtype_binary_20000,29,856,layer_1::c2: projection_1 IS LOW,0.7768595041322314,17.092959744416145,0.4839443887801746,1562,0.006032918114215136,387391.54397796356,0.02194091872187952,0.7768595041322314,0.48432855834332245
covtype_binary_20000,29,857,layer_1::c0: projection_0 IS HIGH,0.7768595041322314,17.092959744416145,0.4839443887801746,1562,0.006001139525324106,1121783.101379566,0.00866698775642241,0.7768595041322314,0.48432855834332245
covtype_binary_20000,29,858,layer_1::c1: ka_concept_1.c1 IS LOW,0.7768595041322314,17.092960699284177,0.48394343410655755,1562,0.005988902412354946,187744.6591305554,0.037043723026294176,0.7768595041322314,0.48432855834332245
covtype_binary_20000,29,859,layer_1::c2: projection_7 IS HIGH,0.7768595041322314,17.092959744416145,0.4839443887801746,1562,0.005942143965512514,964361.0362185402,0.02178045828966424,0.7768595041322314,0.48432855834332245
covtype_binary_20000,29,860,layer_1::c2: ka_concept_1.c8 IS MEDIUM,0.7768595041322314,17.092959744416145,0.4839443887801746,1562,0.005916070193052292,413146.76191562065,0.021549069408948223,0.7768595041322314,0.48432855834332245
covtype_binary_20000,29,861,layer_1::c1: ka_concept_1.c2 IS MEDIUM,0.7768595041322314,7.733613202534621,0.48239623192658104,1562,0.005722546949982643,1097.0474833840258,0.03604310472068998,0.7768595041322314,0.48432855834332245
covtype_binary_20000,29,862,layer_1::c3: ka_concept_1.c8 IS HIGH,0.7768595041322314,16.55183846385875,0.4839182043504189,1562,0.005678314249962568,202009.57694966265,0.0078352208116515,0.7768595041322314,0.48432855834332245
covtype_binary_20000,29,863,layer_1::c4: projection_0 IS HIGH,0.7768595041322314,17.092959744416145,0.4839443887801746,1562,0.005677659995853901,1083474.5256767538,0.015988698398694396,0.7768595041322314,0.48432855834332245
covtype_binary_20000,29,864,layer_1::c5: ka_concept_1.c2 IS MEDIUM,0.7768595041322314,17.092959744416145,0.4839443887801746,1562,0.0056644631549716,3192201.446489484,0.007808691609029968,0.7768595041322314,0.48432855834332245
covtype_binary_20000,29,865,layer_1::c0: ka_concept_1.c10 IS LOW,0.12124668764108193,17.982036528014365,0.5160556112198253,1438,0.0054876236245036125,227588.09229611763,0.007853362073520354,0.7768595041322314,0.48432855834332245
covtype_binary_20000,29,866,layer_1::c0: ka_concept_1.c6 IS HIGH,0.12124668764108193,17.781193618894903,0.5160549971241303,1438,0.00547192245721817,641268.3240934935,0.0081113678997026,0.7768595041322314,0.48432855834332245
covtype_binary_20000,29,867,layer_1::c3: projection_4 IS LOW,0.7768595041322314,17.092959744416145,0.4839443887801746,1562,0.0052960654720664024,1456995.8419598455,0.007155091021755652,0.7768595041322314,0.48432855834332245
covtype_binary_20000,29,868,layer_1::c2: ka_concept_1.c10 IS LOW,0.12124668764108193,17.982036528014365,0.5160556112198253,1438,0.005268817767500877,98164.72144374622,0.019085822001604053,0.7768595041322314,0.48432855834332245
covtype_binary_20000,29,869,layer_1::c4: projection_6 IS LOW,0.12124668764108193,17.982036528014365,0.5160556112198253,1438,0.005254143849015236,1341268.108914234,0.014664536073959122,0.7768595041322314,0.48432855834332245
covtype_binary_20000,29,870,layer_0::c9: Soil_Type_26 IS present,0.0002567281903939067,0.0010809780804012514,0.0013051928070703317,1,0.005169553682208061,24.18833900129539,0.0014019566090222118,0.7768595041322314,0.48432855834332245
covtype_binary_20000,29,871,layer_1::c5: ka_concept_1.c10 IS HIGH,0.7768595041322314,17.062061810752656,0.48394438878016083,1562,0.005139168351888657,630358.2457823197,0.007449523985555667,0.7768595041322314,0.48432855834332245
covtype_binary_20000,29,872,layer_0::c6: Soil_Type_35 IS present,0.0030695798648622263,0.0358646085778308,0.0039030539261164267,12,0.005032259039580822,27.482808663584365,0.0017493763310776557,0.7768595041322314,0.48432855834332245
covtype_binary_20000,29,873,layer_0::c6: Soil_Type_26 IS present,0.0002567281903939067,0.0019552773011118907,0.0013479819946649793,1,0.004996277391910553,27.63445238303666,0.0016481564905637546,0.7768595041322314,0.48432855834332245
covtype_binary_20000,29,874,layer_0::c5: Soil_Type_35 IS present,0.0030695798648622263,0.011866619193913353,0.00359273442867395,12,0.004942061845213175,19.11234418083859,0.001218206691009982,0.7768595041322314,0.48432855834332245
covtype_binary_20000,29,875,layer_0::c9: Hillshade_3pm IS MEDIUM,0.7768595041322314,17.084633043314895,0.48379181813163813,1562,0.004575375467538834,15627695.892913973,0.0013129896782062792,0.7768595041322314,0.48432855834332245
covtype_binary_20000,29,876,layer_1::c1: projection_4 IS HIGH,0.12124668764108193,17.982036528014365,0.5160556112198253,1438,0.004571158904582262,79285.45224447444,0.029409051071231564,0.7768595041322314,0.48432855834332245
covtype_binary_20000,29,877,layer_0::c7: Soil_Type_35 IS present,0.0030695798648622263,0.0295301157505371,0.0038756081447063016,12,0.00454010209068656,25.43045439557136,0.0016354550957184983,0.7768595041322314,0.48432855834332245
covtype_binary_20000,29,878,layer_0::c10: Wilderness_Area_1 IS present,-0.0002946721635758154,4.504842202396331e-05,0.0022017695106753554,4,0.00442285742610693,5.2961162554803565,0.002560823791108362,0.7768595041322314,0.48432855834332245
covtype_binary_20000,29,879,layer_1::c4: ka_concept_1.c5 IS HIGH,0.11625482124975806,13.67788532301471,0.4921941881673479,1374,0.004327448084950447,70077.42675314768,0.011896407621164144,0.7768595041322314,0.48432855834332245
covtype_binary_20000,29,880,layer_1::c2: ka_concept_1.c9 IS LOW,0.12124668764108193,17.93997424909884,0.5159325394371537,1438,0.004322908818721771,464023.10178420873,0.015674547010813816,0.7768595041322314,0.48432855834332245
covtype_binary_20000,29,881,layer_1::c1: ka_concept_1.c3 IS HIGH,0.12124668764108193,17.96973322257185,0.5160556112196171,1438,0.004277678206562996,256858.39843383175,0.027418418117558758,0.7768595041322314,0.48432855834332245
covtype_binary_20000,29,882,layer_1::c1: ka_concept_1.c9 IS HIGH,0.4729488896070917,5.3449338664608534,0.3755777802792452,1235,0.004239724949002266,3241.037191518461,0.02715652402908745,0.7768595041322314,0.48432855834332245
covtype_binary_20000,29,883,layer_1::c4: ka_concept_1.c10 IS HIGH,0.7768595041322314,16.942361619344123,0.4839443887753398,1562,0.004061083309352398,303743.9665072164,0.012075577564314396,0.7768595041322314,0.48432855834332245
covtype_binary_20000,29,884,layer_1::c1: ka_concept_1.c1 IS HIGH,0.7768595041322314,16.312119227917226,0.48394434831656385,1562,0.004028272815048695,526751.7076478822,0.02653342396690823,0.7768595041322314,0.48432855834332245
covtype_binary_20000,29,885,layer_0::c7: Soil_Type_26 IS present,0.0002567281903939067,0.0006953525799073823,0.0012846065264498054,1,0.0038897667545825243,21.62826791997486,0.0013296219949321918,0.7768595041322314,0.48432855834332245
covtype_binary_20000,29,886,layer_1::c1: ka_concept_1.c11 IS LOW,0.12124668764108193,17.982036528014365,0.5160556112198253,1438,0.0038498055655509233,754098.7921937406,0.024267915592754433,0.7768595041322314,0.48432855834332245
covtype_binary_20000,29,887,layer_1::c2: ka_concept_1.c6 IS HIGH,0.7768595041322314,16.87170182356287,0.48393843772721296,1562,0.0038369738031178713,91291.77673669875,0.014396911558870367,0.7768595041322314,0.48432855834332245
covtype_binary_20000,29,888,layer_1::c4: projection_1 IS HIGH,0.12124668764108193,17.982036528014365,0.5160556112198253,1438,0.0038321216125041246,1718149.6585776878,0.010758080233509342,0.7768595041322314,0.48432855834332245
covtype_binary_20000,29,889,layer_0::c11: Slope IS LOW,0.7473491084246525,16.489781255773053,0.4748179325941043,1534,0.0037835976108908653,14386072.937835393,0.0023379392499837735,0.7768595041322314,0.48432855834332245
covtype_binary_20000,29,890,layer_1::c1: ka_concept_1.c2 IS LOW,0.7768595041322314,17.02816455496086,0.4839443887798958,1562,0.003741011954843998,573775.2989153713,0.02449332020474564,0.7768595041322314,0.48432855834332245
covtype_binary_20000,29,891,layer_1::c4: projection_4 IS HIGH,0.7768595041322314,17.092959744416145,0.4839443887801746,1562,0.003695594845339656,1369211.5973744243,0.010674709770518044,0.7768595041322314,0.48432855834332245
covtype_binary_20000,29,892,layer_0::c10: Soil_Type_21 IS present,0.001389672282577581,0.044914622527024606,0.002144887739547715,8,0.003442727029323578,34.388751650880295,0.0017222655862036238,0.7768595041322314,0.48432855834332245
covtype_binary_20000,29,893,layer_0::c7: Wilderness_Area_2 IS present,0.0004742798578249996,9.230797164638815e-05,0.0013262558145215875,7,0.003335534129291773,5.818064256078969,0.0012218140216053446,0.7768595041322314,0.48432855834332245
covtype_binary_20000,29,894,layer_0::c11: Wilderness_Area_1 IS present,-0.0004042103423225196,2.3648262804265574e-05,0.0015043696273974092,1,0.0033281638752669096,4.388251488786224,0.002109859370391405,0.7768595041322314,0.48432855834332245
covtype_binary_20000,29,895,layer_1::c1: ka_concept_1.c10 IS MEDIUM,0.12124668764108193,17.982036528014365,0.5160556112198253,1438,0.0032832911238074303,102652.81683669357,0.020817070421064274,0.7768595041322314,0.48432855834332245
covtype_binary_20000,29,896,layer_0::c5: Aspect IS MEDIUM,0.12124668764108193,17.982036528014365,0.5160556112198253,1438,0.0032617400866001844,22111770.456920102,0.0008182835126323577,0.7768595041322314,0.48432855834332245
covtype_binary_20000,29,897,layer_1::c2: ka_concept_1.c1 IS HIGH,0.7579915796039295,7.6880165072324145,0.4515110307664097,1541,0.003137503983452916,100373.65266158183,0.012044616126241635,0.7768595041322314,0.48432855834332245
covtype_binary_20000,29,898,layer_1::c1: projection_7 IS LOW,0.7768595041322314,17.092959744416145,0.4839443887801746,1562,0.003085832577198744,1411153.3834213477,0.019223869705572723,0.7768595041322314,0.48432855834332245
covtype_binary_20000,29,899,layer_1::c5: ka_concept_1.c3 IS MEDIUM,0.7768595041322314,17.092959744416145,0.4839443887801746,1562,0.0030521517619490623,10505595.798280219,0.004219106413656846,0.7768595041322314,0.48432855834332245
covtype_binary_20000,29,900,layer_1::c1: projection_5 IS MEDIUM,0.7768595041322314,17.092959744416145,0.4839443887801746,1562,0.003050426719710231,408655.3540752559,0.019151329031058897,0.7768595041322314,0.48432855834332245
covtype_binary_20000,29,901,layer_1::c1: ka_concept_1.c9 IS MEDIUM,0.12124668764108193,17.982036528014365,0.5160556112198253,1438,0.0029788194224238396,280011.84731621115,0.018597818184061907,0.7768595041322314,0.48432855834332245
covtype_binary_20000,29,902,layer_1::c4: projection_1 IS LOW,0.12124668764108193,17.982036528014365,0.5160556112198253,1438,0.002900735242292285,2267390.270461594,0.008126776213757694,0.7768595041322314,0.48432855834332245
covtype_binary_20000,29,903,layer_1::c2: ka_concept_1.c2 IS MEDIUM,0.12124668764108193,17.982036528014365,0.5160556112198253,1438,0.002860917942598462,1040406.7047192379,0.010502011053982036,0.7768595041322314,0.48432855834332245
covtype_binary_20000,29,904,layer_0::c10: Soil_Type_18 IS present,0.0,-0.0008615563796972037,0.0009990134079996605,0,0.0027581946924328804,31.473899449732926,0.0015232470758298102,0.7768595041322314,0.48432855834332245
covtype_binary_20000,29,905,layer_0::c0: Wilderness_Area_4 IS absent,0.0,-4.955858838417981e-06,0.0002631047560683637,0,0.0026987860910594463,1.7324529564557771,0.0008661572895791162,0.7768595041322314,0.48432855834332245
covtype_binary_20000,29,906,layer_0::c11: Soil_Type_21 IS present,0.0011339104646852505,0.030911737982079246,0.002032829028091476,7,0.002616124227643013,29.46513614575815,0.0014329395428164086,0.7768595041322314,0.48432855834332245
covtype_binary_20000,29,907,layer_1::c1: projection_2 IS LOW,0.12124668764108193,17.982036528014365,0.5160556112198253,1438,0.0025249822065234184,2140083.2162049473,0.015897860634247384,0.7768595041322314,0.48432855834332245
covtype_binary_20000,29,908,layer_1::c4: projection_5 IS HIGH,0.7768595041322314,17.092959744416145,0.4839443887801746,1562,0.0024931873194873333,2606286.875305534,0.006996587222640907,0.7768595041322314,0.48432855834332245
covtype_binary_20000,29,909,layer_0::c8: Soil_Type_18 IS present,0.0,-0.0008614864500280928,0.0009947057017231022,0,0.0024592075496912003,31.30451777635062,0.001507721887746205,0.7768595041322314,0.48432855834332245
covtype_binary_20000,29,910,layer_0::c11: Soil_Type_34 IS present,-0.0009549560856623174,0.003158295802020872,0.001858734523161275,4,0.0024400968104600906,38.373949817265384,0.0015578322347331172,0.7768595041322314,0.48432855834332245
covtype_binary_20000,29,911,layer_0::c11: Soil_Type_26 IS present,0.0002567281903939067,0.0009875377751001335,0.001300403701839843,1,0.0024225839879363775,23.275047154181266,0.001403424766511307,0.7768595041322314,0.48432855834332245
covtype_binary_20000,29,912,layer_1::c0: ka_concept_1.c10 IS HIGH,0.12124668764108193,17.982036528014365,0.5160556112198253,1438,0.0024174193385988474,1706401.5670775094,0.0036864535062262195,0.7768595041322314,0.48432855834332245
covtype_binary_20000,29,913,layer_0::c10: Wilderness_Area_4 IS absent,-0.0002946721635758154,-1.0618604490753025e-05,0.0005960982109891066,4,0.0022734005469828844,2.640346337147001,0.0012877253842707528,0.7768595041322314,0.48432855834332245
covtype_binary_20000,29,914,layer_0::c8: Vertical_Distance_To_Hydrology IS HIGH,0.12124668764108193,17.961248392226562,0.5160555620528602,1438,0.002183583565056324,2613028.3109652563,0.0012945399347513557,0.7768595041322314,0.48432855834332245
covtype_binary_20000,29,915,layer_0::c10: Soil_Type_26 IS present,0.0002567281903939067,0.00017747794549999307,0.0012479239913063495,1,0.0021754149347543716,18.871401971595333,0.001151013364908067,0.7768595041322314,0.48432855834332245
covtype_binary_20000,29,916,layer_0::c11: Soil_Type_18 IS present,0.0,-0.0008601496648499851,0.0009139731222534054,0,0.0021135322749614716,26.022007572440998,0.0012779868599609471,0.7768595041322314,0.48432855834332245
covtype_binary_20000,29,917,layer_1::c1: ka_concept_1.c8 IS MEDIUM,0.12124668764108193,17.982036528014365,0.5160556112198253,1438,0.0021115716081112623,369257.42235409137,0.01319674490832646,0.7768595041322314,0.48432855834332245
covtype_binary_20000,29,918,layer_1::c3: projection_0 IS LOW,0.7768595041322314,17.092959744416145,0.4839443887801746,1562,0.0020500754471868277,6491818.0197755,0.002777496482556065,0.7768595041322314,0.48432855834332245
covtype_binary_20000,29,919,layer_1::c5: ka_concept_1.c11 IS LOW,0.12124668764108193,17.8083004902035,0.516039401687576,1438,0.0019136362243443727,436202.96763282764,0.002640218169761738,0.7768595041322314,0.48432855834332245
covtype_binary_20000,29,920,layer_1::c1: projection_6 IS HIGH,0.12124668764108193,17.982036528014365,0.5160556112198253,1438,0.0018987652147188783,3088676.0335953655,0.011932098868108976,0.7768595041322314,0.48432855834332245
covtype_binary_20000,29,921,layer_1::c2: ka_concept_1.c10 IS HIGH,0.7153411795249015,5.38191912259789,0.43161074958087475,1497,0.0018058896530419588,24674.297021724273,0.006970666540082069,0.7768595041322314,0.48432855834332245
covtype_binary_20000,29,922,layer_1::c3: ka_concept_1.c7 IS HIGH,0.7768595041322314,16.889753698917684,0.4837938201376933,1562,0.0014267981750890613,748577.699067465,0.001951690529533001,0.7768595041322314,0.48432855834332245
covtype_binary_20000,29,923,layer_1::c2: ka_concept_1.c8 IS HIGH,0.7768595041322314,17.073751740376878,0.48394438873975637,1562,0.0013700731797143817,1884429.8862927137,0.005064817327340127,0.7768595041322314,0.48432855834332245
covtype_binary_20000,29,924,"projection_layer::pursuit_1(Elevation, Vertical_Distance_To_Hydrology, Soil_Type_40, Soil_Type_6) IS MEDIUM",0.004256764406203928,0.3629307613769268,0.07685614478984752,260,0.001264812657609582,968.6525590113914,0.0008507069533968092,0.7768595041322314,0.48432855834332245
covtype_binary_20000,29,925,layer_1::c1: projection_1 IS LOW,0.12124668764108193,17.982036528014365,0.5160556112198253,1438,0.0012194560840725899,1538627.672053037,0.007609556155434499,0.7768595041322314,0.48432855834332245
covtype_binary_20000,29,926,layer_1::c3: ka_concept_1.c10 IS HIGH,0.12124668764108193,17.78147626710638,0.516055611015072,1438,0.0010232027852907777,1737976.0264487276,0.0014742008902746118,0.7768595041322314,0.48432855834332245
covtype_binary_20000,29,927,layer_1::c1: projection_7 IS HIGH,0.12124668764108193,17.982036528014365,0.5160556112198253,1438,0.0009815668454393744,669012.5603402933,0.006173188079109726,0.7768595041322314,0.48432855834332245
covtype_binary_20000,29,928,layer_1::c1: ka_concept_1.c6 IS HIGH,0.12124668764108193,17.63556953416482,0.5160486748619343,1438,0.0008695878786966205,733027.4928217782,0.0055983466874404255,0.7768595041322314,0.48432855834332245
covtype_binary_20000,29,929,layer_0::c9: Wilderness_Area_3 IS present,0.0,-6.489695558165032e-07,1.4468758203352513e-05,0,0.0007742689340375364,0.35035170323367737,0.00021964903314665207,0.7768595041322314,0.48432855834332245
covtype_binary_20000,29,930,layer_1::c1: projection_5 IS HIGH,0.12124668764108193,17.982036528014365,0.5160556112198253,1438,0.0007440411136485636,3315326.541164221,0.004650623330295881,0.7768595041322314,0.48432855834332245
covtype_binary_20000,29,931,layer_1::c4: ka_concept_1.c10 IS MEDIUM,0.12124668764108193,17.982036528014365,0.5160556112198253,1438,0.0006109889945946634,3442022.8815754093,0.0017392448982476102,0.7768595041322314,0.48432855834332245
covtype_binary_20000,29,932,layer_1::c1: ka_concept_1.c10 IS HIGH,0.7768595041322314,7.820378243677289,0.46985219910631304,1562,0.0005456512444652617,87701.75670179744,0.0036137998422066933,0.7768595041322314,0.48432855834332245
covtype_binary_20000,29,933,layer_1::c2: ka_concept_1.c8 IS LOW,0.12124668764108193,17.982036528014365,0.5160556112198253,1438,0.00032426221878267825,13075063.795342766,0.001176235036416377,0.7768595041322314,0.48432855834332245
covtype_binary_20000,29,934,layer_1::c1: projection_0 IS HIGH,0.12124668764108193,17.982036528014365,0.5160556112198253,1438,0.0002477916132193059,5364229.075248792,0.0015542227460149055,0.7768595041322314,0.48432855834332245
covtype_binary_20000,29,935,layer_1::c2: ka_concept_1.c3 IS LOW,0.019876263908767733,0.008674921580977712,0.04708379767761443,161,9.274736839870457e-06,7450.045545501017,3.3457025995967154e-05,0.7768595041322314,0.48432855834332245
